GDC_Aliquot	Chromosome	Start	End	Copy_Number	Major_Copy_Number	Minor_Copy_Number
a041be63-5f6f-4525-857e-f50d5c9b9b12	chr1	61735	248930189	1	1	0
a041be63-5f6f-4525-857e-f50d5c9b9b12	chr2	12784	242147305	2	1	1
a041be63-5f6f-4525-857e-f50d5c9b9b12	chr3	18667	198169247	1	1	0
a041be63-5f6f-4525-857e-f50d5c9b9b12	chr4	12281	190106768	2	1	1
a041be63-5f6f-4525-857e-f50d5c9b9b12	chr5	15532	181363319	2	1	1
a041be63-5f6f-4525-857e-f50d5c9b9b12	chr6	149661	170741917	1	1	0
a041be63-5f6f-4525-857e-f50d5c9b9b12	chr7	43259	159334314	2	1	1
a041be63-5f6f-4525-857e-f50d5c9b9b12	chr8	81254	145072769	2	1	1
a041be63-5f6f-4525-857e-f50d5c9b9b12	chr9	46587	138200944	2	1	1
a041be63-5f6f-4525-857e-f50d5c9b9b12	chr10	26823	133769379	1	1	0
a041be63-5f6f-4525-857e-f50d5c9b9b12	chr11	198572	135074876	2	1	1
a041be63-5f6f-4525-857e-f50d5c9b9b12	chr12	51460	133201603	2	1	1
a041be63-5f6f-4525-857e-f50d5c9b9b12	chr13	18452809	114342922	1	1	0
a041be63-5f6f-4525-857e-f50d5c9b9b12	chr14	18225647	106877229	2	1	1
a041be63-5f6f-4525-857e-f50d5c9b9b12	chr15	19811075	101928837	2	1	1
a041be63-5f6f-4525-857e-f50d5c9b9b12	chr16	10777	90221127	2	1	1
a041be63-5f6f-4525-857e-f50d5c9b9b12	chr17	150733	83090856	1	1	0
a041be63-5f6f-4525-857e-f50d5c9b9b12	chr18	48133	80257174	2	1	1
a041be63-5f6f-4525-857e-f50d5c9b9b12	chr19	90910	58586487	2	1	1
a041be63-5f6f-4525-857e-f50d5c9b9b12	chr20	80664	64324800	2	1	1
a041be63-5f6f-4525-857e-f50d5c9b9b12	chr21	10336543	46677045	2	1	1
a041be63-5f6f-4525-857e-f50d5c9b9b12	chr22	15294545	50796027	2	1	1
a041be63-5f6f-4525-857e-f50d5c9b9b12	chrX	251810	156004181	1	1	0
29ec5cb8-d238-4f97-8a01-5ac23ce15c66	chr1	62920	248930189	1	1	0
29ec5cb8-d238-4f97-8a01-5ac23ce15c66	chr2	12784	57939688	1	1	0
29ec5cb8-d238-4f97-8a01-5ac23ce15c66	chr2	57940963	57942815	0	0	0
29ec5cb8-d238-4f97-8a01-5ac23ce15c66	chr2	57942869	205557416	1	1	0
29ec5cb8-d238-4f97-8a01-5ac23ce15c66	chr2	205558272	205566683	2	2	0
29ec5cb8-d238-4f97-8a01-5ac23ce15c66	chr2	205568012	242147305	1	1	0
29ec5cb8-d238-4f97-8a01-5ac23ce15c66	chr3	20930	198169247	2	1	1
29ec5cb8-d238-4f97-8a01-5ac23ce15c66	chr4	68929	58508905	2	1	1
29ec5cb8-d238-4f97-8a01-5ac23ce15c66	chr4	58509416	58522055	1	1	0
29ec5cb8-d238-4f97-8a01-5ac23ce15c66	chr4	58522131	114252544	2	1	1
29ec5cb8-d238-4f97-8a01-5ac23ce15c66	chr4	114254167	114261019	0	0	0
29ec5cb8-d238-4f97-8a01-5ac23ce15c66	chr4	114263073	190106768	2	1	1
29ec5cb8-d238-4f97-8a01-5ac23ce15c66	chr5	15532	129075014	2	1	1
29ec5cb8-d238-4f97-8a01-5ac23ce15c66	chr5	129075819	129129263	3	2	1
29ec5cb8-d238-4f97-8a01-5ac23ce15c66	chr5	129131139	181363319	2	1	1
29ec5cb8-d238-4f97-8a01-5ac23ce15c66	chr6	149661	170741917	1	1	0
29ec5cb8-d238-4f97-8a01-5ac23ce15c66	chr7	43259	82538949	2	1	1
29ec5cb8-d238-4f97-8a01-5ac23ce15c66	chr7	82539551	82635043	1	1	0
29ec5cb8-d238-4f97-8a01-5ac23ce15c66	chr7	82640702	147578435	2	1	1
29ec5cb8-d238-4f97-8a01-5ac23ce15c66	chr7	147580968	147583942	1	1	0
29ec5cb8-d238-4f97-8a01-5ac23ce15c66	chr7	147584537	159334314	2	1	1
29ec5cb8-d238-4f97-8a01-5ac23ce15c66	chr8	81254	16968788	2	1	1
29ec5cb8-d238-4f97-8a01-5ac23ce15c66	chr8	16968916	16973775	1	1	0
29ec5cb8-d238-4f97-8a01-5ac23ce15c66	chr8	16973801	25116961	2	1	1
29ec5cb8-d238-4f97-8a01-5ac23ce15c66	chr8	25117007	25126735	0	0	0
29ec5cb8-d238-4f97-8a01-5ac23ce15c66	chr8	25126818	29492832	2	1	1
29ec5cb8-d238-4f97-8a01-5ac23ce15c66	chr8	29495719	29513633	1	1	0
29ec5cb8-d238-4f97-8a01-5ac23ce15c66	chr8	29513857	136669376	2	1	1
29ec5cb8-d238-4f97-8a01-5ac23ce15c66	chr8	136670116	136825523	1	1	0
29ec5cb8-d238-4f97-8a01-5ac23ce15c66	chr8	136825697	145072769	2	1	1
29ec5cb8-d238-4f97-8a01-5ac23ce15c66	chr9	46587	138200944	1	1	0
29ec5cb8-d238-4f97-8a01-5ac23ce15c66	chr10	45792	95105336	1	1	0
29ec5cb8-d238-4f97-8a01-5ac23ce15c66	chr10	95105427	95109320	4	4	0
29ec5cb8-d238-4f97-8a01-5ac23ce15c66	chr10	95109346	133654968	1	1	0
29ec5cb8-d238-4f97-8a01-5ac23ce15c66	chr11	198510	43908193	2	1	1
29ec5cb8-d238-4f97-8a01-5ac23ce15c66	chr11	43912571	43925401	1	1	0
29ec5cb8-d238-4f97-8a01-5ac23ce15c66	chr11	43925417	69999896	2	1	1
29ec5cb8-d238-4f97-8a01-5ac23ce15c66	chr11	70000098	70003258	1	1	0
29ec5cb8-d238-4f97-8a01-5ac23ce15c66	chr11	70003328	135074876	2	1	1
29ec5cb8-d238-4f97-8a01-5ac23ce15c66	chr12	51460	52526630	2	1	1
29ec5cb8-d238-4f97-8a01-5ac23ce15c66	chr12	52527431	52531875	4	2	2
29ec5cb8-d238-4f97-8a01-5ac23ce15c66	chr12	52532185	133201603	2	1	1
29ec5cb8-d238-4f97-8a01-5ac23ce15c66	chr13	18452809	107418363	2	1	1
29ec5cb8-d238-4f97-8a01-5ac23ce15c66	chr13	107420096	107456259	3	2	1
29ec5cb8-d238-4f97-8a01-5ac23ce15c66	chr13	107456456	114342922	2	1	1
29ec5cb8-d238-4f97-8a01-5ac23ce15c66	chr14	18239283	92063938	2	1	1
29ec5cb8-d238-4f97-8a01-5ac23ce15c66	chr14	92064169	92074878	1	1	0
29ec5cb8-d238-4f97-8a01-5ac23ce15c66	chr14	92074996	105733039	2	1	1
29ec5cb8-d238-4f97-8a01-5ac23ce15c66	chr14	105752248	106462169	4	4	0
29ec5cb8-d238-4f97-8a01-5ac23ce15c66	chr14	106462183	106877229	2	1	1
29ec5cb8-d238-4f97-8a01-5ac23ce15c66	chr15	19811075	101928837	2	1	1
29ec5cb8-d238-4f97-8a01-5ac23ce15c66	chr16	10777	90096867	2	1	1
29ec5cb8-d238-4f97-8a01-5ac23ce15c66	chr17	150733	83091923	1	1	0
29ec5cb8-d238-4f97-8a01-5ac23ce15c66	chr18	48133	80257174	2	1	1
29ec5cb8-d238-4f97-8a01-5ac23ce15c66	chr19	90910	58586487	2	1	1
29ec5cb8-d238-4f97-8a01-5ac23ce15c66	chr20	80664	64324800	2	1	1
29ec5cb8-d238-4f97-8a01-5ac23ce15c66	chr21	12973348	46677045	1	1	0
29ec5cb8-d238-4f97-8a01-5ac23ce15c66	chr22	16392123	25834040	2	1	1
29ec5cb8-d238-4f97-8a01-5ac23ce15c66	chr22	25834592	25847643	1	1	0
29ec5cb8-d238-4f97-8a01-5ac23ce15c66	chr22	25847785	50796027	2	1	1
29ec5cb8-d238-4f97-8a01-5ac23ce15c66	chrX	251810	156004181	2	1	1
29ec5cb8-d238-4f97-8a01-5ac23ce15c66	chrY	2782397	56872112	0	0	0
d749e5dc-5b31-427a-a4dc-3210cf0e8c5f	chr1	62920	65360601	1	1	0
d749e5dc-5b31-427a-a4dc-3210cf0e8c5f	chr1	65361245	65506407	0	0	0
d749e5dc-5b31-427a-a4dc-3210cf0e8c5f	chr1	65517475	248930189	1	1	0
d749e5dc-5b31-427a-a4dc-3210cf0e8c5f	chr2	12784	100471135	2	1	1
d749e5dc-5b31-427a-a4dc-3210cf0e8c5f	chr2	100471798	100490686	1	1	0
d749e5dc-5b31-427a-a4dc-3210cf0e8c5f	chr2	100490891	205557416	2	1	1
d749e5dc-5b31-427a-a4dc-3210cf0e8c5f	chr2	205558272	205590239	3	2	1
d749e5dc-5b31-427a-a4dc-3210cf0e8c5f	chr2	205590530	242147305	2	1	1
d749e5dc-5b31-427a-a4dc-3210cf0e8c5f	chr3	20930	9081432	2	1	1
d749e5dc-5b31-427a-a4dc-3210cf0e8c5f	chr3	9081450	9128850	1	1	0
d749e5dc-5b31-427a-a4dc-3210cf0e8c5f	chr3	9129587	21949340	2	1	1
d749e5dc-5b31-427a-a4dc-3210cf0e8c5f	chr3	21958000	21958838	1	1	0
d749e5dc-5b31-427a-a4dc-3210cf0e8c5f	chr3	21959115	162794869	2	1	1
d749e5dc-5b31-427a-a4dc-3210cf0e8c5f	chr3	162794951	162908207	8	8	0
d749e5dc-5b31-427a-a4dc-3210cf0e8c5f	chr3	162908784	198169247	2	1	1
d749e5dc-5b31-427a-a4dc-3210cf0e8c5f	chr4	68929	190106768	2	1	1
d749e5dc-5b31-427a-a4dc-3210cf0e8c5f	chr5	15532	101756421	2	1	1
d749e5dc-5b31-427a-a4dc-3210cf0e8c5f	chr5	101758847	101761097	4	2	2
d749e5dc-5b31-427a-a4dc-3210cf0e8c5f	chr5	101761524	128953840	2	1	1
d749e5dc-5b31-427a-a4dc-3210cf0e8c5f	chr5	128956271	128971932	1	1	0
d749e5dc-5b31-427a-a4dc-3210cf0e8c5f	chr5	128975648	181363319	2	1	1
d749e5dc-5b31-427a-a4dc-3210cf0e8c5f	chr6	149661	170741917	2	1	1
d749e5dc-5b31-427a-a4dc-3210cf0e8c5f	chr7	43259	18779052	2	1	1
d749e5dc-5b31-427a-a4dc-3210cf0e8c5f	chr7	18779183	18789915	4	2	2
d749e5dc-5b31-427a-a4dc-3210cf0e8c5f	chr7	18790841	159334314	2	1	1
d749e5dc-5b31-427a-a4dc-3210cf0e8c5f	chr8	81254	145072769	2	1	1
d749e5dc-5b31-427a-a4dc-3210cf0e8c5f	chr9	46587	138200944	2	1	1
d749e5dc-5b31-427a-a4dc-3210cf0e8c5f	chr10	45792	27386712	2	1	1
d749e5dc-5b31-427a-a4dc-3210cf0e8c5f	chr10	27386775	27413580	1	1	0
d749e5dc-5b31-427a-a4dc-3210cf0e8c5f	chr10	27417672	44719798	2	1	1
d749e5dc-5b31-427a-a4dc-3210cf0e8c5f	chr10	44722944	44862350	3	2	1
d749e5dc-5b31-427a-a4dc-3210cf0e8c5f	chr10	44871459	45817039	2	1	1
d749e5dc-5b31-427a-a4dc-3210cf0e8c5f	chr10	45936113	47711321	5	3	2
d749e5dc-5b31-427a-a4dc-3210cf0e8c5f	chr10	47724261	133654968	2	1	1
d749e5dc-5b31-427a-a4dc-3210cf0e8c5f	chr11	198510	5766175	2	1	1
d749e5dc-5b31-427a-a4dc-3210cf0e8c5f	chr11	5766850	5787909	0	0	0
d749e5dc-5b31-427a-a4dc-3210cf0e8c5f	chr11	5788108	70546349	2	1	1
d749e5dc-5b31-427a-a4dc-3210cf0e8c5f	chr11	70547213	70553041	5	3	2
d749e5dc-5b31-427a-a4dc-3210cf0e8c5f	chr11	70553754	126818779	2	1	1
d749e5dc-5b31-427a-a4dc-3210cf0e8c5f	chr11	126818799	126822302	5	3	2
d749e5dc-5b31-427a-a4dc-3210cf0e8c5f	chr11	126822915	135074876	2	1	1
d749e5dc-5b31-427a-a4dc-3210cf0e8c5f	chr12	51460	760032	2	1	1
d749e5dc-5b31-427a-a4dc-3210cf0e8c5f	chr12	760097	764863	0	0	0
d749e5dc-5b31-427a-a4dc-3210cf0e8c5f	chr12	766188	32094505	2	1	1
d749e5dc-5b31-427a-a4dc-3210cf0e8c5f	chr12	32097225	32119488	3	2	1
d749e5dc-5b31-427a-a4dc-3210cf0e8c5f	chr12	32125098	117550544	2	1	1
d749e5dc-5b31-427a-a4dc-3210cf0e8c5f	chr12	117550716	117587674	3	2	1
d749e5dc-5b31-427a-a4dc-3210cf0e8c5f	chr12	117588504	133201603	2	1	1
d749e5dc-5b31-427a-a4dc-3210cf0e8c5f	chr13	18452809	114342922	2	1	1
d749e5dc-5b31-427a-a4dc-3210cf0e8c5f	chr14	18239283	106877229	1	1	0
d749e5dc-5b31-427a-a4dc-3210cf0e8c5f	chr15	19811075	45943616	2	1	1
d749e5dc-5b31-427a-a4dc-3210cf0e8c5f	chr15	45943633	45950393	1	1	0
d749e5dc-5b31-427a-a4dc-3210cf0e8c5f	chr15	45950456	76598900	2	1	1
d749e5dc-5b31-427a-a4dc-3210cf0e8c5f	chr15	76599170	76603434	0	0	0
d749e5dc-5b31-427a-a4dc-3210cf0e8c5f	chr15	76609838	101928837	2	1	1
d749e5dc-5b31-427a-a4dc-3210cf0e8c5f	chr16	10777	90096867	2	1	1
d749e5dc-5b31-427a-a4dc-3210cf0e8c5f	chr17	150733	83091923	2	1	1
d749e5dc-5b31-427a-a4dc-3210cf0e8c5f	chr18	48133	27411105	2	1	1
d749e5dc-5b31-427a-a4dc-3210cf0e8c5f	chr18	27411178	27455109	3	2	1
d749e5dc-5b31-427a-a4dc-3210cf0e8c5f	chr18	27455366	80257174	2	1	1
d749e5dc-5b31-427a-a4dc-3210cf0e8c5f	chr19	90910	58586487	2	1	1
d749e5dc-5b31-427a-a4dc-3210cf0e8c5f	chr20	80664	49009879	2	1	1
d749e5dc-5b31-427a-a4dc-3210cf0e8c5f	chr20	49010199	49013285	1	1	0
d749e5dc-5b31-427a-a4dc-3210cf0e8c5f	chr20	49013912	64324800	2	1	1
d749e5dc-5b31-427a-a4dc-3210cf0e8c5f	chr21	12973348	46677045	1	1	0
d749e5dc-5b31-427a-a4dc-3210cf0e8c5f	chr22	16392123	49136494	2	1	1
d749e5dc-5b31-427a-a4dc-3210cf0e8c5f	chr22	49137492	49175604	3	2	1
d749e5dc-5b31-427a-a4dc-3210cf0e8c5f	chr22	49176071	50796027	2	1	1
d749e5dc-5b31-427a-a4dc-3210cf0e8c5f	chrX	251810	1478856	1	1	0
d749e5dc-5b31-427a-a4dc-3210cf0e8c5f	chrX	1479705	1540050	2	2	0
d749e5dc-5b31-427a-a4dc-3210cf0e8c5f	chrX	1541201	2627862	1	1	0
d749e5dc-5b31-427a-a4dc-3210cf0e8c5f	chrX	2628264	2649506	2	2	0
d749e5dc-5b31-427a-a4dc-3210cf0e8c5f	chrX	2649606	156004181	1	1	0
d749e5dc-5b31-427a-a4dc-3210cf0e8c5f	chrY	2782397	26653788	0	0	0
d749e5dc-5b31-427a-a4dc-3210cf0e8c5f	chrY	56872112	56872112	1	1	0
ce7b8421-577c-4b19-80a9-119d4f9e46e2	chr1	61735	115792206	2	2	0
ce7b8421-577c-4b19-80a9-119d4f9e46e2	chr1	115794330	178323658	4	2	2
ce7b8421-577c-4b19-80a9-119d4f9e46e2	chr1	178324628	178339776	3	3	0
ce7b8421-577c-4b19-80a9-119d4f9e46e2	chr1	178342042	248930189	2	2	0
ce7b8421-577c-4b19-80a9-119d4f9e46e2	chr2	12784	242147305	4	2	2
ce7b8421-577c-4b19-80a9-119d4f9e46e2	chr3	18667	198169247	4	2	2
ce7b8421-577c-4b19-80a9-119d4f9e46e2	chr4	12281	190106768	4	2	2
ce7b8421-577c-4b19-80a9-119d4f9e46e2	chr5	15532	181363319	4	2	2
ce7b8421-577c-4b19-80a9-119d4f9e46e2	chr6	149661	170741917	4	2	2
ce7b8421-577c-4b19-80a9-119d4f9e46e2	chr7	43259	159334314	6	4	2
ce7b8421-577c-4b19-80a9-119d4f9e46e2	chr8	81254	145072769	4	2	2
ce7b8421-577c-4b19-80a9-119d4f9e46e2	chr9	46587	138200944	2	2	0
ce7b8421-577c-4b19-80a9-119d4f9e46e2	chr10	26823	133769379	2	2	0
ce7b8421-577c-4b19-80a9-119d4f9e46e2	chr11	198572	135074876	4	2	2
ce7b8421-577c-4b19-80a9-119d4f9e46e2	chr12	51460	133201603	6	3	3
ce7b8421-577c-4b19-80a9-119d4f9e46e2	chr13	18452809	114342922	4	2	2
ce7b8421-577c-4b19-80a9-119d4f9e46e2	chr14	18225647	106877229	4	2	2
ce7b8421-577c-4b19-80a9-119d4f9e46e2	chr15	19811075	101928837	4	2	2
ce7b8421-577c-4b19-80a9-119d4f9e46e2	chr16	10777	90221127	4	2	2
ce7b8421-577c-4b19-80a9-119d4f9e46e2	chr17	150733	83090856	4	2	2
ce7b8421-577c-4b19-80a9-119d4f9e46e2	chr18	48133	80257174	4	2	2
ce7b8421-577c-4b19-80a9-119d4f9e46e2	chr19	90910	58586487	4	2	2
ce7b8421-577c-4b19-80a9-119d4f9e46e2	chr20	80664	64324800	4	2	2
ce7b8421-577c-4b19-80a9-119d4f9e46e2	chr21	10336543	46677045	2	2	0
ce7b8421-577c-4b19-80a9-119d4f9e46e2	chr22	15294545	50796027	4	2	2
ce7b8421-577c-4b19-80a9-119d4f9e46e2	chrX	251810	2776199	5	3	2
ce7b8421-577c-4b19-80a9-119d4f9e46e2	chrX	2785350	156004181	2	2	0
ed819708-5bab-45ff-b127-75264b0660ef	chr1	61735	248930189	2	2	0
ed819708-5bab-45ff-b127-75264b0660ef	chr2	12784	242147305	2	2	0
ed819708-5bab-45ff-b127-75264b0660ef	chr3	18667	198169247	2	2	0
ed819708-5bab-45ff-b127-75264b0660ef	chr4	12281	190106768	4	2	2
ed819708-5bab-45ff-b127-75264b0660ef	chr5	15532	181363319	2	2	0
ed819708-5bab-45ff-b127-75264b0660ef	chr6	149661	170741917	2	2	0
ed819708-5bab-45ff-b127-75264b0660ef	chr7	43259	159334314	4	2	2
ed819708-5bab-45ff-b127-75264b0660ef	chr8	81254	43781896	3	2	1
ed819708-5bab-45ff-b127-75264b0660ef	chr8	43800087	145072769	4	2	2
ed819708-5bab-45ff-b127-75264b0660ef	chr9	46587	138200944	2	2	0
ed819708-5bab-45ff-b127-75264b0660ef	chr10	26823	133769379	2	2	0
ed819708-5bab-45ff-b127-75264b0660ef	chr11	198572	48221982	3	2	1
ed819708-5bab-45ff-b127-75264b0660ef	chr11	48224784	135074876	4	2	2
ed819708-5bab-45ff-b127-75264b0660ef	chr12	51460	30835054	3	2	1
ed819708-5bab-45ff-b127-75264b0660ef	chr12	30835656	46189207	2	2	0
ed819708-5bab-45ff-b127-75264b0660ef	chr12	46196581	133201603	3	2	1
ed819708-5bab-45ff-b127-75264b0660ef	chr13	18452809	114342922	2	2	0
ed819708-5bab-45ff-b127-75264b0660ef	chr14	18225647	106877229	4	2	2
ed819708-5bab-45ff-b127-75264b0660ef	chr15	19811075	101928837	4	2	2
ed819708-5bab-45ff-b127-75264b0660ef	chr16	10777	5070304	3	2	1
ed819708-5bab-45ff-b127-75264b0660ef	chr16	5072358	90221127	4	2	2
ed819708-5bab-45ff-b127-75264b0660ef	chr17	150733	83090856	2	2	0
ed819708-5bab-45ff-b127-75264b0660ef	chr18	48133	80257174	2	2	0
ed819708-5bab-45ff-b127-75264b0660ef	chr19	90910	58586487	2	2	0
ed819708-5bab-45ff-b127-75264b0660ef	chr20	80664	64324800	4	2	2
ed819708-5bab-45ff-b127-75264b0660ef	chr21	10336543	46677045	2	2	0
ed819708-5bab-45ff-b127-75264b0660ef	chr22	15294545	50796027	4	2	2
ed819708-5bab-45ff-b127-75264b0660ef	chrX	251810	156004181	2	2	0
469ed921-dbe1-441e-9756-9ee090d45b48	chr1	61735	248930189	2	2	0
469ed921-dbe1-441e-9756-9ee090d45b48	chr2	12784	242147305	4	2	2
469ed921-dbe1-441e-9756-9ee090d45b48	chr3	18667	198169247	2	2	0
469ed921-dbe1-441e-9756-9ee090d45b48	chr4	12281	190106768	4	2	2
469ed921-dbe1-441e-9756-9ee090d45b48	chr5	15532	181363319	2	2	0
469ed921-dbe1-441e-9756-9ee090d45b48	chr6	149661	170741917	2	2	0
469ed921-dbe1-441e-9756-9ee090d45b48	chr7	43259	159334314	2	2	0
469ed921-dbe1-441e-9756-9ee090d45b48	chr8	81254	145072769	4	2	2
469ed921-dbe1-441e-9756-9ee090d45b48	chr9	46587	138200944	2	2	0
469ed921-dbe1-441e-9756-9ee090d45b48	chr10	26823	133769379	2	2	0
469ed921-dbe1-441e-9756-9ee090d45b48	chr11	198572	135074876	4	2	2
469ed921-dbe1-441e-9756-9ee090d45b48	chr12	51460	133201603	4	2	2
469ed921-dbe1-441e-9756-9ee090d45b48	chr13	18452809	114342922	2	2	0
469ed921-dbe1-441e-9756-9ee090d45b48	chr14	18225647	106877229	4	2	2
469ed921-dbe1-441e-9756-9ee090d45b48	chr15	19811075	101928837	2	2	0
469ed921-dbe1-441e-9756-9ee090d45b48	chr16	10777	90221127	4	2	2
469ed921-dbe1-441e-9756-9ee090d45b48	chr17	150733	83090856	2	2	0
469ed921-dbe1-441e-9756-9ee090d45b48	chr18	48133	80257174	4	2	2
469ed921-dbe1-441e-9756-9ee090d45b48	chr19	90910	58586487	4	2	2
469ed921-dbe1-441e-9756-9ee090d45b48	chr20	80664	64324800	4	2	2
469ed921-dbe1-441e-9756-9ee090d45b48	chr21	10336543	46677045	2	2	0
469ed921-dbe1-441e-9756-9ee090d45b48	chr22	15294545	50796027	4	2	2
469ed921-dbe1-441e-9756-9ee090d45b48	chrX	251810	156004181	2	2	0
ce94d754-f66b-4e13-a54d-b0739b1d4f2b	chr1	62920	75243991	3	2	1
ce94d754-f66b-4e13-a54d-b0739b1d4f2b	chr1	75244224	75248869	1	1	0
ce94d754-f66b-4e13-a54d-b0739b1d4f2b	chr1	75249570	228738302	3	2	1
ce94d754-f66b-4e13-a54d-b0739b1d4f2b	chr1	228740452	228771895	2	1	1
ce94d754-f66b-4e13-a54d-b0739b1d4f2b	chr1	228775202	248930189	3	2	1
ce94d754-f66b-4e13-a54d-b0739b1d4f2b	chr2	12784	152054824	4	2	2
ce94d754-f66b-4e13-a54d-b0739b1d4f2b	chr2	152054916	152081921	2	1	1
ce94d754-f66b-4e13-a54d-b0739b1d4f2b	chr2	152083033	242147305	4	2	2
ce94d754-f66b-4e13-a54d-b0739b1d4f2b	chr3	20930	3925783	4	2	2
ce94d754-f66b-4e13-a54d-b0739b1d4f2b	chr3	3928744	3954414	2	1	1
ce94d754-f66b-4e13-a54d-b0739b1d4f2b	chr3	3955088	130057833	4	2	2
ce94d754-f66b-4e13-a54d-b0739b1d4f2b	chr3	130062033	130087393	0	0	0
ce94d754-f66b-4e13-a54d-b0739b1d4f2b	chr3	130088081	198169247	4	2	2
ce94d754-f66b-4e13-a54d-b0739b1d4f2b	chr4	68929	187444241	6	4	2
ce94d754-f66b-4e13-a54d-b0739b1d4f2b	chr4	187445746	190106768	7	5	2
ce94d754-f66b-4e13-a54d-b0739b1d4f2b	chr5	15532	181363319	4	2	2
ce94d754-f66b-4e13-a54d-b0739b1d4f2b	chr6	149661	29869295	2	2	0
ce94d754-f66b-4e13-a54d-b0739b1d4f2b	chr6	29869410	29949926	4	4	0
ce94d754-f66b-4e13-a54d-b0739b1d4f2b	chr6	29950659	30449372	2	2	0
ce94d754-f66b-4e13-a54d-b0739b1d4f2b	chr6	30449682	30509499	1	1	0
ce94d754-f66b-4e13-a54d-b0739b1d4f2b	chr6	30515216	87330681	2	2	0
ce94d754-f66b-4e13-a54d-b0739b1d4f2b	chr6	87333654	87352119	1	1	0
ce94d754-f66b-4e13-a54d-b0739b1d4f2b	chr6	87352271	170741917	2	2	0
ce94d754-f66b-4e13-a54d-b0739b1d4f2b	chr7	43259	35554353	4	2	2
ce94d754-f66b-4e13-a54d-b0739b1d4f2b	chr7	35554484	35573419	2	1	1
ce94d754-f66b-4e13-a54d-b0739b1d4f2b	chr7	35573650	159209715	4	2	2
ce94d754-f66b-4e13-a54d-b0739b1d4f2b	chr7	159214650	159304924	7	4	3
ce94d754-f66b-4e13-a54d-b0739b1d4f2b	chr7	159306114	159334314	4	2	2
ce94d754-f66b-4e13-a54d-b0739b1d4f2b	chr8	81254	125513572	4	2	2
ce94d754-f66b-4e13-a54d-b0739b1d4f2b	chr8	125514444	125527023	2	1	1
ce94d754-f66b-4e13-a54d-b0739b1d4f2b	chr8	125527195	145072769	4	2	2
ce94d754-f66b-4e13-a54d-b0739b1d4f2b	chr9	46587	23340425	4	4	0
ce94d754-f66b-4e13-a54d-b0739b1d4f2b	chr9	23340618	23406588	2	2	0
ce94d754-f66b-4e13-a54d-b0739b1d4f2b	chr9	23410598	113342125	4	4	0
ce94d754-f66b-4e13-a54d-b0739b1d4f2b	chr9	113342246	113361974	3	3	0
ce94d754-f66b-4e13-a54d-b0739b1d4f2b	chr9	113362045	133721245	4	4	0
ce94d754-f66b-4e13-a54d-b0739b1d4f2b	chr9	133721819	133753192	7	7	0
ce94d754-f66b-4e13-a54d-b0739b1d4f2b	chr9	133753594	134271816	4	4	0
ce94d754-f66b-4e13-a54d-b0739b1d4f2b	chr9	134271872	135929906	5	5	0
ce94d754-f66b-4e13-a54d-b0739b1d4f2b	chr9	135930924	138200944	4	4	0
ce94d754-f66b-4e13-a54d-b0739b1d4f2b	chr10	45792	3012303	3	2	1
ce94d754-f66b-4e13-a54d-b0739b1d4f2b	chr10	3012662	3013819	7	4	3
ce94d754-f66b-4e13-a54d-b0739b1d4f2b	chr10	3013852	79291583	3	2	1
ce94d754-f66b-4e13-a54d-b0739b1d4f2b	chr10	79294013	79314624	6	4	2
ce94d754-f66b-4e13-a54d-b0739b1d4f2b	chr10	79315059	129776481	3	2	1
ce94d754-f66b-4e13-a54d-b0739b1d4f2b	chr10	129777658	129785274	1	1	0
ce94d754-f66b-4e13-a54d-b0739b1d4f2b	chr10	129785289	133654968	3	2	1
ce94d754-f66b-4e13-a54d-b0739b1d4f2b	chr11	198510	135074876	4	2	2
ce94d754-f66b-4e13-a54d-b0739b1d4f2b	chr12	51460	9147725	4	2	2
ce94d754-f66b-4e13-a54d-b0739b1d4f2b	chr12	9148587	9688130	3	2	1
ce94d754-f66b-4e13-a54d-b0739b1d4f2b	chr12	9688177	9709788	7	4	3
ce94d754-f66b-4e13-a54d-b0739b1d4f2b	chr12	9710554	114681509	4	2	2
ce94d754-f66b-4e13-a54d-b0739b1d4f2b	chr12	114682098	115406724	5	3	2
ce94d754-f66b-4e13-a54d-b0739b1d4f2b	chr12	115406927	126463207	4	2	2
ce94d754-f66b-4e13-a54d-b0739b1d4f2b	chr12	126463367	126476033	8	4	4
ce94d754-f66b-4e13-a54d-b0739b1d4f2b	chr12	126476281	133201603	4	2	2
ce94d754-f66b-4e13-a54d-b0739b1d4f2b	chr13	18452809	30091661	2	2	0
ce94d754-f66b-4e13-a54d-b0739b1d4f2b	chr13	30093712	30134437	1	1	0
ce94d754-f66b-4e13-a54d-b0739b1d4f2b	chr13	30136790	55268023	2	2	0
ce94d754-f66b-4e13-a54d-b0739b1d4f2b	chr13	55268456	55310133	1	1	0
ce94d754-f66b-4e13-a54d-b0739b1d4f2b	chr13	55310215	114342922	2	2	0
ce94d754-f66b-4e13-a54d-b0739b1d4f2b	chr14	18239283	34217967	4	2	2
ce94d754-f66b-4e13-a54d-b0739b1d4f2b	chr14	34219794	34232984	3	2	1
ce94d754-f66b-4e13-a54d-b0739b1d4f2b	chr14	34233780	55943776	4	2	2
ce94d754-f66b-4e13-a54d-b0739b1d4f2b	chr14	55946317	56005888	5	3	2
ce94d754-f66b-4e13-a54d-b0739b1d4f2b	chr14	56006331	61478164	4	2	2
ce94d754-f66b-4e13-a54d-b0739b1d4f2b	chr14	61478259	61482862	2	1	1
ce94d754-f66b-4e13-a54d-b0739b1d4f2b	chr14	61482905	105733039	4	2	2
ce94d754-f66b-4e13-a54d-b0739b1d4f2b	chr14	105752248	106314594	10	10	0
ce94d754-f66b-4e13-a54d-b0739b1d4f2b	chr14	106320716	106877229	4	2	2
ce94d754-f66b-4e13-a54d-b0739b1d4f2b	chr15	19811075	23484496	4	3	1
ce94d754-f66b-4e13-a54d-b0739b1d4f2b	chr15	23486830	91607954	4	2	2
ce94d754-f66b-4e13-a54d-b0739b1d4f2b	chr15	91607975	91664416	6	3	3
ce94d754-f66b-4e13-a54d-b0739b1d4f2b	chr15	91664955	101928837	4	2	2
ce94d754-f66b-4e13-a54d-b0739b1d4f2b	chr16	10777	36048855	6	4	2
ce94d754-f66b-4e13-a54d-b0739b1d4f2b	chr16	46441986	66027537	7	5	2
ce94d754-f66b-4e13-a54d-b0739b1d4f2b	chr16	66028478	66033682	13	9	4
ce94d754-f66b-4e13-a54d-b0739b1d4f2b	chr16	66033739	80621662	7	5	2
ce94d754-f66b-4e13-a54d-b0739b1d4f2b	chr16	80621986	90096867	6	4	2
ce94d754-f66b-4e13-a54d-b0739b1d4f2b	chr17	150733	46084941	2	2	0
ce94d754-f66b-4e13-a54d-b0739b1d4f2b	chr17	46085231	46276519	4	4	0
ce94d754-f66b-4e13-a54d-b0739b1d4f2b	chr17	46284643	83091923	2	2	0
ce94d754-f66b-4e13-a54d-b0739b1d4f2b	chr18	48133	80257174	5	3	2
ce94d754-f66b-4e13-a54d-b0739b1d4f2b	chr19	90910	30122281	4	2	2
ce94d754-f66b-4e13-a54d-b0739b1d4f2b	chr19	30122685	31302310	5	3	2
ce94d754-f66b-4e13-a54d-b0739b1d4f2b	chr19	31302430	58586487	4	2	2
ce94d754-f66b-4e13-a54d-b0739b1d4f2b	chr20	80664	1580276	4	2	2
ce94d754-f66b-4e13-a54d-b0739b1d4f2b	chr20	1580305	1613247	32	32	0
ce94d754-f66b-4e13-a54d-b0739b1d4f2b	chr20	1617300	12287737	4	2	2
ce94d754-f66b-4e13-a54d-b0739b1d4f2b	chr20	12287894	12299132	2	1	1
ce94d754-f66b-4e13-a54d-b0739b1d4f2b	chr20	12301296	64324800	4	2	2
ce94d754-f66b-4e13-a54d-b0739b1d4f2b	chr21	12973348	45903608	3	2	1
ce94d754-f66b-4e13-a54d-b0739b1d4f2b	chr21	45903828	45955354	5	3	2
ce94d754-f66b-4e13-a54d-b0739b1d4f2b	chr21	45955887	46677045	3	2	1
ce94d754-f66b-4e13-a54d-b0739b1d4f2b	chr22	16392123	50796027	3	2	1
ce94d754-f66b-4e13-a54d-b0739b1d4f2b	chrX	251810	156004181	4	2	2
ce94d754-f66b-4e13-a54d-b0739b1d4f2b	chrY	2782397	56872112	0	0	0
3f1f256d-e80f-4925-a023-e71d2386c133	chr1	61735	121741181	1	1	0
3f1f256d-e80f-4925-a023-e71d2386c133	chr1	143285278	155113887	2	1	1
3f1f256d-e80f-4925-a023-e71d2386c133	chr1	155123178	170628936	1	1	0
3f1f256d-e80f-4925-a023-e71d2386c133	chr1	170633676	248930189	2	1	1
3f1f256d-e80f-4925-a023-e71d2386c133	chr2	12784	242147305	1	1	0
3f1f256d-e80f-4925-a023-e71d2386c133	chr3	18667	198169247	1	1	0
3f1f256d-e80f-4925-a023-e71d2386c133	chr4	12281	190106768	2	1	1
3f1f256d-e80f-4925-a023-e71d2386c133	chr5	15532	181363319	2	1	1
3f1f256d-e80f-4925-a023-e71d2386c133	chr6	149661	170741917	1	1	0
3f1f256d-e80f-4925-a023-e71d2386c133	chr7	43259	159334314	2	1	1
3f1f256d-e80f-4925-a023-e71d2386c133	chr8	81254	145072769	1	1	0
3f1f256d-e80f-4925-a023-e71d2386c133	chr9	46587	138200944	2	1	1
3f1f256d-e80f-4925-a023-e71d2386c133	chr10	26823	133769379	1	1	0
3f1f256d-e80f-4925-a023-e71d2386c133	chr11	198572	135074876	2	1	1
3f1f256d-e80f-4925-a023-e71d2386c133	chr12	51460	133201603	2	1	1
3f1f256d-e80f-4925-a023-e71d2386c133	chr13	18452809	114342922	1	1	0
3f1f256d-e80f-4925-a023-e71d2386c133	chr14	18225647	106877229	2	1	1
3f1f256d-e80f-4925-a023-e71d2386c133	chr15	19811075	101928837	2	1	1
3f1f256d-e80f-4925-a023-e71d2386c133	chr16	10777	90221127	2	1	1
3f1f256d-e80f-4925-a023-e71d2386c133	chr17	150733	83090856	1	1	0
3f1f256d-e80f-4925-a023-e71d2386c133	chr18	48133	80257174	2	1	1
3f1f256d-e80f-4925-a023-e71d2386c133	chr19	90910	58586487	2	1	1
3f1f256d-e80f-4925-a023-e71d2386c133	chr20	80664	64324800	2	1	1
3f1f256d-e80f-4925-a023-e71d2386c133	chr21	10336543	46677045	1	1	0
3f1f256d-e80f-4925-a023-e71d2386c133	chr22	15294545	50796027	2	1	1
3f1f256d-e80f-4925-a023-e71d2386c133	chrX	251810	156004181	1	1	0
2b4fa791-2a7f-4db4-b570-127c68153542	chr1	61735	248930189	2	1	1
2b4fa791-2a7f-4db4-b570-127c68153542	chr2	12784	242147305	2	2	0
2b4fa791-2a7f-4db4-b570-127c68153542	chr3	18667	198169247	3	2	1
2b4fa791-2a7f-4db4-b570-127c68153542	chr4	12281	190106768	4	2	2
2b4fa791-2a7f-4db4-b570-127c68153542	chr5	15532	181363319	4	2	2
2b4fa791-2a7f-4db4-b570-127c68153542	chr6	149661	170741917	2	1	1
2b4fa791-2a7f-4db4-b570-127c68153542	chr7	43259	159334314	4	2	2
2b4fa791-2a7f-4db4-b570-127c68153542	chr8	81254	145072769	2	2	0
2b4fa791-2a7f-4db4-b570-127c68153542	chr9	46587	138200944	4	2	2
2b4fa791-2a7f-4db4-b570-127c68153542	chr10	26823	133769379	2	1	1
2b4fa791-2a7f-4db4-b570-127c68153542	chr11	198572	135074876	3	2	1
2b4fa791-2a7f-4db4-b570-127c68153542	chr12	51460	133201603	4	2	2
2b4fa791-2a7f-4db4-b570-127c68153542	chr13	18452809	114342922	2	2	0
2b4fa791-2a7f-4db4-b570-127c68153542	chr14	18225647	106877229	4	2	2
2b4fa791-2a7f-4db4-b570-127c68153542	chr15	19811075	101928837	4	2	2
2b4fa791-2a7f-4db4-b570-127c68153542	chr16	10777	90221127	4	2	2
2b4fa791-2a7f-4db4-b570-127c68153542	chr17	150733	83090856	2	2	0
2b4fa791-2a7f-4db4-b570-127c68153542	chr18	48133	80257174	4	2	2
2b4fa791-2a7f-4db4-b570-127c68153542	chr19	90910	58586487	3	2	1
2b4fa791-2a7f-4db4-b570-127c68153542	chr20	80664	64324800	4	2	2
2b4fa791-2a7f-4db4-b570-127c68153542	chr21	10336543	46677045	3	2	1
2b4fa791-2a7f-4db4-b570-127c68153542	chr22	15294545	50796027	4	2	2
2b4fa791-2a7f-4db4-b570-127c68153542	chrX	251810	156004181	3	2	1
a65bdecc-9c82-48a9-a0b2-e36227b27e5e	chr1	61735	248930189	3	2	1
a65bdecc-9c82-48a9-a0b2-e36227b27e5e	chr2	12784	242147305	3	3	0
a65bdecc-9c82-48a9-a0b2-e36227b27e5e	chr3	18667	198169247	4	2	2
a65bdecc-9c82-48a9-a0b2-e36227b27e5e	chr4	12281	190106768	6	3	3
a65bdecc-9c82-48a9-a0b2-e36227b27e5e	chr5	15532	181363319	3	2	1
a65bdecc-9c82-48a9-a0b2-e36227b27e5e	chr6	149661	170741917	3	3	0
a65bdecc-9c82-48a9-a0b2-e36227b27e5e	chr7	43259	159334314	6	3	3
a65bdecc-9c82-48a9-a0b2-e36227b27e5e	chr8	81254	145072769	6	3	3
a65bdecc-9c82-48a9-a0b2-e36227b27e5e	chr9	46587	138200944	6	3	3
a65bdecc-9c82-48a9-a0b2-e36227b27e5e	chr10	26823	133769379	3	2	1
a65bdecc-9c82-48a9-a0b2-e36227b27e5e	chr11	198572	135074876	6	3	3
a65bdecc-9c82-48a9-a0b2-e36227b27e5e	chr12	51460	133201603	4	2	2
a65bdecc-9c82-48a9-a0b2-e36227b27e5e	chr13	18452809	114342922	3	3	0
a65bdecc-9c82-48a9-a0b2-e36227b27e5e	chr14	18225647	106877229	4	2	2
a65bdecc-9c82-48a9-a0b2-e36227b27e5e	chr15	19811075	101928837	6	3	3
a65bdecc-9c82-48a9-a0b2-e36227b27e5e	chr16	10777	90221127	6	3	3
a65bdecc-9c82-48a9-a0b2-e36227b27e5e	chr17	150733	83090856	3	3	0
a65bdecc-9c82-48a9-a0b2-e36227b27e5e	chr18	48133	80257174	6	3	3
a65bdecc-9c82-48a9-a0b2-e36227b27e5e	chr19	90910	58586487	4	2	2
a65bdecc-9c82-48a9-a0b2-e36227b27e5e	chr20	80664	64324800	6	3	3
a65bdecc-9c82-48a9-a0b2-e36227b27e5e	chr21	10336543	46677045	4	2	2
a65bdecc-9c82-48a9-a0b2-e36227b27e5e	chr22	15294545	50796027	5	3	2
a65bdecc-9c82-48a9-a0b2-e36227b27e5e	chrX	251810	2788903	5	3	2
a65bdecc-9c82-48a9-a0b2-e36227b27e5e	chrX	2789693	155699837	3	3	0
a65bdecc-9c82-48a9-a0b2-e36227b27e5e	chrX	155733777	156004181	6	4	2
6866eaea-ed01-4a17-a5a8-7a426a50927c	chr1	61735	248930189	1	1	0
6866eaea-ed01-4a17-a5a8-7a426a50927c	chr2	12784	242147305	1	1	0
6866eaea-ed01-4a17-a5a8-7a426a50927c	chr3	18667	198169247	2	1	1
6866eaea-ed01-4a17-a5a8-7a426a50927c	chr4	12281	190106768	2	1	1
6866eaea-ed01-4a17-a5a8-7a426a50927c	chr5	15532	181363319	1	1	0
6866eaea-ed01-4a17-a5a8-7a426a50927c	chr6	149661	170741917	1	1	0
6866eaea-ed01-4a17-a5a8-7a426a50927c	chr7	43259	159334314	2	1	1
6866eaea-ed01-4a17-a5a8-7a426a50927c	chr8	81254	145072769	2	1	1
6866eaea-ed01-4a17-a5a8-7a426a50927c	chr9	46587	138200944	2	1	1
6866eaea-ed01-4a17-a5a8-7a426a50927c	chr10	26823	133769379	2	1	1
6866eaea-ed01-4a17-a5a8-7a426a50927c	chr11	198572	135074876	2	1	1
6866eaea-ed01-4a17-a5a8-7a426a50927c	chr12	51460	133201603	2	1	1
6866eaea-ed01-4a17-a5a8-7a426a50927c	chr13	18452809	114342922	1	1	0
6866eaea-ed01-4a17-a5a8-7a426a50927c	chr14	18225647	106877229	2	1	1
6866eaea-ed01-4a17-a5a8-7a426a50927c	chr15	19811075	101928837	2	1	1
6866eaea-ed01-4a17-a5a8-7a426a50927c	chr16	10777	70802467	2	1	1
6866eaea-ed01-4a17-a5a8-7a426a50927c	chr16	70804300	71063006	1	1	0
6866eaea-ed01-4a17-a5a8-7a426a50927c	chr16	71063821	90221127	2	1	1
6866eaea-ed01-4a17-a5a8-7a426a50927c	chr17	150733	83090856	1	1	0
6866eaea-ed01-4a17-a5a8-7a426a50927c	chr18	48133	80257174	2	1	1
6866eaea-ed01-4a17-a5a8-7a426a50927c	chr19	90910	58586487	2	1	1
6866eaea-ed01-4a17-a5a8-7a426a50927c	chr20	80664	64324800	2	1	1
6866eaea-ed01-4a17-a5a8-7a426a50927c	chr21	10336543	46677045	2	1	1
6866eaea-ed01-4a17-a5a8-7a426a50927c	chr22	15294545	50796027	2	1	1
6866eaea-ed01-4a17-a5a8-7a426a50927c	chrX	251810	156004181	1	1	0
784075b5-cac8-4d7f-b7a0-e9e685e6615f	chr1	61735	248930189	1	1	0
784075b5-cac8-4d7f-b7a0-e9e685e6615f	chr2	12784	242147305	1	1	0
784075b5-cac8-4d7f-b7a0-e9e685e6615f	chr3	18667	198169247	2	1	1
784075b5-cac8-4d7f-b7a0-e9e685e6615f	chr4	12281	190106768	2	1	1
784075b5-cac8-4d7f-b7a0-e9e685e6615f	chr5	15532	181363319	2	1	1
784075b5-cac8-4d7f-b7a0-e9e685e6615f	chr6	149661	170741917	1	1	0
784075b5-cac8-4d7f-b7a0-e9e685e6615f	chr7	43259	159334314	2	1	1
784075b5-cac8-4d7f-b7a0-e9e685e6615f	chr8	81254	145072769	2	1	1
784075b5-cac8-4d7f-b7a0-e9e685e6615f	chr9	46587	138200944	2	1	1
784075b5-cac8-4d7f-b7a0-e9e685e6615f	chr10	26823	133769379	1	1	0
784075b5-cac8-4d7f-b7a0-e9e685e6615f	chr11	198572	135074876	2	1	1
784075b5-cac8-4d7f-b7a0-e9e685e6615f	chr12	51460	133201603	2	1	1
784075b5-cac8-4d7f-b7a0-e9e685e6615f	chr13	18452809	114342922	1	1	0
784075b5-cac8-4d7f-b7a0-e9e685e6615f	chr14	18225647	106877229	2	1	1
784075b5-cac8-4d7f-b7a0-e9e685e6615f	chr15	19811075	101928837	2	1	1
784075b5-cac8-4d7f-b7a0-e9e685e6615f	chr16	10777	90221127	2	1	1
784075b5-cac8-4d7f-b7a0-e9e685e6615f	chr17	150733	83090856	1	1	0
784075b5-cac8-4d7f-b7a0-e9e685e6615f	chr18	48133	80257174	2	1	1
784075b5-cac8-4d7f-b7a0-e9e685e6615f	chr19	90910	58586487	2	1	1
784075b5-cac8-4d7f-b7a0-e9e685e6615f	chr20	80664	64324800	2	1	1
784075b5-cac8-4d7f-b7a0-e9e685e6615f	chr21	10336543	46677045	1	1	0
784075b5-cac8-4d7f-b7a0-e9e685e6615f	chr22	15294545	50796027	2	1	1
784075b5-cac8-4d7f-b7a0-e9e685e6615f	chrX	251810	156004181	1	1	0
3091a325-344e-4338-a769-7268a7ba654a	chr1	61735	248930189	2	1	1
3091a325-344e-4338-a769-7268a7ba654a	chr2	12784	242147305	2	1	1
3091a325-344e-4338-a769-7268a7ba654a	chr3	18667	198169247	2	1	1
3091a325-344e-4338-a769-7268a7ba654a	chr4	12281	190106768	2	1	1
3091a325-344e-4338-a769-7268a7ba654a	chr5	15532	181363319	2	1	1
3091a325-344e-4338-a769-7268a7ba654a	chr6	149661	170741917	2	1	1
3091a325-344e-4338-a769-7268a7ba654a	chr7	43259	159334314	2	1	1
3091a325-344e-4338-a769-7268a7ba654a	chr8	81254	145072769	2	1	1
3091a325-344e-4338-a769-7268a7ba654a	chr9	46587	127732678	2	1	1
3091a325-344e-4338-a769-7268a7ba654a	chr9	127733220	138200944	2	2	0
3091a325-344e-4338-a769-7268a7ba654a	chr10	26823	133769379	2	1	1
3091a325-344e-4338-a769-7268a7ba654a	chr11	198572	135074876	2	1	1
3091a325-344e-4338-a769-7268a7ba654a	chr12	51460	133201603	2	1	1
3091a325-344e-4338-a769-7268a7ba654a	chr13	18452809	114342922	2	1	1
3091a325-344e-4338-a769-7268a7ba654a	chr14	18225647	21937218	2	1	1
3091a325-344e-4338-a769-7268a7ba654a	chr14	21940575	22499949	3	2	1
3091a325-344e-4338-a769-7268a7ba654a	chr14	22500013	106877229	2	1	1
3091a325-344e-4338-a769-7268a7ba654a	chr15	19811075	101928837	2	1	1
3091a325-344e-4338-a769-7268a7ba654a	chr16	10777	90221127	2	1	1
3091a325-344e-4338-a769-7268a7ba654a	chr17	150733	83090856	2	1	1
3091a325-344e-4338-a769-7268a7ba654a	chr18	48133	80257174	2	1	1
3091a325-344e-4338-a769-7268a7ba654a	chr19	90910	58586487	2	1	1
3091a325-344e-4338-a769-7268a7ba654a	chr20	80664	64324800	2	1	1
3091a325-344e-4338-a769-7268a7ba654a	chr21	10336543	46677045	2	1	1
3091a325-344e-4338-a769-7268a7ba654a	chr22	15294545	50796027	2	1	1
3091a325-344e-4338-a769-7268a7ba654a	chrX	251810	2785350	2	1	1
3091a325-344e-4338-a769-7268a7ba654a	chrX	2785592	156004181	1	1	0
feb55812-7c23-45c3-bd87-6391bd5857e6	chr1	62920	152583051	1	1	0
feb55812-7c23-45c3-bd87-6391bd5857e6	chr1	152583230	152613762	0	0	0
feb55812-7c23-45c3-bd87-6391bd5857e6	chr1	152613802	248930189	1	1	0
feb55812-7c23-45c3-bd87-6391bd5857e6	chr2	12784	34492601	1	1	0
feb55812-7c23-45c3-bd87-6391bd5857e6	chr2	34492775	34511990	0	0	0
feb55812-7c23-45c3-bd87-6391bd5857e6	chr2	34512096	242147305	1	1	0
feb55812-7c23-45c3-bd87-6391bd5857e6	chr3	20930	3918778	2	1	1
feb55812-7c23-45c3-bd87-6391bd5857e6	chr3	3919589	3934733	1	1	0
feb55812-7c23-45c3-bd87-6391bd5857e6	chr3	3935472	99218940	2	1	1
feb55812-7c23-45c3-bd87-6391bd5857e6	chr3	99225614	99230464	0	0	0
feb55812-7c23-45c3-bd87-6391bd5857e6	chr3	99230470	145790292	2	1	1
feb55812-7c23-45c3-bd87-6391bd5857e6	chr3	145790406	145802802	4	2	2
feb55812-7c23-45c3-bd87-6391bd5857e6	chr3	145803681	198169247	2	1	1
feb55812-7c23-45c3-bd87-6391bd5857e6	chr4	68929	114252544	2	1	1
feb55812-7c23-45c3-bd87-6391bd5857e6	chr4	114254167	114261019	0	0	0
feb55812-7c23-45c3-bd87-6391bd5857e6	chr4	114263073	160952848	2	1	1
feb55812-7c23-45c3-bd87-6391bd5857e6	chr4	160958866	160963448	0	0	0
feb55812-7c23-45c3-bd87-6391bd5857e6	chr4	160963756	190106768	2	1	1
feb55812-7c23-45c3-bd87-6391bd5857e6	chr5	15532	76647432	2	1	1
feb55812-7c23-45c3-bd87-6391bd5857e6	chr5	76648451	76663644	4	2	2
feb55812-7c23-45c3-bd87-6391bd5857e6	chr5	76664953	97714396	2	1	1
feb55812-7c23-45c3-bd87-6391bd5857e6	chr5	97714657	97735251	1	1	0
feb55812-7c23-45c3-bd87-6391bd5857e6	chr5	97736836	181363319	2	1	1
feb55812-7c23-45c3-bd87-6391bd5857e6	chr6	149661	20812226	1	1	0
feb55812-7c23-45c3-bd87-6391bd5857e6	chr6	20812357	20828001	2	2	0
feb55812-7c23-45c3-bd87-6391bd5857e6	chr6	20828782	30499918	1	1	0
feb55812-7c23-45c3-bd87-6391bd5857e6	chr6	30507638	30515216	0	0	0
feb55812-7c23-45c3-bd87-6391bd5857e6	chr6	30544386	45896089	1	1	0
feb55812-7c23-45c3-bd87-6391bd5857e6	chr6	45896768	45930577	2	2	0
feb55812-7c23-45c3-bd87-6391bd5857e6	chr6	45931284	76726815	1	1	0
feb55812-7c23-45c3-bd87-6391bd5857e6	chr6	76730151	76743087	0	0	0
feb55812-7c23-45c3-bd87-6391bd5857e6	chr6	76751356	159142516	1	1	0
feb55812-7c23-45c3-bd87-6391bd5857e6	chr6	159146813	159159542	2	2	0
feb55812-7c23-45c3-bd87-6391bd5857e6	chr6	159159969	170741917	1	1	0
feb55812-7c23-45c3-bd87-6391bd5857e6	chr7	43259	159334314	2	1	1
feb55812-7c23-45c3-bd87-6391bd5857e6	chr8	81254	25116961	2	1	1
feb55812-7c23-45c3-bd87-6391bd5857e6	chr8	25117007	25126735	0	0	0
feb55812-7c23-45c3-bd87-6391bd5857e6	chr8	25126818	134505049	2	1	1
feb55812-7c23-45c3-bd87-6391bd5857e6	chr8	134507964	134525082	4	2	2
feb55812-7c23-45c3-bd87-6391bd5857e6	chr8	134525530	145072769	2	1	1
feb55812-7c23-45c3-bd87-6391bd5857e6	chr9	46587	138200944	2	1	1
feb55812-7c23-45c3-bd87-6391bd5857e6	chr10	45792	3012303	1	1	0
feb55812-7c23-45c3-bd87-6391bd5857e6	chr10	3012662	3013819	2	2	0
feb55812-7c23-45c3-bd87-6391bd5857e6	chr10	3013852	79413509	1	1	0
feb55812-7c23-45c3-bd87-6391bd5857e6	chr10	79413907	79424674	2	2	0
feb55812-7c23-45c3-bd87-6391bd5857e6	chr10	79425207	133654968	1	1	0
feb55812-7c23-45c3-bd87-6391bd5857e6	chr11	198510	60059551	2	1	1
feb55812-7c23-45c3-bd87-6391bd5857e6	chr11	60062121	60110494	1	1	0
feb55812-7c23-45c3-bd87-6391bd5857e6	chr11	60111427	75740298	2	1	1
feb55812-7c23-45c3-bd87-6391bd5857e6	chr11	75740366	75756791	1	1	0
feb55812-7c23-45c3-bd87-6391bd5857e6	chr11	75758265	135074876	2	1	1
feb55812-7c23-45c3-bd87-6391bd5857e6	chr12	51460	133201603	2	1	1
feb55812-7c23-45c3-bd87-6391bd5857e6	chr13	18452809	114342922	1	1	0
feb55812-7c23-45c3-bd87-6391bd5857e6	chr14	18239283	105733039	2	1	1
feb55812-7c23-45c3-bd87-6391bd5857e6	chr14	105752248	106462169	4	4	0
feb55812-7c23-45c3-bd87-6391bd5857e6	chr14	106462183	106877229	2	1	1
feb55812-7c23-45c3-bd87-6391bd5857e6	chr15	19811075	25054112	2	1	1
feb55812-7c23-45c3-bd87-6391bd5857e6	chr15	25055911	25081548	5	3	2
feb55812-7c23-45c3-bd87-6391bd5857e6	chr15	25081683	34368055	2	1	1
feb55812-7c23-45c3-bd87-6391bd5857e6	chr15	34368215	34601063	0	0	0
feb55812-7c23-45c3-bd87-6391bd5857e6	chr15	34603931	101928837	2	1	1
feb55812-7c23-45c3-bd87-6391bd5857e6	chr16	10777	90096867	2	1	1
feb55812-7c23-45c3-bd87-6391bd5857e6	chr17	150733	18414080	1	1	0
feb55812-7c23-45c3-bd87-6391bd5857e6	chr17	18452078	18565883	0	0	0
feb55812-7c23-45c3-bd87-6391bd5857e6	chr17	18571332	46085732	1	1	0
feb55812-7c23-45c3-bd87-6391bd5857e6	chr17	46088437	46275506	2	2	0
feb55812-7c23-45c3-bd87-6391bd5857e6	chr17	46276519	83091923	1	1	0
feb55812-7c23-45c3-bd87-6391bd5857e6	chr18	48133	4973590	2	1	1
feb55812-7c23-45c3-bd87-6391bd5857e6	chr18	4974007	4985483	0	0	0
feb55812-7c23-45c3-bd87-6391bd5857e6	chr18	4987699	8458372	2	1	1
feb55812-7c23-45c3-bd87-6391bd5857e6	chr18	8458486	8476959	1	1	0
feb55812-7c23-45c3-bd87-6391bd5857e6	chr18	8477169	37308380	2	1	1
feb55812-7c23-45c3-bd87-6391bd5857e6	chr18	37312660	37412242	3	2	1
feb55812-7c23-45c3-bd87-6391bd5857e6	chr18	37412691	80257174	2	1	1
feb55812-7c23-45c3-bd87-6391bd5857e6	chr19	90910	41785242	2	1	1
feb55812-7c23-45c3-bd87-6391bd5857e6	chr19	41786690	41809790	3	2	1
feb55812-7c23-45c3-bd87-6391bd5857e6	chr19	41812198	58586487	2	1	1
feb55812-7c23-45c3-bd87-6391bd5857e6	chr20	80664	64324800	2	1	1
feb55812-7c23-45c3-bd87-6391bd5857e6	chr21	12973348	46677045	1	1	0
feb55812-7c23-45c3-bd87-6391bd5857e6	chr22	16392123	50796027	2	1	1
feb55812-7c23-45c3-bd87-6391bd5857e6	chrX	251810	776893	2	1	1
feb55812-7c23-45c3-bd87-6391bd5857e6	chrX	786390	966477	1	1	0
feb55812-7c23-45c3-bd87-6391bd5857e6	chrX	970067	1521478	2	1	1
feb55812-7c23-45c3-bd87-6391bd5857e6	chrX	1540050	1584673	3	2	1
feb55812-7c23-45c3-bd87-6391bd5857e6	chrX	1629688	2473305	2	1	1
feb55812-7c23-45c3-bd87-6391bd5857e6	chrX	2474297	2553080	3	2	1
feb55812-7c23-45c3-bd87-6391bd5857e6	chrX	2553682	2735511	2	1	1
feb55812-7c23-45c3-bd87-6391bd5857e6	chrX	2735872	2775583	3	2	1
feb55812-7c23-45c3-bd87-6391bd5857e6	chrX	2776199	155699647	1	1	0
feb55812-7c23-45c3-bd87-6391bd5857e6	chrX	155699837	156004181	2	1	1
feb55812-7c23-45c3-bd87-6391bd5857e6	chrY	2782397	2931327	1	1	0
feb55812-7c23-45c3-bd87-6391bd5857e6	chrY	2931882	26653788	2	0	2
feb55812-7c23-45c3-bd87-6391bd5857e6	chrY	56872112	56872112	0	0	0
e975b249-1e73-457c-9278-0a55db7ad011	chr1	61735	248930189	1	1	0
e975b249-1e73-457c-9278-0a55db7ad011	chr2	12784	242147305	1	1	0
e975b249-1e73-457c-9278-0a55db7ad011	chr3	18667	198169247	2	1	1
e975b249-1e73-457c-9278-0a55db7ad011	chr4	12281	30582960	2	1	1
e975b249-1e73-457c-9278-0a55db7ad011	chr4	30591825	33297413	1	1	0
e975b249-1e73-457c-9278-0a55db7ad011	chr4	33298341	190106768	2	1	1
e975b249-1e73-457c-9278-0a55db7ad011	chr5	15532	181363319	2	1	1
e975b249-1e73-457c-9278-0a55db7ad011	chr6	149661	170741917	1	1	0
e975b249-1e73-457c-9278-0a55db7ad011	chr7	43259	159334314	2	1	1
e975b249-1e73-457c-9278-0a55db7ad011	chr8	81254	145072769	2	1	1
e975b249-1e73-457c-9278-0a55db7ad011	chr9	46587	138200944	2	1	1
e975b249-1e73-457c-9278-0a55db7ad011	chr10	26823	133769379	1	1	0
e975b249-1e73-457c-9278-0a55db7ad011	chr11	198572	135074876	1	1	0
e975b249-1e73-457c-9278-0a55db7ad011	chr12	51460	133201603	2	1	1
e975b249-1e73-457c-9278-0a55db7ad011	chr13	18452809	114342922	2	1	1
e975b249-1e73-457c-9278-0a55db7ad011	chr14	18225647	106877229	2	1	1
e975b249-1e73-457c-9278-0a55db7ad011	chr15	19811075	101928837	2	1	1
e975b249-1e73-457c-9278-0a55db7ad011	chr16	10777	90221127	2	1	1
e975b249-1e73-457c-9278-0a55db7ad011	chr17	150733	83090856	1	1	0
e975b249-1e73-457c-9278-0a55db7ad011	chr18	48133	80257174	2	1	1
e975b249-1e73-457c-9278-0a55db7ad011	chr19	90910	58586487	2	1	1
e975b249-1e73-457c-9278-0a55db7ad011	chr20	80664	64324800	2	1	1
e975b249-1e73-457c-9278-0a55db7ad011	chr21	10336543	46677045	2	1	1
e975b249-1e73-457c-9278-0a55db7ad011	chr22	15294545	50796027	2	1	1
e975b249-1e73-457c-9278-0a55db7ad011	chrX	251810	7565819	1	1	0
e975b249-1e73-457c-9278-0a55db7ad011	chrX	7566688	7647121	0	0	0
e975b249-1e73-457c-9278-0a55db7ad011	chrX	7650735	156004181	1	1	0
e975b249-1e73-457c-9278-0a55db7ad011	chr1	62920	15581908	1	1	0
e975b249-1e73-457c-9278-0a55db7ad011	chr1	15583355	15596141	2	2	0
e975b249-1e73-457c-9278-0a55db7ad011	chr1	15606437	99120887	1	1	0
e975b249-1e73-457c-9278-0a55db7ad011	chr1	99120960	99144559	2	2	0
e975b249-1e73-457c-9278-0a55db7ad011	chr1	99144597	248930189	1	1	0
e975b249-1e73-457c-9278-0a55db7ad011	chr2	12784	242147305	1	1	0
e975b249-1e73-457c-9278-0a55db7ad011	chr3	20930	130057833	2	1	1
e975b249-1e73-457c-9278-0a55db7ad011	chr3	130062033	130088081	0	0	0
e975b249-1e73-457c-9278-0a55db7ad011	chr3	130088155	146535644	2	1	1
e975b249-1e73-457c-9278-0a55db7ad011	chr3	146537807	146586810	1	1	0
e975b249-1e73-457c-9278-0a55db7ad011	chr3	146587106	162790480	2	1	1
e975b249-1e73-457c-9278-0a55db7ad011	chr3	162794869	162898127	5	5	0
e975b249-1e73-457c-9278-0a55db7ad011	chr3	162906054	198169247	2	1	1
e975b249-1e73-457c-9278-0a55db7ad011	chr4	68929	30591825	2	1	1
e975b249-1e73-457c-9278-0a55db7ad011	chr4	30591906	33297305	1	1	0
e975b249-1e73-457c-9278-0a55db7ad011	chr4	33297413	114250213	2	1	1
e975b249-1e73-457c-9278-0a55db7ad011	chr4	114250423	114263234	4	4	0
e975b249-1e73-457c-9278-0a55db7ad011	chr4	114264667	190106768	2	1	1
e975b249-1e73-457c-9278-0a55db7ad011	chr5	15532	84729562	2	1	1
e975b249-1e73-457c-9278-0a55db7ad011	chr5	84730030	84741553	1	1	0
e975b249-1e73-457c-9278-0a55db7ad011	chr5	84747242	181363319	2	1	1
e975b249-1e73-457c-9278-0a55db7ad011	chr6	149661	30507638	1	1	0
e975b249-1e73-457c-9278-0a55db7ad011	chr6	30507940	30559068	0	0	0
e975b249-1e73-457c-9278-0a55db7ad011	chr6	30561698	45918125	1	1	0
e975b249-1e73-457c-9278-0a55db7ad011	chr6	45919684	45930577	2	2	0
e975b249-1e73-457c-9278-0a55db7ad011	chr6	45931284	170741917	1	1	0
e975b249-1e73-457c-9278-0a55db7ad011	chr7	43259	71210886	2	1	1
e975b249-1e73-457c-9278-0a55db7ad011	chr7	71211122	71225629	1	1	0
e975b249-1e73-457c-9278-0a55db7ad011	chr7	71225732	159334314	2	1	1
e975b249-1e73-457c-9278-0a55db7ad011	chr8	81254	145072769	2	1	1
e975b249-1e73-457c-9278-0a55db7ad011	chr9	46587	11090375	2	1	1
e975b249-1e73-457c-9278-0a55db7ad011	chr9	11090589	11224627	1	1	0
e975b249-1e73-457c-9278-0a55db7ad011	chr9	11228018	78754554	2	1	1
e975b249-1e73-457c-9278-0a55db7ad011	chr9	78755547	78757603	1	1	0
e975b249-1e73-457c-9278-0a55db7ad011	chr9	78758028	133721245	2	1	1
e975b249-1e73-457c-9278-0a55db7ad011	chr9	133721819	133753192	3	2	1
e975b249-1e73-457c-9278-0a55db7ad011	chr9	133753594	138200944	2	1	1
e975b249-1e73-457c-9278-0a55db7ad011	chr10	45792	133654968	1	1	0
e975b249-1e73-457c-9278-0a55db7ad011	chr11	198510	18919323	1	1	0
e975b249-1e73-457c-9278-0a55db7ad011	chr11	18927525	18939631	0	0	0
e975b249-1e73-457c-9278-0a55db7ad011	chr11	18939734	55662497	1	1	0
e975b249-1e73-457c-9278-0a55db7ad011	chr11	55663588	55674842	0	0	0
e975b249-1e73-457c-9278-0a55db7ad011	chr11	55676735	135074876	1	1	0
e975b249-1e73-457c-9278-0a55db7ad011	chr12	51460	52664835	2	1	1
e975b249-1e73-457c-9278-0a55db7ad011	chr12	52664952	52677598	3	2	1
e975b249-1e73-457c-9278-0a55db7ad011	chr12	52677776	133201603	2	1	1
e975b249-1e73-457c-9278-0a55db7ad011	chr13	18452809	114342922	2	1	1
e975b249-1e73-457c-9278-0a55db7ad011	chr14	18239283	19956767	3	2	1
e975b249-1e73-457c-9278-0a55db7ad011	chr14	19957350	95013552	2	1	1
e975b249-1e73-457c-9278-0a55db7ad011	chr14	95014587	95031850	3	2	1
e975b249-1e73-457c-9278-0a55db7ad011	chr14	95035791	105784824	2	1	1
e975b249-1e73-457c-9278-0a55db7ad011	chr14	105786684	106447137	4	4	0
e975b249-1e73-457c-9278-0a55db7ad011	chr14	106447162	106877229	2	1	1
e975b249-1e73-457c-9278-0a55db7ad011	chr15	19811075	25054112	2	1	1
e975b249-1e73-457c-9278-0a55db7ad011	chr15	25055911	25081548	4	2	2
e975b249-1e73-457c-9278-0a55db7ad011	chr15	25081683	33776556	2	1	1
e975b249-1e73-457c-9278-0a55db7ad011	chr15	33777018	33796956	1	1	0
e975b249-1e73-457c-9278-0a55db7ad011	chr15	33800809	101928837	2	1	1
e975b249-1e73-457c-9278-0a55db7ad011	chr16	10777	1896750	1	1	0
e975b249-1e73-457c-9278-0a55db7ad011	chr16	1897258	90096867	2	1	1
e975b249-1e73-457c-9278-0a55db7ad011	chr17	150733	33330657	1	1	0
e975b249-1e73-457c-9278-0a55db7ad011	chr17	33332489	33382772	2	2	0
e975b249-1e73-457c-9278-0a55db7ad011	chr17	33383350	74045020	1	1	0
e975b249-1e73-457c-9278-0a55db7ad011	chr17	74045359	74052027	0	0	0
e975b249-1e73-457c-9278-0a55db7ad011	chr17	74052621	83091923	1	1	0
e975b249-1e73-457c-9278-0a55db7ad011	chr18	48133	40680506	2	1	1
e975b249-1e73-457c-9278-0a55db7ad011	chr18	40680516	40685425	0	0	0
e975b249-1e73-457c-9278-0a55db7ad011	chr18	40688060	80257174	2	1	1
e975b249-1e73-457c-9278-0a55db7ad011	chr19	90910	2523783	1	1	0
e975b249-1e73-457c-9278-0a55db7ad011	chr19	2524687	15612717	2	1	1
e975b249-1e73-457c-9278-0a55db7ad011	chr19	15613287	15638088	3	2	1
e975b249-1e73-457c-9278-0a55db7ad011	chr19	15638194	58586487	2	1	1
e975b249-1e73-457c-9278-0a55db7ad011	chr20	80664	9611616	2	1	1
e975b249-1e73-457c-9278-0a55db7ad011	chr20	9611691	9615640	1	1	0
e975b249-1e73-457c-9278-0a55db7ad011	chr20	9615698	61929676	2	1	1
e975b249-1e73-457c-9278-0a55db7ad011	chr20	61932116	63774109	1	1	0
e975b249-1e73-457c-9278-0a55db7ad011	chr20	63774281	64324800	2	1	1
e975b249-1e73-457c-9278-0a55db7ad011	chr21	12973348	17670977	2	1	1
e975b249-1e73-457c-9278-0a55db7ad011	chr21	17671917	17675006	4	2	2
e975b249-1e73-457c-9278-0a55db7ad011	chr21	17677547	46677045	2	1	1
e975b249-1e73-457c-9278-0a55db7ad011	chr22	16392123	50796027	2	1	1
e975b249-1e73-457c-9278-0a55db7ad011	chrX	251810	895885	1	1	0
e975b249-1e73-457c-9278-0a55db7ad011	chrX	920250	959750	0	0	0
e975b249-1e73-457c-9278-0a55db7ad011	chrX	960081	7565819	1	1	0
e975b249-1e73-457c-9278-0a55db7ad011	chrX	7566688	7758936	0	0	0
e975b249-1e73-457c-9278-0a55db7ad011	chrX	7759357	156004181	1	1	0
e975b249-1e73-457c-9278-0a55db7ad011	chrY	2782397	56872112	0	0	0
c9c2f1c9-f7fc-4b5b-a48c-59f09bb69b7f	chr1	61735	248930189	2	2	0
c9c2f1c9-f7fc-4b5b-a48c-59f09bb69b7f	chr2	12784	242147305	2	2	0
c9c2f1c9-f7fc-4b5b-a48c-59f09bb69b7f	chr3	18667	198169247	2	2	0
c9c2f1c9-f7fc-4b5b-a48c-59f09bb69b7f	chr4	12281	190106768	4	2	2
c9c2f1c9-f7fc-4b5b-a48c-59f09bb69b7f	chr5	15532	181363319	3	2	1
c9c2f1c9-f7fc-4b5b-a48c-59f09bb69b7f	chr6	149661	170741917	2	2	0
c9c2f1c9-f7fc-4b5b-a48c-59f09bb69b7f	chr7	43259	159334314	4	2	2
c9c2f1c9-f7fc-4b5b-a48c-59f09bb69b7f	chr8	81254	145072769	3	2	1
c9c2f1c9-f7fc-4b5b-a48c-59f09bb69b7f	chr9	46587	138200944	3	2	1
c9c2f1c9-f7fc-4b5b-a48c-59f09bb69b7f	chr10	26823	46146393	2	2	0
c9c2f1c9-f7fc-4b5b-a48c-59f09bb69b7f	chr10	46146451	46559868	3	2	1
c9c2f1c9-f7fc-4b5b-a48c-59f09bb69b7f	chr10	46560064	87956677	2	2	0
c9c2f1c9-f7fc-4b5b-a48c-59f09bb69b7f	chr10	87956690	88243027	0	0	0
c9c2f1c9-f7fc-4b5b-a48c-59f09bb69b7f	chr10	88243857	133769379	2	2	0
c9c2f1c9-f7fc-4b5b-a48c-59f09bb69b7f	chr11	198572	135074876	4	2	2
c9c2f1c9-f7fc-4b5b-a48c-59f09bb69b7f	chr12	51460	133201603	3	2	1
c9c2f1c9-f7fc-4b5b-a48c-59f09bb69b7f	chr13	18452809	114342922	2	2	0
c9c2f1c9-f7fc-4b5b-a48c-59f09bb69b7f	chr14	18225647	106877229	4	2	2
c9c2f1c9-f7fc-4b5b-a48c-59f09bb69b7f	chr15	19811075	101928837	4	2	2
c9c2f1c9-f7fc-4b5b-a48c-59f09bb69b7f	chr16	10777	36048855	3	2	1
c9c2f1c9-f7fc-4b5b-a48c-59f09bb69b7f	chr16	46429870	90221127	4	2	2
c9c2f1c9-f7fc-4b5b-a48c-59f09bb69b7f	chr17	150733	83090856	2	2	0
c9c2f1c9-f7fc-4b5b-a48c-59f09bb69b7f	chr18	48133	80257174	4	2	2
c9c2f1c9-f7fc-4b5b-a48c-59f09bb69b7f	chr19	90910	58586487	4	2	2
c9c2f1c9-f7fc-4b5b-a48c-59f09bb69b7f	chr20	80664	64324800	4	2	2
c9c2f1c9-f7fc-4b5b-a48c-59f09bb69b7f	chr21	10336543	46677045	2	2	0
c9c2f1c9-f7fc-4b5b-a48c-59f09bb69b7f	chr22	15294545	50796027	3	2	1
c9c2f1c9-f7fc-4b5b-a48c-59f09bb69b7f	chrX	251810	2776199	4	2	2
c9c2f1c9-f7fc-4b5b-a48c-59f09bb69b7f	chrX	2785350	156004181	2	2	0
135b8050-e077-430b-aa42-ed973623568a	chr1	62920	19445640	1	1	0
135b8050-e077-430b-aa42-ed973623568a	chr1	19446353	19457152	0	0	0
135b8050-e077-430b-aa42-ed973623568a	chr1	19461281	25256850	1	1	0
135b8050-e077-430b-aa42-ed973623568a	chr1	25266637	25336853	0	0	0
135b8050-e077-430b-aa42-ed973623568a	chr1	25346663	34626073	1	1	0
135b8050-e077-430b-aa42-ed973623568a	chr1	34637053	34638890	0	0	0
135b8050-e077-430b-aa42-ed973623568a	chr1	34648667	73062569	1	1	0
135b8050-e077-430b-aa42-ed973623568a	chr1	73067011	73148457	2	2	0
135b8050-e077-430b-aa42-ed973623568a	chr1	73148843	99120887	1	1	0
135b8050-e077-430b-aa42-ed973623568a	chr1	99120960	99144559	2	2	0
135b8050-e077-430b-aa42-ed973623568a	chr1	99144597	177979579	1	1	0
135b8050-e077-430b-aa42-ed973623568a	chr1	177981091	177996708	0	0	0
135b8050-e077-430b-aa42-ed973623568a	chr1	177999062	212867176	1	1	0
135b8050-e077-430b-aa42-ed973623568a	chr1	212867587	212920308	0	0	0
135b8050-e077-430b-aa42-ed973623568a	chr1	212921215	248930189	1	1	0
135b8050-e077-430b-aa42-ed973623568a	chr2	12784	10593903	1	1	0
135b8050-e077-430b-aa42-ed973623568a	chr2	10594066	10606887	0	0	0
135b8050-e077-430b-aa42-ed973623568a	chr2	10611120	152054658	1	1	0
135b8050-e077-430b-aa42-ed973623568a	chr2	152054824	152081921	0	0	0
135b8050-e077-430b-aa42-ed973623568a	chr2	152083033	242147305	1	1	0
135b8050-e077-430b-aa42-ed973623568a	chr3	20930	101100843	2	1	1
135b8050-e077-430b-aa42-ed973623568a	chr3	101100911	101124857	1	1	0
135b8050-e077-430b-aa42-ed973623568a	chr3	101125301	193156958	2	1	1
135b8050-e077-430b-aa42-ed973623568a	chr3	193160113	193165114	17	17	0
135b8050-e077-430b-aa42-ed973623568a	chr3	193168646	198169247	2	1	1
135b8050-e077-430b-aa42-ed973623568a	chr4	68929	114250213	2	1	1
135b8050-e077-430b-aa42-ed973623568a	chr4	114250423	114267651	4	4	0
135b8050-e077-430b-aa42-ed973623568a	chr4	114268665	190106768	2	1	1
135b8050-e077-430b-aa42-ed973623568a	chr5	15532	80097118	2	1	1
135b8050-e077-430b-aa42-ed973623568a	chr5	80097321	80111696	4	2	2
135b8050-e077-430b-aa42-ed973623568a	chr5	80114136	181363319	2	1	1
135b8050-e077-430b-aa42-ed973623568a	chr6	149661	170741917	1	1	0
135b8050-e077-430b-aa42-ed973623568a	chr7	43259	71546485	2	1	1
135b8050-e077-430b-aa42-ed973623568a	chr7	71548852	71575124	1	1	0
135b8050-e077-430b-aa42-ed973623568a	chr7	71575714	159334314	2	1	1
135b8050-e077-430b-aa42-ed973623568a	chr8	81254	145072769	2	1	1
135b8050-e077-430b-aa42-ed973623568a	chr9	46587	83287003	2	1	1
135b8050-e077-430b-aa42-ed973623568a	chr9	83288468	83291351	1	1	0
135b8050-e077-430b-aa42-ed973623568a	chr9	83292601	133721819	2	1	1
135b8050-e077-430b-aa42-ed973623568a	chr9	133721832	133753192	3	2	1
135b8050-e077-430b-aa42-ed973623568a	chr9	133753594	138200944	2	1	1
135b8050-e077-430b-aa42-ed973623568a	chr10	45792	65548272	1	1	0
135b8050-e077-430b-aa42-ed973623568a	chr10	65548833	65554688	0	0	0
135b8050-e077-430b-aa42-ed973623568a	chr10	65563037	95102662	1	1	0
135b8050-e077-430b-aa42-ed973623568a	chr10	95105336	95109349	7	7	0
135b8050-e077-430b-aa42-ed973623568a	chr10	95109949	133654968	1	1	0
135b8050-e077-430b-aa42-ed973623568a	chr11	198510	4949013	2	1	1
135b8050-e077-430b-aa42-ed973623568a	chr11	4949047	4955042	0	0	0
135b8050-e077-430b-aa42-ed973623568a	chr11	4955781	55670243	2	1	1
135b8050-e077-430b-aa42-ed973623568a	chr11	55671856	55685533	0	0	0
135b8050-e077-430b-aa42-ed973623568a	chr11	55686100	135074876	2	1	1
135b8050-e077-430b-aa42-ed973623568a	chr12	51460	31072776	2	1	1
135b8050-e077-430b-aa42-ed973623568a	chr12	31080036	31253973	3	2	1
135b8050-e077-430b-aa42-ed973623568a	chr12	31254189	50792569	2	1	1
135b8050-e077-430b-aa42-ed973623568a	chr12	50795147	51185771	1	1	0
135b8050-e077-430b-aa42-ed973623568a	chr12	51190339	128531395	2	1	1
135b8050-e077-430b-aa42-ed973623568a	chr12	128531666	128540898	1	1	0
135b8050-e077-430b-aa42-ed973623568a	chr12	128541526	133201603	2	1	1
135b8050-e077-430b-aa42-ed973623568a	chr13	18452809	112592916	1	1	0
135b8050-e077-430b-aa42-ed973623568a	chr13	112593017	112603897	0	0	0
135b8050-e077-430b-aa42-ed973623568a	chr13	112603972	114342922	1	1	0
135b8050-e077-430b-aa42-ed973623568a	chr14	18239283	92063938	2	1	1
135b8050-e077-430b-aa42-ed973623568a	chr14	92064169	92105635	1	1	0
135b8050-e077-430b-aa42-ed973623568a	chr14	92105688	99555861	2	1	1
135b8050-e077-430b-aa42-ed973623568a	chr14	99556011	99560380	1	1	0
135b8050-e077-430b-aa42-ed973623568a	chr14	99561643	106877229	2	1	1
135b8050-e077-430b-aa42-ed973623568a	chr15	19811075	23409147	1	1	0
135b8050-e077-430b-aa42-ed973623568a	chr15	23410189	27570388	2	1	1
135b8050-e077-430b-aa42-ed973623568a	chr15	27574012	27742932	3	2	1
135b8050-e077-430b-aa42-ed973623568a	chr15	27742950	101928837	2	1	1
135b8050-e077-430b-aa42-ed973623568a	chr16	10777	90096867	2	1	1
135b8050-e077-430b-aa42-ed973623568a	chr17	150733	57463615	1	1	0
135b8050-e077-430b-aa42-ed973623568a	chr17	57470607	57500528	0	0	0
135b8050-e077-430b-aa42-ed973623568a	chr17	57501594	70645068	1	1	0
135b8050-e077-430b-aa42-ed973623568a	chr17	70645127	70670842	0	0	0
135b8050-e077-430b-aa42-ed973623568a	chr17	70671113	83091923	1	1	0
135b8050-e077-430b-aa42-ed973623568a	chr18	48133	80257174	2	1	1
135b8050-e077-430b-aa42-ed973623568a	chr19	90910	2836847	1	1	0
135b8050-e077-430b-aa42-ed973623568a	chr19	2836958	58586487	2	1	1
135b8050-e077-430b-aa42-ed973623568a	chr20	80664	61932116	2	1	1
135b8050-e077-430b-aa42-ed973623568a	chr20	61936132	64324800	1	1	0
135b8050-e077-430b-aa42-ed973623568a	chr21	12973348	46677045	2	1	1
135b8050-e077-430b-aa42-ed973623568a	chr22	16392123	25262558	2	1	1
135b8050-e077-430b-aa42-ed973623568a	chr22	25262594	25771147	3	2	1
135b8050-e077-430b-aa42-ed973623568a	chr22	25774660	50796027	2	1	1
135b8050-e077-430b-aa42-ed973623568a	chrX	251810	359845	1	1	0
135b8050-e077-430b-aa42-ed973623568a	chrX	372540	1401031	2	1	1
135b8050-e077-430b-aa42-ed973623568a	chrX	1401237	1478856	1	1	0
135b8050-e077-430b-aa42-ed973623568a	chrX	1479705	1939670	2	1	1
135b8050-e077-430b-aa42-ed973623568a	chrX	1939691	2446094	1	1	0
135b8050-e077-430b-aa42-ed973623568a	chrX	2450101	2464269	3	2	1
135b8050-e077-430b-aa42-ed973623568a	chrX	2464404	2553080	2	1	1
135b8050-e077-430b-aa42-ed973623568a	chrX	2553682	2627552	1	1	0
135b8050-e077-430b-aa42-ed973623568a	chrX	2627862	2735872	2	1	1
135b8050-e077-430b-aa42-ed973623568a	chrX	2738809	2775583	3	2	1
135b8050-e077-430b-aa42-ed973623568a	chrX	2776199	156004181	1	1	0
135b8050-e077-430b-aa42-ed973623568a	chrY	2782397	3010354	1	1	0
135b8050-e077-430b-aa42-ed973623568a	chrY	3010599	26653788	2	1	1
135b8050-e077-430b-aa42-ed973623568a	chrY	56872112	56872112	0	0	0
0eb9c918-b652-437c-aa76-5d8387ddfcd4	chr1	61735	121741181	1	1	0
0eb9c918-b652-437c-aa76-5d8387ddfcd4	chr1	143285278	248930189	2	1	1
0eb9c918-b652-437c-aa76-5d8387ddfcd4	chr2	12784	242147305	2	1	1
0eb9c918-b652-437c-aa76-5d8387ddfcd4	chr3	18667	198169247	2	1	1
0eb9c918-b652-437c-aa76-5d8387ddfcd4	chr4	12281	190106768	2	1	1
0eb9c918-b652-437c-aa76-5d8387ddfcd4	chr5	15532	181363319	2	1	1
0eb9c918-b652-437c-aa76-5d8387ddfcd4	chr6	149661	170741917	2	1	1
0eb9c918-b652-437c-aa76-5d8387ddfcd4	chr7	43259	159334314	2	1	1
0eb9c918-b652-437c-aa76-5d8387ddfcd4	chr8	81254	145072769	2	1	1
0eb9c918-b652-437c-aa76-5d8387ddfcd4	chr9	46587	138200944	2	1	1
0eb9c918-b652-437c-aa76-5d8387ddfcd4	chr10	26823	133769379	2	1	1
0eb9c918-b652-437c-aa76-5d8387ddfcd4	chr11	198572	25686243	1	1	0
0eb9c918-b652-437c-aa76-5d8387ddfcd4	chr11	25686279	135074876	2	1	1
0eb9c918-b652-437c-aa76-5d8387ddfcd4	chr12	51460	133201603	2	1	1
0eb9c918-b652-437c-aa76-5d8387ddfcd4	chr13	18452809	114342922	2	1	1
0eb9c918-b652-437c-aa76-5d8387ddfcd4	chr14	18225647	106877229	2	1	1
0eb9c918-b652-437c-aa76-5d8387ddfcd4	chr15	19811075	101928837	2	1	1
0eb9c918-b652-437c-aa76-5d8387ddfcd4	chr16	10777	90221127	2	1	1
0eb9c918-b652-437c-aa76-5d8387ddfcd4	chr17	150733	83090856	2	1	1
0eb9c918-b652-437c-aa76-5d8387ddfcd4	chr18	48133	80257174	2	1	1
0eb9c918-b652-437c-aa76-5d8387ddfcd4	chr19	90910	58586487	2	1	1
0eb9c918-b652-437c-aa76-5d8387ddfcd4	chr20	80664	64324800	2	1	1
0eb9c918-b652-437c-aa76-5d8387ddfcd4	chr21	10336543	46677045	2	1	1
0eb9c918-b652-437c-aa76-5d8387ddfcd4	chr22	15294545	50796027	2	1	1
0eb9c918-b652-437c-aa76-5d8387ddfcd4	chrX	251810	2776199	2	1	1
0eb9c918-b652-437c-aa76-5d8387ddfcd4	chrX	2785350	156004181	1	1	0
c5189609-9335-4560-a5d8-084fd8f6190d	chr1	61735	248930189	2	2	0
c5189609-9335-4560-a5d8-084fd8f6190d	chr2	12784	242147305	2	2	0
c5189609-9335-4560-a5d8-084fd8f6190d	chr3	18667	198169247	4	2	2
c5189609-9335-4560-a5d8-084fd8f6190d	chr4	12281	190106768	4	2	2
c5189609-9335-4560-a5d8-084fd8f6190d	chr5	15532	6352819	3	2	1
c5189609-9335-4560-a5d8-084fd8f6190d	chr5	6353702	6572093	4	2	2
c5189609-9335-4560-a5d8-084fd8f6190d	chr5	6572245	9627977	3	2	1
c5189609-9335-4560-a5d8-084fd8f6190d	chr5	9627996	9740508	4	2	2
c5189609-9335-4560-a5d8-084fd8f6190d	chr5	9742234	12342226	3	2	1
c5189609-9335-4560-a5d8-084fd8f6190d	chr5	12345917	12677240	4	2	2
c5189609-9335-4560-a5d8-084fd8f6190d	chr5	12678426	35196328	3	2	1
c5189609-9335-4560-a5d8-084fd8f6190d	chr5	35197268	35805106	4	2	2
c5189609-9335-4560-a5d8-084fd8f6190d	chr5	35805451	50749339	3	2	1
c5189609-9335-4560-a5d8-084fd8f6190d	chr5	50751588	51249840	4	2	2
c5189609-9335-4560-a5d8-084fd8f6190d	chr5	51265129	56601187	3	2	1
c5189609-9335-4560-a5d8-084fd8f6190d	chr5	56601242	56853459	4	2	2
c5189609-9335-4560-a5d8-084fd8f6190d	chr5	56853602	65675432	3	2	1
c5189609-9335-4560-a5d8-084fd8f6190d	chr5	65680860	65920111	4	2	2
c5189609-9335-4560-a5d8-084fd8f6190d	chr5	65930106	81286280	3	2	1
c5189609-9335-4560-a5d8-084fd8f6190d	chr5	81290873	81801291	4	2	2
c5189609-9335-4560-a5d8-084fd8f6190d	chr5	81803102	83805668	3	2	1
c5189609-9335-4560-a5d8-084fd8f6190d	chr5	83806010	84616705	4	2	2
c5189609-9335-4560-a5d8-084fd8f6190d	chr5	84620337	86070342	3	2	1
c5189609-9335-4560-a5d8-084fd8f6190d	chr5	86072118	86496142	4	2	2
c5189609-9335-4560-a5d8-084fd8f6190d	chr5	86504898	96413413	3	2	1
c5189609-9335-4560-a5d8-084fd8f6190d	chr5	96414673	96938900	4	2	2
c5189609-9335-4560-a5d8-084fd8f6190d	chr5	96940257	102053304	3	2	1
c5189609-9335-4560-a5d8-084fd8f6190d	chr5	102053397	102654038	4	2	2
c5189609-9335-4560-a5d8-084fd8f6190d	chr5	102659866	111080988	3	2	1
c5189609-9335-4560-a5d8-084fd8f6190d	chr5	111081162	112668639	4	2	2
c5189609-9335-4560-a5d8-084fd8f6190d	chr5	112671251	114990615	3	2	1
c5189609-9335-4560-a5d8-084fd8f6190d	chr5	115003061	115420758	4	2	2
c5189609-9335-4560-a5d8-084fd8f6190d	chr5	115420940	119286316	3	2	1
c5189609-9335-4560-a5d8-084fd8f6190d	chr5	119290422	119395531	4	2	2
c5189609-9335-4560-a5d8-084fd8f6190d	chr5	119395713	123576578	3	2	1
c5189609-9335-4560-a5d8-084fd8f6190d	chr5	123576935	123873007	4	2	2
c5189609-9335-4560-a5d8-084fd8f6190d	chr5	123875597	125024518	3	2	1
c5189609-9335-4560-a5d8-084fd8f6190d	chr5	125026755	125494560	4	2	2
c5189609-9335-4560-a5d8-084fd8f6190d	chr5	125496429	131095148	3	2	1
c5189609-9335-4560-a5d8-084fd8f6190d	chr5	131095312	132038336	4	2	2
c5189609-9335-4560-a5d8-084fd8f6190d	chr5	132038696	141661581	3	2	1
c5189609-9335-4560-a5d8-084fd8f6190d	chr5	141661868	141755917	4	2	2
c5189609-9335-4560-a5d8-084fd8f6190d	chr5	141758648	149755949	3	2	1
c5189609-9335-4560-a5d8-084fd8f6190d	chr5	149757069	150109679	4	2	2
c5189609-9335-4560-a5d8-084fd8f6190d	chr5	150120109	151172153	3	2	1
c5189609-9335-4560-a5d8-084fd8f6190d	chr5	151172266	151387471	4	2	2
c5189609-9335-4560-a5d8-084fd8f6190d	chr5	151388542	160986710	3	2	1
c5189609-9335-4560-a5d8-084fd8f6190d	chr5	160986816	161553908	4	2	2
c5189609-9335-4560-a5d8-084fd8f6190d	chr5	161554924	166665760	3	2	1
c5189609-9335-4560-a5d8-084fd8f6190d	chr5	166666545	166850386	4	2	2
c5189609-9335-4560-a5d8-084fd8f6190d	chr5	166852758	181363319	3	2	1
c5189609-9335-4560-a5d8-084fd8f6190d	chr6	149661	167833574	2	2	0
c5189609-9335-4560-a5d8-084fd8f6190d	chr6	167833625	168204444	3	2	1
c5189609-9335-4560-a5d8-084fd8f6190d	chr6	168206528	170741917	2	2	0
c5189609-9335-4560-a5d8-084fd8f6190d	chr7	43259	157939712	4	2	2
c5189609-9335-4560-a5d8-084fd8f6190d	chr7	157940107	158140458	4	3	1
c5189609-9335-4560-a5d8-084fd8f6190d	chr7	158142921	159334314	4	2	2
c5189609-9335-4560-a5d8-084fd8f6190d	chr8	81254	145072769	4	2	2
c5189609-9335-4560-a5d8-084fd8f6190d	chr9	46587	138200944	4	2	2
c5189609-9335-4560-a5d8-084fd8f6190d	chr10	26823	133769379	2	2	0
c5189609-9335-4560-a5d8-084fd8f6190d	chr11	198572	135074876	2	2	0
c5189609-9335-4560-a5d8-084fd8f6190d	chr12	51460	133201603	4	2	2
c5189609-9335-4560-a5d8-084fd8f6190d	chr13	18452809	19836416	2	2	0
c5189609-9335-4560-a5d8-084fd8f6190d	chr13	19844601	20218045	3	2	1
c5189609-9335-4560-a5d8-084fd8f6190d	chr13	20218279	22894646	2	2	0
c5189609-9335-4560-a5d8-084fd8f6190d	chr13	22899071	23166851	3	2	1
c5189609-9335-4560-a5d8-084fd8f6190d	chr13	23169804	25034487	2	2	0
c5189609-9335-4560-a5d8-084fd8f6190d	chr13	25035268	25102583	3	2	1
c5189609-9335-4560-a5d8-084fd8f6190d	chr13	25106552	27759330	2	2	0
c5189609-9335-4560-a5d8-084fd8f6190d	chr13	27760116	27955136	3	2	1
c5189609-9335-4560-a5d8-084fd8f6190d	chr13	27963798	37018467	2	2	0
c5189609-9335-4560-a5d8-084fd8f6190d	chr13	37020346	37087732	3	2	1
c5189609-9335-4560-a5d8-084fd8f6190d	chr13	37092523	37977359	2	2	0
c5189609-9335-4560-a5d8-084fd8f6190d	chr13	37984467	38150021	3	2	1
c5189609-9335-4560-a5d8-084fd8f6190d	chr13	38151925	40694288	2	2	0
c5189609-9335-4560-a5d8-084fd8f6190d	chr13	40694458	40918208	3	2	1
c5189609-9335-4560-a5d8-084fd8f6190d	chr13	40926215	41593945	2	2	0
c5189609-9335-4560-a5d8-084fd8f6190d	chr13	41594840	41791884	3	2	1
c5189609-9335-4560-a5d8-084fd8f6190d	chr13	41794015	42098843	2	2	0
c5189609-9335-4560-a5d8-084fd8f6190d	chr13	42099041	42584999	3	2	1
c5189609-9335-4560-a5d8-084fd8f6190d	chr13	42589505	44737835	2	2	0
c5189609-9335-4560-a5d8-084fd8f6190d	chr13	44744774	45587123	3	2	1
c5189609-9335-4560-a5d8-084fd8f6190d	chr13	45587994	48013103	2	2	0
c5189609-9335-4560-a5d8-084fd8f6190d	chr13	48014602	48194613	3	2	1
c5189609-9335-4560-a5d8-084fd8f6190d	chr13	48195336	50082446	2	2	0
c5189609-9335-4560-a5d8-084fd8f6190d	chr13	50090853	50465615	3	2	1
c5189609-9335-4560-a5d8-084fd8f6190d	chr13	50467461	54888033	2	2	0
c5189609-9335-4560-a5d8-084fd8f6190d	chr13	54892154	55708713	3	2	1
c5189609-9335-4560-a5d8-084fd8f6190d	chr13	55708817	57139094	2	2	0
c5189609-9335-4560-a5d8-084fd8f6190d	chr13	57139099	57391171	3	2	1
c5189609-9335-4560-a5d8-084fd8f6190d	chr13	57399786	58647172	2	2	0
c5189609-9335-4560-a5d8-084fd8f6190d	chr13	58647532	58856087	3	2	1
c5189609-9335-4560-a5d8-084fd8f6190d	chr13	58860207	59497447	2	2	0
c5189609-9335-4560-a5d8-084fd8f6190d	chr13	59497956	59667299	3	2	1
c5189609-9335-4560-a5d8-084fd8f6190d	chr13	59669290	60481725	2	2	0
c5189609-9335-4560-a5d8-084fd8f6190d	chr13	60486973	60672612	3	2	1
c5189609-9335-4560-a5d8-084fd8f6190d	chr13	60672692	62707806	2	2	0
c5189609-9335-4560-a5d8-084fd8f6190d	chr13	62714497	64108547	3	2	1
c5189609-9335-4560-a5d8-084fd8f6190d	chr13	64108707	64584397	2	2	0
c5189609-9335-4560-a5d8-084fd8f6190d	chr13	64588518	64805028	3	2	1
c5189609-9335-4560-a5d8-084fd8f6190d	chr13	64806091	66096311	2	2	0
c5189609-9335-4560-a5d8-084fd8f6190d	chr13	66096732	66603651	3	2	1
c5189609-9335-4560-a5d8-084fd8f6190d	chr13	66604212	71775049	2	2	0
c5189609-9335-4560-a5d8-084fd8f6190d	chr13	71782676	72747378	3	2	1
c5189609-9335-4560-a5d8-084fd8f6190d	chr13	72748445	73917320	2	2	0
c5189609-9335-4560-a5d8-084fd8f6190d	chr13	73919072	74881109	3	2	1
c5189609-9335-4560-a5d8-084fd8f6190d	chr13	74892334	75698147	2	2	0
c5189609-9335-4560-a5d8-084fd8f6190d	chr13	75700666	75861907	3	2	1
c5189609-9335-4560-a5d8-084fd8f6190d	chr13	75861959	82485327	2	2	0
c5189609-9335-4560-a5d8-084fd8f6190d	chr13	82486982	82590399	3	2	1
c5189609-9335-4560-a5d8-084fd8f6190d	chr13	82594832	85972367	2	2	0
c5189609-9335-4560-a5d8-084fd8f6190d	chr13	85976207	86058407	3	2	1
c5189609-9335-4560-a5d8-084fd8f6190d	chr13	86058462	90111425	2	2	0
c5189609-9335-4560-a5d8-084fd8f6190d	chr13	90114132	91421562	3	2	1
c5189609-9335-4560-a5d8-084fd8f6190d	chr13	91424716	97336093	2	2	0
c5189609-9335-4560-a5d8-084fd8f6190d	chr13	97338259	97661241	3	2	1
c5189609-9335-4560-a5d8-084fd8f6190d	chr13	97661504	101060222	2	2	0
c5189609-9335-4560-a5d8-084fd8f6190d	chr13	101061117	101681564	3	2	1
c5189609-9335-4560-a5d8-084fd8f6190d	chr13	101681685	102023111	2	2	0
c5189609-9335-4560-a5d8-084fd8f6190d	chr13	102024208	102232511	3	2	1
c5189609-9335-4560-a5d8-084fd8f6190d	chr13	102234850	104514704	2	2	0
c5189609-9335-4560-a5d8-084fd8f6190d	chr13	104515717	104643241	3	2	1
c5189609-9335-4560-a5d8-084fd8f6190d	chr13	104643314	107046798	2	2	0
c5189609-9335-4560-a5d8-084fd8f6190d	chr13	107047870	107193036	3	2	1
c5189609-9335-4560-a5d8-084fd8f6190d	chr13	107193471	110183697	2	2	0
c5189609-9335-4560-a5d8-084fd8f6190d	chr13	110184463	110272207	3	2	1
c5189609-9335-4560-a5d8-084fd8f6190d	chr13	110272929	111005720	2	2	0
c5189609-9335-4560-a5d8-084fd8f6190d	chr13	111009699	112027071	3	2	1
c5189609-9335-4560-a5d8-084fd8f6190d	chr13	112031088	114342922	2	2	0
c5189609-9335-4560-a5d8-084fd8f6190d	chr14	18225647	21968044	4	2	2
c5189609-9335-4560-a5d8-084fd8f6190d	chr14	21974314	22509114	5	3	2
c5189609-9335-4560-a5d8-084fd8f6190d	chr14	22509351	106877229	4	2	2
c5189609-9335-4560-a5d8-084fd8f6190d	chr15	19811075	101928837	4	2	2
c5189609-9335-4560-a5d8-084fd8f6190d	chr16	10777	90221127	4	2	2
c5189609-9335-4560-a5d8-084fd8f6190d	chr17	150733	83090856	2	2	0
c5189609-9335-4560-a5d8-084fd8f6190d	chr18	48133	80257174	3	2	1
c5189609-9335-4560-a5d8-084fd8f6190d	chr19	90910	58586487	4	2	2
c5189609-9335-4560-a5d8-084fd8f6190d	chr20	80664	64324800	4	2	2
c5189609-9335-4560-a5d8-084fd8f6190d	chr21	10336543	46677045	2	2	0
c5189609-9335-4560-a5d8-084fd8f6190d	chr22	15294545	50796027	4	2	2
c5189609-9335-4560-a5d8-084fd8f6190d	chrX	251810	156004181	2	2	0
a041be63-5f6f-4525-857e-f50d5c9b9b12	chr1	62920	99120887	1	1	0
a041be63-5f6f-4525-857e-f50d5c9b9b12	chr1	99120960	99145803	2	2	0
a041be63-5f6f-4525-857e-f50d5c9b9b12	chr1	99148759	248930189	1	1	0
a041be63-5f6f-4525-857e-f50d5c9b9b12	chr2	12784	146104517	2	1	1
a041be63-5f6f-4525-857e-f50d5c9b9b12	chr2	146106836	146109366	0	0	0
a041be63-5f6f-4525-857e-f50d5c9b9b12	chr2	146120238	154361936	2	1	1
a041be63-5f6f-4525-857e-f50d5c9b9b12	chr2	154366359	154412156	3	2	1
a041be63-5f6f-4525-857e-f50d5c9b9b12	chr2	154415877	208022900	2	1	1
a041be63-5f6f-4525-857e-f50d5c9b9b12	chr2	208025046	208044458	1	1	0
a041be63-5f6f-4525-857e-f50d5c9b9b12	chr2	208044584	242147305	2	1	1
a041be63-5f6f-4525-857e-f50d5c9b9b12	chr3	20930	99218940	1	1	0
a041be63-5f6f-4525-857e-f50d5c9b9b12	chr3	99225614	99230457	0	0	0
a041be63-5f6f-4525-857e-f50d5c9b9b12	chr3	99230464	198169247	1	1	0
a041be63-5f6f-4525-857e-f50d5c9b9b12	chr4	68929	34784878	2	1	1
a041be63-5f6f-4525-857e-f50d5c9b9b12	chr4	34785333	34819718	1	1	0
a041be63-5f6f-4525-857e-f50d5c9b9b12	chr4	34822561	56189227	2	1	1
a041be63-5f6f-4525-857e-f50d5c9b9b12	chr4	56201779	56240488	3	2	1
a041be63-5f6f-4525-857e-f50d5c9b9b12	chr4	56245493	153821103	2	1	1
a041be63-5f6f-4525-857e-f50d5c9b9b12	chr4	153822039	153838051	1	1	0
a041be63-5f6f-4525-857e-f50d5c9b9b12	chr4	153839682	190106768	2	1	1
a041be63-5f6f-4525-857e-f50d5c9b9b12	chr5	15532	137268066	2	1	1
a041be63-5f6f-4525-857e-f50d5c9b9b12	chr5	137268561	137274303	1	1	0
a041be63-5f6f-4525-857e-f50d5c9b9b12	chr5	137274433	181363319	2	1	1
a041be63-5f6f-4525-857e-f50d5c9b9b12	chr6	149661	29869410	1	1	0
a041be63-5f6f-4525-857e-f50d5c9b9b12	chr6	29869411	29946838	2	2	0
a041be63-5f6f-4525-857e-f50d5c9b9b12	chr6	29947692	170741917	1	1	0
a041be63-5f6f-4525-857e-f50d5c9b9b12	chr7	43259	50474784	2	1	1
a041be63-5f6f-4525-857e-f50d5c9b9b12	chr7	50475181	50479292	1	1	0
a041be63-5f6f-4525-857e-f50d5c9b9b12	chr7	50479871	154889200	2	1	1
a041be63-5f6f-4525-857e-f50d5c9b9b12	chr7	154889340	154902982	3	2	1
a041be63-5f6f-4525-857e-f50d5c9b9b12	chr7	154903024	159334314	2	1	1
a041be63-5f6f-4525-857e-f50d5c9b9b12	chr8	81254	5746464	2	1	1
a041be63-5f6f-4525-857e-f50d5c9b9b12	chr8	5746485	5749718	1	1	0
a041be63-5f6f-4525-857e-f50d5c9b9b12	chr8	5750108	145072769	2	1	1
a041be63-5f6f-4525-857e-f50d5c9b9b12	chr9	46587	133721141	2	1	1
a041be63-5f6f-4525-857e-f50d5c9b9b12	chr9	133721245	133753192	3	2	1
a041be63-5f6f-4525-857e-f50d5c9b9b12	chr9	133753594	138200944	2	1	1
a041be63-5f6f-4525-857e-f50d5c9b9b12	chr10	45792	45757597	1	1	0
a041be63-5f6f-4525-857e-f50d5c9b9b12	chr10	45760920	46522571	2	2	0
a041be63-5f6f-4525-857e-f50d5c9b9b12	chr10	46525652	133654968	1	1	0
a041be63-5f6f-4525-857e-f50d5c9b9b12	chr11	198510	4946420	2	1	1
a041be63-5f6f-4525-857e-f50d5c9b9b12	chr11	4947280	4955042	0	0	0
a041be63-5f6f-4525-857e-f50d5c9b9b12	chr11	4955781	18934703	2	1	1
a041be63-5f6f-4525-857e-f50d5c9b9b12	chr11	18935143	18940441	6	3	3
a041be63-5f6f-4525-857e-f50d5c9b9b12	chr11	18940469	135074876	2	1	1
a041be63-5f6f-4525-857e-f50d5c9b9b12	chr12	51460	133201603	2	1	1
a041be63-5f6f-4525-857e-f50d5c9b9b12	chr13	18452809	114342922	1	1	0
a041be63-5f6f-4525-857e-f50d5c9b9b12	chr14	18239283	103248706	2	1	1
a041be63-5f6f-4525-857e-f50d5c9b9b12	chr14	103249076	103259633	1	1	0
a041be63-5f6f-4525-857e-f50d5c9b9b12	chr14	103259797	106877229	2	1	1
a041be63-5f6f-4525-857e-f50d5c9b9b12	chr15	19811075	101928837	2	1	1
a041be63-5f6f-4525-857e-f50d5c9b9b12	chr16	10777	26083515	2	1	1
a041be63-5f6f-4525-857e-f50d5c9b9b12	chr16	26083979	26114311	3	2	1
a041be63-5f6f-4525-857e-f50d5c9b9b12	chr16	26114682	35225338	2	1	1
a041be63-5f6f-4525-857e-f50d5c9b9b12	chr16	35232200	35505641	3	3	0
a041be63-5f6f-4525-857e-f50d5c9b9b12	chr16	35511822	90096867	2	1	1
a041be63-5f6f-4525-857e-f50d5c9b9b12	chr17	150733	83091923	1	1	0
a041be63-5f6f-4525-857e-f50d5c9b9b12	chr18	48133	80257174	2	1	1
a041be63-5f6f-4525-857e-f50d5c9b9b12	chr19	90910	58586487	2	1	1
a041be63-5f6f-4525-857e-f50d5c9b9b12	chr20	80664	64324800	2	1	1
a041be63-5f6f-4525-857e-f50d5c9b9b12	chr21	12973348	46677045	2	1	1
a041be63-5f6f-4525-857e-f50d5c9b9b12	chr22	16392123	50796027	2	1	1
a041be63-5f6f-4525-857e-f50d5c9b9b12	chrX	251810	156004181	1	1	0
a041be63-5f6f-4525-857e-f50d5c9b9b12	chrY	2782397	56872112	0	0	0
a65bdecc-9c82-48a9-a0b2-e36227b27e5e	chr1	62920	212867176	2	1	1
a65bdecc-9c82-48a9-a0b2-e36227b27e5e	chr1	212867587	212920308	0	0	0
a65bdecc-9c82-48a9-a0b2-e36227b27e5e	chr1	212921215	248930189	2	1	1
a65bdecc-9c82-48a9-a0b2-e36227b27e5e	chr2	12784	13060017	2	2	0
a65bdecc-9c82-48a9-a0b2-e36227b27e5e	chr2	13060284	13144180	6	5	1
a65bdecc-9c82-48a9-a0b2-e36227b27e5e	chr2	13144785	50009481	2	2	0
a65bdecc-9c82-48a9-a0b2-e36227b27e5e	chr2	50010041	50090739	3	3	0
a65bdecc-9c82-48a9-a0b2-e36227b27e5e	chr2	50091456	88834118	2	2	0
a65bdecc-9c82-48a9-a0b2-e36227b27e5e	chr2	88836539	89118119	9	9	0
a65bdecc-9c82-48a9-a0b2-e36227b27e5e	chr2	89119438	119287781	2	2	0
a65bdecc-9c82-48a9-a0b2-e36227b27e5e	chr2	119287958	119434169	1	1	0
a65bdecc-9c82-48a9-a0b2-e36227b27e5e	chr2	119434716	146104517	2	2	0
a65bdecc-9c82-48a9-a0b2-e36227b27e5e	chr2	146106836	146109366	0	0	0
a65bdecc-9c82-48a9-a0b2-e36227b27e5e	chr2	146120238	215930568	2	2	0
a65bdecc-9c82-48a9-a0b2-e36227b27e5e	chr2	215931652	216393840	1	1	0
a65bdecc-9c82-48a9-a0b2-e36227b27e5e	chr2	216394259	222775485	2	2	0
a65bdecc-9c82-48a9-a0b2-e36227b27e5e	chr2	222782202	222865020	1	1	0
a65bdecc-9c82-48a9-a0b2-e36227b27e5e	chr2	222873025	242147305	2	2	0
a65bdecc-9c82-48a9-a0b2-e36227b27e5e	chr3	20930	198169247	3	2	1
a65bdecc-9c82-48a9-a0b2-e36227b27e5e	chr4	68929	4371932	3	2	1
a65bdecc-9c82-48a9-a0b2-e36227b27e5e	chr4	4372749	35469237	4	2	2
a65bdecc-9c82-48a9-a0b2-e36227b27e5e	chr4	35469332	36291521	3	2	1
a65bdecc-9c82-48a9-a0b2-e36227b27e5e	chr4	36291542	153805883	4	2	2
a65bdecc-9c82-48a9-a0b2-e36227b27e5e	chr4	153805918	153841993	3	2	1
a65bdecc-9c82-48a9-a0b2-e36227b27e5e	chr4	153842620	183387227	4	2	2
a65bdecc-9c82-48a9-a0b2-e36227b27e5e	chr4	183390125	186121937	3	2	1
a65bdecc-9c82-48a9-a0b2-e36227b27e5e	chr4	186122825	190106768	4	2	2
a65bdecc-9c82-48a9-a0b2-e36227b27e5e	chr5	15532	22592516	2	1	1
a65bdecc-9c82-48a9-a0b2-e36227b27e5e	chr5	22599054	22660455	3	2	1
a65bdecc-9c82-48a9-a0b2-e36227b27e5e	chr5	22664966	80873559	2	1	1
a65bdecc-9c82-48a9-a0b2-e36227b27e5e	chr5	80873658	80927552	0	0	0
a65bdecc-9c82-48a9-a0b2-e36227b27e5e	chr5	80930105	181363319	2	1	1
a65bdecc-9c82-48a9-a0b2-e36227b27e5e	chr6	149661	473595	1	1	0
a65bdecc-9c82-48a9-a0b2-e36227b27e5e	chr6	475154	122362278	2	2	0
a65bdecc-9c82-48a9-a0b2-e36227b27e5e	chr6	122362295	122366265	5	4	1
a65bdecc-9c82-48a9-a0b2-e36227b27e5e	chr6	122366593	170741917	2	2	0
a65bdecc-9c82-48a9-a0b2-e36227b27e5e	chr7	43259	1535741	3	2	1
a65bdecc-9c82-48a9-a0b2-e36227b27e5e	chr7	1544037	50474784	4	2	2
a65bdecc-9c82-48a9-a0b2-e36227b27e5e	chr7	50475181	50478563	1	1	0
a65bdecc-9c82-48a9-a0b2-e36227b27e5e	chr7	50479066	70905356	4	2	2
a65bdecc-9c82-48a9-a0b2-e36227b27e5e	chr7	70905483	70973515	6	3	3
a65bdecc-9c82-48a9-a0b2-e36227b27e5e	chr7	70975105	159334314	4	2	2
a65bdecc-9c82-48a9-a0b2-e36227b27e5e	chr8	81254	142900300	4	2	2
a65bdecc-9c82-48a9-a0b2-e36227b27e5e	chr8	142900645	145072769	3	2	1
a65bdecc-9c82-48a9-a0b2-e36227b27e5e	chr9	46587	127772027	4	2	2
a65bdecc-9c82-48a9-a0b2-e36227b27e5e	chr9	127772785	138200944	3	2	1
a65bdecc-9c82-48a9-a0b2-e36227b27e5e	chr10	45792	130377612	2	1	1
a65bdecc-9c82-48a9-a0b2-e36227b27e5e	chr10	130379137	130395776	4	2	2
a65bdecc-9c82-48a9-a0b2-e36227b27e5e	chr10	130395889	133654968	2	1	1
a65bdecc-9c82-48a9-a0b2-e36227b27e5e	chr11	198510	1853837	3	2	1
a65bdecc-9c82-48a9-a0b2-e36227b27e5e	chr11	1855487	34290983	4	2	2
a65bdecc-9c82-48a9-a0b2-e36227b27e5e	chr11	34292629	34315072	7	4	3
a65bdecc-9c82-48a9-a0b2-e36227b27e5e	chr11	34316795	35421061	3	2	1
a65bdecc-9c82-48a9-a0b2-e36227b27e5e	chr11	35424027	69996715	4	2	2
a65bdecc-9c82-48a9-a0b2-e36227b27e5e	chr11	69997744	70003258	1	1	0
a65bdecc-9c82-48a9-a0b2-e36227b27e5e	chr11	70003328	81500710	4	2	2
a65bdecc-9c82-48a9-a0b2-e36227b27e5e	chr11	81500839	81709455	5	3	2
a65bdecc-9c82-48a9-a0b2-e36227b27e5e	chr11	81711580	135074876	4	2	2
a65bdecc-9c82-48a9-a0b2-e36227b27e5e	chr12	51460	3738397	3	2	1
a65bdecc-9c82-48a9-a0b2-e36227b27e5e	chr12	3739506	3757841	5	3	2
a65bdecc-9c82-48a9-a0b2-e36227b27e5e	chr12	3757864	30146414	3	2	1
a65bdecc-9c82-48a9-a0b2-e36227b27e5e	chr12	30146623	30160502	6	4	2
a65bdecc-9c82-48a9-a0b2-e36227b27e5e	chr12	30160572	115292043	3	2	1
a65bdecc-9c82-48a9-a0b2-e36227b27e5e	chr12	115292357	115334283	4	3	1
a65bdecc-9c82-48a9-a0b2-e36227b27e5e	chr12	115335657	128244698	3	2	1
a65bdecc-9c82-48a9-a0b2-e36227b27e5e	chr12	128245321	128246357	8	4	4
a65bdecc-9c82-48a9-a0b2-e36227b27e5e	chr12	128249465	133201603	3	2	1
a65bdecc-9c82-48a9-a0b2-e36227b27e5e	chr13	18452809	23055048	2	2	0
a65bdecc-9c82-48a9-a0b2-e36227b27e5e	chr13	23055071	23059376	0	0	0
a65bdecc-9c82-48a9-a0b2-e36227b27e5e	chr13	23064056	106767514	2	2	0
a65bdecc-9c82-48a9-a0b2-e36227b27e5e	chr13	106769638	106775303	4	4	0
a65bdecc-9c82-48a9-a0b2-e36227b27e5e	chr13	106775817	114342922	2	2	0
a65bdecc-9c82-48a9-a0b2-e36227b27e5e	chr14	18239283	23080917	2	1	1
a65bdecc-9c82-48a9-a0b2-e36227b27e5e	chr14	23081678	83690234	3	2	1
a65bdecc-9c82-48a9-a0b2-e36227b27e5e	chr14	83691715	83736833	1	1	0
a65bdecc-9c82-48a9-a0b2-e36227b27e5e	chr14	83736864	105728964	3	2	1
a65bdecc-9c82-48a9-a0b2-e36227b27e5e	chr14	105730778	105862987	6	6	0
a65bdecc-9c82-48a9-a0b2-e36227b27e5e	chr14	105876458	106320716	12	12	0
a65bdecc-9c82-48a9-a0b2-e36227b27e5e	chr14	106321086	106877229	4	2	2
a65bdecc-9c82-48a9-a0b2-e36227b27e5e	chr15	19811075	25054112	4	2	2
a65bdecc-9c82-48a9-a0b2-e36227b27e5e	chr15	25055911	25081548	11	6	5
a65bdecc-9c82-48a9-a0b2-e36227b27e5e	chr15	25081683	38223602	4	2	2
a65bdecc-9c82-48a9-a0b2-e36227b27e5e	chr15	38223717	45223505	3	2	1
a65bdecc-9c82-48a9-a0b2-e36227b27e5e	chr15	45224975	45250327	2	1	1
a65bdecc-9c82-48a9-a0b2-e36227b27e5e	chr15	45252708	57768833	4	2	2
a65bdecc-9c82-48a9-a0b2-e36227b27e5e	chr15	57769803	57774492	9	5	4
a65bdecc-9c82-48a9-a0b2-e36227b27e5e	chr15	57774905	101928837	4	2	2
a65bdecc-9c82-48a9-a0b2-e36227b27e5e	chr16	10777	1223291	2	1	1
a65bdecc-9c82-48a9-a0b2-e36227b27e5e	chr16	1223803	5227514	3	2	1
a65bdecc-9c82-48a9-a0b2-e36227b27e5e	chr16	5227560	66027047	4	2	2
a65bdecc-9c82-48a9-a0b2-e36227b27e5e	chr16	66027110	66033682	8	4	4
a65bdecc-9c82-48a9-a0b2-e36227b27e5e	chr16	66033739	80622117	4	2	2
a65bdecc-9c82-48a9-a0b2-e36227b27e5e	chr16	80623069	82098208	3	2	1
a65bdecc-9c82-48a9-a0b2-e36227b27e5e	chr16	82100835	90096867	4	2	2
a65bdecc-9c82-48a9-a0b2-e36227b27e5e	chr17	150733	197251	3	3	0
a65bdecc-9c82-48a9-a0b2-e36227b27e5e	chr17	202577	2294208	1	1	0
a65bdecc-9c82-48a9-a0b2-e36227b27e5e	chr17	2294343	34701349	2	2	0
a65bdecc-9c82-48a9-a0b2-e36227b27e5e	chr17	34701671	34754571	3	3	0
a65bdecc-9c82-48a9-a0b2-e36227b27e5e	chr17	34754610	46029910	2	2	0
a65bdecc-9c82-48a9-a0b2-e36227b27e5e	chr17	46032108	46059210	3	3	0
a65bdecc-9c82-48a9-a0b2-e36227b27e5e	chr17	46059704	83091923	2	2	0
a65bdecc-9c82-48a9-a0b2-e36227b27e5e	chr18	48133	2164295	4	2	2
a65bdecc-9c82-48a9-a0b2-e36227b27e5e	chr18	2164641	2168672	1	1	0
a65bdecc-9c82-48a9-a0b2-e36227b27e5e	chr18	2168903	80257174	4	2	2
a65bdecc-9c82-48a9-a0b2-e36227b27e5e	chr19	90910	15612717	2	1	1
a65bdecc-9c82-48a9-a0b2-e36227b27e5e	chr19	15613287	15637643	5	4	1
a65bdecc-9c82-48a9-a0b2-e36227b27e5e	chr19	15638017	19852205	2	1	1
a65bdecc-9c82-48a9-a0b2-e36227b27e5e	chr19	19855798	29576946	3	2	1
a65bdecc-9c82-48a9-a0b2-e36227b27e5e	chr19	29577270	29599620	0	0	0
a65bdecc-9c82-48a9-a0b2-e36227b27e5e	chr19	29599742	50405138	3	2	1
a65bdecc-9c82-48a9-a0b2-e36227b27e5e	chr19	50408869	50580338	1	1	0
a65bdecc-9c82-48a9-a0b2-e36227b27e5e	chr19	50581448	51838781	3	2	1
a65bdecc-9c82-48a9-a0b2-e36227b27e5e	chr19	51838871	51871124	1	1	0
a65bdecc-9c82-48a9-a0b2-e36227b27e5e	chr19	51873699	58586487	3	2	1
a65bdecc-9c82-48a9-a0b2-e36227b27e5e	chr20	80664	9611616	4	2	2
a65bdecc-9c82-48a9-a0b2-e36227b27e5e	chr20	9611691	9618154	1	1	0
a65bdecc-9c82-48a9-a0b2-e36227b27e5e	chr20	9625973	61941222	4	2	2
a65bdecc-9c82-48a9-a0b2-e36227b27e5e	chr20	61951813	64324800	3	2	1
a65bdecc-9c82-48a9-a0b2-e36227b27e5e	chr21	12973348	41707156	3	2	1
a65bdecc-9c82-48a9-a0b2-e36227b27e5e	chr21	41709152	45245293	2	1	1
a65bdecc-9c82-48a9-a0b2-e36227b27e5e	chr21	45246481	46677045	3	2	1
a65bdecc-9c82-48a9-a0b2-e36227b27e5e	chr22	16392123	32767316	4	2	2
a65bdecc-9c82-48a9-a0b2-e36227b27e5e	chr22	32767362	32772896	9	5	4
a65bdecc-9c82-48a9-a0b2-e36227b27e5e	chr22	32774870	50796027	4	2	2
a65bdecc-9c82-48a9-a0b2-e36227b27e5e	chrX	251810	509057	2	1	1
a65bdecc-9c82-48a9-a0b2-e36227b27e5e	chrX	509059	701944	4	2	2
a65bdecc-9c82-48a9-a0b2-e36227b27e5e	chrX	702474	1507378	3	2	1
a65bdecc-9c82-48a9-a0b2-e36227b27e5e	chrX	1520566	1583419	7	4	3
a65bdecc-9c82-48a9-a0b2-e36227b27e5e	chrX	1584064	1882751	4	2	2
a65bdecc-9c82-48a9-a0b2-e36227b27e5e	chrX	1892047	2429047	2	1	1
a65bdecc-9c82-48a9-a0b2-e36227b27e5e	chrX	2429171	2488109	4	2	2
a65bdecc-9c82-48a9-a0b2-e36227b27e5e	chrX	2504105	2649606	3	2	1
a65bdecc-9c82-48a9-a0b2-e36227b27e5e	chrX	2653684	2775583	4	2	2
a65bdecc-9c82-48a9-a0b2-e36227b27e5e	chrX	2776199	155699837	0	0	0
a65bdecc-9c82-48a9-a0b2-e36227b27e5e	chrX	155733777	156004181	3	2	1
a65bdecc-9c82-48a9-a0b2-e36227b27e5e	chrY	2782397	26653788	4	1	3
a65bdecc-9c82-48a9-a0b2-e36227b27e5e	chrY	56872112	56872112	0	0	0
41ff3f6a-d19a-4b00-912d-98641c423ae0	chr1	61735	248930189	3	3	0
41ff3f6a-d19a-4b00-912d-98641c423ae0	chr2	12784	242147305	3	3	0
41ff3f6a-d19a-4b00-912d-98641c423ae0	chr3	18667	37700327	5	3	2
41ff3f6a-d19a-4b00-912d-98641c423ae0	chr3	37702477	198169247	6	3	3
41ff3f6a-d19a-4b00-912d-98641c423ae0	chr4	12281	190106768	6	3	3
41ff3f6a-d19a-4b00-912d-98641c423ae0	chr5	15532	59569366	6	3	3
41ff3f6a-d19a-4b00-912d-98641c423ae0	chr5	59570031	60444366	2	2	0
41ff3f6a-d19a-4b00-912d-98641c423ae0	chr5	60444983	181363319	6	3	3
41ff3f6a-d19a-4b00-912d-98641c423ae0	chr6	149661	67721280	3	3	0
41ff3f6a-d19a-4b00-912d-98641c423ae0	chr6	67725191	67799137	0	0	0
41ff3f6a-d19a-4b00-912d-98641c423ae0	chr6	67815618	170741917	3	3	0
41ff3f6a-d19a-4b00-912d-98641c423ae0	chr7	43259	159334314	6	3	3
41ff3f6a-d19a-4b00-912d-98641c423ae0	chr8	81254	145072769	6	3	3
41ff3f6a-d19a-4b00-912d-98641c423ae0	chr9	46587	138200944	6	3	3
41ff3f6a-d19a-4b00-912d-98641c423ae0	chr10	26823	133769379	3	3	0
41ff3f6a-d19a-4b00-912d-98641c423ae0	chr11	198572	31060989	3	3	0
41ff3f6a-d19a-4b00-912d-98641c423ae0	chr11	31065117	31333905	6	4	2
41ff3f6a-d19a-4b00-912d-98641c423ae0	chr11	31338769	32312119	3	3	0
41ff3f6a-d19a-4b00-912d-98641c423ae0	chr11	32318744	32458046	6	3	3
41ff3f6a-d19a-4b00-912d-98641c423ae0	chr11	32459066	35842697	3	3	0
41ff3f6a-d19a-4b00-912d-98641c423ae0	chr11	35846157	36525982	6	3	3
41ff3f6a-d19a-4b00-912d-98641c423ae0	chr11	36526317	36587037	5	3	2
41ff3f6a-d19a-4b00-912d-98641c423ae0	chr11	36591551	37266370	3	3	0
41ff3f6a-d19a-4b00-912d-98641c423ae0	chr11	37277438	37549193	7	5	2
41ff3f6a-d19a-4b00-912d-98641c423ae0	chr11	37556606	38858749	3	3	0
41ff3f6a-d19a-4b00-912d-98641c423ae0	chr11	38862127	38893300	5	5	0
41ff3f6a-d19a-4b00-912d-98641c423ae0	chr11	38893563	39171692	7	5	2
41ff3f6a-d19a-4b00-912d-98641c423ae0	chr11	39171739	43064860	3	3	0
41ff3f6a-d19a-4b00-912d-98641c423ae0	chr11	43067749	135074876	6	3	3
41ff3f6a-d19a-4b00-912d-98641c423ae0	chr12	51460	114661567	6	3	3
41ff3f6a-d19a-4b00-912d-98641c423ae0	chr12	114663716	127033340	5	3	2
41ff3f6a-d19a-4b00-912d-98641c423ae0	chr12	127033369	129733867	4	3	1
41ff3f6a-d19a-4b00-912d-98641c423ae0	chr12	129736059	133201603	5	3	2
41ff3f6a-d19a-4b00-912d-98641c423ae0	chr13	18452809	114342922	3	3	0
41ff3f6a-d19a-4b00-912d-98641c423ae0	chr14	18225647	106877229	6	3	3
41ff3f6a-d19a-4b00-912d-98641c423ae0	chr15	19811075	101928837	6	3	3
41ff3f6a-d19a-4b00-912d-98641c423ae0	chr16	10777	391809	3	3	0
41ff3f6a-d19a-4b00-912d-98641c423ae0	chr16	395897	70808194	6	3	3
41ff3f6a-d19a-4b00-912d-98641c423ae0	chr16	70820478	71168894	4	3	1
41ff3f6a-d19a-4b00-912d-98641c423ae0	chr16	71171291	90221127	6	3	3
41ff3f6a-d19a-4b00-912d-98641c423ae0	chr17	150733	71988213	3	3	0
41ff3f6a-d19a-4b00-912d-98641c423ae0	chr17	71989575	83090856	6	6	0
41ff3f6a-d19a-4b00-912d-98641c423ae0	chr18	48133	80257174	6	3	3
41ff3f6a-d19a-4b00-912d-98641c423ae0	chr19	90910	58586487	6	3	3
41ff3f6a-d19a-4b00-912d-98641c423ae0	chr20	80664	64324800	3	3	0
41ff3f6a-d19a-4b00-912d-98641c423ae0	chr21	10336543	46677045	6	3	3
41ff3f6a-d19a-4b00-912d-98641c423ae0	chr22	15294545	37248075	6	3	3
41ff3f6a-d19a-4b00-912d-98641c423ae0	chr22	37248250	43580100	5	3	2
41ff3f6a-d19a-4b00-912d-98641c423ae0	chr22	43580433	43775988	3	3	0
41ff3f6a-d19a-4b00-912d-98641c423ae0	chr22	43779389	50796027	6	3	3
41ff3f6a-d19a-4b00-912d-98641c423ae0	chrX	251810	156004181	3	3	0
bc4d8b8c-a165-4900-aa5f-a76ef9f2dbcc	chr1	61735	248930189	1	1	0
bc4d8b8c-a165-4900-aa5f-a76ef9f2dbcc	chr2	12784	242147305	1	1	0
bc4d8b8c-a165-4900-aa5f-a76ef9f2dbcc	chr3	18667	198169247	2	1	1
bc4d8b8c-a165-4900-aa5f-a76ef9f2dbcc	chr4	12281	190106768	2	1	1
bc4d8b8c-a165-4900-aa5f-a76ef9f2dbcc	chr5	15532	181363319	2	1	1
bc4d8b8c-a165-4900-aa5f-a76ef9f2dbcc	chr6	149661	31392318	1	1	0
bc4d8b8c-a165-4900-aa5f-a76ef9f2dbcc	chr6	31394533	31492443	2	2	0
bc4d8b8c-a165-4900-aa5f-a76ef9f2dbcc	chr6	31497253	170741917	1	1	0
bc4d8b8c-a165-4900-aa5f-a76ef9f2dbcc	chr7	43259	159334314	2	1	1
bc4d8b8c-a165-4900-aa5f-a76ef9f2dbcc	chr8	81254	145072769	1	1	0
bc4d8b8c-a165-4900-aa5f-a76ef9f2dbcc	chr9	46587	138200944	2	1	1
bc4d8b8c-a165-4900-aa5f-a76ef9f2dbcc	chr10	26823	133769379	1	1	0
bc4d8b8c-a165-4900-aa5f-a76ef9f2dbcc	chr11	198572	135074876	2	1	1
bc4d8b8c-a165-4900-aa5f-a76ef9f2dbcc	chr12	51460	133201603	2	1	1
bc4d8b8c-a165-4900-aa5f-a76ef9f2dbcc	chr13	18452809	114342922	1	1	0
bc4d8b8c-a165-4900-aa5f-a76ef9f2dbcc	chr14	18225647	21872691	2	1	1
bc4d8b8c-a165-4900-aa5f-a76ef9f2dbcc	chr14	21874234	22530607	3	2	1
bc4d8b8c-a165-4900-aa5f-a76ef9f2dbcc	chr14	22530666	106877229	2	1	1
bc4d8b8c-a165-4900-aa5f-a76ef9f2dbcc	chr15	19811075	101928837	2	1	1
bc4d8b8c-a165-4900-aa5f-a76ef9f2dbcc	chr16	10777	90221127	2	1	1
bc4d8b8c-a165-4900-aa5f-a76ef9f2dbcc	chr17	150733	83090856	1	1	0
bc4d8b8c-a165-4900-aa5f-a76ef9f2dbcc	chr18	48133	80257174	2	1	1
bc4d8b8c-a165-4900-aa5f-a76ef9f2dbcc	chr19	90910	58586487	2	1	1
bc4d8b8c-a165-4900-aa5f-a76ef9f2dbcc	chr20	80664	64324800	2	1	1
bc4d8b8c-a165-4900-aa5f-a76ef9f2dbcc	chr21	10336543	46677045	1	1	0
bc4d8b8c-a165-4900-aa5f-a76ef9f2dbcc	chr22	15294545	50796027	2	1	1
bc4d8b8c-a165-4900-aa5f-a76ef9f2dbcc	chrX	251810	156004181	1	1	0
427599b9-c7f0-4360-9990-34cbbc3bf39e	chr1	62920	62033153	2	2	0
427599b9-c7f0-4360-9990-34cbbc3bf39e	chr1	62034001	62046981	1	1	0
427599b9-c7f0-4360-9990-34cbbc3bf39e	chr1	62047567	105458321	2	2	0
427599b9-c7f0-4360-9990-34cbbc3bf39e	chr1	105458738	105493051	1	1	0
427599b9-c7f0-4360-9990-34cbbc3bf39e	chr1	105493523	106771283	2	2	0
427599b9-c7f0-4360-9990-34cbbc3bf39e	chr1	106771456	106888379	1	1	0
427599b9-c7f0-4360-9990-34cbbc3bf39e	chr1	106889575	118748812	2	2	0
427599b9-c7f0-4360-9990-34cbbc3bf39e	chr1	118751421	118761801	1	1	0
427599b9-c7f0-4360-9990-34cbbc3bf39e	chr1	118764243	157232111	2	2	0
427599b9-c7f0-4360-9990-34cbbc3bf39e	chr1	157234232	157261989	3	3	0
427599b9-c7f0-4360-9990-34cbbc3bf39e	chr1	157262228	210556553	2	2	0
427599b9-c7f0-4360-9990-34cbbc3bf39e	chr1	210557178	210610832	3	3	0
427599b9-c7f0-4360-9990-34cbbc3bf39e	chr1	210613399	248930189	2	2	0
427599b9-c7f0-4360-9990-34cbbc3bf39e	chr2	12784	88816370	2	2	0
427599b9-c7f0-4360-9990-34cbbc3bf39e	chr2	88816847	90006438	4	4	0
427599b9-c7f0-4360-9990-34cbbc3bf39e	chr2	90007612	168108781	2	2	0
427599b9-c7f0-4360-9990-34cbbc3bf39e	chr2	168119277	168173993	1	1	0
427599b9-c7f0-4360-9990-34cbbc3bf39e	chr2	168174978	207490231	2	2	0
427599b9-c7f0-4360-9990-34cbbc3bf39e	chr2	207490454	207494612	0	0	0
427599b9-c7f0-4360-9990-34cbbc3bf39e	chr2	207494752	242147305	2	2	0
427599b9-c7f0-4360-9990-34cbbc3bf39e	chr3	20930	7909334	2	2	0
427599b9-c7f0-4360-9990-34cbbc3bf39e	chr3	7909572	7916522	3	3	0
427599b9-c7f0-4360-9990-34cbbc3bf39e	chr3	7916558	130047743	2	2	0
427599b9-c7f0-4360-9990-34cbbc3bf39e	chr3	130057015	130088081	0	0	0
427599b9-c7f0-4360-9990-34cbbc3bf39e	chr3	130088155	165288465	2	2	0
427599b9-c7f0-4360-9990-34cbbc3bf39e	chr3	165288683	165380470	0	0	0
427599b9-c7f0-4360-9990-34cbbc3bf39e	chr3	165380485	198169247	2	2	0
427599b9-c7f0-4360-9990-34cbbc3bf39e	chr4	68929	34784878	4	2	2
427599b9-c7f0-4360-9990-34cbbc3bf39e	chr4	34785333	34822561	1	1	0
427599b9-c7f0-4360-9990-34cbbc3bf39e	chr4	34823103	114252544	4	2	2
427599b9-c7f0-4360-9990-34cbbc3bf39e	chr4	114254167	114261019	0	0	0
427599b9-c7f0-4360-9990-34cbbc3bf39e	chr4	114263073	137168393	4	2	2
427599b9-c7f0-4360-9990-34cbbc3bf39e	chr4	137170949	137173967	0	0	0
427599b9-c7f0-4360-9990-34cbbc3bf39e	chr4	137187209	147208610	4	2	2
427599b9-c7f0-4360-9990-34cbbc3bf39e	chr4	147208791	147377649	3	2	1
427599b9-c7f0-4360-9990-34cbbc3bf39e	chr4	147382043	190106768	4	2	2
427599b9-c7f0-4360-9990-34cbbc3bf39e	chr5	15532	22636158	2	2	0
427599b9-c7f0-4360-9990-34cbbc3bf39e	chr5	22637088	22660455	3	3	0
427599b9-c7f0-4360-9990-34cbbc3bf39e	chr5	22664966	178823121	2	2	0
427599b9-c7f0-4360-9990-34cbbc3bf39e	chr5	178827246	178841925	1	1	0
427599b9-c7f0-4360-9990-34cbbc3bf39e	chr5	178843809	181363319	2	2	0
427599b9-c7f0-4360-9990-34cbbc3bf39e	chr6	149661	328357	2	2	0
427599b9-c7f0-4360-9990-34cbbc3bf39e	chr6	329869	381149	3	3	0
427599b9-c7f0-4360-9990-34cbbc3bf39e	chr6	382559	30411297	2	2	0
427599b9-c7f0-4360-9990-34cbbc3bf39e	chr6	30415635	30515216	1	1	0
427599b9-c7f0-4360-9990-34cbbc3bf39e	chr6	30544386	78253172	2	2	0
427599b9-c7f0-4360-9990-34cbbc3bf39e	chr6	78259348	78293324	0	0	0
427599b9-c7f0-4360-9990-34cbbc3bf39e	chr6	78293764	90440893	2	2	0
427599b9-c7f0-4360-9990-34cbbc3bf39e	chr6	90441374	90458818	1	1	0
427599b9-c7f0-4360-9990-34cbbc3bf39e	chr6	90459126	170741917	2	2	0
427599b9-c7f0-4360-9990-34cbbc3bf39e	chr7	43259	2654709	3	2	1
427599b9-c7f0-4360-9990-34cbbc3bf39e	chr7	2655983	39196431	4	2	2
427599b9-c7f0-4360-9990-34cbbc3bf39e	chr7	39197429	39224925	6	3	3
427599b9-c7f0-4360-9990-34cbbc3bf39e	chr7	39226774	50474784	4	2	2
427599b9-c7f0-4360-9990-34cbbc3bf39e	chr7	50475181	50478563	2	1	1
427599b9-c7f0-4360-9990-34cbbc3bf39e	chr7	50479066	116246231	4	2	2
427599b9-c7f0-4360-9990-34cbbc3bf39e	chr7	116247722	116311357	3	2	1
427599b9-c7f0-4360-9990-34cbbc3bf39e	chr7	116312771	151291823	4	2	2
427599b9-c7f0-4360-9990-34cbbc3bf39e	chr7	151292281	151692235	3	2	1
427599b9-c7f0-4360-9990-34cbbc3bf39e	chr7	151692415	159334314	4	2	2
427599b9-c7f0-4360-9990-34cbbc3bf39e	chr8	81254	40204854	4	2	2
427599b9-c7f0-4360-9990-34cbbc3bf39e	chr8	40204974	40216337	7	4	3
427599b9-c7f0-4360-9990-34cbbc3bf39e	chr8	40216666	41154421	4	2	2
427599b9-c7f0-4360-9990-34cbbc3bf39e	chr8	41157281	41174182	7	4	3
427599b9-c7f0-4360-9990-34cbbc3bf39e	chr8	41177163	53566399	4	2	2
427599b9-c7f0-4360-9990-34cbbc3bf39e	chr8	53567380	53592157	6	3	3
427599b9-c7f0-4360-9990-34cbbc3bf39e	chr8	53592753	140128916	4	2	2
427599b9-c7f0-4360-9990-34cbbc3bf39e	chr8	140129623	145072769	3	2	1
427599b9-c7f0-4360-9990-34cbbc3bf39e	chr9	46587	127792719	4	2	2
427599b9-c7f0-4360-9990-34cbbc3bf39e	chr9	127796396	138200944	3	2	1
427599b9-c7f0-4360-9990-34cbbc3bf39e	chr10	45792	133654968	2	2	0
427599b9-c7f0-4360-9990-34cbbc3bf39e	chr11	198510	3143998	3	2	1
427599b9-c7f0-4360-9990-34cbbc3bf39e	chr11	3144182	17489069	4	2	2
427599b9-c7f0-4360-9990-34cbbc3bf39e	chr11	17489209	17499239	2	1	1
427599b9-c7f0-4360-9990-34cbbc3bf39e	chr11	17499418	135074876	4	2	2
427599b9-c7f0-4360-9990-34cbbc3bf39e	chr12	51460	124128769	4	2	2
427599b9-c7f0-4360-9990-34cbbc3bf39e	chr12	124129853	125069387	3	2	1
427599b9-c7f0-4360-9990-34cbbc3bf39e	chr12	125069809	131486717	4	2	2
427599b9-c7f0-4360-9990-34cbbc3bf39e	chr12	131486808	133201603	3	2	1
427599b9-c7f0-4360-9990-34cbbc3bf39e	chr13	18452809	39244615	2	2	0
427599b9-c7f0-4360-9990-34cbbc3bf39e	chr13	39245108	39277137	3	3	0
427599b9-c7f0-4360-9990-34cbbc3bf39e	chr13	39277911	55030925	2	2	0
427599b9-c7f0-4360-9990-34cbbc3bf39e	chr13	55031046	55065231	4	4	0
427599b9-c7f0-4360-9990-34cbbc3bf39e	chr13	55070789	114342922	2	2	0
427599b9-c7f0-4360-9990-34cbbc3bf39e	chr14	18239283	87341894	4	2	2
427599b9-c7f0-4360-9990-34cbbc3bf39e	chr14	87342735	87361414	2	1	1
427599b9-c7f0-4360-9990-34cbbc3bf39e	chr14	87363137	87400403	6	3	3
427599b9-c7f0-4360-9990-34cbbc3bf39e	chr14	87405038	98152355	4	2	2
427599b9-c7f0-4360-9990-34cbbc3bf39e	chr14	98152368	98154885	8	4	4
427599b9-c7f0-4360-9990-34cbbc3bf39e	chr14	98155175	99551024	4	2	2
427599b9-c7f0-4360-9990-34cbbc3bf39e	chr14	99551085	99556527	2	1	1
427599b9-c7f0-4360-9990-34cbbc3bf39e	chr14	99557059	106877229	4	2	2
427599b9-c7f0-4360-9990-34cbbc3bf39e	chr15	19811075	45943633	4	2	2
427599b9-c7f0-4360-9990-34cbbc3bf39e	chr15	45943946	45950067	2	1	1
427599b9-c7f0-4360-9990-34cbbc3bf39e	chr15	45950082	101928837	4	2	2
427599b9-c7f0-4360-9990-34cbbc3bf39e	chr16	10777	5232860	3	2	1
427599b9-c7f0-4360-9990-34cbbc3bf39e	chr16	5233257	26088829	4	2	2
427599b9-c7f0-4360-9990-34cbbc3bf39e	chr16	26089170	26114311	7	4	3
427599b9-c7f0-4360-9990-34cbbc3bf39e	chr16	26114682	57280560	4	2	2
427599b9-c7f0-4360-9990-34cbbc3bf39e	chr16	57280738	57322046	2	1	1
427599b9-c7f0-4360-9990-34cbbc3bf39e	chr16	57325499	66027514	4	2	2
427599b9-c7f0-4360-9990-34cbbc3bf39e	chr16	66027537	66033682	7	4	3
427599b9-c7f0-4360-9990-34cbbc3bf39e	chr16	66033739	87732063	4	2	2
427599b9-c7f0-4360-9990-34cbbc3bf39e	chr16	87732599	90096867	3	2	1
427599b9-c7f0-4360-9990-34cbbc3bf39e	chr17	150733	46085732	2	2	0
427599b9-c7f0-4360-9990-34cbbc3bf39e	chr17	46088437	46276519	4	4	0
427599b9-c7f0-4360-9990-34cbbc3bf39e	chr17	46284643	83091923	2	2	0
427599b9-c7f0-4360-9990-34cbbc3bf39e	chr18	48133	80257174	4	2	2
427599b9-c7f0-4360-9990-34cbbc3bf39e	chr19	90910	6951984	3	2	1
427599b9-c7f0-4360-9990-34cbbc3bf39e	chr19	6957866	15612717	4	2	2
427599b9-c7f0-4360-9990-34cbbc3bf39e	chr19	15613287	15649767	5	3	2
427599b9-c7f0-4360-9990-34cbbc3bf39e	chr19	15652128	19020739	3	2	1
427599b9-c7f0-4360-9990-34cbbc3bf39e	chr19	19022393	58586487	4	2	2
427599b9-c7f0-4360-9990-34cbbc3bf39e	chr20	80664	61344525	4	2	2
427599b9-c7f0-4360-9990-34cbbc3bf39e	chr20	61344794	64324800	3	2	1
427599b9-c7f0-4360-9990-34cbbc3bf39e	chr21	12973348	17668672	2	2	0
427599b9-c7f0-4360-9990-34cbbc3bf39e	chr21	17668861	17674388	3	3	0
427599b9-c7f0-4360-9990-34cbbc3bf39e	chr21	17674435	40648833	2	2	0
427599b9-c7f0-4360-9990-34cbbc3bf39e	chr21	40649443	40654976	3	3	0
427599b9-c7f0-4360-9990-34cbbc3bf39e	chr21	40655015	43820114	2	2	0
427599b9-c7f0-4360-9990-34cbbc3bf39e	chr21	43820256	44903741	1	1	0
427599b9-c7f0-4360-9990-34cbbc3bf39e	chr21	44908920	46677045	2	2	0
427599b9-c7f0-4360-9990-34cbbc3bf39e	chr22	16392123	17982911	4	2	2
427599b9-c7f0-4360-9990-34cbbc3bf39e	chr22	17987264	32179162	3	2	1
427599b9-c7f0-4360-9990-34cbbc3bf39e	chr22	32179227	32196133	2	1	1
427599b9-c7f0-4360-9990-34cbbc3bf39e	chr22	32196403	36144213	4	2	2
427599b9-c7f0-4360-9990-34cbbc3bf39e	chr22	36145677	50796027	3	2	1
427599b9-c7f0-4360-9990-34cbbc3bf39e	chrX	251810	776893	2	2	0
427599b9-c7f0-4360-9990-34cbbc3bf39e	chrX	786390	1478856	1	1	0
427599b9-c7f0-4360-9990-34cbbc3bf39e	chrX	1479705	1584673	3	3	0
427599b9-c7f0-4360-9990-34cbbc3bf39e	chrX	1629688	2376598	2	2	0
427599b9-c7f0-4360-9990-34cbbc3bf39e	chrX	2377218	2440099	1	1	0
427599b9-c7f0-4360-9990-34cbbc3bf39e	chrX	2442260	2473305	2	2	0
427599b9-c7f0-4360-9990-34cbbc3bf39e	chrX	2474297	2504610	3	3	0
427599b9-c7f0-4360-9990-34cbbc3bf39e	chrX	2516146	2667580	2	2	0
427599b9-c7f0-4360-9990-34cbbc3bf39e	chrX	2670878	2703417	1	1	0
427599b9-c7f0-4360-9990-34cbbc3bf39e	chrX	2705504	152228521	2	2	0
427599b9-c7f0-4360-9990-34cbbc3bf39e	chrX	152231714	156004181	1	1	0
427599b9-c7f0-4360-9990-34cbbc3bf39e	chrY	2782397	56872112	0	0	0
99a420df-628b-4bcc-a05b-7a15f2cc4b33	chr1	62920	50621793	1	1	0
99a420df-628b-4bcc-a05b-7a15f2cc4b33	chr1	50622520	51010331	0	0	0
99a420df-628b-4bcc-a05b-7a15f2cc4b33	chr1	51011416	75243991	1	1	0
99a420df-628b-4bcc-a05b-7a15f2cc4b33	chr1	75244224	75248869	0	0	0
99a420df-628b-4bcc-a05b-7a15f2cc4b33	chr1	75249570	248930189	1	1	0
99a420df-628b-4bcc-a05b-7a15f2cc4b33	chr2	12784	76698773	1	1	0
99a420df-628b-4bcc-a05b-7a15f2cc4b33	chr2	76701007	76722438	2	2	0
99a420df-628b-4bcc-a05b-7a15f2cc4b33	chr2	76729368	124303128	1	1	0
99a420df-628b-4bcc-a05b-7a15f2cc4b33	chr2	124307732	124460919	0	0	0
99a420df-628b-4bcc-a05b-7a15f2cc4b33	chr2	124467215	242147305	1	1	0
99a420df-628b-4bcc-a05b-7a15f2cc4b33	chr3	20930	3918778	2	1	1
99a420df-628b-4bcc-a05b-7a15f2cc4b33	chr3	3919589	3935472	1	1	0
99a420df-628b-4bcc-a05b-7a15f2cc4b33	chr3	3949468	64568981	2	1	1
99a420df-628b-4bcc-a05b-7a15f2cc4b33	chr3	64572444	64600803	4	2	2
99a420df-628b-4bcc-a05b-7a15f2cc4b33	chr3	64600984	95997401	2	1	1
99a420df-628b-4bcc-a05b-7a15f2cc4b33	chr3	95999175	96207957	1	1	0
99a420df-628b-4bcc-a05b-7a15f2cc4b33	chr3	96209242	139717250	2	1	1
99a420df-628b-4bcc-a05b-7a15f2cc4b33	chr3	139719607	139721508	1	1	0
99a420df-628b-4bcc-a05b-7a15f2cc4b33	chr3	139725869	146538692	2	1	1
99a420df-628b-4bcc-a05b-7a15f2cc4b33	chr3	146539520	146543309	1	1	0
99a420df-628b-4bcc-a05b-7a15f2cc4b33	chr3	146543340	198169247	2	1	1
99a420df-628b-4bcc-a05b-7a15f2cc4b33	chr4	68929	34777432	2	1	1
99a420df-628b-4bcc-a05b-7a15f2cc4b33	chr4	34784878	34823103	0	0	0
99a420df-628b-4bcc-a05b-7a15f2cc4b33	chr4	34828250	114252544	2	1	1
99a420df-628b-4bcc-a05b-7a15f2cc4b33	chr4	114254167	114261019	0	0	0
99a420df-628b-4bcc-a05b-7a15f2cc4b33	chr4	114263073	190106768	2	1	1
99a420df-628b-4bcc-a05b-7a15f2cc4b33	chr5	15532	149149	3	2	1
99a420df-628b-4bcc-a05b-7a15f2cc4b33	chr5	149271	161279	1	1	0
99a420df-628b-4bcc-a05b-7a15f2cc4b33	chr5	163654	269852	3	2	1
99a420df-628b-4bcc-a05b-7a15f2cc4b33	chr5	274199	551328	1	1	0
99a420df-628b-4bcc-a05b-7a15f2cc4b33	chr5	559453	760986	3	2	1
99a420df-628b-4bcc-a05b-7a15f2cc4b33	chr5	761010	1040379	1	1	0
99a420df-628b-4bcc-a05b-7a15f2cc4b33	chr5	1049424	1600833	3	2	1
99a420df-628b-4bcc-a05b-7a15f2cc4b33	chr5	1601289	2835951	1	1	0
99a420df-628b-4bcc-a05b-7a15f2cc4b33	chr5	2839817	3254634	2	1	1
99a420df-628b-4bcc-a05b-7a15f2cc4b33	chr5	3257925	4965468	1	1	0
99a420df-628b-4bcc-a05b-7a15f2cc4b33	chr5	4966904	5009626	3	2	1
99a420df-628b-4bcc-a05b-7a15f2cc4b33	chr5	5010019	5061092	1	1	0
99a420df-628b-4bcc-a05b-7a15f2cc4b33	chr5	5062244	5119610	3	2	1
99a420df-628b-4bcc-a05b-7a15f2cc4b33	chr5	5120663	5357089	1	1	0
99a420df-628b-4bcc-a05b-7a15f2cc4b33	chr5	5357462	6097930	2	1	1
99a420df-628b-4bcc-a05b-7a15f2cc4b33	chr5	6107136	6371760	3	2	1
99a420df-628b-4bcc-a05b-7a15f2cc4b33	chr5	6384170	6790157	2	1	1
99a420df-628b-4bcc-a05b-7a15f2cc4b33	chr5	6796485	6829269	3	2	1
99a420df-628b-4bcc-a05b-7a15f2cc4b33	chr5	6831545	6973202	1	1	0
99a420df-628b-4bcc-a05b-7a15f2cc4b33	chr5	6974754	7144581	2	1	1
99a420df-628b-4bcc-a05b-7a15f2cc4b33	chr5	7145249	7217427	1	1	0
99a420df-628b-4bcc-a05b-7a15f2cc4b33	chr5	7218333	7261084	3	2	1
99a420df-628b-4bcc-a05b-7a15f2cc4b33	chr5	7262996	7262996	0	0	0
99a420df-628b-4bcc-a05b-7a15f2cc4b33	chr5	7263505	7516834	3	2	1
99a420df-628b-4bcc-a05b-7a15f2cc4b33	chr5	7516901	7569296	1	1	0
99a420df-628b-4bcc-a05b-7a15f2cc4b33	chr5	7569758	7828420	3	2	1
99a420df-628b-4bcc-a05b-7a15f2cc4b33	chr5	7828454	9542919	2	1	1
99a420df-628b-4bcc-a05b-7a15f2cc4b33	chr5	9553770	9929753	1	1	0
99a420df-628b-4bcc-a05b-7a15f2cc4b33	chr5	9929797	10376818	3	2	1
99a420df-628b-4bcc-a05b-7a15f2cc4b33	chr5	10377701	10383856	3	3	0
99a420df-628b-4bcc-a05b-7a15f2cc4b33	chr5	10385648	11632054	2	1	1
99a420df-628b-4bcc-a05b-7a15f2cc4b33	chr5	11635345	18013320	3	2	1
99a420df-628b-4bcc-a05b-7a15f2cc4b33	chr5	18016548	18149049	2	1	1
99a420df-628b-4bcc-a05b-7a15f2cc4b33	chr5	18151947	19136597	1	1	0
99a420df-628b-4bcc-a05b-7a15f2cc4b33	chr5	19144624	19634392	3	2	1
99a420df-628b-4bcc-a05b-7a15f2cc4b33	chr5	19635069	20066923	4	3	1
99a420df-628b-4bcc-a05b-7a15f2cc4b33	chr5	20077672	20439248	2	1	1
99a420df-628b-4bcc-a05b-7a15f2cc4b33	chr5	20439686	20951711	3	2	1
99a420df-628b-4bcc-a05b-7a15f2cc4b33	chr5	20953320	25358239	1	1	0
99a420df-628b-4bcc-a05b-7a15f2cc4b33	chr5	25368540	25452076	3	3	0
99a420df-628b-4bcc-a05b-7a15f2cc4b33	chr5	25452178	25821918	1	1	0
99a420df-628b-4bcc-a05b-7a15f2cc4b33	chr5	25824379	25964091	3	2	1
99a420df-628b-4bcc-a05b-7a15f2cc4b33	chr5	25964140	26310230	1	1	0
99a420df-628b-4bcc-a05b-7a15f2cc4b33	chr5	26312427	26422341	4	4	0
99a420df-628b-4bcc-a05b-7a15f2cc4b33	chr5	26422717	26980793	1	1	0
99a420df-628b-4bcc-a05b-7a15f2cc4b33	chr5	26985419	27619363	2	2	0
99a420df-628b-4bcc-a05b-7a15f2cc4b33	chr5	27620267	28271645	1	1	0
99a420df-628b-4bcc-a05b-7a15f2cc4b33	chr5	28280236	28517495	3	3	0
99a420df-628b-4bcc-a05b-7a15f2cc4b33	chr5	28525989	32592630	1	1	0
99a420df-628b-4bcc-a05b-7a15f2cc4b33	chr5	32592855	32683094	3	2	1
99a420df-628b-4bcc-a05b-7a15f2cc4b33	chr5	32689904	33486835	1	1	0
99a420df-628b-4bcc-a05b-7a15f2cc4b33	chr5	33487214	80097118	2	1	1
99a420df-628b-4bcc-a05b-7a15f2cc4b33	chr5	80097321	80111068	3	2	1
99a420df-628b-4bcc-a05b-7a15f2cc4b33	chr5	80111696	181363319	2	1	1
99a420df-628b-4bcc-a05b-7a15f2cc4b33	chr6	149661	170741917	1	1	0
99a420df-628b-4bcc-a05b-7a15f2cc4b33	chr7	43259	8786255	2	1	1
99a420df-628b-4bcc-a05b-7a15f2cc4b33	chr7	8787540	8841405	1	1	0
99a420df-628b-4bcc-a05b-7a15f2cc4b33	chr7	8844447	39193361	2	1	1
99a420df-628b-4bcc-a05b-7a15f2cc4b33	chr7	39196431	39248674	3	2	1
99a420df-628b-4bcc-a05b-7a15f2cc4b33	chr7	39249787	159334314	2	1	1
99a420df-628b-4bcc-a05b-7a15f2cc4b33	chr8	81254	53075447	1	1	0
99a420df-628b-4bcc-a05b-7a15f2cc4b33	chr8	53075546	114917054	2	2	0
99a420df-628b-4bcc-a05b-7a15f2cc4b33	chr8	114917488	114982553	1	1	0
99a420df-628b-4bcc-a05b-7a15f2cc4b33	chr8	114982604	136881227	2	2	0
99a420df-628b-4bcc-a05b-7a15f2cc4b33	chr8	136882257	137003578	1	1	0
99a420df-628b-4bcc-a05b-7a15f2cc4b33	chr8	137004627	145072769	2	2	0
99a420df-628b-4bcc-a05b-7a15f2cc4b33	chr9	46587	138200944	2	1	1
99a420df-628b-4bcc-a05b-7a15f2cc4b33	chr10	45792	95105336	1	1	0
99a420df-628b-4bcc-a05b-7a15f2cc4b33	chr10	95105427	95109349	4	4	0
99a420df-628b-4bcc-a05b-7a15f2cc4b33	chr10	95109949	133654968	1	1	0
99a420df-628b-4bcc-a05b-7a15f2cc4b33	chr11	198510	102698229	2	1	1
99a420df-628b-4bcc-a05b-7a15f2cc4b33	chr11	102698593	102725917	3	2	1
99a420df-628b-4bcc-a05b-7a15f2cc4b33	chr11	102727079	135074876	2	1	1
99a420df-628b-4bcc-a05b-7a15f2cc4b33	chr12	51460	127928464	2	1	1
99a420df-628b-4bcc-a05b-7a15f2cc4b33	chr12	127930421	127951131	3	2	1
99a420df-628b-4bcc-a05b-7a15f2cc4b33	chr12	127952801	133201603	2	1	1
99a420df-628b-4bcc-a05b-7a15f2cc4b33	chr13	18452809	114342922	1	1	0
99a420df-628b-4bcc-a05b-7a15f2cc4b33	chr14	18239283	106877229	2	1	1
99a420df-628b-4bcc-a05b-7a15f2cc4b33	chr15	19811075	45943633	2	1	1
99a420df-628b-4bcc-a05b-7a15f2cc4b33	chr15	45943946	45950067	1	1	0
99a420df-628b-4bcc-a05b-7a15f2cc4b33	chr15	45950082	101928837	2	1	1
99a420df-628b-4bcc-a05b-7a15f2cc4b33	chr16	10777	26083515	2	1	1
99a420df-628b-4bcc-a05b-7a15f2cc4b33	chr16	26083979	26114311	3	2	1
99a420df-628b-4bcc-a05b-7a15f2cc4b33	chr16	26114682	77703961	2	1	1
99a420df-628b-4bcc-a05b-7a15f2cc4b33	chr16	77704264	77752062	3	2	1
99a420df-628b-4bcc-a05b-7a15f2cc4b33	chr16	77752324	90096867	2	1	1
99a420df-628b-4bcc-a05b-7a15f2cc4b33	chr17	150733	9903490	1	1	0
99a420df-628b-4bcc-a05b-7a15f2cc4b33	chr17	9903632	9912094	0	0	0
99a420df-628b-4bcc-a05b-7a15f2cc4b33	chr17	9913314	83091923	1	1	0
99a420df-628b-4bcc-a05b-7a15f2cc4b33	chr18	48133	4971660	2	1	1
99a420df-628b-4bcc-a05b-7a15f2cc4b33	chr18	4973590	4989684	0	0	0
99a420df-628b-4bcc-a05b-7a15f2cc4b33	chr18	4990805	80257174	2	1	1
99a420df-628b-4bcc-a05b-7a15f2cc4b33	chr19	90910	58586487	2	1	1
99a420df-628b-4bcc-a05b-7a15f2cc4b33	chr20	80664	14061832	2	1	1
99a420df-628b-4bcc-a05b-7a15f2cc4b33	chr20	14062870	14649267	1	1	0
99a420df-628b-4bcc-a05b-7a15f2cc4b33	chr20	14652432	64324800	2	1	1
99a420df-628b-4bcc-a05b-7a15f2cc4b33	chr21	12973348	45903608	2	1	1
99a420df-628b-4bcc-a05b-7a15f2cc4b33	chr21	45903828	45922202	3	2	1
99a420df-628b-4bcc-a05b-7a15f2cc4b33	chr21	45922608	46677045	2	1	1
99a420df-628b-4bcc-a05b-7a15f2cc4b33	chr22	16392123	39053650	2	1	1
99a420df-628b-4bcc-a05b-7a15f2cc4b33	chr22	39053920	39316282	1	1	0
99a420df-628b-4bcc-a05b-7a15f2cc4b33	chr22	39316309	43663122	2	2	0
99a420df-628b-4bcc-a05b-7a15f2cc4b33	chr22	43663192	44913773	1	1	0
99a420df-628b-4bcc-a05b-7a15f2cc4b33	chr22	44916011	50796027	2	1	1
99a420df-628b-4bcc-a05b-7a15f2cc4b33	chrX	251810	1507275	2	1	1
99a420df-628b-4bcc-a05b-7a15f2cc4b33	chrX	1507351	1584064	3	2	1
99a420df-628b-4bcc-a05b-7a15f2cc4b33	chrX	1584673	2377218	2	1	1
99a420df-628b-4bcc-a05b-7a15f2cc4b33	chrX	2387078	2446094	1	1	0
99a420df-628b-4bcc-a05b-7a15f2cc4b33	chrX	2450101	2464269	3	2	1
99a420df-628b-4bcc-a05b-7a15f2cc4b33	chrX	2464404	2703417	2	1	1
99a420df-628b-4bcc-a05b-7a15f2cc4b33	chrX	2705504	2761052	3	2	1
99a420df-628b-4bcc-a05b-7a15f2cc4b33	chrX	2768461	2785592	2	1	1
99a420df-628b-4bcc-a05b-7a15f2cc4b33	chrX	2785914	155734393	1	1	0
99a420df-628b-4bcc-a05b-7a15f2cc4b33	chrX	155734427	156004181	2	1	1
99a420df-628b-4bcc-a05b-7a15f2cc4b33	chrY	2782397	26653788	2	2	0
99a420df-628b-4bcc-a05b-7a15f2cc4b33	chrY	56872112	56872112	0	0	0
135b8050-e077-430b-aa42-ed973623568a	chr1	61735	248930189	1	1	0
135b8050-e077-430b-aa42-ed973623568a	chr2	12784	242147305	1	1	0
135b8050-e077-430b-aa42-ed973623568a	chr3	18667	198169247	2	1	1
135b8050-e077-430b-aa42-ed973623568a	chr4	12281	190106768	2	1	1
135b8050-e077-430b-aa42-ed973623568a	chr5	15532	181363319	2	1	1
135b8050-e077-430b-aa42-ed973623568a	chr6	149661	170741917	1	1	0
135b8050-e077-430b-aa42-ed973623568a	chr7	43259	159334314	2	1	1
135b8050-e077-430b-aa42-ed973623568a	chr8	81254	145072769	2	1	1
135b8050-e077-430b-aa42-ed973623568a	chr9	46587	138200944	2	1	1
135b8050-e077-430b-aa42-ed973623568a	chr10	26823	133769379	1	1	0
135b8050-e077-430b-aa42-ed973623568a	chr11	198572	135074876	2	1	1
135b8050-e077-430b-aa42-ed973623568a	chr12	51460	50792569	2	1	1
135b8050-e077-430b-aa42-ed973623568a	chr12	50795147	51185771	1	1	0
135b8050-e077-430b-aa42-ed973623568a	chr12	51190339	133201603	2	1	1
135b8050-e077-430b-aa42-ed973623568a	chr13	18452809	114342922	1	1	0
135b8050-e077-430b-aa42-ed973623568a	chr14	18225647	106877229	2	1	1
135b8050-e077-430b-aa42-ed973623568a	chr15	19811075	101928837	2	1	1
135b8050-e077-430b-aa42-ed973623568a	chr16	10777	90221127	2	1	1
135b8050-e077-430b-aa42-ed973623568a	chr17	150733	83090856	1	1	0
135b8050-e077-430b-aa42-ed973623568a	chr18	48133	80257174	2	1	1
135b8050-e077-430b-aa42-ed973623568a	chr19	90910	58586487	2	1	1
135b8050-e077-430b-aa42-ed973623568a	chr20	80664	64324800	2	1	1
135b8050-e077-430b-aa42-ed973623568a	chr21	10336543	46677045	2	1	1
135b8050-e077-430b-aa42-ed973623568a	chr22	15294545	50796027	2	1	1
135b8050-e077-430b-aa42-ed973623568a	chrX	251810	2776199	2	1	1
135b8050-e077-430b-aa42-ed973623568a	chrX	2785350	156004181	1	1	0
107a1a45-8edd-4b5c-9a6b-27e57dfa2a77	chr1	61735	248930189	1	1	0
107a1a45-8edd-4b5c-9a6b-27e57dfa2a77	chr2	12784	242147305	1	1	0
107a1a45-8edd-4b5c-9a6b-27e57dfa2a77	chr3	18667	198169247	2	1	1
107a1a45-8edd-4b5c-9a6b-27e57dfa2a77	chr4	12281	137135414	2	1	1
107a1a45-8edd-4b5c-9a6b-27e57dfa2a77	chr4	137140022	155494116	2	2	0
107a1a45-8edd-4b5c-9a6b-27e57dfa2a77	chr4	155494252	190106768	2	1	1
107a1a45-8edd-4b5c-9a6b-27e57dfa2a77	chr5	15532	181363319	2	1	1
107a1a45-8edd-4b5c-9a6b-27e57dfa2a77	chr6	149661	170741917	1	1	0
107a1a45-8edd-4b5c-9a6b-27e57dfa2a77	chr7	43259	159334314	2	1	1
107a1a45-8edd-4b5c-9a6b-27e57dfa2a77	chr8	81254	145072769	2	1	1
107a1a45-8edd-4b5c-9a6b-27e57dfa2a77	chr9	46587	31450433	2	1	1
107a1a45-8edd-4b5c-9a6b-27e57dfa2a77	chr9	31452553	98739218	2	2	0
107a1a45-8edd-4b5c-9a6b-27e57dfa2a77	chr9	98742051	138200944	2	1	1
107a1a45-8edd-4b5c-9a6b-27e57dfa2a77	chr10	26823	133769379	1	1	0
107a1a45-8edd-4b5c-9a6b-27e57dfa2a77	chr11	198572	3228599	2	1	1
107a1a45-8edd-4b5c-9a6b-27e57dfa2a77	chr11	3234828	7540431	2	2	0
107a1a45-8edd-4b5c-9a6b-27e57dfa2a77	chr11	7540856	135074876	2	1	1
107a1a45-8edd-4b5c-9a6b-27e57dfa2a77	chr12	51460	133201603	2	1	1
107a1a45-8edd-4b5c-9a6b-27e57dfa2a77	chr13	18452809	114342922	1	1	0
107a1a45-8edd-4b5c-9a6b-27e57dfa2a77	chr14	18225647	106877229	2	1	1
107a1a45-8edd-4b5c-9a6b-27e57dfa2a77	chr15	19811075	101928837	2	1	1
107a1a45-8edd-4b5c-9a6b-27e57dfa2a77	chr16	10777	90221127	2	1	1
107a1a45-8edd-4b5c-9a6b-27e57dfa2a77	chr17	150733	83090856	1	1	0
107a1a45-8edd-4b5c-9a6b-27e57dfa2a77	chr18	48133	80257174	1	1	0
107a1a45-8edd-4b5c-9a6b-27e57dfa2a77	chr19	90910	2602437	1	1	0
107a1a45-8edd-4b5c-9a6b-27e57dfa2a77	chr19	2619145	3488513	2	1	1
107a1a45-8edd-4b5c-9a6b-27e57dfa2a77	chr19	3492899	52518264	2	2	0
107a1a45-8edd-4b5c-9a6b-27e57dfa2a77	chr19	52520941	58586487	2	1	1
107a1a45-8edd-4b5c-9a6b-27e57dfa2a77	chr20	80664	64324800	2	1	1
107a1a45-8edd-4b5c-9a6b-27e57dfa2a77	chr21	10336543	46677045	1	1	0
107a1a45-8edd-4b5c-9a6b-27e57dfa2a77	chr22	15294545	50796027	2	1	1
107a1a45-8edd-4b5c-9a6b-27e57dfa2a77	chrX	251810	156004181	1	1	0
0735a0d0-e624-4148-ac31-4df71dda6b76	chr1	62920	75245106	2	2	0
0735a0d0-e624-4148-ac31-4df71dda6b76	chr1	75245818	75249898	0	0	0
0735a0d0-e624-4148-ac31-4df71dda6b76	chr1	75251240	170270575	2	2	0
0735a0d0-e624-4148-ac31-4df71dda6b76	chr1	170270944	170317702	3	3	0
0735a0d0-e624-4148-ac31-4df71dda6b76	chr1	170317791	248930189	2	2	0
0735a0d0-e624-4148-ac31-4df71dda6b76	chr2	12784	102498481	2	2	0
0735a0d0-e624-4148-ac31-4df71dda6b76	chr2	102499401	102506572	1	1	0
0735a0d0-e624-4148-ac31-4df71dda6b76	chr2	102506842	154357804	2	2	0
0735a0d0-e624-4148-ac31-4df71dda6b76	chr2	154357840	154382620	4	4	0
0735a0d0-e624-4148-ac31-4df71dda6b76	chr2	154382623	242147305	2	2	0
0735a0d0-e624-4148-ac31-4df71dda6b76	chr3	20930	26932824	3	2	1
0735a0d0-e624-4148-ac31-4df71dda6b76	chr3	26938290	27003116	2	1	1
0735a0d0-e624-4148-ac31-4df71dda6b76	chr3	27006168	40986438	3	2	1
0735a0d0-e624-4148-ac31-4df71dda6b76	chr3	40987596	41011276	2	1	1
0735a0d0-e624-4148-ac31-4df71dda6b76	chr3	41011420	71376219	3	2	1
0735a0d0-e624-4148-ac31-4df71dda6b76	chr3	71382988	72181730	3	3	0
0735a0d0-e624-4148-ac31-4df71dda6b76	chr3	72182051	198169247	3	2	1
0735a0d0-e624-4148-ac31-4df71dda6b76	chr4	68929	42384821	4	2	2
0735a0d0-e624-4148-ac31-4df71dda6b76	chr4	42386234	43143414	4	3	1
0735a0d0-e624-4148-ac31-4df71dda6b76	chr4	43144033	95334583	4	2	2
0735a0d0-e624-4148-ac31-4df71dda6b76	chr4	95335419	97997613	5	3	2
0735a0d0-e624-4148-ac31-4df71dda6b76	chr4	97998070	98378364	4	3	1
0735a0d0-e624-4148-ac31-4df71dda6b76	chr4	98379112	122948561	4	2	2
0735a0d0-e624-4148-ac31-4df71dda6b76	chr4	122950885	122966357	6	3	3
0735a0d0-e624-4148-ac31-4df71dda6b76	chr4	122966477	182760870	4	2	2
0735a0d0-e624-4148-ac31-4df71dda6b76	chr4	182765082	183312544	5	3	2
0735a0d0-e624-4148-ac31-4df71dda6b76	chr4	183314643	190106768	4	2	2
0735a0d0-e624-4148-ac31-4df71dda6b76	chr5	15532	1287588	2	2	0
0735a0d0-e624-4148-ac31-4df71dda6b76	chr5	1287904	1340343	0	0	0
0735a0d0-e624-4148-ac31-4df71dda6b76	chr5	1344240	178823121	2	2	0
0735a0d0-e624-4148-ac31-4df71dda6b76	chr5	178827246	178841925	1	1	0
0735a0d0-e624-4148-ac31-4df71dda6b76	chr5	178843809	181363319	2	2	0
0735a0d0-e624-4148-ac31-4df71dda6b76	chr6	149661	26542666	2	2	0
0735a0d0-e624-4148-ac31-4df71dda6b76	chr6	26546580	26597696	3	3	0
0735a0d0-e624-4148-ac31-4df71dda6b76	chr6	26597776	45896089	2	2	0
0735a0d0-e624-4148-ac31-4df71dda6b76	chr6	45896768	45935047	3	3	0
0735a0d0-e624-4148-ac31-4df71dda6b76	chr6	45935788	170741917	2	2	0
0735a0d0-e624-4148-ac31-4df71dda6b76	chr7	43259	14292762	4	2	2
0735a0d0-e624-4148-ac31-4df71dda6b76	chr7	14293692	14687078	4	3	1
0735a0d0-e624-4148-ac31-4df71dda6b76	chr7	14687098	18779052	4	2	2
0735a0d0-e624-4148-ac31-4df71dda6b76	chr7	18779183	18791642	7	4	3
0735a0d0-e624-4148-ac31-4df71dda6b76	chr7	18791841	20343537	4	2	2
0735a0d0-e624-4148-ac31-4df71dda6b76	chr7	20350685	21133126	4	3	1
0735a0d0-e624-4148-ac31-4df71dda6b76	chr7	21133427	32928367	4	2	2
0735a0d0-e624-4148-ac31-4df71dda6b76	chr7	32928524	33521676	4	3	1
0735a0d0-e624-4148-ac31-4df71dda6b76	chr7	33528955	44427130	4	2	2
0735a0d0-e624-4148-ac31-4df71dda6b76	chr7	44427277	44716130	4	3	1
0735a0d0-e624-4148-ac31-4df71dda6b76	chr7	44726042	45914561	4	2	2
0735a0d0-e624-4148-ac31-4df71dda6b76	chr7	45915430	46628582	4	3	1
0735a0d0-e624-4148-ac31-4df71dda6b76	chr7	46629489	86517205	4	2	2
0735a0d0-e624-4148-ac31-4df71dda6b76	chr7	86517279	86555535	2	1	1
0735a0d0-e624-4148-ac31-4df71dda6b76	chr7	86556091	136184477	4	2	2
0735a0d0-e624-4148-ac31-4df71dda6b76	chr7	136185219	136677817	3	2	1
0735a0d0-e624-4148-ac31-4df71dda6b76	chr7	136678309	159334314	4	2	2
0735a0d0-e624-4148-ac31-4df71dda6b76	chr8	81254	6630984	4	2	2
0735a0d0-e624-4148-ac31-4df71dda6b76	chr8	6631056	6635665	2	1	1
0735a0d0-e624-4148-ac31-4df71dda6b76	chr8	6635679	12875125	4	2	2
0735a0d0-e624-4148-ac31-4df71dda6b76	chr8	12875245	13257865	5	3	2
0735a0d0-e624-4148-ac31-4df71dda6b76	chr8	13260224	27245507	4	2	2
0735a0d0-e624-4148-ac31-4df71dda6b76	chr8	27246926	27918011	4	3	1
0735a0d0-e624-4148-ac31-4df71dda6b76	chr8	27919486	48757042	4	2	2
0735a0d0-e624-4148-ac31-4df71dda6b76	chr8	48761489	51112304	4	3	1
0735a0d0-e624-4148-ac31-4df71dda6b76	chr8	51112331	58005448	4	2	2
0735a0d0-e624-4148-ac31-4df71dda6b76	chr8	58009158	58170880	4	3	1
0735a0d0-e624-4148-ac31-4df71dda6b76	chr8	58171124	101419808	4	2	2
0735a0d0-e624-4148-ac31-4df71dda6b76	chr8	101420905	101454483	7	4	3
0735a0d0-e624-4148-ac31-4df71dda6b76	chr8	101456053	131605238	4	2	2
0735a0d0-e624-4148-ac31-4df71dda6b76	chr8	131610699	132424695	4	3	1
0735a0d0-e624-4148-ac31-4df71dda6b76	chr8	132426324	145072769	4	2	2
0735a0d0-e624-4148-ac31-4df71dda6b76	chr9	46587	6851486	4	2	2
0735a0d0-e624-4148-ac31-4df71dda6b76	chr9	6851960	7121029	4	3	1
0735a0d0-e624-4148-ac31-4df71dda6b76	chr9	7122749	41741113	4	2	2
0735a0d0-e624-4148-ac31-4df71dda6b76	chr9	60863881	68703111	4	3	1
0735a0d0-e624-4148-ac31-4df71dda6b76	chr9	68703212	122664896	4	2	2
0735a0d0-e624-4148-ac31-4df71dda6b76	chr9	122665656	123787656	4	3	1
0735a0d0-e624-4148-ac31-4df71dda6b76	chr9	123787676	133721245	4	2	2
0735a0d0-e624-4148-ac31-4df71dda6b76	chr9	133721819	133753192	7	4	3
0735a0d0-e624-4148-ac31-4df71dda6b76	chr9	133753594	134241086	4	2	2
0735a0d0-e624-4148-ac31-4df71dda6b76	chr9	134244697	134271816	2	1	1
0735a0d0-e624-4148-ac31-4df71dda6b76	chr9	134271872	135199398	4	2	2
0735a0d0-e624-4148-ac31-4df71dda6b76	chr9	135200959	135383885	4	3	1
0735a0d0-e624-4148-ac31-4df71dda6b76	chr9	135383930	138200944	4	2	2
0735a0d0-e624-4148-ac31-4df71dda6b76	chr10	45792	11174562	3	2	1
0735a0d0-e624-4148-ac31-4df71dda6b76	chr10	11175669	11197648	4	3	1
0735a0d0-e624-4148-ac31-4df71dda6b76	chr10	11198732	25545965	3	2	1
0735a0d0-e624-4148-ac31-4df71dda6b76	chr10	25545997	25631946	2	1	1
0735a0d0-e624-4148-ac31-4df71dda6b76	chr10	25633648	72981384	3	2	1
0735a0d0-e624-4148-ac31-4df71dda6b76	chr10	72991084	75305393	3	3	0
0735a0d0-e624-4148-ac31-4df71dda6b76	chr10	75306531	93893240	3	2	1
0735a0d0-e624-4148-ac31-4df71dda6b76	chr10	93893392	94069918	4	3	1
0735a0d0-e624-4148-ac31-4df71dda6b76	chr10	94070906	133654968	3	2	1
0735a0d0-e624-4148-ac31-4df71dda6b76	chr11	198510	93430026	4	2	2
0735a0d0-e624-4148-ac31-4df71dda6b76	chr11	93430554	93865510	4	3	1
0735a0d0-e624-4148-ac31-4df71dda6b76	chr11	93866127	135074876	4	2	2
0735a0d0-e624-4148-ac31-4df71dda6b76	chr12	51460	9477960	4	2	2
0735a0d0-e624-4148-ac31-4df71dda6b76	chr12	9481274	9575696	0	0	0
0735a0d0-e624-4148-ac31-4df71dda6b76	chr12	9582373	9783773	4	2	2
0735a0d0-e624-4148-ac31-4df71dda6b76	chr12	9784441	10184156	4	3	1
0735a0d0-e624-4148-ac31-4df71dda6b76	chr12	10184408	13798866	4	2	2
0735a0d0-e624-4148-ac31-4df71dda6b76	chr12	13799202	13934686	3	2	1
0735a0d0-e624-4148-ac31-4df71dda6b76	chr12	13935607	58017027	4	2	2
0735a0d0-e624-4148-ac31-4df71dda6b76	chr12	58023291	58046931	2	1	1
0735a0d0-e624-4148-ac31-4df71dda6b76	chr12	58047077	72949962	4	2	2
0735a0d0-e624-4148-ac31-4df71dda6b76	chr12	72950060	74417131	4	3	1
0735a0d0-e624-4148-ac31-4df71dda6b76	chr12	74417996	102390687	4	2	2
0735a0d0-e624-4148-ac31-4df71dda6b76	chr12	102392690	102707382	5	3	2
0735a0d0-e624-4148-ac31-4df71dda6b76	chr12	102707634	130619369	4	2	2
0735a0d0-e624-4148-ac31-4df71dda6b76	chr12	130619537	130677256	4	3	1
0735a0d0-e624-4148-ac31-4df71dda6b76	chr12	130678305	133201603	4	2	2
0735a0d0-e624-4148-ac31-4df71dda6b76	chr13	18452809	114342922	2	2	0
0735a0d0-e624-4148-ac31-4df71dda6b76	chr14	18239283	35959073	4	2	2
0735a0d0-e624-4148-ac31-4df71dda6b76	chr14	35959839	36406283	5	3	2
0735a0d0-e624-4148-ac31-4df71dda6b76	chr14	36406523	67772771	4	2	2
0735a0d0-e624-4148-ac31-4df71dda6b76	chr14	67774212	68392064	4	3	1
0735a0d0-e624-4148-ac31-4df71dda6b76	chr14	68397594	87339560	4	2	2
0735a0d0-e624-4148-ac31-4df71dda6b76	chr14	87340858	87363137	3	2	1
0735a0d0-e624-4148-ac31-4df71dda6b76	chr14	87365502	87493854	6	3	3
0735a0d0-e624-4148-ac31-4df71dda6b76	chr14	87498166	105733039	4	2	2
0735a0d0-e624-4148-ac31-4df71dda6b76	chr14	105752248	106070718	9	9	0
0735a0d0-e624-4148-ac31-4df71dda6b76	chr14	106117522	106877229	5	3	2
0735a0d0-e624-4148-ac31-4df71dda6b76	chr15	19811075	57572614	4	2	2
0735a0d0-e624-4148-ac31-4df71dda6b76	chr15	57574729	57587971	6	3	3
0735a0d0-e624-4148-ac31-4df71dda6b76	chr15	57588320	62800376	4	2	2
0735a0d0-e624-4148-ac31-4df71dda6b76	chr15	62801058	62985095	3	2	1
0735a0d0-e624-4148-ac31-4df71dda6b76	chr15	62986091	68763868	4	2	2
0735a0d0-e624-4148-ac31-4df71dda6b76	chr15	68764236	69605660	5	3	2
0735a0d0-e624-4148-ac31-4df71dda6b76	chr15	69605849	80170943	4	2	2
0735a0d0-e624-4148-ac31-4df71dda6b76	chr15	80172327	80208900	3	2	1
0735a0d0-e624-4148-ac31-4df71dda6b76	chr15	80210569	101928837	4	2	2
0735a0d0-e624-4148-ac31-4df71dda6b76	chr16	10777	491759	3	2	1
0735a0d0-e624-4148-ac31-4df71dda6b76	chr16	492029	11448567	4	2	2
0735a0d0-e624-4148-ac31-4df71dda6b76	chr16	11448863	11606952	4	3	1
0735a0d0-e624-4148-ac31-4df71dda6b76	chr16	11607272	36048855	4	2	2
0735a0d0-e624-4148-ac31-4df71dda6b76	chr16	46441986	48375055	5	3	2
0735a0d0-e624-4148-ac31-4df71dda6b76	chr16	48375229	59163147	4	2	2
0735a0d0-e624-4148-ac31-4df71dda6b76	chr16	59164810	66032587	5	3	2
0735a0d0-e624-4148-ac31-4df71dda6b76	chr16	66033518	90096867	4	2	2
0735a0d0-e624-4148-ac31-4df71dda6b76	chr17	150733	18414080	2	2	0
0735a0d0-e624-4148-ac31-4df71dda6b76	chr17	18452078	18550123	0	0	0
0735a0d0-e624-4148-ac31-4df71dda6b76	chr17	18561272	46085732	2	2	0
0735a0d0-e624-4148-ac31-4df71dda6b76	chr17	46088437	46274563	4	4	0
0735a0d0-e624-4148-ac31-4df71dda6b76	chr17	46275506	83091923	2	2	0
0735a0d0-e624-4148-ac31-4df71dda6b76	chr18	48133	4971660	4	2	2
0735a0d0-e624-4148-ac31-4df71dda6b76	chr18	4973590	4989684	1	1	0
0735a0d0-e624-4148-ac31-4df71dda6b76	chr18	4990805	29892967	4	2	2
0735a0d0-e624-4148-ac31-4df71dda6b76	chr18	29894239	30507382	4	3	1
0735a0d0-e624-4148-ac31-4df71dda6b76	chr18	30508209	59451989	4	2	2
0735a0d0-e624-4148-ac31-4df71dda6b76	chr18	59452226	59469122	2	1	1
0735a0d0-e624-4148-ac31-4df71dda6b76	chr18	59469308	79741317	4	2	2
0735a0d0-e624-4148-ac31-4df71dda6b76	chr18	79741394	80257174	4	3	1
0735a0d0-e624-4148-ac31-4df71dda6b76	chr19	90910	17652031	4	2	2
0735a0d0-e624-4148-ac31-4df71dda6b76	chr19	17652081	17698189	2	1	1
0735a0d0-e624-4148-ac31-4df71dda6b76	chr19	17705690	58586487	4	2	2
0735a0d0-e624-4148-ac31-4df71dda6b76	chr20	80664	44749877	4	2	2
0735a0d0-e624-4148-ac31-4df71dda6b76	chr20	44753193	45112843	4	3	1
0735a0d0-e624-4148-ac31-4df71dda6b76	chr20	45112882	64324800	4	2	2
0735a0d0-e624-4148-ac31-4df71dda6b76	chr21	12973348	33357841	4	2	2
0735a0d0-e624-4148-ac31-4df71dda6b76	chr21	33358274	33864163	4	3	1
0735a0d0-e624-4148-ac31-4df71dda6b76	chr21	33864637	41676297	4	2	2
0735a0d0-e624-4148-ac31-4df71dda6b76	chr21	41680543	41702840	7	4	3
0735a0d0-e624-4148-ac31-4df71dda6b76	chr21	41706656	46677045	4	2	2
0735a0d0-e624-4148-ac31-4df71dda6b76	chr22	16392123	50796027	2	2	0
0735a0d0-e624-4148-ac31-4df71dda6b76	chrX	251810	127291471	2	2	0
0735a0d0-e624-4148-ac31-4df71dda6b76	chrX	127291564	127294561	4	4	0
0735a0d0-e624-4148-ac31-4df71dda6b76	chrX	127295140	156004181	2	2	0
0735a0d0-e624-4148-ac31-4df71dda6b76	chrY	2782397	56872112	0	0	0
c50677a9-958e-466a-9c84-ec0a6f14365f	chr1	62920	3963763	1	1	0
c50677a9-958e-466a-9c84-ec0a6f14365f	chr1	3966008	3970966	2	2	0
c50677a9-958e-466a-9c84-ec0a6f14365f	chr1	3971019	248930189	1	1	0
c50677a9-958e-466a-9c84-ec0a6f14365f	chr2	12784	4169315	1	1	0
c50677a9-958e-466a-9c84-ec0a6f14365f	chr2	4169594	4176429	0	0	0
c50677a9-958e-466a-9c84-ec0a6f14365f	chr2	4182472	76698773	1	1	0
c50677a9-958e-466a-9c84-ec0a6f14365f	chr2	76701007	76722438	2	2	0
c50677a9-958e-466a-9c84-ec0a6f14365f	chr2	76729368	242147305	1	1	0
c50677a9-958e-466a-9c84-ec0a6f14365f	chr3	20930	198169247	2	1	1
c50677a9-958e-466a-9c84-ec0a6f14365f	chr4	68929	95693084	2	1	1
c50677a9-958e-466a-9c84-ec0a6f14365f	chr4	95693598	95820102	3	2	1
c50677a9-958e-466a-9c84-ec0a6f14365f	chr4	95820279	153824644	2	1	1
c50677a9-958e-466a-9c84-ec0a6f14365f	chr4	153824771	153837515	1	1	0
c50677a9-958e-466a-9c84-ec0a6f14365f	chr4	153838051	190106768	2	1	1
c50677a9-958e-466a-9c84-ec0a6f14365f	chr5	15532	181363319	1	1	0
c50677a9-958e-466a-9c84-ec0a6f14365f	chr6	149661	170741917	1	1	0
c50677a9-958e-466a-9c84-ec0a6f14365f	chr7	43259	65265249	2	1	1
c50677a9-958e-466a-9c84-ec0a6f14365f	chr7	65265337	65483073	1	1	0
c50677a9-958e-466a-9c84-ec0a6f14365f	chr7	65485980	78724361	2	1	1
c50677a9-958e-466a-9c84-ec0a6f14365f	chr7	78724417	78773577	1	1	0
c50677a9-958e-466a-9c84-ec0a6f14365f	chr7	78773754	159334314	2	1	1
c50677a9-958e-466a-9c84-ec0a6f14365f	chr8	81254	4218866	2	1	1
c50677a9-958e-466a-9c84-ec0a6f14365f	chr8	4219153	4227016	4	2	2
c50677a9-958e-466a-9c84-ec0a6f14365f	chr8	4227357	145072769	2	1	1
c50677a9-958e-466a-9c84-ec0a6f14365f	chr9	46587	138200944	2	1	1
c50677a9-958e-466a-9c84-ec0a6f14365f	chr10	45792	133654968	1	1	0
c50677a9-958e-466a-9c84-ec0a6f14365f	chr11	198510	126480073	2	1	1
c50677a9-958e-466a-9c84-ec0a6f14365f	chr11	126480246	126517348	1	1	0
c50677a9-958e-466a-9c84-ec0a6f14365f	chr11	126517595	135074876	2	1	1
c50677a9-958e-466a-9c84-ec0a6f14365f	chr12	51460	133201603	2	1	1
c50677a9-958e-466a-9c84-ec0a6f14365f	chr13	18452809	51952838	1	1	0
c50677a9-958e-466a-9c84-ec0a6f14365f	chr13	51953978	51973633	2	2	0
c50677a9-958e-466a-9c84-ec0a6f14365f	chr13	51976599	68684883	1	1	0
c50677a9-958e-466a-9c84-ec0a6f14365f	chr13	68685082	68694110	0	0	0
c50677a9-958e-466a-9c84-ec0a6f14365f	chr13	68694987	114342922	1	1	0
c50677a9-958e-466a-9c84-ec0a6f14365f	chr14	18239283	99539531	2	1	1
c50677a9-958e-466a-9c84-ec0a6f14365f	chr14	99539676	99556527	1	1	0
c50677a9-958e-466a-9c84-ec0a6f14365f	chr14	99557059	106877229	2	1	1
c50677a9-958e-466a-9c84-ec0a6f14365f	chr15	19811075	101928837	2	1	1
c50677a9-958e-466a-9c84-ec0a6f14365f	chr16	10777	13448156	2	1	1
c50677a9-958e-466a-9c84-ec0a6f14365f	chr16	13448919	13456003	3	2	1
c50677a9-958e-466a-9c84-ec0a6f14365f	chr16	13456092	87975500	2	1	1
c50677a9-958e-466a-9c84-ec0a6f14365f	chr16	87976051	89529315	1	1	0
c50677a9-958e-466a-9c84-ec0a6f14365f	chr16	89529698	90096867	2	1	1
c50677a9-958e-466a-9c84-ec0a6f14365f	chr17	150733	56081683	1	1	0
c50677a9-958e-466a-9c84-ec0a6f14365f	chr17	56083553	56095230	0	0	0
c50677a9-958e-466a-9c84-ec0a6f14365f	chr17	56095462	83091923	1	1	0
c50677a9-958e-466a-9c84-ec0a6f14365f	chr18	48133	8458372	2	1	1
c50677a9-958e-466a-9c84-ec0a6f14365f	chr18	8458486	8470617	1	1	0
c50677a9-958e-466a-9c84-ec0a6f14365f	chr18	8471374	80257174	2	1	1
c50677a9-958e-466a-9c84-ec0a6f14365f	chr19	90910	2619145	1	1	0
c50677a9-958e-466a-9c84-ec0a6f14365f	chr19	2621195	29576946	2	1	1
c50677a9-958e-466a-9c84-ec0a6f14365f	chr19	29577270	29599620	1	1	0
c50677a9-958e-466a-9c84-ec0a6f14365f	chr19	29599742	31381364	2	1	1
c50677a9-958e-466a-9c84-ec0a6f14365f	chr19	31381832	31442638	3	2	1
c50677a9-958e-466a-9c84-ec0a6f14365f	chr19	31445505	58586487	2	1	1
c50677a9-958e-466a-9c84-ec0a6f14365f	chr20	80664	64324800	2	1	1
c50677a9-958e-466a-9c84-ec0a6f14365f	chr21	12973348	14317309	2	1	1
c50677a9-958e-466a-9c84-ec0a6f14365f	chr21	14317905	14341751	1	1	0
c50677a9-958e-466a-9c84-ec0a6f14365f	chr21	14341851	40648833	2	1	1
c50677a9-958e-466a-9c84-ec0a6f14365f	chr21	40649443	40663532	3	2	1
c50677a9-958e-466a-9c84-ec0a6f14365f	chr21	40663886	46677045	2	1	1
c50677a9-958e-466a-9c84-ec0a6f14365f	chr22	16392123	50796027	2	1	1
c50677a9-958e-466a-9c84-ec0a6f14365f	chrX	251810	1480942	2	1	1
c50677a9-958e-466a-9c84-ec0a6f14365f	chrX	1482489	1584673	3	2	1
c50677a9-958e-466a-9c84-ec0a6f14365f	chrX	1629688	2735511	2	1	1
c50677a9-958e-466a-9c84-ec0a6f14365f	chrX	2735872	2768461	3	2	1
c50677a9-958e-466a-9c84-ec0a6f14365f	chrX	2770501	2775583	2	1	1
c50677a9-958e-466a-9c84-ec0a6f14365f	chrX	2776199	155734393	1	1	0
c50677a9-958e-466a-9c84-ec0a6f14365f	chrX	155734427	156004181	2	1	1
c50677a9-958e-466a-9c84-ec0a6f14365f	chrY	2782397	26653788	2	0	2
c50677a9-958e-466a-9c84-ec0a6f14365f	chrY	56872112	56872112	0	0	0
ba74ffea-38a1-4c60-9c92-977330df1385	chr1	61735	248930189	2	2	0
ba74ffea-38a1-4c60-9c92-977330df1385	chr2	12784	242147305	2	2	0
ba74ffea-38a1-4c60-9c92-977330df1385	chr3	18667	198169247	4	2	2
ba74ffea-38a1-4c60-9c92-977330df1385	chr4	12281	190106768	4	2	2
ba74ffea-38a1-4c60-9c92-977330df1385	chr5	15532	181363319	4	2	2
ba74ffea-38a1-4c60-9c92-977330df1385	chr6	149661	170741917	2	2	0
ba74ffea-38a1-4c60-9c92-977330df1385	chr7	43259	159334314	4	2	2
ba74ffea-38a1-4c60-9c92-977330df1385	chr8	81254	145072769	4	2	2
ba74ffea-38a1-4c60-9c92-977330df1385	chr9	46587	138200944	4	2	2
ba74ffea-38a1-4c60-9c92-977330df1385	chr10	26823	46146393	2	2	0
ba74ffea-38a1-4c60-9c92-977330df1385	chr10	46146451	46321709	0	0	0
ba74ffea-38a1-4c60-9c92-977330df1385	chr10	46324033	133769379	2	2	0
ba74ffea-38a1-4c60-9c92-977330df1385	chr11	198572	135074876	4	2	2
ba74ffea-38a1-4c60-9c92-977330df1385	chr12	51460	133201603	4	2	2
ba74ffea-38a1-4c60-9c92-977330df1385	chr13	18452809	114342922	4	2	2
ba74ffea-38a1-4c60-9c92-977330df1385	chr14	18225647	106877229	4	2	2
ba74ffea-38a1-4c60-9c92-977330df1385	chr15	19811075	101928837	4	2	2
ba74ffea-38a1-4c60-9c92-977330df1385	chr16	10777	70824412	4	2	2
ba74ffea-38a1-4c60-9c92-977330df1385	chr16	70835747	71167170	3	2	1
ba74ffea-38a1-4c60-9c92-977330df1385	chr16	71168586	90221127	4	2	2
ba74ffea-38a1-4c60-9c92-977330df1385	chr17	150733	83090856	2	2	0
ba74ffea-38a1-4c60-9c92-977330df1385	chr18	48133	80257174	4	2	2
ba74ffea-38a1-4c60-9c92-977330df1385	chr19	90910	58586487	4	2	2
ba74ffea-38a1-4c60-9c92-977330df1385	chr20	80664	64324800	4	2	2
ba74ffea-38a1-4c60-9c92-977330df1385	chr21	10336543	46677045	4	2	2
ba74ffea-38a1-4c60-9c92-977330df1385	chr22	15294545	50796027	4	2	2
ba74ffea-38a1-4c60-9c92-977330df1385	chrX	251810	156004181	2	2	0
1395b6c7-fbdf-4b5f-b204-d5a369d5b8ab	chr1	61735	248930189	1	1	0
1395b6c7-fbdf-4b5f-b204-d5a369d5b8ab	chr2	12784	242147305	1	1	0
1395b6c7-fbdf-4b5f-b204-d5a369d5b8ab	chr3	18667	198169247	2	1	1
1395b6c7-fbdf-4b5f-b204-d5a369d5b8ab	chr4	12281	190106768	2	1	1
1395b6c7-fbdf-4b5f-b204-d5a369d5b8ab	chr5	15532	181363319	2	1	1
1395b6c7-fbdf-4b5f-b204-d5a369d5b8ab	chr6	149661	170741917	1	1	0
1395b6c7-fbdf-4b5f-b204-d5a369d5b8ab	chr7	43259	159334314	1	1	0
1395b6c7-fbdf-4b5f-b204-d5a369d5b8ab	chr8	81254	145072769	2	1	1
1395b6c7-fbdf-4b5f-b204-d5a369d5b8ab	chr9	46587	138200944	1	1	0
1395b6c7-fbdf-4b5f-b204-d5a369d5b8ab	chr10	26823	133769379	1	1	0
1395b6c7-fbdf-4b5f-b204-d5a369d5b8ab	chr11	198572	135074876	2	1	1
1395b6c7-fbdf-4b5f-b204-d5a369d5b8ab	chr12	51460	133201603	2	1	1
1395b6c7-fbdf-4b5f-b204-d5a369d5b8ab	chr13	18452809	114342922	1	1	0
1395b6c7-fbdf-4b5f-b204-d5a369d5b8ab	chr14	18225647	106877229	2	1	1
1395b6c7-fbdf-4b5f-b204-d5a369d5b8ab	chr15	19811075	101928837	2	1	1
1395b6c7-fbdf-4b5f-b204-d5a369d5b8ab	chr16	10777	70808194	2	1	1
1395b6c7-fbdf-4b5f-b204-d5a369d5b8ab	chr16	70820478	71171291	1	1	0
1395b6c7-fbdf-4b5f-b204-d5a369d5b8ab	chr16	71172005	90221127	2	1	1
1395b6c7-fbdf-4b5f-b204-d5a369d5b8ab	chr17	150733	83090856	1	1	0
1395b6c7-fbdf-4b5f-b204-d5a369d5b8ab	chr18	48133	80257174	2	1	1
1395b6c7-fbdf-4b5f-b204-d5a369d5b8ab	chr19	90910	58586487	2	1	1
1395b6c7-fbdf-4b5f-b204-d5a369d5b8ab	chr20	80664	64324800	2	1	1
1395b6c7-fbdf-4b5f-b204-d5a369d5b8ab	chr21	10336543	46677045	1	1	0
1395b6c7-fbdf-4b5f-b204-d5a369d5b8ab	chr22	15294545	50796027	2	1	1
1395b6c7-fbdf-4b5f-b204-d5a369d5b8ab	chrX	251810	2785592	2	1	1
1395b6c7-fbdf-4b5f-b204-d5a369d5b8ab	chrX	2785914	156004181	1	1	0
e5dc7276-d08c-468d-b088-83b8768cfa06	chr1	61735	248930189	2	2	0
e5dc7276-d08c-468d-b088-83b8768cfa06	chr2	12784	242147305	2	2	0
e5dc7276-d08c-468d-b088-83b8768cfa06	chr3	18667	198169247	4	2	2
e5dc7276-d08c-468d-b088-83b8768cfa06	chr4	12281	190106768	4	2	2
e5dc7276-d08c-468d-b088-83b8768cfa06	chr5	15532	1136190	2	2	0
e5dc7276-d08c-468d-b088-83b8768cfa06	chr5	1138709	1300469	3	3	0
e5dc7276-d08c-468d-b088-83b8768cfa06	chr5	1308437	181363319	2	2	0
e5dc7276-d08c-468d-b088-83b8768cfa06	chr6	149661	170741917	2	2	0
e5dc7276-d08c-468d-b088-83b8768cfa06	chr7	43259	159334314	4	2	2
e5dc7276-d08c-468d-b088-83b8768cfa06	chr8	81254	145072769	4	2	2
e5dc7276-d08c-468d-b088-83b8768cfa06	chr9	46587	138200944	2	2	0
e5dc7276-d08c-468d-b088-83b8768cfa06	chr10	26823	133769379	2	2	0
e5dc7276-d08c-468d-b088-83b8768cfa06	chr11	198572	35101504	1	1	0
e5dc7276-d08c-468d-b088-83b8768cfa06	chr11	35102493	44017684	2	2	0
e5dc7276-d08c-468d-b088-83b8768cfa06	chr11	44018438	82581366	4	2	2
e5dc7276-d08c-468d-b088-83b8768cfa06	chr11	82582644	86555950	2	2	0
e5dc7276-d08c-468d-b088-83b8768cfa06	chr11	86556672	135074876	1	1	0
e5dc7276-d08c-468d-b088-83b8768cfa06	chr12	51460	133201603	4	2	2
e5dc7276-d08c-468d-b088-83b8768cfa06	chr13	18452809	114342922	2	2	0
e5dc7276-d08c-468d-b088-83b8768cfa06	chr14	18225647	106877229	4	2	2
e5dc7276-d08c-468d-b088-83b8768cfa06	chr15	19811075	101928837	4	2	2
e5dc7276-d08c-468d-b088-83b8768cfa06	chr16	10777	5011882	3	2	1
e5dc7276-d08c-468d-b088-83b8768cfa06	chr16	5011947	70860700	4	2	2
e5dc7276-d08c-468d-b088-83b8768cfa06	chr16	70860986	71158038	3	2	1
e5dc7276-d08c-468d-b088-83b8768cfa06	chr16	71161452	90221127	4	2	2
e5dc7276-d08c-468d-b088-83b8768cfa06	chr17	150733	83090856	2	2	0
e5dc7276-d08c-468d-b088-83b8768cfa06	chr18	48133	80257174	4	2	2
e5dc7276-d08c-468d-b088-83b8768cfa06	chr19	90910	58586487	4	2	2
e5dc7276-d08c-468d-b088-83b8768cfa06	chr20	80664	64324800	4	2	2
e5dc7276-d08c-468d-b088-83b8768cfa06	chr21	10336543	46677045	2	2	0
e5dc7276-d08c-468d-b088-83b8768cfa06	chr22	15294545	50796027	4	2	2
e5dc7276-d08c-468d-b088-83b8768cfa06	chrX	251810	2785350	4	2	2
e5dc7276-d08c-468d-b088-83b8768cfa06	chrX	2785592	156004181	2	2	0
cd6cd7d2-3087-4089-81e5-1378ee50d37b	chr1	62920	91452171	2	2	0
cd6cd7d2-3087-4089-81e5-1378ee50d37b	chr1	91453668	91457697	1	1	0
cd6cd7d2-3087-4089-81e5-1378ee50d37b	chr1	91457847	94977059	2	2	0
cd6cd7d2-3087-4089-81e5-1378ee50d37b	chr1	94982977	99317946	3	3	0
cd6cd7d2-3087-4089-81e5-1378ee50d37b	chr1	99318335	212867176	2	2	0
cd6cd7d2-3087-4089-81e5-1378ee50d37b	chr1	212867587	212920308	1	1	0
cd6cd7d2-3087-4089-81e5-1378ee50d37b	chr1	212921215	248930189	2	2	0
cd6cd7d2-3087-4089-81e5-1378ee50d37b	chr2	12784	651030	1	1	0
cd6cd7d2-3087-4089-81e5-1378ee50d37b	chr2	651105	28358201	2	2	0
cd6cd7d2-3087-4089-81e5-1378ee50d37b	chr2	28359730	28469195	3	3	0
cd6cd7d2-3087-4089-81e5-1378ee50d37b	chr2	28470781	79353868	2	2	0
cd6cd7d2-3087-4089-81e5-1378ee50d37b	chr2	79354049	79373822	3	3	0
cd6cd7d2-3087-4089-81e5-1378ee50d37b	chr2	79374129	154366572	2	2	0
cd6cd7d2-3087-4089-81e5-1378ee50d37b	chr2	154368523	154385512	4	4	0
cd6cd7d2-3087-4089-81e5-1378ee50d37b	chr2	154385714	158683681	2	2	0
cd6cd7d2-3087-4089-81e5-1378ee50d37b	chr2	158685892	158707821	4	4	0
cd6cd7d2-3087-4089-81e5-1378ee50d37b	chr2	158711087	168841869	2	2	0
cd6cd7d2-3087-4089-81e5-1378ee50d37b	chr2	168843665	168854721	4	4	0
cd6cd7d2-3087-4089-81e5-1378ee50d37b	chr2	168856841	203487774	2	2	0
cd6cd7d2-3087-4089-81e5-1378ee50d37b	chr2	203490100	242147305	1	1	0
cd6cd7d2-3087-4089-81e5-1378ee50d37b	chr3	20930	64568981	2	2	0
cd6cd7d2-3087-4089-81e5-1378ee50d37b	chr3	64572444	64600803	5	5	0
cd6cd7d2-3087-4089-81e5-1378ee50d37b	chr3	64600984	73211756	2	2	0
cd6cd7d2-3087-4089-81e5-1378ee50d37b	chr3	73211996	73244375	3	3	0
cd6cd7d2-3087-4089-81e5-1378ee50d37b	chr3	73245479	95439907	2	2	0
cd6cd7d2-3087-4089-81e5-1378ee50d37b	chr3	95457526	95464012	1	1	0
cd6cd7d2-3087-4089-81e5-1378ee50d37b	chr3	95464160	153315388	2	2	0
cd6cd7d2-3087-4089-81e5-1378ee50d37b	chr3	153315945	155554036	3	3	0
cd6cd7d2-3087-4089-81e5-1378ee50d37b	chr3	155560371	165288465	2	2	0
cd6cd7d2-3087-4089-81e5-1378ee50d37b	chr3	165288683	165380470	0	0	0
cd6cd7d2-3087-4089-81e5-1378ee50d37b	chr3	165380485	198169247	2	2	0
cd6cd7d2-3087-4089-81e5-1378ee50d37b	chr4	68929	501906	1	1	0
cd6cd7d2-3087-4089-81e5-1378ee50d37b	chr4	503349	21269346	3	2	1
cd6cd7d2-3087-4089-81e5-1378ee50d37b	chr4	21270466	34759898	4	2	2
cd6cd7d2-3087-4089-81e5-1378ee50d37b	chr4	34759973	36420352	3	2	1
cd6cd7d2-3087-4089-81e5-1378ee50d37b	chr4	36422968	52302797	4	2	2
cd6cd7d2-3087-4089-81e5-1378ee50d37b	chr4	52303498	52569992	5	3	2
cd6cd7d2-3087-4089-81e5-1378ee50d37b	chr4	52571427	91645624	3	2	1
cd6cd7d2-3087-4089-81e5-1378ee50d37b	chr4	91645736	93658197	2	1	1
cd6cd7d2-3087-4089-81e5-1378ee50d37b	chr4	93658489	96508959	3	2	1
cd6cd7d2-3087-4089-81e5-1378ee50d37b	chr4	96509734	190106768	2	1	1
cd6cd7d2-3087-4089-81e5-1378ee50d37b	chr5	15532	455532	2	2	0
cd6cd7d2-3087-4089-81e5-1378ee50d37b	chr5	455581	29023688	3	2	1
cd6cd7d2-3087-4089-81e5-1378ee50d37b	chr5	29027515	29042372	2	1	1
cd6cd7d2-3087-4089-81e5-1378ee50d37b	chr5	29046755	117033739	3	2	1
cd6cd7d2-3087-4089-81e5-1378ee50d37b	chr5	117033835	117408838	4	3	1
cd6cd7d2-3087-4089-81e5-1378ee50d37b	chr5	117410836	148413525	3	2	1
cd6cd7d2-3087-4089-81e5-1378ee50d37b	chr5	148414498	149818184	4	3	1
cd6cd7d2-3087-4089-81e5-1378ee50d37b	chr5	149819281	150107348	5	4	1
cd6cd7d2-3087-4089-81e5-1378ee50d37b	chr5	150107725	150128912	4	3	1
cd6cd7d2-3087-4089-81e5-1378ee50d37b	chr5	150128981	150215547	6	5	1
cd6cd7d2-3087-4089-81e5-1378ee50d37b	chr5	150216816	151024940	5	4	1
cd6cd7d2-3087-4089-81e5-1378ee50d37b	chr5	151025142	167605088	3	2	1
cd6cd7d2-3087-4089-81e5-1378ee50d37b	chr5	167605546	167817088	4	3	1
cd6cd7d2-3087-4089-81e5-1378ee50d37b	chr5	167817755	167934869	5	3	2
cd6cd7d2-3087-4089-81e5-1378ee50d37b	chr5	167935411	180947523	3	2	1
cd6cd7d2-3087-4089-81e5-1378ee50d37b	chr5	180951710	180991103	0	0	0
cd6cd7d2-3087-4089-81e5-1378ee50d37b	chr5	181006225	181363319	3	2	1
cd6cd7d2-3087-4089-81e5-1378ee50d37b	chr6	149661	11352556	2	2	0
cd6cd7d2-3087-4089-81e5-1378ee50d37b	chr6	11354562	11406183	3	3	0
cd6cd7d2-3087-4089-81e5-1378ee50d37b	chr6	11407498	23775640	2	2	0
cd6cd7d2-3087-4089-81e5-1378ee50d37b	chr6	23776122	33334889	1	1	0
cd6cd7d2-3087-4089-81e5-1378ee50d37b	chr6	33339017	33388469	0	0	0
cd6cd7d2-3087-4089-81e5-1378ee50d37b	chr6	33396598	64772245	1	1	0
cd6cd7d2-3087-4089-81e5-1378ee50d37b	chr6	64773422	66298393	2	2	0
cd6cd7d2-3087-4089-81e5-1378ee50d37b	chr6	66298918	66338736	0	0	0
cd6cd7d2-3087-4089-81e5-1378ee50d37b	chr6	66339513	76579017	2	2	0
cd6cd7d2-3087-4089-81e5-1378ee50d37b	chr6	76579571	76719978	1	1	0
cd6cd7d2-3087-4089-81e5-1378ee50d37b	chr6	76720013	76743087	0	0	0
cd6cd7d2-3087-4089-81e5-1378ee50d37b	chr6	76751356	76763086	1	1	0
cd6cd7d2-3087-4089-81e5-1378ee50d37b	chr6	76763966	84398164	2	2	0
cd6cd7d2-3087-4089-81e5-1378ee50d37b	chr6	84398526	148112079	1	1	0
cd6cd7d2-3087-4089-81e5-1378ee50d37b	chr6	148114646	148119412	2	2	0
cd6cd7d2-3087-4089-81e5-1378ee50d37b	chr6	148124032	170741917	1	1	0
cd6cd7d2-3087-4089-81e5-1378ee50d37b	chr7	43259	18779183	2	1	1
cd6cd7d2-3087-4089-81e5-1378ee50d37b	chr7	18780503	18786415	5	3	2
cd6cd7d2-3087-4089-81e5-1378ee50d37b	chr7	18788291	35358012	3	2	1
cd6cd7d2-3087-4089-81e5-1378ee50d37b	chr7	35358037	57329268	2	1	1
cd6cd7d2-3087-4089-81e5-1378ee50d37b	chr7	57333439	159108282	3	2	1
cd6cd7d2-3087-4089-81e5-1378ee50d37b	chr7	159109202	159334314	1	1	0
cd6cd7d2-3087-4089-81e5-1378ee50d37b	chr8	81254	4220633	2	2	0
cd6cd7d2-3087-4089-81e5-1378ee50d37b	chr8	4220735	4227016	5	5	0
cd6cd7d2-3087-4089-81e5-1378ee50d37b	chr8	4227357	124627214	2	2	0
cd6cd7d2-3087-4089-81e5-1378ee50d37b	chr8	124628723	124647245	1	1	0
cd6cd7d2-3087-4089-81e5-1378ee50d37b	chr8	124647580	145072769	2	2	0
cd6cd7d2-3087-4089-81e5-1378ee50d37b	chr9	46587	20834808	1	1	0
cd6cd7d2-3087-4089-81e5-1378ee50d37b	chr9	20834838	22632927	0	0	0
cd6cd7d2-3087-4089-81e5-1378ee50d37b	chr9	22633024	41741113	1	1	0
cd6cd7d2-3087-4089-81e5-1378ee50d37b	chr9	60863881	61629689	0	0	0
cd6cd7d2-3087-4089-81e5-1378ee50d37b	chr9	61633080	88852672	2	1	1
cd6cd7d2-3087-4089-81e5-1378ee50d37b	chr9	88855663	88869541	1	1	0
cd6cd7d2-3087-4089-81e5-1378ee50d37b	chr9	88875626	116784785	2	1	1
cd6cd7d2-3087-4089-81e5-1378ee50d37b	chr9	116785032	132861715	1	1	0
cd6cd7d2-3087-4089-81e5-1378ee50d37b	chr9	132862133	132906890	0	0	0
cd6cd7d2-3087-4089-81e5-1378ee50d37b	chr9	132908708	138200944	1	1	0
cd6cd7d2-3087-4089-81e5-1378ee50d37b	chr10	45792	3010244	1	1	0
cd6cd7d2-3087-4089-81e5-1378ee50d37b	chr10	3012303	3013507	3	3	0
cd6cd7d2-3087-4089-81e5-1378ee50d37b	chr10	3013542	104850272	1	1	0
cd6cd7d2-3087-4089-81e5-1378ee50d37b	chr10	104851880	104869240	2	2	0
cd6cd7d2-3087-4089-81e5-1378ee50d37b	chr10	104869713	133654968	1	1	0
cd6cd7d2-3087-4089-81e5-1378ee50d37b	chr11	198510	10360637	2	2	0
cd6cd7d2-3087-4089-81e5-1378ee50d37b	chr11	10360999	11048858	3	2	1
cd6cd7d2-3087-4089-81e5-1378ee50d37b	chr11	11054470	16528051	2	2	0
cd6cd7d2-3087-4089-81e5-1378ee50d37b	chr11	16531309	23176019	3	2	1
cd6cd7d2-3087-4089-81e5-1378ee50d37b	chr11	23176091	26640999	2	2	0
cd6cd7d2-3087-4089-81e5-1378ee50d37b	chr11	26641191	26745886	3	3	0
cd6cd7d2-3087-4089-81e5-1378ee50d37b	chr11	26746405	28168835	2	2	0
cd6cd7d2-3087-4089-81e5-1378ee50d37b	chr11	28176752	28209080	7	6	1
cd6cd7d2-3087-4089-81e5-1378ee50d37b	chr11	28209270	40890032	2	2	0
cd6cd7d2-3087-4089-81e5-1378ee50d37b	chr11	40892768	41097329	3	2	1
cd6cd7d2-3087-4089-81e5-1378ee50d37b	chr11	41097809	65981866	2	2	0
cd6cd7d2-3087-4089-81e5-1378ee50d37b	chr11	65983923	79481943	3	2	1
cd6cd7d2-3087-4089-81e5-1378ee50d37b	chr11	79484055	79776806	4	3	1
cd6cd7d2-3087-4089-81e5-1378ee50d37b	chr11	79776945	81283840	3	2	1
cd6cd7d2-3087-4089-81e5-1378ee50d37b	chr11	81284576	81574066	1	1	0
cd6cd7d2-3087-4089-81e5-1378ee50d37b	chr11	81574524	82599155	3	2	1
cd6cd7d2-3087-4089-81e5-1378ee50d37b	chr11	82599619	82642822	2	2	0
cd6cd7d2-3087-4089-81e5-1378ee50d37b	chr11	82648805	83712906	3	2	1
cd6cd7d2-3087-4089-81e5-1378ee50d37b	chr11	83715176	83924134	2	2	0
cd6cd7d2-3087-4089-81e5-1378ee50d37b	chr11	83924304	85823919	3	2	1
cd6cd7d2-3087-4089-81e5-1378ee50d37b	chr11	85824080	88908291	2	2	0
cd6cd7d2-3087-4089-81e5-1378ee50d37b	chr11	88908892	90475226	3	2	1
cd6cd7d2-3087-4089-81e5-1378ee50d37b	chr11	90478627	90480304	2	1	1
cd6cd7d2-3087-4089-81e5-1378ee50d37b	chr11	90480856	90495522	3	2	1
cd6cd7d2-3087-4089-81e5-1378ee50d37b	chr11	90496396	91749651	2	2	0
cd6cd7d2-3087-4089-81e5-1378ee50d37b	chr11	91749955	92129310	3	2	1
cd6cd7d2-3087-4089-81e5-1378ee50d37b	chr11	92132664	99170982	2	2	0
cd6cd7d2-3087-4089-81e5-1378ee50d37b	chr11	99171329	106804584	3	2	1
cd6cd7d2-3087-4089-81e5-1378ee50d37b	chr11	106804641	127184791	1	1	0
cd6cd7d2-3087-4089-81e5-1378ee50d37b	chr11	127185221	127334088	2	1	1
cd6cd7d2-3087-4089-81e5-1378ee50d37b	chr11	127336375	127441857	1	1	0
cd6cd7d2-3087-4089-81e5-1378ee50d37b	chr11	127442120	127519849	3	2	1
cd6cd7d2-3087-4089-81e5-1378ee50d37b	chr11	127522266	128612201	1	1	0
cd6cd7d2-3087-4089-81e5-1378ee50d37b	chr11	128612867	129148099	2	1	1
cd6cd7d2-3087-4089-81e5-1378ee50d37b	chr11	129148155	133524619	1	1	0
cd6cd7d2-3087-4089-81e5-1378ee50d37b	chr11	133526521	133611650	3	2	1
cd6cd7d2-3087-4089-81e5-1378ee50d37b	chr11	133612032	135074876	1	1	0
cd6cd7d2-3087-4089-81e5-1378ee50d37b	chr12	51460	1008833	3	2	1
cd6cd7d2-3087-4089-81e5-1378ee50d37b	chr12	1009476	1443502	2	2	0
cd6cd7d2-3087-4089-81e5-1378ee50d37b	chr12	1444284	1644756	4	3	1
cd6cd7d2-3087-4089-81e5-1378ee50d37b	chr12	1645258	8651850	3	2	1
cd6cd7d2-3087-4089-81e5-1378ee50d37b	chr12	8651976	33141726	2	1	1
cd6cd7d2-3087-4089-81e5-1378ee50d37b	chr12	33146857	33148627	0	0	0
cd6cd7d2-3087-4089-81e5-1378ee50d37b	chr12	33148706	52526608	2	1	1
cd6cd7d2-3087-4089-81e5-1378ee50d37b	chr12	52526630	52531875	5	3	2
cd6cd7d2-3087-4089-81e5-1378ee50d37b	chr12	52532185	121528927	2	1	1
cd6cd7d2-3087-4089-81e5-1378ee50d37b	chr12	121539420	133201603	3	2	1
cd6cd7d2-3087-4089-81e5-1378ee50d37b	chr13	18452809	114342922	1	1	0
cd6cd7d2-3087-4089-81e5-1378ee50d37b	chr14	18239283	105701150	2	1	1
cd6cd7d2-3087-4089-81e5-1378ee50d37b	chr14	105728140	106314594	3	3	0
cd6cd7d2-3087-4089-81e5-1378ee50d37b	chr14	106320716	106877229	2	1	1
cd6cd7d2-3087-4089-81e5-1378ee50d37b	chr15	19811075	76598900	2	1	1
cd6cd7d2-3087-4089-81e5-1378ee50d37b	chr15	76599170	76603434	0	0	0
cd6cd7d2-3087-4089-81e5-1378ee50d37b	chr15	76609838	101928837	2	1	1
cd6cd7d2-3087-4089-81e5-1378ee50d37b	chr16	10777	12082672	2	1	1
cd6cd7d2-3087-4089-81e5-1378ee50d37b	chr16	12082699	12107241	0	0	0
cd6cd7d2-3087-4089-81e5-1378ee50d37b	chr16	12107834	32991509	2	1	1
cd6cd7d2-3087-4089-81e5-1378ee50d37b	chr16	33002292	36048855	3	2	1
cd6cd7d2-3087-4089-81e5-1378ee50d37b	chr16	46441986	90096867	2	2	0
cd6cd7d2-3087-4089-81e5-1378ee50d37b	chr17	150733	34701349	2	2	0
cd6cd7d2-3087-4089-81e5-1378ee50d37b	chr17	34701671	34730635	3	3	0
cd6cd7d2-3087-4089-81e5-1378ee50d37b	chr17	34737585	41265456	2	2	0
cd6cd7d2-3087-4089-81e5-1378ee50d37b	chr17	41266762	41274279	0	0	0
cd6cd7d2-3087-4089-81e5-1378ee50d37b	chr17	41276472	71983666	2	2	0
cd6cd7d2-3087-4089-81e5-1378ee50d37b	chr17	71983903	72005852	1	1	0
cd6cd7d2-3087-4089-81e5-1378ee50d37b	chr17	72007885	83091923	2	2	0
cd6cd7d2-3087-4089-81e5-1378ee50d37b	chr18	48133	25293639	3	3	0
cd6cd7d2-3087-4089-81e5-1378ee50d37b	chr18	25295734	25654368	2	2	0
cd6cd7d2-3087-4089-81e5-1378ee50d37b	chr18	25656400	25955629	3	2	1
cd6cd7d2-3087-4089-81e5-1378ee50d37b	chr18	25956502	27131792	2	2	0
cd6cd7d2-3087-4089-81e5-1378ee50d37b	chr18	27132978	27683644	1	1	0
cd6cd7d2-3087-4089-81e5-1378ee50d37b	chr18	27686057	27973830	2	1	1
cd6cd7d2-3087-4089-81e5-1378ee50d37b	chr18	27974351	28375546	2	2	0
cd6cd7d2-3087-4089-81e5-1378ee50d37b	chr18	28375674	29450437	3	3	0
cd6cd7d2-3087-4089-81e5-1378ee50d37b	chr18	29454867	31034924	2	2	0
cd6cd7d2-3087-4089-81e5-1378ee50d37b	chr18	31038583	31139225	3	2	1
cd6cd7d2-3087-4089-81e5-1378ee50d37b	chr18	31139481	32642674	2	2	0
cd6cd7d2-3087-4089-81e5-1378ee50d37b	chr18	32645102	32886269	1	1	0
cd6cd7d2-3087-4089-81e5-1378ee50d37b	chr18	32888062	35608164	2	2	0
cd6cd7d2-3087-4089-81e5-1378ee50d37b	chr18	35611588	38090319	1	1	0
cd6cd7d2-3087-4089-81e5-1378ee50d37b	chr18	38090362	38305841	2	1	1
cd6cd7d2-3087-4089-81e5-1378ee50d37b	chr18	38308300	38373977	2	2	0
cd6cd7d2-3087-4089-81e5-1378ee50d37b	chr18	38374040	38810304	1	1	0
cd6cd7d2-3087-4089-81e5-1378ee50d37b	chr18	38814000	38964312	2	2	0
cd6cd7d2-3087-4089-81e5-1378ee50d37b	chr18	38964566	61188772	1	1	0
cd6cd7d2-3087-4089-81e5-1378ee50d37b	chr18	61189487	65258738	2	1	1
cd6cd7d2-3087-4089-81e5-1378ee50d37b	chr18	65260200	67562176	1	1	0
cd6cd7d2-3087-4089-81e5-1378ee50d37b	chr18	67563224	68116392	2	1	1
cd6cd7d2-3087-4089-81e5-1378ee50d37b	chr18	68118231	68500288	1	1	0
cd6cd7d2-3087-4089-81e5-1378ee50d37b	chr18	68500434	69707471	2	1	1
cd6cd7d2-3087-4089-81e5-1378ee50d37b	chr18	69712872	80257174	1	1	0
cd6cd7d2-3087-4089-81e5-1378ee50d37b	chr19	90910	3903832	2	1	1
cd6cd7d2-3087-4089-81e5-1378ee50d37b	chr19	3906716	5652689	1	1	0
cd6cd7d2-3087-4089-81e5-1378ee50d37b	chr19	5654438	28543637	2	1	1
cd6cd7d2-3087-4089-81e5-1378ee50d37b	chr19	28544649	30419455	3	2	1
cd6cd7d2-3087-4089-81e5-1378ee50d37b	chr19	30419569	33384941	1	1	0
cd6cd7d2-3087-4089-81e5-1378ee50d37b	chr19	33385488	33396254	0	0	0
cd6cd7d2-3087-4089-81e5-1378ee50d37b	chr19	33398463	44692569	1	1	0
cd6cd7d2-3087-4089-81e5-1378ee50d37b	chr19	44692615	58586487	2	1	1
cd6cd7d2-3087-4089-81e5-1378ee50d37b	chr20	80664	9611691	2	2	0
cd6cd7d2-3087-4089-81e5-1378ee50d37b	chr20	9611951	9618154	1	1	0
cd6cd7d2-3087-4089-81e5-1378ee50d37b	chr20	9625973	13369748	2	2	0
cd6cd7d2-3087-4089-81e5-1378ee50d37b	chr20	13374950	38456021	3	2	1
cd6cd7d2-3087-4089-81e5-1378ee50d37b	chr20	38457349	38776620	1	1	0
cd6cd7d2-3087-4089-81e5-1378ee50d37b	chr20	38777103	64244821	3	2	1
cd6cd7d2-3087-4089-81e5-1378ee50d37b	chr20	64245166	64324800	2	2	0
cd6cd7d2-3087-4089-81e5-1378ee50d37b	chr21	12973348	45903095	2	1	1
cd6cd7d2-3087-4089-81e5-1378ee50d37b	chr21	45903109	45921314	5	3	2
cd6cd7d2-3087-4089-81e5-1378ee50d37b	chr21	45922202	46258259	2	1	1
cd6cd7d2-3087-4089-81e5-1378ee50d37b	chr21	46258381	46677045	1	1	0
cd6cd7d2-3087-4089-81e5-1378ee50d37b	chr22	16392123	28889550	2	1	1
cd6cd7d2-3087-4089-81e5-1378ee50d37b	chr22	28891463	29196979	1	1	0
cd6cd7d2-3087-4089-81e5-1378ee50d37b	chr22	29203995	30003428	2	1	1
cd6cd7d2-3087-4089-81e5-1378ee50d37b	chr22	30004712	34488885	1	1	0
cd6cd7d2-3087-4089-81e5-1378ee50d37b	chr22	34493245	35152897	2	1	1
cd6cd7d2-3087-4089-81e5-1378ee50d37b	chr22	35159531	36496196	3	2	1
cd6cd7d2-3087-4089-81e5-1378ee50d37b	chr22	36497740	39925255	2	1	1
cd6cd7d2-3087-4089-81e5-1378ee50d37b	chr22	39926030	41027427	1	1	0
cd6cd7d2-3087-4089-81e5-1378ee50d37b	chr22	41027623	42285854	2	1	1
cd6cd7d2-3087-4089-81e5-1378ee50d37b	chr22	42286375	44834542	1	1	0
cd6cd7d2-3087-4089-81e5-1378ee50d37b	chr22	44834556	44852334	0	0	0
cd6cd7d2-3087-4089-81e5-1378ee50d37b	chr22	44855543	44959038	1	1	0
cd6cd7d2-3087-4089-81e5-1378ee50d37b	chr22	44959318	46004081	2	1	1
cd6cd7d2-3087-4089-81e5-1378ee50d37b	chr22	46004618	50796027	1	1	0
cd6cd7d2-3087-4089-81e5-1378ee50d37b	chrX	251810	76379257	1	1	0
cd6cd7d2-3087-4089-81e5-1378ee50d37b	chrX	76380487	155734427	0	0	0
cd6cd7d2-3087-4089-81e5-1378ee50d37b	chrX	155736972	156004181	1	1	0
cd6cd7d2-3087-4089-81e5-1378ee50d37b	chrY	2782397	26653788	0	0	0
cd6cd7d2-3087-4089-81e5-1378ee50d37b	chrY	56872112	56872112	1	1	0
d749e5dc-5b31-427a-a4dc-3210cf0e8c5f	chr1	61735	248930189	1	1	0
d749e5dc-5b31-427a-a4dc-3210cf0e8c5f	chr2	12784	242147305	2	1	1
d749e5dc-5b31-427a-a4dc-3210cf0e8c5f	chr3	18667	198169247	2	1	1
d749e5dc-5b31-427a-a4dc-3210cf0e8c5f	chr4	12281	190106768	2	1	1
d749e5dc-5b31-427a-a4dc-3210cf0e8c5f	chr5	15532	181363319	2	1	1
d749e5dc-5b31-427a-a4dc-3210cf0e8c5f	chr6	149661	170741917	2	1	1
d749e5dc-5b31-427a-a4dc-3210cf0e8c5f	chr7	43259	159334314	2	1	1
d749e5dc-5b31-427a-a4dc-3210cf0e8c5f	chr8	81254	145072769	2	1	1
d749e5dc-5b31-427a-a4dc-3210cf0e8c5f	chr9	46587	138200944	2	1	1
d749e5dc-5b31-427a-a4dc-3210cf0e8c5f	chr10	26823	133769379	2	1	1
d749e5dc-5b31-427a-a4dc-3210cf0e8c5f	chr11	198572	135074876	2	1	1
d749e5dc-5b31-427a-a4dc-3210cf0e8c5f	chr12	51460	133201603	2	1	1
d749e5dc-5b31-427a-a4dc-3210cf0e8c5f	chr13	18452809	114342922	2	1	1
d749e5dc-5b31-427a-a4dc-3210cf0e8c5f	chr14	18225647	106877229	1	1	0
d749e5dc-5b31-427a-a4dc-3210cf0e8c5f	chr15	19811075	101928837	2	1	1
d749e5dc-5b31-427a-a4dc-3210cf0e8c5f	chr16	10777	90221127	2	1	1
d749e5dc-5b31-427a-a4dc-3210cf0e8c5f	chr17	150733	83090856	2	1	1
d749e5dc-5b31-427a-a4dc-3210cf0e8c5f	chr18	48133	80257174	2	1	1
d749e5dc-5b31-427a-a4dc-3210cf0e8c5f	chr19	90910	58586487	2	1	1
d749e5dc-5b31-427a-a4dc-3210cf0e8c5f	chr20	80664	64324800	2	1	1
d749e5dc-5b31-427a-a4dc-3210cf0e8c5f	chr21	10336543	46677045	1	1	0
d749e5dc-5b31-427a-a4dc-3210cf0e8c5f	chr22	15294545	50796027	2	1	1
d749e5dc-5b31-427a-a4dc-3210cf0e8c5f	chrX	251810	156004181	1	1	0
944be129-9fe5-48da-92b4-7989c5988ad4	chr1	61735	248930189	1	1	0
944be129-9fe5-48da-92b4-7989c5988ad4	chr2	12784	242147305	1	1	0
944be129-9fe5-48da-92b4-7989c5988ad4	chr3	18667	198169247	2	1	1
944be129-9fe5-48da-92b4-7989c5988ad4	chr4	12281	190106768	2	1	1
944be129-9fe5-48da-92b4-7989c5988ad4	chr5	15532	181363319	1	1	0
944be129-9fe5-48da-92b4-7989c5988ad4	chr6	149661	170741917	1	1	0
944be129-9fe5-48da-92b4-7989c5988ad4	chr7	43259	159334314	2	1	1
944be129-9fe5-48da-92b4-7989c5988ad4	chr8	81254	145072769	2	1	1
944be129-9fe5-48da-92b4-7989c5988ad4	chr9	46587	138200944	2	1	1
944be129-9fe5-48da-92b4-7989c5988ad4	chr10	26823	133769379	1	1	0
944be129-9fe5-48da-92b4-7989c5988ad4	chr11	198572	135074876	2	1	1
944be129-9fe5-48da-92b4-7989c5988ad4	chr12	51460	133201603	2	1	1
944be129-9fe5-48da-92b4-7989c5988ad4	chr13	18452809	114342922	1	1	0
944be129-9fe5-48da-92b4-7989c5988ad4	chr14	18225647	106877229	2	1	1
944be129-9fe5-48da-92b4-7989c5988ad4	chr15	19811075	101928837	2	1	1
944be129-9fe5-48da-92b4-7989c5988ad4	chr16	10777	70821299	2	1	1
944be129-9fe5-48da-92b4-7989c5988ad4	chr16	70821576	71168586	1	1	0
944be129-9fe5-48da-92b4-7989c5988ad4	chr16	71168894	90221127	2	1	1
944be129-9fe5-48da-92b4-7989c5988ad4	chr17	150733	83090856	1	1	0
944be129-9fe5-48da-92b4-7989c5988ad4	chr18	48133	80257174	2	1	1
944be129-9fe5-48da-92b4-7989c5988ad4	chr19	90910	58586487	2	1	1
944be129-9fe5-48da-92b4-7989c5988ad4	chr20	80664	64324800	2	1	1
944be129-9fe5-48da-92b4-7989c5988ad4	chr21	10336543	46677045	1	1	0
944be129-9fe5-48da-92b4-7989c5988ad4	chr22	15294545	50796027	1	1	0
944be129-9fe5-48da-92b4-7989c5988ad4	chrX	251810	156004181	1	1	0
1a226646-5071-45eb-b23c-02a81da329cc	chr1	61735	248930189	2	1	1
1a226646-5071-45eb-b23c-02a81da329cc	chr2	12784	242147305	2	1	1
1a226646-5071-45eb-b23c-02a81da329cc	chr3	18667	198169247	2	1	1
1a226646-5071-45eb-b23c-02a81da329cc	chr4	12281	190106768	2	1	1
1a226646-5071-45eb-b23c-02a81da329cc	chr5	15532	181363319	2	1	1
1a226646-5071-45eb-b23c-02a81da329cc	chr6	149661	170741917	3	2	1
1a226646-5071-45eb-b23c-02a81da329cc	chr7	43259	159334314	2	1	1
1a226646-5071-45eb-b23c-02a81da329cc	chr8	81254	145072769	2	1	1
1a226646-5071-45eb-b23c-02a81da329cc	chr9	46587	42995504	2	1	1
1a226646-5071-45eb-b23c-02a81da329cc	chr9	60840363	138200944	2	2	0
1a226646-5071-45eb-b23c-02a81da329cc	chr10	26823	133769379	2	1	1
1a226646-5071-45eb-b23c-02a81da329cc	chr11	198572	135074876	2	1	1
1a226646-5071-45eb-b23c-02a81da329cc	chr12	51460	133201603	2	1	1
1a226646-5071-45eb-b23c-02a81da329cc	chr13	18452809	114342922	2	1	1
1a226646-5071-45eb-b23c-02a81da329cc	chr14	18225647	21986046	2	1	1
1a226646-5071-45eb-b23c-02a81da329cc	chr14	21987373	22474596	3	2	1
1a226646-5071-45eb-b23c-02a81da329cc	chr14	22474658	106877229	2	1	1
1a226646-5071-45eb-b23c-02a81da329cc	chr15	19811075	101928837	2	1	1
1a226646-5071-45eb-b23c-02a81da329cc	chr16	10777	90221127	2	1	1
1a226646-5071-45eb-b23c-02a81da329cc	chr17	150733	83090856	2	1	1
1a226646-5071-45eb-b23c-02a81da329cc	chr18	48133	80257174	3	2	1
1a226646-5071-45eb-b23c-02a81da329cc	chr19	90910	58586487	2	1	1
1a226646-5071-45eb-b23c-02a81da329cc	chr20	80664	64324800	2	1	1
1a226646-5071-45eb-b23c-02a81da329cc	chr21	10336543	46677045	3	2	1
1a226646-5071-45eb-b23c-02a81da329cc	chr22	15294545	50796027	2	1	1
1a226646-5071-45eb-b23c-02a81da329cc	chrX	251810	156004181	1	1	0
784075b5-cac8-4d7f-b7a0-e9e685e6615f	chr1	62920	75243991	1	1	0
784075b5-cac8-4d7f-b7a0-e9e685e6615f	chr1	75244224	75248869	0	0	0
784075b5-cac8-4d7f-b7a0-e9e685e6615f	chr1	75249570	168265614	1	1	0
784075b5-cac8-4d7f-b7a0-e9e685e6615f	chr1	168266410	168290914	2	2	0
784075b5-cac8-4d7f-b7a0-e9e685e6615f	chr1	168293051	248930189	1	1	0
784075b5-cac8-4d7f-b7a0-e9e685e6615f	chr2	12784	57939688	1	1	0
784075b5-cac8-4d7f-b7a0-e9e685e6615f	chr2	57940963	57942815	0	0	0
784075b5-cac8-4d7f-b7a0-e9e685e6615f	chr2	57942869	85812668	1	1	0
784075b5-cac8-4d7f-b7a0-e9e685e6615f	chr2	85812698	85835553	0	0	0
784075b5-cac8-4d7f-b7a0-e9e685e6615f	chr2	85835921	152054658	1	1	0
784075b5-cac8-4d7f-b7a0-e9e685e6615f	chr2	152054824	152081921	0	0	0
784075b5-cac8-4d7f-b7a0-e9e685e6615f	chr2	152083033	242147305	1	1	0
784075b5-cac8-4d7f-b7a0-e9e685e6615f	chr3	20930	146538094	2	1	1
784075b5-cac8-4d7f-b7a0-e9e685e6615f	chr3	146538279	146586810	1	1	0
784075b5-cac8-4d7f-b7a0-e9e685e6615f	chr3	146587106	198169247	2	1	1
784075b5-cac8-4d7f-b7a0-e9e685e6615f	chr4	68929	10389091	2	1	1
784075b5-cac8-4d7f-b7a0-e9e685e6615f	chr4	10390730	10397113	0	0	0
784075b5-cac8-4d7f-b7a0-e9e685e6615f	chr4	10397210	91443366	2	1	1
784075b5-cac8-4d7f-b7a0-e9e685e6615f	chr4	91444031	91447765	1	1	0
784075b5-cac8-4d7f-b7a0-e9e685e6615f	chr4	91451983	112989684	2	1	1
784075b5-cac8-4d7f-b7a0-e9e685e6615f	chr4	112989812	113012394	1	1	0
784075b5-cac8-4d7f-b7a0-e9e685e6615f	chr4	113012412	168058112	2	1	1
784075b5-cac8-4d7f-b7a0-e9e685e6615f	chr4	168058165	168071290	1	1	0
784075b5-cac8-4d7f-b7a0-e9e685e6615f	chr4	168072733	190106768	2	1	1
784075b5-cac8-4d7f-b7a0-e9e685e6615f	chr5	15532	171657596	2	1	1
784075b5-cac8-4d7f-b7a0-e9e685e6615f	chr5	171658278	171674870	3	2	1
784075b5-cac8-4d7f-b7a0-e9e685e6615f	chr5	171674890	178809561	2	1	1
784075b5-cac8-4d7f-b7a0-e9e685e6615f	chr5	178812122	178853333	1	1	0
784075b5-cac8-4d7f-b7a0-e9e685e6615f	chr5	178855821	181363319	2	1	1
784075b5-cac8-4d7f-b7a0-e9e685e6615f	chr6	149661	328357	1	1	0
784075b5-cac8-4d7f-b7a0-e9e685e6615f	chr6	329869	379015	0	0	0
784075b5-cac8-4d7f-b7a0-e9e685e6615f	chr6	380821	30499918	1	1	0
784075b5-cac8-4d7f-b7a0-e9e685e6615f	chr6	30507638	30515216	0	0	0
784075b5-cac8-4d7f-b7a0-e9e685e6615f	chr6	30544386	103286299	1	1	0
784075b5-cac8-4d7f-b7a0-e9e685e6615f	chr6	103286770	103314186	2	2	0
784075b5-cac8-4d7f-b7a0-e9e685e6615f	chr6	103317795	170741917	1	1	0
784075b5-cac8-4d7f-b7a0-e9e685e6615f	chr7	43259	18779052	2	1	1
784075b5-cac8-4d7f-b7a0-e9e685e6615f	chr7	18779183	18786415	3	2	1
784075b5-cac8-4d7f-b7a0-e9e685e6615f	chr7	18788291	68716989	2	1	1
784075b5-cac8-4d7f-b7a0-e9e685e6615f	chr7	68717035	68719415	1	1	0
784075b5-cac8-4d7f-b7a0-e9e685e6615f	chr7	68719447	70905356	2	1	1
784075b5-cac8-4d7f-b7a0-e9e685e6615f	chr7	70905483	70973515	3	2	1
784075b5-cac8-4d7f-b7a0-e9e685e6615f	chr7	70975105	109793741	2	1	1
784075b5-cac8-4d7f-b7a0-e9e685e6615f	chr7	109797035	109813853	0	0	0
784075b5-cac8-4d7f-b7a0-e9e685e6615f	chr7	109813925	159334314	2	1	1
784075b5-cac8-4d7f-b7a0-e9e685e6615f	chr8	81254	27452263	2	1	1
784075b5-cac8-4d7f-b7a0-e9e685e6615f	chr8	27452605	27561803	3	2	1
784075b5-cac8-4d7f-b7a0-e9e685e6615f	chr8	27562290	96159898	2	1	1
784075b5-cac8-4d7f-b7a0-e9e685e6615f	chr8	96162409	96174583	1	1	0
784075b5-cac8-4d7f-b7a0-e9e685e6615f	chr8	96174739	145072769	2	1	1
784075b5-cac8-4d7f-b7a0-e9e685e6615f	chr9	46587	3125664	2	1	1
784075b5-cac8-4d7f-b7a0-e9e685e6615f	chr9	3125843	3139301	1	1	0
784075b5-cac8-4d7f-b7a0-e9e685e6615f	chr9	3139596	9905178	2	1	1
784075b5-cac8-4d7f-b7a0-e9e685e6615f	chr9	9905443	9938443	1	1	0
784075b5-cac8-4d7f-b7a0-e9e685e6615f	chr9	9938475	133721245	2	1	1
784075b5-cac8-4d7f-b7a0-e9e685e6615f	chr9	133721819	133753192	3	2	1
784075b5-cac8-4d7f-b7a0-e9e685e6615f	chr9	133753594	138200944	2	1	1
784075b5-cac8-4d7f-b7a0-e9e685e6615f	chr10	45792	3012303	1	1	0
784075b5-cac8-4d7f-b7a0-e9e685e6615f	chr10	3012662	3013542	2	2	0
784075b5-cac8-4d7f-b7a0-e9e685e6615f	chr10	3013819	65548272	1	1	0
784075b5-cac8-4d7f-b7a0-e9e685e6615f	chr10	65548833	65554688	0	0	0
784075b5-cac8-4d7f-b7a0-e9e685e6615f	chr10	65563037	133654968	1	1	0
784075b5-cac8-4d7f-b7a0-e9e685e6615f	chr11	198510	69997781	2	1	1
784075b5-cac8-4d7f-b7a0-e9e685e6615f	chr11	69997924	70003219	1	1	0
784075b5-cac8-4d7f-b7a0-e9e685e6615f	chr11	70003258	75736394	2	1	1
784075b5-cac8-4d7f-b7a0-e9e685e6615f	chr11	75740298	75745522	1	1	0
784075b5-cac8-4d7f-b7a0-e9e685e6615f	chr11	75748307	135074876	2	1	1
784075b5-cac8-4d7f-b7a0-e9e685e6615f	chr12	51460	133201603	2	1	1
784075b5-cac8-4d7f-b7a0-e9e685e6615f	chr13	18452809	106767514	1	1	0
784075b5-cac8-4d7f-b7a0-e9e685e6615f	chr13	106769638	106775303	2	2	0
784075b5-cac8-4d7f-b7a0-e9e685e6615f	chr13	106775817	112592916	1	1	0
784075b5-cac8-4d7f-b7a0-e9e685e6615f	chr13	112593017	112603897	0	0	0
784075b5-cac8-4d7f-b7a0-e9e685e6615f	chr13	112603972	114342922	1	1	0
784075b5-cac8-4d7f-b7a0-e9e685e6615f	chr14	18239283	106877229	2	1	1
784075b5-cac8-4d7f-b7a0-e9e685e6615f	chr15	19811075	22296480	3	2	1
784075b5-cac8-4d7f-b7a0-e9e685e6615f	chr15	22299009	23425837	3	3	0
784075b5-cac8-4d7f-b7a0-e9e685e6615f	chr15	23426699	24083597	2	1	1
784075b5-cac8-4d7f-b7a0-e9e685e6615f	chr15	24083818	24320929	3	2	1
784075b5-cac8-4d7f-b7a0-e9e685e6615f	chr15	24326202	45943633	2	1	1
784075b5-cac8-4d7f-b7a0-e9e685e6615f	chr15	45943946	45950393	1	1	0
784075b5-cac8-4d7f-b7a0-e9e685e6615f	chr15	45950456	76598900	2	1	1
784075b5-cac8-4d7f-b7a0-e9e685e6615f	chr15	76599170	76603434	0	0	0
784075b5-cac8-4d7f-b7a0-e9e685e6615f	chr15	76609838	101928837	2	1	1
784075b5-cac8-4d7f-b7a0-e9e685e6615f	chr16	10777	26088829	2	1	1
784075b5-cac8-4d7f-b7a0-e9e685e6615f	chr16	26089170	26114311	4	2	2
784075b5-cac8-4d7f-b7a0-e9e685e6615f	chr16	26114682	90096867	2	1	1
784075b5-cac8-4d7f-b7a0-e9e685e6615f	chr17	150733	83091923	1	1	0
784075b5-cac8-4d7f-b7a0-e9e685e6615f	chr18	48133	32706159	2	1	1
784075b5-cac8-4d7f-b7a0-e9e685e6615f	chr18	32706276	32721845	1	1	0
784075b5-cac8-4d7f-b7a0-e9e685e6615f	chr18	32723666	80257174	2	1	1
784075b5-cac8-4d7f-b7a0-e9e685e6615f	chr19	90910	58586487	2	1	1
784075b5-cac8-4d7f-b7a0-e9e685e6615f	chr20	80664	14895244	2	1	1
784075b5-cac8-4d7f-b7a0-e9e685e6615f	chr20	14895454	14958974	1	1	0
784075b5-cac8-4d7f-b7a0-e9e685e6615f	chr20	14959913	64324800	2	1	1
784075b5-cac8-4d7f-b7a0-e9e685e6615f	chr21	12973348	46677045	1	1	0
784075b5-cac8-4d7f-b7a0-e9e685e6615f	chr22	16392123	50796027	2	1	1
784075b5-cac8-4d7f-b7a0-e9e685e6615f	chrX	251810	68028992	1	1	0
784075b5-cac8-4d7f-b7a0-e9e685e6615f	chrX	68031088	68048303	2	2	0
784075b5-cac8-4d7f-b7a0-e9e685e6615f	chrX	68054796	146422903	1	1	0
784075b5-cac8-4d7f-b7a0-e9e685e6615f	chrX	146424068	146425917	2	2	0
784075b5-cac8-4d7f-b7a0-e9e685e6615f	chrX	146426178	156004181	1	1	0
784075b5-cac8-4d7f-b7a0-e9e685e6615f	chrY	2782397	56872112	0	0	0
ce7b8421-577c-4b19-80a9-119d4f9e46e2	chr1	62920	36703812	1	1	0
ce7b8421-577c-4b19-80a9-119d4f9e46e2	chr1	36704064	36719281	0	0	0
ce7b8421-577c-4b19-80a9-119d4f9e46e2	chr1	36722176	99120240	1	1	0
ce7b8421-577c-4b19-80a9-119d4f9e46e2	chr1	99120887	99149917	2	2	0
ce7b8421-577c-4b19-80a9-119d4f9e46e2	chr1	99152529	115792206	1	1	0
ce7b8421-577c-4b19-80a9-119d4f9e46e2	chr1	115794330	179002639	2	1	1
ce7b8421-577c-4b19-80a9-119d4f9e46e2	chr1	179003078	248930189	1	1	0
ce7b8421-577c-4b19-80a9-119d4f9e46e2	chr2	12784	15265539	2	1	1
ce7b8421-577c-4b19-80a9-119d4f9e46e2	chr2	15265920	15292549	1	1	0
ce7b8421-577c-4b19-80a9-119d4f9e46e2	chr2	15293204	76698773	2	1	1
ce7b8421-577c-4b19-80a9-119d4f9e46e2	chr2	76701007	76722438	4	2	2
ce7b8421-577c-4b19-80a9-119d4f9e46e2	chr2	76729368	88833611	2	1	1
ce7b8421-577c-4b19-80a9-119d4f9e46e2	chr2	88834118	89085826	6	6	0
ce7b8421-577c-4b19-80a9-119d4f9e46e2	chr2	89092541	89265460	3	3	0
ce7b8421-577c-4b19-80a9-119d4f9e46e2	chr2	89268711	90235899	1	1	0
ce7b8421-577c-4b19-80a9-119d4f9e46e2	chr2	90262403	191897563	2	1	1
ce7b8421-577c-4b19-80a9-119d4f9e46e2	chr2	191901142	191961043	1	1	0
ce7b8421-577c-4b19-80a9-119d4f9e46e2	chr2	191965523	205541800	2	1	1
ce7b8421-577c-4b19-80a9-119d4f9e46e2	chr2	205544889	205679370	3	2	1
ce7b8421-577c-4b19-80a9-119d4f9e46e2	chr2	205679578	242147305	2	1	1
ce7b8421-577c-4b19-80a9-119d4f9e46e2	chr3	20930	162822702	2	1	1
ce7b8421-577c-4b19-80a9-119d4f9e46e2	chr3	162827928	162898127	6	6	0
ce7b8421-577c-4b19-80a9-119d4f9e46e2	chr3	162906054	198169247	2	1	1
ce7b8421-577c-4b19-80a9-119d4f9e46e2	chr4	68929	160952848	2	1	1
ce7b8421-577c-4b19-80a9-119d4f9e46e2	chr4	160958866	160963448	0	0	0
ce7b8421-577c-4b19-80a9-119d4f9e46e2	chr4	160963756	190106768	2	1	1
ce7b8421-577c-4b19-80a9-119d4f9e46e2	chr5	15532	76647432	2	1	1
ce7b8421-577c-4b19-80a9-119d4f9e46e2	chr5	76648451	76663644	4	2	2
ce7b8421-577c-4b19-80a9-119d4f9e46e2	chr5	76664953	91189364	2	1	1
ce7b8421-577c-4b19-80a9-119d4f9e46e2	chr5	91189868	91198258	4	2	2
ce7b8421-577c-4b19-80a9-119d4f9e46e2	chr5	91198297	169089951	2	1	1
ce7b8421-577c-4b19-80a9-119d4f9e46e2	chr5	169090017	169166473	3	2	1
ce7b8421-577c-4b19-80a9-119d4f9e46e2	chr5	169168661	181363319	2	1	1
ce7b8421-577c-4b19-80a9-119d4f9e46e2	chr6	149661	30372309	2	1	1
ce7b8421-577c-4b19-80a9-119d4f9e46e2	chr6	30372620	30507638	1	1	0
ce7b8421-577c-4b19-80a9-119d4f9e46e2	chr6	30507940	30544386	0	0	0
ce7b8421-577c-4b19-80a9-119d4f9e46e2	chr6	30559068	45919684	2	1	1
ce7b8421-577c-4b19-80a9-119d4f9e46e2	chr6	45920166	45935047	4	2	2
ce7b8421-577c-4b19-80a9-119d4f9e46e2	chr6	45935788	51804764	2	1	1
ce7b8421-577c-4b19-80a9-119d4f9e46e2	chr6	51804801	51806523	1	1	0
ce7b8421-577c-4b19-80a9-119d4f9e46e2	chr6	51806552	170741917	2	1	1
ce7b8421-577c-4b19-80a9-119d4f9e46e2	chr7	43259	18779052	3	2	1
ce7b8421-577c-4b19-80a9-119d4f9e46e2	chr7	18779183	18786415	5	4	1
ce7b8421-577c-4b19-80a9-119d4f9e46e2	chr7	18788291	147578435	3	2	1
ce7b8421-577c-4b19-80a9-119d4f9e46e2	chr7	147580968	147587042	2	1	1
ce7b8421-577c-4b19-80a9-119d4f9e46e2	chr7	147587211	159334314	3	2	1
ce7b8421-577c-4b19-80a9-119d4f9e46e2	chr8	81254	145072769	2	1	1
ce7b8421-577c-4b19-80a9-119d4f9e46e2	chr9	46587	9917049	1	1	0
ce7b8421-577c-4b19-80a9-119d4f9e46e2	chr9	9917390	9943040	0	0	0
ce7b8421-577c-4b19-80a9-119d4f9e46e2	chr9	9943196	138200944	1	1	0
ce7b8421-577c-4b19-80a9-119d4f9e46e2	chr10	45792	113624708	1	1	0
ce7b8421-577c-4b19-80a9-119d4f9e46e2	chr10	113629014	113633001	2	2	0
ce7b8421-577c-4b19-80a9-119d4f9e46e2	chr10	113633160	133654968	1	1	0
ce7b8421-577c-4b19-80a9-119d4f9e46e2	chr11	198510	8210441	2	1	1
ce7b8421-577c-4b19-80a9-119d4f9e46e2	chr11	8210638	8234785	3	2	1
ce7b8421-577c-4b19-80a9-119d4f9e46e2	chr11	8241376	135074876	2	1	1
ce7b8421-577c-4b19-80a9-119d4f9e46e2	chr12	51460	31080036	3	2	1
ce7b8421-577c-4b19-80a9-119d4f9e46e2	chr12	31084222	31249756	5	3	2
ce7b8421-577c-4b19-80a9-119d4f9e46e2	chr12	31253875	133201603	3	2	1
ce7b8421-577c-4b19-80a9-119d4f9e46e2	chr13	18452809	23644677	2	1	1
ce7b8421-577c-4b19-80a9-119d4f9e46e2	chr13	23645821	23918814	0	0	0
ce7b8421-577c-4b19-80a9-119d4f9e46e2	chr13	23921773	37496998	2	1	1
ce7b8421-577c-4b19-80a9-119d4f9e46e2	chr13	37497899	37510620	0	0	0
ce7b8421-577c-4b19-80a9-119d4f9e46e2	chr13	37514193	114342922	2	1	1
ce7b8421-577c-4b19-80a9-119d4f9e46e2	chr14	18239283	106877229	2	1	1
ce7b8421-577c-4b19-80a9-119d4f9e46e2	chr15	19811075	45904070	2	1	1
ce7b8421-577c-4b19-80a9-119d4f9e46e2	chr15	45904165	45950393	1	1	0
ce7b8421-577c-4b19-80a9-119d4f9e46e2	chr15	45950456	76598900	2	1	1
ce7b8421-577c-4b19-80a9-119d4f9e46e2	chr15	76599170	76603434	0	0	0
ce7b8421-577c-4b19-80a9-119d4f9e46e2	chr15	76609838	101928837	2	1	1
ce7b8421-577c-4b19-80a9-119d4f9e46e2	chr16	10777	26083515	2	1	1
ce7b8421-577c-4b19-80a9-119d4f9e46e2	chr16	26083979	26104241	4	2	2
ce7b8421-577c-4b19-80a9-119d4f9e46e2	chr16	26104601	53983398	2	1	1
ce7b8421-577c-4b19-80a9-119d4f9e46e2	chr16	53985774	54020999	1	1	0
ce7b8421-577c-4b19-80a9-119d4f9e46e2	chr16	54022247	78343037	2	1	1
ce7b8421-577c-4b19-80a9-119d4f9e46e2	chr16	78343264	78350841	0	0	0
ce7b8421-577c-4b19-80a9-119d4f9e46e2	chr16	78350868	90096867	2	1	1
ce7b8421-577c-4b19-80a9-119d4f9e46e2	chr17	150733	33330657	2	1	1
ce7b8421-577c-4b19-80a9-119d4f9e46e2	chr17	33332489	33382772	3	2	1
ce7b8421-577c-4b19-80a9-119d4f9e46e2	chr17	33383350	83091923	2	1	1
ce7b8421-577c-4b19-80a9-119d4f9e46e2	chr18	48133	80257174	2	1	1
ce7b8421-577c-4b19-80a9-119d4f9e46e2	chr19	90910	15686599	2	1	1
ce7b8421-577c-4b19-80a9-119d4f9e46e2	chr19	15687584	15729310	1	1	0
ce7b8421-577c-4b19-80a9-119d4f9e46e2	chr19	15729410	29576946	2	1	1
ce7b8421-577c-4b19-80a9-119d4f9e46e2	chr19	29577270	29599620	1	1	0
ce7b8421-577c-4b19-80a9-119d4f9e46e2	chr19	29599742	42798357	2	1	1
ce7b8421-577c-4b19-80a9-119d4f9e46e2	chr19	42801183	43038679	1	1	0
ce7b8421-577c-4b19-80a9-119d4f9e46e2	chr19	43044862	58586487	2	1	1
ce7b8421-577c-4b19-80a9-119d4f9e46e2	chr20	80664	64324800	2	1	1
ce7b8421-577c-4b19-80a9-119d4f9e46e2	chr21	12973348	46677045	1	1	0
ce7b8421-577c-4b19-80a9-119d4f9e46e2	chr22	16392123	50796027	2	1	1
ce7b8421-577c-4b19-80a9-119d4f9e46e2	chrX	251810	507629	1	1	0
ce7b8421-577c-4b19-80a9-119d4f9e46e2	chrX	509057	718862	2	1	1
ce7b8421-577c-4b19-80a9-119d4f9e46e2	chrX	721029	733497	1	1	0
ce7b8421-577c-4b19-80a9-119d4f9e46e2	chrX	736414	2446094	2	1	1
ce7b8421-577c-4b19-80a9-119d4f9e46e2	chrX	2450101	2487700	3	2	1
ce7b8421-577c-4b19-80a9-119d4f9e46e2	chrX	2488109	2627552	2	1	1
ce7b8421-577c-4b19-80a9-119d4f9e46e2	chrX	2627862	2649506	3	2	1
ce7b8421-577c-4b19-80a9-119d4f9e46e2	chrX	2649606	2714781	2	1	1
ce7b8421-577c-4b19-80a9-119d4f9e46e2	chrX	2715566	2735511	1	1	0
ce7b8421-577c-4b19-80a9-119d4f9e46e2	chrX	2735872	2775134	3	2	1
ce7b8421-577c-4b19-80a9-119d4f9e46e2	chrX	2775583	155066270	1	1	0
ce7b8421-577c-4b19-80a9-119d4f9e46e2	chrX	155068309	155734393	0	0	0
ce7b8421-577c-4b19-80a9-119d4f9e46e2	chrX	155734427	155800147	2	2	0
ce7b8421-577c-4b19-80a9-119d4f9e46e2	chrX	155804033	156004181	1	1	0
ce7b8421-577c-4b19-80a9-119d4f9e46e2	chrY	2782397	26653788	2	0	2
ce7b8421-577c-4b19-80a9-119d4f9e46e2	chrY	56872112	56872112	1	1	0
fd564a52-445b-4b36-8461-61c3c9fe3de8	chr1	61735	248930189	2	2	0
fd564a52-445b-4b36-8461-61c3c9fe3de8	chr2	12784	242147305	2	2	0
fd564a52-445b-4b36-8461-61c3c9fe3de8	chr3	18667	198169247	4	2	2
fd564a52-445b-4b36-8461-61c3c9fe3de8	chr4	12281	190106768	4	2	2
fd564a52-445b-4b36-8461-61c3c9fe3de8	chr5	15532	181363319	4	2	2
fd564a52-445b-4b36-8461-61c3c9fe3de8	chr6	149661	170741917	2	2	0
fd564a52-445b-4b36-8461-61c3c9fe3de8	chr7	43259	159334314	4	2	2
fd564a52-445b-4b36-8461-61c3c9fe3de8	chr8	81254	145072769	2	2	0
fd564a52-445b-4b36-8461-61c3c9fe3de8	chr9	46587	138200944	4	2	2
fd564a52-445b-4b36-8461-61c3c9fe3de8	chr10	26823	133769379	2	2	0
fd564a52-445b-4b36-8461-61c3c9fe3de8	chr11	198572	135074876	4	2	2
fd564a52-445b-4b36-8461-61c3c9fe3de8	chr12	51460	133201603	4	2	2
fd564a52-445b-4b36-8461-61c3c9fe3de8	chr13	18452809	114342922	2	2	0
fd564a52-445b-4b36-8461-61c3c9fe3de8	chr14	18225647	106877229	4	2	2
fd564a52-445b-4b36-8461-61c3c9fe3de8	chr15	19811075	101928837	4	2	2
fd564a52-445b-4b36-8461-61c3c9fe3de8	chr16	10777	70805434	4	2	2
fd564a52-445b-4b36-8461-61c3c9fe3de8	chr16	70808194	71168586	3	2	1
fd564a52-445b-4b36-8461-61c3c9fe3de8	chr16	71168894	90221127	4	2	2
fd564a52-445b-4b36-8461-61c3c9fe3de8	chr17	150733	83090856	2	2	0
fd564a52-445b-4b36-8461-61c3c9fe3de8	chr18	48133	80257174	4	2	2
fd564a52-445b-4b36-8461-61c3c9fe3de8	chr19	90910	58586487	4	2	2
fd564a52-445b-4b36-8461-61c3c9fe3de8	chr20	80664	64324800	4	2	2
fd564a52-445b-4b36-8461-61c3c9fe3de8	chr21	10336543	46677045	2	2	0
fd564a52-445b-4b36-8461-61c3c9fe3de8	chr22	15294545	50796027	4	2	2
fd564a52-445b-4b36-8461-61c3c9fe3de8	chrX	251810	156004181	2	2	0
c74f3074-c901-49af-8a8e-4ab571561794	chr1	61735	248930189	4	4	0
c74f3074-c901-49af-8a8e-4ab571561794	chr2	12784	242147305	4	4	0
c74f3074-c901-49af-8a8e-4ab571561794	chr3	18667	198169247	4	4	0
c74f3074-c901-49af-8a8e-4ab571561794	chr4	12281	22605735	4	4	0
c74f3074-c901-49af-8a8e-4ab571561794	chr4	22605803	22658597	8	5	3
c74f3074-c901-49af-8a8e-4ab571561794	chr4	22658997	23819105	3	3	0
c74f3074-c901-49af-8a8e-4ab571561794	chr4	23827085	171812159	8	4	4
c74f3074-c901-49af-8a8e-4ab571561794	chr4	171814746	173431573	4	4	0
c74f3074-c901-49af-8a8e-4ab571561794	chr4	173435513	190106768	8	4	4
c74f3074-c901-49af-8a8e-4ab571561794	chr5	15532	181363319	4	4	0
c74f3074-c901-49af-8a8e-4ab571561794	chr6	149661	138156355	4	4	0
c74f3074-c901-49af-8a8e-4ab571561794	chr6	138157177	138235541	9	8	1
c74f3074-c901-49af-8a8e-4ab571561794	chr6	138236383	170741917	4	4	0
c74f3074-c901-49af-8a8e-4ab571561794	chr7	43259	55673408	8	4	4
c74f3074-c901-49af-8a8e-4ab571561794	chr7	55673436	76894868	7	4	3
c74f3074-c901-49af-8a8e-4ab571561794	chr7	76894960	159334314	8	4	4
c74f3074-c901-49af-8a8e-4ab571561794	chr8	81254	145072769	5	4	1
c74f3074-c901-49af-8a8e-4ab571561794	chr9	46587	138200944	4	4	0
c74f3074-c901-49af-8a8e-4ab571561794	chr10	26823	36732429	8	4	4
c74f3074-c901-49af-8a8e-4ab571561794	chr10	36733032	42411195	3	3	0
c74f3074-c901-49af-8a8e-4ab571561794	chr10	42411753	133769379	4	4	0
c74f3074-c901-49af-8a8e-4ab571561794	chr11	198572	135074876	8	4	4
c74f3074-c901-49af-8a8e-4ab571561794	chr12	51460	37659759	4	4	0
c74f3074-c901-49af-8a8e-4ab571561794	chr12	37659832	133201603	5	4	1
c74f3074-c901-49af-8a8e-4ab571561794	chr13	18452809	114342922	4	4	0
c74f3074-c901-49af-8a8e-4ab571561794	chr14	18225647	106877229	8	4	4
c74f3074-c901-49af-8a8e-4ab571561794	chr15	19811075	101928837	8	4	4
c74f3074-c901-49af-8a8e-4ab571561794	chr16	10777	63827339	8	4	4
c74f3074-c901-49af-8a8e-4ab571561794	chr16	63827367	66354882	9	5	4
c74f3074-c901-49af-8a8e-4ab571561794	chr16	66354931	79165475	7	4	3
c74f3074-c901-49af-8a8e-4ab571561794	chr16	79166011	90221127	8	4	4
c74f3074-c901-49af-8a8e-4ab571561794	chr17	150733	46084941	4	4	0
c74f3074-c901-49af-8a8e-4ab571561794	chr17	46085231	46203310	2	2	0
c74f3074-c901-49af-8a8e-4ab571561794	chr17	46203331	83090856	4	4	0
c74f3074-c901-49af-8a8e-4ab571561794	chr18	48133	80257174	4	4	0
c74f3074-c901-49af-8a8e-4ab571561794	chr19	90910	27474607	7	4	3
c74f3074-c901-49af-8a8e-4ab571561794	chr19	27507658	34927453	6	3	3
c74f3074-c901-49af-8a8e-4ab571561794	chr19	34927596	58586487	5	4	1
c74f3074-c901-49af-8a8e-4ab571561794	chr20	80664	64324800	8	4	4
c74f3074-c901-49af-8a8e-4ab571561794	chr21	10336543	46677045	8	4	4
c74f3074-c901-49af-8a8e-4ab571561794	chr22	15294545	50796027	8	4	4
c74f3074-c901-49af-8a8e-4ab571561794	chrX	251810	66967752	8	4	4
c74f3074-c901-49af-8a8e-4ab571561794	chrX	66970249	97870994	5	4	1
c74f3074-c901-49af-8a8e-4ab571561794	chrX	97872875	156004181	9	5	4
d9caf923-ac47-4d22-af70-9d6b653714d5	chr1	61735	248930189	2	2	0
d9caf923-ac47-4d22-af70-9d6b653714d5	chr2	12784	242147305	2	2	0
d9caf923-ac47-4d22-af70-9d6b653714d5	chr3	18667	198169247	4	2	2
d9caf923-ac47-4d22-af70-9d6b653714d5	chr4	12281	190106768	4	2	2
d9caf923-ac47-4d22-af70-9d6b653714d5	chr5	15532	181363319	4	2	2
d9caf923-ac47-4d22-af70-9d6b653714d5	chr6	149661	134145860	2	2	0
d9caf923-ac47-4d22-af70-9d6b653714d5	chr6	134146586	134201942	4	4	0
d9caf923-ac47-4d22-af70-9d6b653714d5	chr6	134205067	170741917	2	2	0
d9caf923-ac47-4d22-af70-9d6b653714d5	chr7	43259	159334314	4	2	2
d9caf923-ac47-4d22-af70-9d6b653714d5	chr8	81254	145072769	4	2	2
d9caf923-ac47-4d22-af70-9d6b653714d5	chr9	46587	138200944	4	2	2
d9caf923-ac47-4d22-af70-9d6b653714d5	chr10	26823	46146451	2	2	0
d9caf923-ac47-4d22-af70-9d6b653714d5	chr10	46154874	46780844	1	1	0
d9caf923-ac47-4d22-af70-9d6b653714d5	chr10	46792333	133769379	2	2	0
d9caf923-ac47-4d22-af70-9d6b653714d5	chr11	198572	135074876	4	2	2
d9caf923-ac47-4d22-af70-9d6b653714d5	chr12	51460	133201603	4	2	2
d9caf923-ac47-4d22-af70-9d6b653714d5	chr13	18452809	114342922	2	2	0
d9caf923-ac47-4d22-af70-9d6b653714d5	chr14	18225647	73493967	4	2	2
d9caf923-ac47-4d22-af70-9d6b653714d5	chr14	73494009	75913455	3	2	1
d9caf923-ac47-4d22-af70-9d6b653714d5	chr14	75916876	77321556	4	2	2
d9caf923-ac47-4d22-af70-9d6b653714d5	chr14	77322254	81653164	3	2	1
d9caf923-ac47-4d22-af70-9d6b653714d5	chr14	81654983	106877229	4	2	2
d9caf923-ac47-4d22-af70-9d6b653714d5	chr15	19811075	101928837	4	2	2
d9caf923-ac47-4d22-af70-9d6b653714d5	chr16	10777	70820478	4	2	2
d9caf923-ac47-4d22-af70-9d6b653714d5	chr16	70821299	71101157	3	2	1
d9caf923-ac47-4d22-af70-9d6b653714d5	chr16	71101569	89547004	4	2	2
d9caf923-ac47-4d22-af70-9d6b653714d5	chr16	89551110	90221127	4	3	1
d9caf923-ac47-4d22-af70-9d6b653714d5	chr17	150733	83090856	2	2	0
d9caf923-ac47-4d22-af70-9d6b653714d5	chr18	48133	80257174	4	2	2
d9caf923-ac47-4d22-af70-9d6b653714d5	chr19	90910	58586487	4	2	2
d9caf923-ac47-4d22-af70-9d6b653714d5	chr20	80664	64324800	4	2	2
d9caf923-ac47-4d22-af70-9d6b653714d5	chr21	10336543	13964300	3	2	1
d9caf923-ac47-4d22-af70-9d6b653714d5	chr21	13964764	16409783	4	2	2
d9caf923-ac47-4d22-af70-9d6b653714d5	chr21	16418755	24617105	3	2	1
d9caf923-ac47-4d22-af70-9d6b653714d5	chr21	24617203	46677045	4	2	2
d9caf923-ac47-4d22-af70-9d6b653714d5	chr22	15294545	50796027	4	2	2
d9caf923-ac47-4d22-af70-9d6b653714d5	chrX	251810	156004181	2	2	0
bc760b0d-854a-4749-bb7d-16d7f32ba174	chr1	62920	73062569	3	3	0
bc760b0d-854a-4749-bb7d-16d7f32ba174	chr1	73067011	73148843	4	4	0
bc760b0d-854a-4749-bb7d-16d7f32ba174	chr1	73150784	110834746	3	3	0
bc760b0d-854a-4749-bb7d-16d7f32ba174	chr1	110834943	110845604	0	0	0
bc760b0d-854a-4749-bb7d-16d7f32ba174	chr1	110849445	248930189	3	3	0
bc760b0d-854a-4749-bb7d-16d7f32ba174	chr2	12784	154361936	3	3	0
bc760b0d-854a-4749-bb7d-16d7f32ba174	chr2	154366359	154401022	4	4	0
bc760b0d-854a-4749-bb7d-16d7f32ba174	chr2	154405807	212321626	3	3	0
bc760b0d-854a-4749-bb7d-16d7f32ba174	chr2	212321824	212327101	0	0	0
bc760b0d-854a-4749-bb7d-16d7f32ba174	chr2	212327402	242147305	3	3	0
bc760b0d-854a-4749-bb7d-16d7f32ba174	chr3	20930	130057833	6	3	3
bc760b0d-854a-4749-bb7d-16d7f32ba174	chr3	130062033	130087393	1	1	0
bc760b0d-854a-4749-bb7d-16d7f32ba174	chr3	130088081	146538692	6	3	3
bc760b0d-854a-4749-bb7d-16d7f32ba174	chr3	146539520	146543309	3	2	1
bc760b0d-854a-4749-bb7d-16d7f32ba174	chr3	146543340	162790480	6	3	3
bc760b0d-854a-4749-bb7d-16d7f32ba174	chr3	162794869	162908192	1	1	0
bc760b0d-854a-4749-bb7d-16d7f32ba174	chr3	162908207	198169247	6	3	3
bc760b0d-854a-4749-bb7d-16d7f32ba174	chr4	68929	34784878	6	3	3
bc760b0d-854a-4749-bb7d-16d7f32ba174	chr4	34785333	34819718	2	2	0
bc760b0d-854a-4749-bb7d-16d7f32ba174	chr4	34822561	54631000	6	3	3
bc760b0d-854a-4749-bb7d-16d7f32ba174	chr4	54631279	54783344	7	4	3
bc760b0d-854a-4749-bb7d-16d7f32ba174	chr4	54784222	190106768	6	3	3
bc760b0d-854a-4749-bb7d-16d7f32ba174	chr5	15532	78319420	6	3	3
bc760b0d-854a-4749-bb7d-16d7f32ba174	chr5	78321335	168728213	5	3	2
bc760b0d-854a-4749-bb7d-16d7f32ba174	chr5	168728306	168743703	3	2	1
bc760b0d-854a-4749-bb7d-16d7f32ba174	chr5	168743837	181363319	6	3	3
bc760b0d-854a-4749-bb7d-16d7f32ba174	chr6	149661	77536901	3	3	0
bc760b0d-854a-4749-bb7d-16d7f32ba174	chr6	77541488	77558139	4	4	0
bc760b0d-854a-4749-bb7d-16d7f32ba174	chr6	77559056	170741917	3	3	0
bc760b0d-854a-4749-bb7d-16d7f32ba174	chr7	43259	37570760	6	3	3
bc760b0d-854a-4749-bb7d-16d7f32ba174	chr7	37570904	38702376	5	3	2
bc760b0d-854a-4749-bb7d-16d7f32ba174	chr7	38708182	157923814	6	3	3
bc760b0d-854a-4749-bb7d-16d7f32ba174	chr7	157927861	157963771	8	5	3
bc760b0d-854a-4749-bb7d-16d7f32ba174	chr7	157965328	158004708	14	9	5
bc760b0d-854a-4749-bb7d-16d7f32ba174	chr7	158008708	159334314	6	3	3
bc760b0d-854a-4749-bb7d-16d7f32ba174	chr8	81254	145072769	6	3	3
bc760b0d-854a-4749-bb7d-16d7f32ba174	chr9	46587	138200944	6	3	3
bc760b0d-854a-4749-bb7d-16d7f32ba174	chr10	45792	133654968	3	3	0
bc760b0d-854a-4749-bb7d-16d7f32ba174	chr11	198510	69999896	3	3	0
bc760b0d-854a-4749-bb7d-16d7f32ba174	chr11	70000098	70003258	1	1	0
bc760b0d-854a-4749-bb7d-16d7f32ba174	chr11	70003328	79498762	3	3	0
bc760b0d-854a-4749-bb7d-16d7f32ba174	chr11	79498829	79623302	5	4	1
bc760b0d-854a-4749-bb7d-16d7f32ba174	chr11	79623472	91863437	3	3	0
bc760b0d-854a-4749-bb7d-16d7f32ba174	chr11	91865950	91883836	6	5	1
bc760b0d-854a-4749-bb7d-16d7f32ba174	chr11	91884008	135074876	3	3	0
bc760b0d-854a-4749-bb7d-16d7f32ba174	chr12	51460	823871	4	3	1
bc760b0d-854a-4749-bb7d-16d7f32ba174	chr12	827302	133201603	6	3	3
bc760b0d-854a-4749-bb7d-16d7f32ba174	chr13	18452809	114342922	3	3	0
bc760b0d-854a-4749-bb7d-16d7f32ba174	chr14	18239283	106877229	6	3	3
bc760b0d-854a-4749-bb7d-16d7f32ba174	chr15	19811075	101928837	6	3	3
bc760b0d-854a-4749-bb7d-16d7f32ba174	chr16	10777	77766826	6	3	3
bc760b0d-854a-4749-bb7d-16d7f32ba174	chr16	77767333	80520006	7	4	3
bc760b0d-854a-4749-bb7d-16d7f32ba174	chr16	80521051	90096867	6	3	3
bc760b0d-854a-4749-bb7d-16d7f32ba174	chr17	150733	83091923	3	3	0
bc760b0d-854a-4749-bb7d-16d7f32ba174	chr18	48133	7357455	6	3	3
bc760b0d-854a-4749-bb7d-16d7f32ba174	chr18	7359410	80257174	4	3	1
bc760b0d-854a-4749-bb7d-16d7f32ba174	chr19	90910	2996891	5	3	2
bc760b0d-854a-4749-bb7d-16d7f32ba174	chr19	2997792	33266685	6	3	3
bc760b0d-854a-4749-bb7d-16d7f32ba174	chr19	33271351	33293900	9	5	4
bc760b0d-854a-4749-bb7d-16d7f32ba174	chr19	33297937	53216194	6	3	3
bc760b0d-854a-4749-bb7d-16d7f32ba174	chr19	53217300	53390582	7	4	3
bc760b0d-854a-4749-bb7d-16d7f32ba174	chr19	53390815	58586487	6	3	3
bc760b0d-854a-4749-bb7d-16d7f32ba174	chr20	80664	16499661	6	3	3
bc760b0d-854a-4749-bb7d-16d7f32ba174	chr20	16499705	16552395	4	2	2
bc760b0d-854a-4749-bb7d-16d7f32ba174	chr20	16554303	64324800	6	3	3
bc760b0d-854a-4749-bb7d-16d7f32ba174	chr21	12973348	46677045	3	3	0
bc760b0d-854a-4749-bb7d-16d7f32ba174	chr22	16392123	50796027	4	3	1
bc760b0d-854a-4749-bb7d-16d7f32ba174	chrX	251810	10164183	6	3	3
bc760b0d-854a-4749-bb7d-16d7f32ba174	chrX	10166899	10172148	11	6	5
bc760b0d-854a-4749-bb7d-16d7f32ba174	chrX	10172734	55032492	6	3	3
bc760b0d-854a-4749-bb7d-16d7f32ba174	chrX	55032690	62974244	6	4	2
bc760b0d-854a-4749-bb7d-16d7f32ba174	chrX	62975721	156004181	6	3	3
bc760b0d-854a-4749-bb7d-16d7f32ba174	chrY	2782397	26653788	0	0	0
bc760b0d-854a-4749-bb7d-16d7f32ba174	chrY	56872112	56872112	1	1	0
ccbe0104-89ff-4494-8183-26146439d4fa	chr1	61735	45996205	2	2	0
ccbe0104-89ff-4494-8183-26146439d4fa	chr1	45996454	48423927	1	1	0
ccbe0104-89ff-4494-8183-26146439d4fa	chr1	48424182	248930189	2	2	0
ccbe0104-89ff-4494-8183-26146439d4fa	chr2	12784	242147305	2	2	0
ccbe0104-89ff-4494-8183-26146439d4fa	chr3	18667	26570675	4	2	2
ccbe0104-89ff-4494-8183-26146439d4fa	chr3	26571710	26796952	6	4	2
ccbe0104-89ff-4494-8183-26146439d4fa	chr3	26800534	27192322	3	2	1
ccbe0104-89ff-4494-8183-26146439d4fa	chr3	27193885	28351367	5	3	2
ccbe0104-89ff-4494-8183-26146439d4fa	chr3	28351896	29440835	3	2	1
ccbe0104-89ff-4494-8183-26146439d4fa	chr3	29441221	29576878	4	2	2
ccbe0104-89ff-4494-8183-26146439d4fa	chr3	29579445	30259688	3	2	1
ccbe0104-89ff-4494-8183-26146439d4fa	chr3	30262283	30747215	6	4	2
ccbe0104-89ff-4494-8183-26146439d4fa	chr3	30748611	31088650	3	2	1
ccbe0104-89ff-4494-8183-26146439d4fa	chr3	31095338	32986138	9	7	2
ccbe0104-89ff-4494-8183-26146439d4fa	chr3	32987336	36839193	7	5	2
ccbe0104-89ff-4494-8183-26146439d4fa	chr3	36839367	49454969	6	4	2
ccbe0104-89ff-4494-8183-26146439d4fa	chr3	49456370	51147239	3	2	1
ccbe0104-89ff-4494-8183-26146439d4fa	chr3	51151812	61382354	2	2	0
ccbe0104-89ff-4494-8183-26146439d4fa	chr3	61383032	61849081	3	2	1
ccbe0104-89ff-4494-8183-26146439d4fa	chr3	61849268	89345551	2	2	0
ccbe0104-89ff-4494-8183-26146439d4fa	chr3	89345563	124430766	3	2	1
ccbe0104-89ff-4494-8183-26146439d4fa	chr3	124431334	124976733	5	3	2
ccbe0104-89ff-4494-8183-26146439d4fa	chr3	124976840	159844586	3	2	1
ccbe0104-89ff-4494-8183-26146439d4fa	chr3	159844708	160367336	4	2	2
ccbe0104-89ff-4494-8183-26146439d4fa	chr3	160368267	198169247	3	2	1
ccbe0104-89ff-4494-8183-26146439d4fa	chr4	12281	190106768	4	2	2
ccbe0104-89ff-4494-8183-26146439d4fa	chr5	15532	681187	7	5	2
ccbe0104-89ff-4494-8183-26146439d4fa	chr5	685389	1107313	3	2	1
ccbe0104-89ff-4494-8183-26146439d4fa	chr5	1108135	1286117	9	7	2
ccbe0104-89ff-4494-8183-26146439d4fa	chr5	1286182	13464624	2	2	0
ccbe0104-89ff-4494-8183-26146439d4fa	chr5	13467790	14442054	3	2	1
ccbe0104-89ff-4494-8183-26146439d4fa	chr5	14442080	17047427	2	2	0
ccbe0104-89ff-4494-8183-26146439d4fa	chr5	17049260	31457913	3	2	1
ccbe0104-89ff-4494-8183-26146439d4fa	chr5	31457966	32123682	5	3	2
ccbe0104-89ff-4494-8183-26146439d4fa	chr5	32123785	106996098	3	2	1
ccbe0104-89ff-4494-8183-26146439d4fa	chr5	107001887	107066869	5	3	2
ccbe0104-89ff-4494-8183-26146439d4fa	chr5	107067982	181363319	3	2	1
ccbe0104-89ff-4494-8183-26146439d4fa	chr6	149661	154952230	2	2	0
ccbe0104-89ff-4494-8183-26146439d4fa	chr6	154955060	155394443	4	4	0
ccbe0104-89ff-4494-8183-26146439d4fa	chr6	155395338	170741917	2	2	0
ccbe0104-89ff-4494-8183-26146439d4fa	chr7	43259	62616927	4	2	2
ccbe0104-89ff-4494-8183-26146439d4fa	chr7	62617259	101457184	5	3	2
ccbe0104-89ff-4494-8183-26146439d4fa	chr7	101457783	102451288	8	6	2
ccbe0104-89ff-4494-8183-26146439d4fa	chr7	102458452	139653280	5	3	2
ccbe0104-89ff-4494-8183-26146439d4fa	chr7	139654724	141967622	2	2	0
ccbe0104-89ff-4494-8183-26146439d4fa	chr7	141970392	142105742	4	4	0
ccbe0104-89ff-4494-8183-26146439d4fa	chr7	142108086	150950113	2	2	0
ccbe0104-89ff-4494-8183-26146439d4fa	chr7	150960889	151443345	5	3	2
ccbe0104-89ff-4494-8183-26146439d4fa	chr7	151443706	159334314	2	2	0
ccbe0104-89ff-4494-8183-26146439d4fa	chr8	81254	47432026	3	2	1
ccbe0104-89ff-4494-8183-26146439d4fa	chr8	47432381	49940355	4	2	2
ccbe0104-89ff-4494-8183-26146439d4fa	chr8	49940409	50067760	9	9	0
ccbe0104-89ff-4494-8183-26146439d4fa	chr8	50076101	50784550	4	2	2
ccbe0104-89ff-4494-8183-26146439d4fa	chr8	50784589	52691833	10	8	2
ccbe0104-89ff-4494-8183-26146439d4fa	chr8	52692882	53215085	4	2	2
ccbe0104-89ff-4494-8183-26146439d4fa	chr8	53217515	53423613	6	4	2
ccbe0104-89ff-4494-8183-26146439d4fa	chr8	53427417	69231736	3	2	1
ccbe0104-89ff-4494-8183-26146439d4fa	chr8	69232500	70178211	4	2	2
ccbe0104-89ff-4494-8183-26146439d4fa	chr8	70183124	72769678	3	2	1
ccbe0104-89ff-4494-8183-26146439d4fa	chr8	72771897	76264141	4	2	2
ccbe0104-89ff-4494-8183-26146439d4fa	chr8	76265182	79437976	5	3	2
ccbe0104-89ff-4494-8183-26146439d4fa	chr8	79438324	80593219	6	3	3
ccbe0104-89ff-4494-8183-26146439d4fa	chr8	80596135	81143430	4	2	2
ccbe0104-89ff-4494-8183-26146439d4fa	chr8	81147122	94326483	3	2	1
ccbe0104-89ff-4494-8183-26146439d4fa	chr8	94329645	100315727	7	5	2
ccbe0104-89ff-4494-8183-26146439d4fa	chr8	100318711	100327985	15	11	4
ccbe0104-89ff-4494-8183-26146439d4fa	chr8	100329049	104356457	19	17	2
ccbe0104-89ff-4494-8183-26146439d4fa	chr8	104359048	104498687	10	8	2
ccbe0104-89ff-4494-8183-26146439d4fa	chr8	104501297	105389762	2	2	0
ccbe0104-89ff-4494-8183-26146439d4fa	chr8	105392086	107749402	13	11	2
ccbe0104-89ff-4494-8183-26146439d4fa	chr8	107749424	111779837	11	9	2
ccbe0104-89ff-4494-8183-26146439d4fa	chr8	111789195	113871590	2	2	0
ccbe0104-89ff-4494-8183-26146439d4fa	chr8	113872878	114956037	3	2	1
ccbe0104-89ff-4494-8183-26146439d4fa	chr8	114960781	115039157	12	12	0
ccbe0104-89ff-4494-8183-26146439d4fa	chr8	115042063	115264954	3	2	1
ccbe0104-89ff-4494-8183-26146439d4fa	chr8	115268602	115308525	12	8	4
ccbe0104-89ff-4494-8183-26146439d4fa	chr8	115310613	116121911	11	9	2
ccbe0104-89ff-4494-8183-26146439d4fa	chr8	116123271	120653119	3	2	1
ccbe0104-89ff-4494-8183-26146439d4fa	chr8	120653506	120888649	2	2	0
ccbe0104-89ff-4494-8183-26146439d4fa	chr8	120888811	125137280	3	2	1
ccbe0104-89ff-4494-8183-26146439d4fa	chr8	125138617	126883679	2	2	0
ccbe0104-89ff-4494-8183-26146439d4fa	chr8	126884215	145072769	3	2	1
ccbe0104-89ff-4494-8183-26146439d4fa	chr9	46587	9488322	4	2	2
ccbe0104-89ff-4494-8183-26146439d4fa	chr9	9488712	10309769	2	2	0
ccbe0104-89ff-4494-8183-26146439d4fa	chr9	10309897	138200944	4	2	2
ccbe0104-89ff-4494-8183-26146439d4fa	chr10	26823	133769379	2	2	0
ccbe0104-89ff-4494-8183-26146439d4fa	chr11	198572	135074876	4	2	2
ccbe0104-89ff-4494-8183-26146439d4fa	chr12	51460	3075573	3	2	1
ccbe0104-89ff-4494-8183-26146439d4fa	chr12	3075974	3359686	5	4	1
ccbe0104-89ff-4494-8183-26146439d4fa	chr12	3360093	27100575	3	2	1
ccbe0104-89ff-4494-8183-26146439d4fa	chr12	27104833	133201603	4	2	2
ccbe0104-89ff-4494-8183-26146439d4fa	chr13	18452809	114342922	2	2	0
ccbe0104-89ff-4494-8183-26146439d4fa	chr14	18225647	106877229	4	2	2
ccbe0104-89ff-4494-8183-26146439d4fa	chr15	19811075	22299009	4	3	1
ccbe0104-89ff-4494-8183-26146439d4fa	chr15	22299523	36537173	4	2	2
ccbe0104-89ff-4494-8183-26146439d4fa	chr15	36537995	39821910	3	2	1
ccbe0104-89ff-4494-8183-26146439d4fa	chr15	39823270	43263415	4	2	2
ccbe0104-89ff-4494-8183-26146439d4fa	chr15	43264174	45756668	3	2	1
ccbe0104-89ff-4494-8183-26146439d4fa	chr15	45760060	45819266	14	11	3
ccbe0104-89ff-4494-8183-26146439d4fa	chr15	45830240	46464951	3	2	1
ccbe0104-89ff-4494-8183-26146439d4fa	chr15	46467108	46523722	10	7	3
ccbe0104-89ff-4494-8183-26146439d4fa	chr15	46523851	47411021	3	2	1
ccbe0104-89ff-4494-8183-26146439d4fa	chr15	47416382	48414374	5	3	2
ccbe0104-89ff-4494-8183-26146439d4fa	chr15	48419860	48900129	7	5	2
ccbe0104-89ff-4494-8183-26146439d4fa	chr15	48900594	50426852	5	3	2
ccbe0104-89ff-4494-8183-26146439d4fa	chr15	50427288	50969962	4	2	2
ccbe0104-89ff-4494-8183-26146439d4fa	chr15	50972517	51116669	8	6	2
ccbe0104-89ff-4494-8183-26146439d4fa	chr15	51124263	53235249	2	2	0
ccbe0104-89ff-4494-8183-26146439d4fa	chr15	53235473	53592505	3	2	1
ccbe0104-89ff-4494-8183-26146439d4fa	chr15	53592853	54696622	6	4	2
ccbe0104-89ff-4494-8183-26146439d4fa	chr15	54705032	54917061	13	11	2
ccbe0104-89ff-4494-8183-26146439d4fa	chr15	54917242	56318723	7	5	2
ccbe0104-89ff-4494-8183-26146439d4fa	chr15	56318981	56813690	3	2	1
ccbe0104-89ff-4494-8183-26146439d4fa	chr15	56817036	59406032	2	2	0
ccbe0104-89ff-4494-8183-26146439d4fa	chr15	59406649	61931177	9	7	2
ccbe0104-89ff-4494-8183-26146439d4fa	chr15	61947708	63335634	13	11	2
ccbe0104-89ff-4494-8183-26146439d4fa	chr15	63340136	63831234	9	7	2
ccbe0104-89ff-4494-8183-26146439d4fa	chr15	63831781	64906392	15	13	2
ccbe0104-89ff-4494-8183-26146439d4fa	chr15	64909804	65008522	14	12	2
ccbe0104-89ff-4494-8183-26146439d4fa	chr15	65010504	66132662	8	6	2
ccbe0104-89ff-4494-8183-26146439d4fa	chr15	66135629	66239235	3	2	1
ccbe0104-89ff-4494-8183-26146439d4fa	chr15	66240598	67862292	6	4	2
ccbe0104-89ff-4494-8183-26146439d4fa	chr15	67862962	71289251	4	2	2
ccbe0104-89ff-4494-8183-26146439d4fa	chr15	71289711	90060986	2	2	0
ccbe0104-89ff-4494-8183-26146439d4fa	chr15	90068043	94980711	4	2	2
ccbe0104-89ff-4494-8183-26146439d4fa	chr15	94980945	95071963	2	1	1
ccbe0104-89ff-4494-8183-26146439d4fa	chr15	95072361	98007488	4	2	2
ccbe0104-89ff-4494-8183-26146439d4fa	chr15	98008295	98075843	2	1	1
ccbe0104-89ff-4494-8183-26146439d4fa	chr15	98077526	101928837	4	2	2
ccbe0104-89ff-4494-8183-26146439d4fa	chr16	10777	90221127	4	2	2
ccbe0104-89ff-4494-8183-26146439d4fa	chr17	150733	83090856	2	2	0
ccbe0104-89ff-4494-8183-26146439d4fa	chr18	48133	80257174	3	2	1
ccbe0104-89ff-4494-8183-26146439d4fa	chr19	90910	24399775	4	2	2
ccbe0104-89ff-4494-8183-26146439d4fa	chr19	24400510	58586487	2	2	0
ccbe0104-89ff-4494-8183-26146439d4fa	chr20	80664	64324800	4	2	2
ccbe0104-89ff-4494-8183-26146439d4fa	chr21	10336543	46677045	3	3	0
ccbe0104-89ff-4494-8183-26146439d4fa	chr22	15294545	50796027	4	2	2
ccbe0104-89ff-4494-8183-26146439d4fa	chrX	251810	2521611	0	0	0
ccbe0104-89ff-4494-8183-26146439d4fa	chrX	2522895	7887826	2	2	0
ccbe0104-89ff-4494-8183-26146439d4fa	chrX	7889387	11007715	0	0	0
ccbe0104-89ff-4494-8183-26146439d4fa	chrX	11008107	155699837	2	2	0
ccbe0104-89ff-4494-8183-26146439d4fa	chrX	155733777	156004181	3	2	1
ed819708-5bab-45ff-b127-75264b0660ef	chr1	62920	3852698	1	1	0
ed819708-5bab-45ff-b127-75264b0660ef	chr1	3854365	211178171	2	2	0
ed819708-5bab-45ff-b127-75264b0660ef	chr1	211178213	213962630	1	1	0
ed819708-5bab-45ff-b127-75264b0660ef	chr1	213962654	248930189	2	2	0
ed819708-5bab-45ff-b127-75264b0660ef	chr2	12784	557322	1	1	0
ed819708-5bab-45ff-b127-75264b0660ef	chr2	557590	152054658	2	2	0
ed819708-5bab-45ff-b127-75264b0660ef	chr2	152054824	152081921	1	1	0
ed819708-5bab-45ff-b127-75264b0660ef	chr2	152083033	238406906	2	2	0
ed819708-5bab-45ff-b127-75264b0660ef	chr2	238411371	242147305	1	1	0
ed819708-5bab-45ff-b127-75264b0660ef	chr3	20930	101864104	2	2	0
ed819708-5bab-45ff-b127-75264b0660ef	chr3	101866004	101913096	1	1	0
ed819708-5bab-45ff-b127-75264b0660ef	chr3	101913118	198169247	2	2	0
ed819708-5bab-45ff-b127-75264b0660ef	chr4	68929	34784878	4	2	2
ed819708-5bab-45ff-b127-75264b0660ef	chr4	34785333	34823103	1	1	0
ed819708-5bab-45ff-b127-75264b0660ef	chr4	34828250	102204063	4	2	2
ed819708-5bab-45ff-b127-75264b0660ef	chr4	102204226	102253039	2	1	1
ed819708-5bab-45ff-b127-75264b0660ef	chr4	102253426	129113085	4	2	2
ed819708-5bab-45ff-b127-75264b0660ef	chr4	129114600	129120294	2	1	1
ed819708-5bab-45ff-b127-75264b0660ef	chr4	129120377	168579870	4	2	2
ed819708-5bab-45ff-b127-75264b0660ef	chr4	168580589	168605860	2	1	1
ed819708-5bab-45ff-b127-75264b0660ef	chr4	168607425	183404297	4	2	2
ed819708-5bab-45ff-b127-75264b0660ef	chr4	183404974	186451421	3	2	1
ed819708-5bab-45ff-b127-75264b0660ef	chr4	186451495	190106768	4	2	2
ed819708-5bab-45ff-b127-75264b0660ef	chr5	15532	2276209	1	1	0
ed819708-5bab-45ff-b127-75264b0660ef	chr5	2277382	96489685	2	2	0
ed819708-5bab-45ff-b127-75264b0660ef	chr5	96490045	96548390	1	1	0
ed819708-5bab-45ff-b127-75264b0660ef	chr5	96548747	180947523	2	2	0
ed819708-5bab-45ff-b127-75264b0660ef	chr5	180951710	180991103	0	0	0
ed819708-5bab-45ff-b127-75264b0660ef	chr5	181006225	181363319	1	1	0
ed819708-5bab-45ff-b127-75264b0660ef	chr6	149661	45898945	2	2	0
ed819708-5bab-45ff-b127-75264b0660ef	chr6	45902684	45939624	3	3	0
ed819708-5bab-45ff-b127-75264b0660ef	chr6	45940454	90440893	2	2	0
ed819708-5bab-45ff-b127-75264b0660ef	chr6	90441374	90448972	0	0	0
ed819708-5bab-45ff-b127-75264b0660ef	chr6	90449791	170741917	2	2	0
ed819708-5bab-45ff-b127-75264b0660ef	chr7	43259	2667935	3	2	1
ed819708-5bab-45ff-b127-75264b0660ef	chr7	2668075	50475229	4	2	2
ed819708-5bab-45ff-b127-75264b0660ef	chr7	50477395	50479292	2	1	1
ed819708-5bab-45ff-b127-75264b0660ef	chr7	50479871	67495870	4	2	2
ed819708-5bab-45ff-b127-75264b0660ef	chr7	67498288	71200991	4	3	1
ed819708-5bab-45ff-b127-75264b0660ef	chr7	71201313	78779875	3	2	1
ed819708-5bab-45ff-b127-75264b0660ef	chr7	78781824	116219978	4	2	2
ed819708-5bab-45ff-b127-75264b0660ef	chr7	116220426	116278530	3	2	1
ed819708-5bab-45ff-b127-75264b0660ef	chr7	116278553	145129940	4	2	2
ed819708-5bab-45ff-b127-75264b0660ef	chr7	145130039	145158054	2	1	1
ed819708-5bab-45ff-b127-75264b0660ef	chr7	145160753	148608928	4	2	2
ed819708-5bab-45ff-b127-75264b0660ef	chr7	148612172	151705414	3	2	1
ed819708-5bab-45ff-b127-75264b0660ef	chr7	151705704	159334314	4	2	2
ed819708-5bab-45ff-b127-75264b0660ef	chr8	81254	39286601	3	2	1
ed819708-5bab-45ff-b127-75264b0660ef	chr8	39290321	39531260	0	0	0
ed819708-5bab-45ff-b127-75264b0660ef	chr8	39531496	39698189	3	2	1
ed819708-5bab-45ff-b127-75264b0660ef	chr8	39707562	39728050	2	1	1
ed819708-5bab-45ff-b127-75264b0660ef	chr8	39728839	43781896	3	2	1
ed819708-5bab-45ff-b127-75264b0660ef	chr8	43800087	139936593	4	2	2
ed819708-5bab-45ff-b127-75264b0660ef	chr8	139938076	145072769	3	2	1
ed819708-5bab-45ff-b127-75264b0660ef	chr9	46587	32889950	2	2	0
ed819708-5bab-45ff-b127-75264b0660ef	chr9	32890701	32930290	1	1	0
ed819708-5bab-45ff-b127-75264b0660ef	chr9	32930329	138200944	2	2	0
ed819708-5bab-45ff-b127-75264b0660ef	chr10	45792	3010205	2	2	0
ed819708-5bab-45ff-b127-75264b0660ef	chr10	3010244	3013819	4	4	0
ed819708-5bab-45ff-b127-75264b0660ef	chr10	3013852	29977992	2	2	0
ed819708-5bab-45ff-b127-75264b0660ef	chr10	29978040	29989510	1	1	0
ed819708-5bab-45ff-b127-75264b0660ef	chr10	29989619	121168220	2	2	0
ed819708-5bab-45ff-b127-75264b0660ef	chr10	121168240	121194452	3	3	0
ed819708-5bab-45ff-b127-75264b0660ef	chr10	121194685	130377612	2	2	0
ed819708-5bab-45ff-b127-75264b0660ef	chr10	130379137	130395776	3	3	0
ed819708-5bab-45ff-b127-75264b0660ef	chr10	130395889	133654968	2	2	0
ed819708-5bab-45ff-b127-75264b0660ef	chr11	198510	4946420	3	2	1
ed819708-5bab-45ff-b127-75264b0660ef	chr11	4947280	4952799	0	0	0
ed819708-5bab-45ff-b127-75264b0660ef	chr11	4953934	14386821	3	2	1
ed819708-5bab-45ff-b127-75264b0660ef	chr11	14388837	14416061	1	1	0
ed819708-5bab-45ff-b127-75264b0660ef	chr11	14416212	70070163	3	2	1
ed819708-5bab-45ff-b127-75264b0660ef	chr11	70070687	135074876	4	2	2
ed819708-5bab-45ff-b127-75264b0660ef	chr12	51460	30834473	3	2	1
ed819708-5bab-45ff-b127-75264b0660ef	chr12	30835043	33141726	4	3	1
ed819708-5bab-45ff-b127-75264b0660ef	chr12	33146857	33154440	0	0	0
ed819708-5bab-45ff-b127-75264b0660ef	chr12	33155426	46208090	3	3	0
ed819708-5bab-45ff-b127-75264b0660ef	chr12	46211456	52526608	3	2	1
ed819708-5bab-45ff-b127-75264b0660ef	chr12	52526630	52531875	6	3	3
ed819708-5bab-45ff-b127-75264b0660ef	chr12	52532185	104242823	3	2	1
ed819708-5bab-45ff-b127-75264b0660ef	chr12	104243066	104288263	1	1	0
ed819708-5bab-45ff-b127-75264b0660ef	chr12	104290354	133201603	3	2	1
ed819708-5bab-45ff-b127-75264b0660ef	chr13	18452809	105571141	2	2	0
ed819708-5bab-45ff-b127-75264b0660ef	chr13	105577353	105651697	0	0	0
ed819708-5bab-45ff-b127-75264b0660ef	chr13	105652527	112399496	2	2	0
ed819708-5bab-45ff-b127-75264b0660ef	chr13	112399610	114342922	1	1	0
ed819708-5bab-45ff-b127-75264b0660ef	chr14	18239283	25975488	3	2	1
ed819708-5bab-45ff-b127-75264b0660ef	chr14	25976380	33813983	4	2	2
ed819708-5bab-45ff-b127-75264b0660ef	chr14	33814689	36017872	3	2	1
ed819708-5bab-45ff-b127-75264b0660ef	chr14	36018202	48423703	4	2	2
ed819708-5bab-45ff-b127-75264b0660ef	chr14	48424582	55964137	3	2	1
ed819708-5bab-45ff-b127-75264b0660ef	chr14	55965084	105733039	4	2	2
ed819708-5bab-45ff-b127-75264b0660ef	chr14	105752248	106346115	8	8	0
ed819708-5bab-45ff-b127-75264b0660ef	chr14	106346129	106877229	4	2	2
ed819708-5bab-45ff-b127-75264b0660ef	chr15	19811075	45223505	4	2	2
ed819708-5bab-45ff-b127-75264b0660ef	chr15	45224975	45248233	2	1	1
ed819708-5bab-45ff-b127-75264b0660ef	chr15	45250114	63223689	4	2	2
ed819708-5bab-45ff-b127-75264b0660ef	chr15	63224067	63397924	6	4	2
ed819708-5bab-45ff-b127-75264b0660ef	chr15	63400698	89241885	4	2	2
ed819708-5bab-45ff-b127-75264b0660ef	chr15	89243190	93092536	3	2	1
ed819708-5bab-45ff-b127-75264b0660ef	chr15	93095172	93105977	2	1	1
ed819708-5bab-45ff-b127-75264b0660ef	chr15	93106210	98747177	4	2	2
ed819708-5bab-45ff-b127-75264b0660ef	chr15	98747746	101928837	3	2	1
ed819708-5bab-45ff-b127-75264b0660ef	chr16	10777	5072680	3	2	1
ed819708-5bab-45ff-b127-75264b0660ef	chr16	5072783	57277144	4	2	2
ed819708-5bab-45ff-b127-75264b0660ef	chr16	57277900	57858524	3	2	1
ed819708-5bab-45ff-b127-75264b0660ef	chr16	57871272	65816030	4	2	2
ed819708-5bab-45ff-b127-75264b0660ef	chr16	65819089	65877274	5	3	2
ed819708-5bab-45ff-b127-75264b0660ef	chr16	65877807	79670515	4	2	2
ed819708-5bab-45ff-b127-75264b0660ef	chr16	79671018	90096867	3	2	1
ed819708-5bab-45ff-b127-75264b0660ef	chr17	150733	74605371	2	2	0
ed819708-5bab-45ff-b127-75264b0660ef	chr17	74608037	83091923	1	1	0
ed819708-5bab-45ff-b127-75264b0660ef	chr18	48133	80257174	2	2	0
ed819708-5bab-45ff-b127-75264b0660ef	chr19	90910	2678888	1	1	0
ed819708-5bab-45ff-b127-75264b0660ef	chr19	2681010	8947045	2	2	0
ed819708-5bab-45ff-b127-75264b0660ef	chr19	8948231	8966520	3	3	0
ed819708-5bab-45ff-b127-75264b0660ef	chr19	8966588	29576946	2	2	0
ed819708-5bab-45ff-b127-75264b0660ef	chr19	29577270	29599620	0	0	0
ed819708-5bab-45ff-b127-75264b0660ef	chr19	29599742	58586487	2	2	0
ed819708-5bab-45ff-b127-75264b0660ef	chr20	80664	61866795	4	2	2
ed819708-5bab-45ff-b127-75264b0660ef	chr20	61866825	64324800	3	2	1
ed819708-5bab-45ff-b127-75264b0660ef	chr21	12973348	39117655	2	2	0
ed819708-5bab-45ff-b127-75264b0660ef	chr21	39118149	39134798	1	1	0
ed819708-5bab-45ff-b127-75264b0660ef	chr21	39135289	41555342	2	2	0
ed819708-5bab-45ff-b127-75264b0660ef	chr21	41561007	46677045	1	1	0
ed819708-5bab-45ff-b127-75264b0660ef	chr22	16392123	25262558	4	2	2
ed819708-5bab-45ff-b127-75264b0660ef	chr22	25262594	25518118	8	4	4
ed819708-5bab-45ff-b127-75264b0660ef	chr22	25518364	25598372	6	4	2
ed819708-5bab-45ff-b127-75264b0660ef	chr22	25602486	34893360	4	2	2
ed819708-5bab-45ff-b127-75264b0660ef	chr22	34896519	34910938	5	3	2
ed819708-5bab-45ff-b127-75264b0660ef	chr22	34911217	48624469	3	2	1
ed819708-5bab-45ff-b127-75264b0660ef	chr22	48624547	48646304	8	4	4
ed819708-5bab-45ff-b127-75264b0660ef	chr22	48649600	50796027	3	2	1
ed819708-5bab-45ff-b127-75264b0660ef	chrX	251810	490325	1	1	0
ed819708-5bab-45ff-b127-75264b0660ef	chrX	490407	701944	2	2	0
ed819708-5bab-45ff-b127-75264b0660ef	chrX	702474	1479705	1	1	0
ed819708-5bab-45ff-b127-75264b0660ef	chrX	1480942	2649506	2	2	0
ed819708-5bab-45ff-b127-75264b0660ef	chrX	2649606	2720458	1	1	0
ed819708-5bab-45ff-b127-75264b0660ef	chrX	2723161	2768461	2	2	0
ed819708-5bab-45ff-b127-75264b0660ef	chrX	2770501	48027540	1	1	0
ed819708-5bab-45ff-b127-75264b0660ef	chrX	48027602	48111343	0	0	0
ed819708-5bab-45ff-b127-75264b0660ef	chrX	48111680	156004181	1	1	0
ed819708-5bab-45ff-b127-75264b0660ef	chrY	2782397	56872112	0	0	0
abfe497c-2d8d-4761-ba6a-9b672d443553	chr1	62920	72257467	1	1	0
abfe497c-2d8d-4761-ba6a-9b672d443553	chr1	72258329	72346757	3	3	0
abfe497c-2d8d-4761-ba6a-9b672d443553	chr1	72351072	248930189	1	1	0
abfe497c-2d8d-4761-ba6a-9b672d443553	chr2	12784	242147305	1	1	0
abfe497c-2d8d-4761-ba6a-9b672d443553	chr3	20930	198169247	2	1	1
abfe497c-2d8d-4761-ba6a-9b672d443553	chr4	68929	78319947	2	1	1
abfe497c-2d8d-4761-ba6a-9b672d443553	chr4	78320082	78339861	3	2	1
abfe497c-2d8d-4761-ba6a-9b672d443553	chr4	78340577	100186912	2	1	1
abfe497c-2d8d-4761-ba6a-9b672d443553	chr4	100186975	100224052	3	2	1
abfe497c-2d8d-4761-ba6a-9b672d443553	chr4	100224202	119086770	2	1	1
abfe497c-2d8d-4761-ba6a-9b672d443553	chr4	119086795	119222706	3	2	1
abfe497c-2d8d-4761-ba6a-9b672d443553	chr4	119226780	129489281	2	1	1
abfe497c-2d8d-4761-ba6a-9b672d443553	chr4	129489456	129518081	1	1	0
abfe497c-2d8d-4761-ba6a-9b672d443553	chr4	129518316	190106768	2	1	1
abfe497c-2d8d-4761-ba6a-9b672d443553	chr5	15532	72093924	2	1	1
abfe497c-2d8d-4761-ba6a-9b672d443553	chr5	72095695	72114321	3	2	1
abfe497c-2d8d-4761-ba6a-9b672d443553	chr5	72114529	116768021	2	1	1
abfe497c-2d8d-4761-ba6a-9b672d443553	chr5	116768100	116769657	5	3	2
abfe497c-2d8d-4761-ba6a-9b672d443553	chr5	116771676	133568416	2	1	1
abfe497c-2d8d-4761-ba6a-9b672d443553	chr5	133568800	133590365	1	1	0
abfe497c-2d8d-4761-ba6a-9b672d443553	chr5	133590972	178827320	2	1	1
abfe497c-2d8d-4761-ba6a-9b672d443553	chr5	178828653	178841756	1	1	0
abfe497c-2d8d-4761-ba6a-9b672d443553	chr5	178841925	181363319	2	1	1
abfe497c-2d8d-4761-ba6a-9b672d443553	chr6	149661	68835901	1	1	0
abfe497c-2d8d-4761-ba6a-9b672d443553	chr6	68835963	68850681	0	0	0
abfe497c-2d8d-4761-ba6a-9b672d443553	chr6	68850888	166099113	1	1	0
abfe497c-2d8d-4761-ba6a-9b672d443553	chr6	166099999	166104563	2	2	0
abfe497c-2d8d-4761-ba6a-9b672d443553	chr6	166105444	170741917	1	1	0
abfe497c-2d8d-4761-ba6a-9b672d443553	chr7	43259	76508058	2	1	1
abfe497c-2d8d-4761-ba6a-9b672d443553	chr7	76514308	77080295	3	2	1
abfe497c-2d8d-4761-ba6a-9b672d443553	chr7	77082598	159334314	2	1	1
abfe497c-2d8d-4761-ba6a-9b672d443553	chr8	81254	145072769	2	1	1
abfe497c-2d8d-4761-ba6a-9b672d443553	chr9	46587	78096689	2	1	1
abfe497c-2d8d-4761-ba6a-9b672d443553	chr9	78097328	78109151	1	1	0
abfe497c-2d8d-4761-ba6a-9b672d443553	chr9	78112797	135972242	2	1	1
abfe497c-2d8d-4761-ba6a-9b672d443553	chr9	135973766	137679372	1	1	0
abfe497c-2d8d-4761-ba6a-9b672d443553	chr9	137687248	138200944	2	1	1
abfe497c-2d8d-4761-ba6a-9b672d443553	chr10	45792	133654968	1	1	0
abfe497c-2d8d-4761-ba6a-9b672d443553	chr11	198510	39369157	2	1	1
abfe497c-2d8d-4761-ba6a-9b672d443553	chr11	39372501	39391904	4	2	2
abfe497c-2d8d-4761-ba6a-9b672d443553	chr11	39400899	69982505	2	1	1
abfe497c-2d8d-4761-ba6a-9b672d443553	chr11	69982527	70003258	1	1	0
abfe497c-2d8d-4761-ba6a-9b672d443553	chr11	70003328	111424498	2	1	1
abfe497c-2d8d-4761-ba6a-9b672d443553	chr11	111424537	111426824	3	2	1
abfe497c-2d8d-4761-ba6a-9b672d443553	chr11	111426911	135074876	2	1	1
abfe497c-2d8d-4761-ba6a-9b672d443553	chr12	51460	130524307	2	1	1
abfe497c-2d8d-4761-ba6a-9b672d443553	chr12	130526378	130533012	1	1	0
abfe497c-2d8d-4761-ba6a-9b672d443553	chr12	130533446	133201603	2	1	1
abfe497c-2d8d-4761-ba6a-9b672d443553	chr13	18452809	114342922	1	1	0
abfe497c-2d8d-4761-ba6a-9b672d443553	chr14	18239283	106877229	2	1	1
abfe497c-2d8d-4761-ba6a-9b672d443553	chr15	19811075	25054112	2	1	1
abfe497c-2d8d-4761-ba6a-9b672d443553	chr15	25055911	25081683	4	2	2
abfe497c-2d8d-4761-ba6a-9b672d443553	chr15	25083568	45943616	2	1	1
abfe497c-2d8d-4761-ba6a-9b672d443553	chr15	45943633	45950067	1	1	0
abfe497c-2d8d-4761-ba6a-9b672d443553	chr15	45950082	101928837	2	1	1
abfe497c-2d8d-4761-ba6a-9b672d443553	chr16	10777	2278888	1	1	0
abfe497c-2d8d-4761-ba6a-9b672d443553	chr16	2280168	9976428	2	1	1
abfe497c-2d8d-4761-ba6a-9b672d443553	chr16	9976688	9998176	3	2	1
abfe497c-2d8d-4761-ba6a-9b672d443553	chr16	9998692	12597359	2	1	1
abfe497c-2d8d-4761-ba6a-9b672d443553	chr16	12597562	12613522	0	0	0
abfe497c-2d8d-4761-ba6a-9b672d443553	chr16	12613562	90096867	2	1	1
abfe497c-2d8d-4761-ba6a-9b672d443553	chr17	150733	83091923	1	1	0
abfe497c-2d8d-4761-ba6a-9b672d443553	chr18	48133	78656349	2	1	1
abfe497c-2d8d-4761-ba6a-9b672d443553	chr18	78657571	78666188	5	3	2
abfe497c-2d8d-4761-ba6a-9b672d443553	chr18	78666578	80257174	2	1	1
abfe497c-2d8d-4761-ba6a-9b672d443553	chr19	90910	2660454	1	1	0
abfe497c-2d8d-4761-ba6a-9b672d443553	chr19	2663833	58586487	2	1	1
abfe497c-2d8d-4761-ba6a-9b672d443553	chr20	80664	15852600	2	1	1
abfe497c-2d8d-4761-ba6a-9b672d443553	chr20	15854197	15948843	1	1	0
abfe497c-2d8d-4761-ba6a-9b672d443553	chr20	15951120	51256722	2	1	1
abfe497c-2d8d-4761-ba6a-9b672d443553	chr20	51260317	51263677	1	1	0
abfe497c-2d8d-4761-ba6a-9b672d443553	chr20	51267557	64324800	2	1	1
abfe497c-2d8d-4761-ba6a-9b672d443553	chr21	12973348	46677045	2	1	1
abfe497c-2d8d-4761-ba6a-9b672d443553	chr22	16392123	50796027	2	1	1
abfe497c-2d8d-4761-ba6a-9b672d443553	chrX	251810	156004181	1	1	0
abfe497c-2d8d-4761-ba6a-9b672d443553	chrY	2782397	56872112	0	0	0
66e92798-ce96-4edf-b299-c0a85f937666	chr1	62920	99120887	1	1	0
66e92798-ce96-4edf-b299-c0a85f937666	chr1	99120960	99136116	2	2	0
66e92798-ce96-4edf-b299-c0a85f937666	chr1	99136483	152789447	1	1	0
66e92798-ce96-4edf-b299-c0a85f937666	chr1	152789463	152796224	0	0	0
66e92798-ce96-4edf-b299-c0a85f937666	chr1	152801429	248930189	1	1	0
66e92798-ce96-4edf-b299-c0a85f937666	chr2	12784	242147305	1	1	0
66e92798-ce96-4edf-b299-c0a85f937666	chr3	20930	162790480	2	1	1
66e92798-ce96-4edf-b299-c0a85f937666	chr3	162794869	162898127	5	5	0
66e92798-ce96-4edf-b299-c0a85f937666	chr3	162906054	198169247	2	1	1
66e92798-ce96-4edf-b299-c0a85f937666	chr4	68929	154594021	2	1	1
66e92798-ce96-4edf-b299-c0a85f937666	chr4	154602694	190106768	1	1	0
66e92798-ce96-4edf-b299-c0a85f937666	chr5	15532	54736999	2	1	1
66e92798-ce96-4edf-b299-c0a85f937666	chr5	54737454	54752190	3	2	1
66e92798-ce96-4edf-b299-c0a85f937666	chr5	54753025	151349492	2	1	1
66e92798-ce96-4edf-b299-c0a85f937666	chr5	151349717	151397487	3	2	1
66e92798-ce96-4edf-b299-c0a85f937666	chr5	151398237	181363319	2	1	1
66e92798-ce96-4edf-b299-c0a85f937666	chr6	149661	9767232	1	1	0
66e92798-ce96-4edf-b299-c0a85f937666	chr6	9769040	9873718	0	0	0
66e92798-ce96-4edf-b299-c0a85f937666	chr6	9873876	30499918	1	1	0
66e92798-ce96-4edf-b299-c0a85f937666	chr6	30507638	30515216	0	0	0
66e92798-ce96-4edf-b299-c0a85f937666	chr6	30544386	129242183	1	1	0
66e92798-ce96-4edf-b299-c0a85f937666	chr6	129248542	129553210	0	0	0
66e92798-ce96-4edf-b299-c0a85f937666	chr6	129555390	170741917	1	1	0
66e92798-ce96-4edf-b299-c0a85f937666	chr7	43259	79263	3	2	1
66e92798-ce96-4edf-b299-c0a85f937666	chr7	81400	85611409	2	1	1
66e92798-ce96-4edf-b299-c0a85f937666	chr7	85614753	159334314	3	2	1
66e92798-ce96-4edf-b299-c0a85f937666	chr8	81254	145072769	2	1	1
66e92798-ce96-4edf-b299-c0a85f937666	chr9	46587	41741113	2	1	1
66e92798-ce96-4edf-b299-c0a85f937666	chr9	60863881	103230985	1	1	0
66e92798-ce96-4edf-b299-c0a85f937666	chr9	103231193	103242280	0	0	0
66e92798-ce96-4edf-b299-c0a85f937666	chr9	103242762	138200944	1	1	0
66e92798-ce96-4edf-b299-c0a85f937666	chr10	45792	20768616	1	1	0
66e92798-ce96-4edf-b299-c0a85f937666	chr10	20768648	20773128	2	2	0
66e92798-ce96-4edf-b299-c0a85f937666	chr10	20773633	93893488	1	1	0
66e92798-ce96-4edf-b299-c0a85f937666	chr10	93895170	93953388	2	2	0
66e92798-ce96-4edf-b299-c0a85f937666	chr10	93953765	133654968	1	1	0
66e92798-ce96-4edf-b299-c0a85f937666	chr11	198510	102695001	2	1	1
66e92798-ce96-4edf-b299-c0a85f937666	chr11	102695665	102702063	4	2	2
66e92798-ce96-4edf-b299-c0a85f937666	chr11	102702097	135074876	2	1	1
66e92798-ce96-4edf-b299-c0a85f937666	chr12	51460	3738397	1	1	0
66e92798-ce96-4edf-b299-c0a85f937666	chr12	3739506	3751056	2	2	0
66e92798-ce96-4edf-b299-c0a85f937666	chr12	3751482	33064138	1	1	0
66e92798-ce96-4edf-b299-c0a85f937666	chr12	33068071	74613069	2	1	1
66e92798-ce96-4edf-b299-c0a85f937666	chr12	74617757	77583143	1	1	0
66e92798-ce96-4edf-b299-c0a85f937666	chr12	77585836	129231216	2	1	1
66e92798-ce96-4edf-b299-c0a85f937666	chr12	129231314	129241460	1	1	0
66e92798-ce96-4edf-b299-c0a85f937666	chr12	129241486	133201603	2	1	1
66e92798-ce96-4edf-b299-c0a85f937666	chr13	18452809	101381335	1	1	0
66e92798-ce96-4edf-b299-c0a85f937666	chr13	101381497	101398295	0	0	0
66e92798-ce96-4edf-b299-c0a85f937666	chr13	101398309	114342922	1	1	0
66e92798-ce96-4edf-b299-c0a85f937666	chr14	18239283	43897278	2	1	1
66e92798-ce96-4edf-b299-c0a85f937666	chr14	43897787	44095462	1	1	0
66e92798-ce96-4edf-b299-c0a85f937666	chr14	44095478	47808248	2	1	1
66e92798-ce96-4edf-b299-c0a85f937666	chr14	47817385	47914042	1	1	0
66e92798-ce96-4edf-b299-c0a85f937666	chr14	47914844	105728964	2	1	1
66e92798-ce96-4edf-b299-c0a85f937666	chr14	105730778	106320716	4	4	0
66e92798-ce96-4edf-b299-c0a85f937666	chr14	106321086	106877229	2	1	1
66e92798-ce96-4edf-b299-c0a85f937666	chr15	19811075	101928837	2	1	1
66e92798-ce96-4edf-b299-c0a85f937666	chr16	10777	7454847	1	1	0
66e92798-ce96-4edf-b299-c0a85f937666	chr16	7454852	7458782	0	0	0
66e92798-ce96-4edf-b299-c0a85f937666	chr16	7462847	90096867	1	1	0
66e92798-ce96-4edf-b299-c0a85f937666	chr17	150733	83091923	1	1	0
66e92798-ce96-4edf-b299-c0a85f937666	chr18	48133	80257174	2	1	1
66e92798-ce96-4edf-b299-c0a85f937666	chr19	90910	6914088	2	1	1
66e92798-ce96-4edf-b299-c0a85f937666	chr19	6914817	6940751	1	1	0
66e92798-ce96-4edf-b299-c0a85f937666	chr19	6941150	33266685	2	1	1
66e92798-ce96-4edf-b299-c0a85f937666	chr19	33271351	33278637	4	2	2
66e92798-ce96-4edf-b299-c0a85f937666	chr19	33284962	58586487	2	1	1
66e92798-ce96-4edf-b299-c0a85f937666	chr20	80664	15723031	2	1	1
66e92798-ce96-4edf-b299-c0a85f937666	chr20	15723610	15859501	1	1	0
66e92798-ce96-4edf-b299-c0a85f937666	chr20	15866036	64324800	2	1	1
66e92798-ce96-4edf-b299-c0a85f937666	chr21	12973348	46677045	1	1	0
66e92798-ce96-4edf-b299-c0a85f937666	chr22	16392123	50796027	2	1	1
66e92798-ce96-4edf-b299-c0a85f937666	chrX	251810	359845	1	1	0
66e92798-ce96-4edf-b299-c0a85f937666	chrX	372540	1478856	2	1	1
66e92798-ce96-4edf-b299-c0a85f937666	chrX	1479705	1540050	3	2	1
66e92798-ce96-4edf-b299-c0a85f937666	chrX	1541201	1882751	2	1	1
66e92798-ce96-4edf-b299-c0a85f937666	chrX	1892047	2442775	1	1	0
66e92798-ce96-4edf-b299-c0a85f937666	chrX	2446094	2775583	2	1	1
66e92798-ce96-4edf-b299-c0a85f937666	chrX	2776199	48027602	1	1	0
66e92798-ce96-4edf-b299-c0a85f937666	chrX	48029467	48119196	0	0	0
66e92798-ce96-4edf-b299-c0a85f937666	chrX	48119621	156004181	1	1	0
66e92798-ce96-4edf-b299-c0a85f937666	chrY	2782397	26653788	1	1	0
66e92798-ce96-4edf-b299-c0a85f937666	chrY	56872112	56872112	0	0	0
5ecf5c67-7902-4b6a-9ff1-82f0894ffd88	chr1	61735	248930189	1	1	0
5ecf5c67-7902-4b6a-9ff1-82f0894ffd88	chr2	12784	242147305	1	1	0
5ecf5c67-7902-4b6a-9ff1-82f0894ffd88	chr3	18667	198169247	2	1	1
5ecf5c67-7902-4b6a-9ff1-82f0894ffd88	chr4	12281	190106768	2	1	1
5ecf5c67-7902-4b6a-9ff1-82f0894ffd88	chr5	15532	181363319	2	1	1
5ecf5c67-7902-4b6a-9ff1-82f0894ffd88	chr6	149661	170741917	1	1	0
5ecf5c67-7902-4b6a-9ff1-82f0894ffd88	chr7	43259	159334314	2	1	1
5ecf5c67-7902-4b6a-9ff1-82f0894ffd88	chr8	81254	145072769	2	1	1
5ecf5c67-7902-4b6a-9ff1-82f0894ffd88	chr9	46587	138200944	2	1	1
5ecf5c67-7902-4b6a-9ff1-82f0894ffd88	chr10	26823	133769379	1	1	0
5ecf5c67-7902-4b6a-9ff1-82f0894ffd88	chr11	198572	135074876	2	1	1
5ecf5c67-7902-4b6a-9ff1-82f0894ffd88	chr12	51460	133201603	2	1	1
5ecf5c67-7902-4b6a-9ff1-82f0894ffd88	chr13	18452809	21051122	1	1	0
5ecf5c67-7902-4b6a-9ff1-82f0894ffd88	chr13	21051305	24657046	2	1	1
5ecf5c67-7902-4b6a-9ff1-82f0894ffd88	chr13	24657381	102847504	1	1	0
5ecf5c67-7902-4b6a-9ff1-82f0894ffd88	chr13	102849670	103387331	3	2	1
5ecf5c67-7902-4b6a-9ff1-82f0894ffd88	chr13	103387563	114342922	1	1	0
5ecf5c67-7902-4b6a-9ff1-82f0894ffd88	chr14	18225647	106877229	2	1	1
5ecf5c67-7902-4b6a-9ff1-82f0894ffd88	chr15	19811075	101928837	2	1	1
5ecf5c67-7902-4b6a-9ff1-82f0894ffd88	chr16	10777	70927211	2	1	1
5ecf5c67-7902-4b6a-9ff1-82f0894ffd88	chr16	70929825	71168586	1	1	0
5ecf5c67-7902-4b6a-9ff1-82f0894ffd88	chr16	71168894	79571772	2	1	1
5ecf5c67-7902-4b6a-9ff1-82f0894ffd88	chr16	79574721	86463777	1	1	0
5ecf5c67-7902-4b6a-9ff1-82f0894ffd88	chr16	86464851	90221127	2	1	1
5ecf5c67-7902-4b6a-9ff1-82f0894ffd88	chr17	150733	83090856	1	1	0
5ecf5c67-7902-4b6a-9ff1-82f0894ffd88	chr18	48133	80257174	1	1	0
5ecf5c67-7902-4b6a-9ff1-82f0894ffd88	chr19	90910	58586487	2	1	1
5ecf5c67-7902-4b6a-9ff1-82f0894ffd88	chr20	80664	64324800	2	1	1
5ecf5c67-7902-4b6a-9ff1-82f0894ffd88	chr21	10336543	46677045	2	1	1
5ecf5c67-7902-4b6a-9ff1-82f0894ffd88	chr22	15294545	50796027	2	1	1
5ecf5c67-7902-4b6a-9ff1-82f0894ffd88	chrX	251810	116996037	1	1	0
5ecf5c67-7902-4b6a-9ff1-82f0894ffd88	chrX	116996701	117298514	0	0	0
5ecf5c67-7902-4b6a-9ff1-82f0894ffd88	chrX	117300877	156004181	1	1	0
41ff3f6a-d19a-4b00-912d-98641c423ae0	chr1	62920	248930189	3	3	0
41ff3f6a-d19a-4b00-912d-98641c423ae0	chr2	12784	168105567	3	3	0
41ff3f6a-d19a-4b00-912d-98641c423ae0	chr2	168108201	168191236	2	2	0
41ff3f6a-d19a-4b00-912d-98641c423ae0	chr2	168193171	190318795	3	3	0
41ff3f6a-d19a-4b00-912d-98641c423ae0	chr2	190321772	190366732	4	4	0
41ff3f6a-d19a-4b00-912d-98641c423ae0	chr2	190367405	242147305	3	3	0
41ff3f6a-d19a-4b00-912d-98641c423ae0	chr3	20930	37467060	5	3	2
41ff3f6a-d19a-4b00-912d-98641c423ae0	chr3	37467187	37528908	6	4	2
41ff3f6a-d19a-4b00-912d-98641c423ae0	chr3	37528979	147873145	6	3	3
41ff3f6a-d19a-4b00-912d-98641c423ae0	chr3	147873294	147892751	12	6	6
41ff3f6a-d19a-4b00-912d-98641c423ae0	chr3	147893654	162788742	6	3	3
41ff3f6a-d19a-4b00-912d-98641c423ae0	chr3	162790390	162906109	2	2	0
41ff3f6a-d19a-4b00-912d-98641c423ae0	chr3	162908192	198169247	6	3	3
41ff3f6a-d19a-4b00-912d-98641c423ae0	chr4	68929	4369370	5	3	2
41ff3f6a-d19a-4b00-912d-98641c423ae0	chr4	4369540	190106768	6	3	3
41ff3f6a-d19a-4b00-912d-98641c423ae0	chr5	15532	2058046	5	3	2
41ff3f6a-d19a-4b00-912d-98641c423ae0	chr5	2058069	59569366	6	3	3
41ff3f6a-d19a-4b00-912d-98641c423ae0	chr5	59570031	60442521	2	2	0
41ff3f6a-d19a-4b00-912d-98641c423ae0	chr5	60444366	181363319	6	3	3
41ff3f6a-d19a-4b00-912d-98641c423ae0	chr6	149661	67721280	3	3	0
41ff3f6a-d19a-4b00-912d-98641c423ae0	chr6	67725191	67797581	0	0	0
41ff3f6a-d19a-4b00-912d-98641c423ae0	chr6	67798977	78253172	3	3	0
41ff3f6a-d19a-4b00-912d-98641c423ae0	chr6	78259348	78316871	0	0	0
41ff3f6a-d19a-4b00-912d-98641c423ae0	chr6	78316969	103286954	3	3	0
41ff3f6a-d19a-4b00-912d-98641c423ae0	chr6	103290101	103314186	8	8	0
41ff3f6a-d19a-4b00-912d-98641c423ae0	chr6	103317795	170741917	3	3	0
41ff3f6a-d19a-4b00-912d-98641c423ae0	chr7	43259	2674049	5	3	2
41ff3f6a-d19a-4b00-912d-98641c423ae0	chr7	2674701	50475181	6	3	3
41ff3f6a-d19a-4b00-912d-98641c423ae0	chr7	50475229	50480953	4	2	2
41ff3f6a-d19a-4b00-912d-98641c423ae0	chr7	50482136	98675452	6	3	3
41ff3f6a-d19a-4b00-912d-98641c423ae0	chr7	98675484	102058641	5	3	2
41ff3f6a-d19a-4b00-912d-98641c423ae0	chr7	102064650	159334314	6	3	3
41ff3f6a-d19a-4b00-912d-98641c423ae0	chr8	81254	28815594	6	3	3
41ff3f6a-d19a-4b00-912d-98641c423ae0	chr8	28815900	29366347	5	3	2
41ff3f6a-d19a-4b00-912d-98641c423ae0	chr8	29366453	29497974	6	4	2
41ff3f6a-d19a-4b00-912d-98641c423ae0	chr8	29498013	29513633	3	2	1
41ff3f6a-d19a-4b00-912d-98641c423ae0	chr8	29513857	140113304	6	3	3
41ff3f6a-d19a-4b00-912d-98641c423ae0	chr8	140113657	145072769	5	3	2
41ff3f6a-d19a-4b00-912d-98641c423ae0	chr9	46587	135930924	6	3	3
41ff3f6a-d19a-4b00-912d-98641c423ae0	chr9	135931192	137770413	4	2	2
41ff3f6a-d19a-4b00-912d-98641c423ae0	chr9	137772069	138200944	6	3	3
41ff3f6a-d19a-4b00-912d-98641c423ae0	chr10	45792	132359919	3	3	0
41ff3f6a-d19a-4b00-912d-98641c423ae0	chr10	132361249	133654968	2	2	0
41ff3f6a-d19a-4b00-912d-98641c423ae0	chr11	198510	31058329	3	3	0
41ff3f6a-d19a-4b00-912d-98641c423ae0	chr11	31060989	31323117	6	4	2
41ff3f6a-d19a-4b00-912d-98641c423ae0	chr11	31333905	32312119	3	3	0
41ff3f6a-d19a-4b00-912d-98641c423ae0	chr11	32318744	32462703	6	3	3
41ff3f6a-d19a-4b00-912d-98641c423ae0	chr11	32462719	35802332	3	3	0
41ff3f6a-d19a-4b00-912d-98641c423ae0	chr11	35812883	36568072	6	3	3
41ff3f6a-d19a-4b00-912d-98641c423ae0	chr11	36574050	37264695	3	3	0
41ff3f6a-d19a-4b00-912d-98641c423ae0	chr11	37266370	37549193	7	5	2
41ff3f6a-d19a-4b00-912d-98641c423ae0	chr11	37556606	38858749	3	3	0
41ff3f6a-d19a-4b00-912d-98641c423ae0	chr11	38862127	39171692	6	4	2
41ff3f6a-d19a-4b00-912d-98641c423ae0	chr11	39171739	43068259	3	3	0
41ff3f6a-d19a-4b00-912d-98641c423ae0	chr11	43073826	91865950	6	3	3
41ff3f6a-d19a-4b00-912d-98641c423ae0	chr11	91870529	91880091	11	6	5
41ff3f6a-d19a-4b00-912d-98641c423ae0	chr11	91880441	130200123	6	3	3
41ff3f6a-d19a-4b00-912d-98641c423ae0	chr11	130200649	135074876	7	4	3
41ff3f6a-d19a-4b00-912d-98641c423ae0	chr12	51460	91417669	6	3	3
41ff3f6a-d19a-4b00-912d-98641c423ae0	chr12	91417734	131693167	5	3	2
41ff3f6a-d19a-4b00-912d-98641c423ae0	chr12	131694505	133201603	4	2	2
41ff3f6a-d19a-4b00-912d-98641c423ae0	chr13	18452809	84979939	3	3	0
41ff3f6a-d19a-4b00-912d-98641c423ae0	chr13	84979982	91791479	3	2	1
41ff3f6a-d19a-4b00-912d-98641c423ae0	chr13	91792455	101381335	3	3	0
41ff3f6a-d19a-4b00-912d-98641c423ae0	chr13	101381497	101398295	1	1	0
41ff3f6a-d19a-4b00-912d-98641c423ae0	chr13	101398309	114342922	3	3	0
41ff3f6a-d19a-4b00-912d-98641c423ae0	chr14	18239283	19955213	4	3	1
41ff3f6a-d19a-4b00-912d-98641c423ae0	chr14	19956767	55363891	6	3	3
41ff3f6a-d19a-4b00-912d-98641c423ae0	chr14	55364281	55484490	4	2	2
41ff3f6a-d19a-4b00-912d-98641c423ae0	chr14	55490595	101717300	6	3	3
41ff3f6a-d19a-4b00-912d-98641c423ae0	chr14	101718844	105733039	5	3	2
41ff3f6a-d19a-4b00-912d-98641c423ae0	chr14	105752248	106379202	14	14	0
41ff3f6a-d19a-4b00-912d-98641c423ae0	chr14	106380858	106877229	6	3	3
41ff3f6a-d19a-4b00-912d-98641c423ae0	chr15	19811075	53953825	6	3	3
41ff3f6a-d19a-4b00-912d-98641c423ae0	chr15	53954263	54844577	7	4	3
41ff3f6a-d19a-4b00-912d-98641c423ae0	chr15	54844752	54848374	4	2	2
41ff3f6a-d19a-4b00-912d-98641c423ae0	chr15	54850586	101928837	6	3	3
41ff3f6a-d19a-4b00-912d-98641c423ae0	chr16	10777	396362	2	2	0
41ff3f6a-d19a-4b00-912d-98641c423ae0	chr16	399345	1922004	4	2	2
41ff3f6a-d19a-4b00-912d-98641c423ae0	chr16	1922547	5156311	5	3	2
41ff3f6a-d19a-4b00-912d-98641c423ae0	chr16	5156509	8451327	7	4	3
41ff3f6a-d19a-4b00-912d-98641c423ae0	chr16	8451366	58976597	6	3	3
41ff3f6a-d19a-4b00-912d-98641c423ae0	chr16	58976874	65909513	7	4	3
41ff3f6a-d19a-4b00-912d-98641c423ae0	chr16	65909747	81160923	6	3	3
41ff3f6a-d19a-4b00-912d-98641c423ae0	chr16	81162012	81290240	8	5	3
41ff3f6a-d19a-4b00-912d-98641c423ae0	chr16	81292633	87654962	6	3	3
41ff3f6a-d19a-4b00-912d-98641c423ae0	chr16	87655730	90096867	5	3	2
41ff3f6a-d19a-4b00-912d-98641c423ae0	chr17	150733	71998586	3	3	0
41ff3f6a-d19a-4b00-912d-98641c423ae0	chr17	71999508	73083433	6	6	0
41ff3f6a-d19a-4b00-912d-98641c423ae0	chr17	73084608	83091923	5	5	0
41ff3f6a-d19a-4b00-912d-98641c423ae0	chr18	48133	4971660	6	3	3
41ff3f6a-d19a-4b00-912d-98641c423ae0	chr18	4973590	4989684	2	1	1
41ff3f6a-d19a-4b00-912d-98641c423ae0	chr18	4990805	27409963	6	3	3
41ff3f6a-d19a-4b00-912d-98641c423ae0	chr18	27410973	27455366	10	5	5
41ff3f6a-d19a-4b00-912d-98641c423ae0	chr18	27455755	48062392	6	3	3
41ff3f6a-d19a-4b00-912d-98641c423ae0	chr18	48063658	65973303	5	3	2
41ff3f6a-d19a-4b00-912d-98641c423ae0	chr18	65976399	66244352	3	2	1
41ff3f6a-d19a-4b00-912d-98641c423ae0	chr18	66244639	73404135	5	3	2
41ff3f6a-d19a-4b00-912d-98641c423ae0	chr18	73404627	75381532	6	3	3
41ff3f6a-d19a-4b00-912d-98641c423ae0	chr18	75382006	80257174	5	3	2
41ff3f6a-d19a-4b00-912d-98641c423ae0	chr19	90910	4268318	5	3	2
41ff3f6a-d19a-4b00-912d-98641c423ae0	chr19	4268405	58586487	6	3	3
41ff3f6a-d19a-4b00-912d-98641c423ae0	chr20	80664	20166207	3	3	0
41ff3f6a-d19a-4b00-912d-98641c423ae0	chr20	20166231	20172285	1	1	0
41ff3f6a-d19a-4b00-912d-98641c423ae0	chr20	20173950	62030792	3	3	0
41ff3f6a-d19a-4b00-912d-98641c423ae0	chr20	62032371	63144948	2	2	0
41ff3f6a-d19a-4b00-912d-98641c423ae0	chr20	63148134	64324800	3	3	0
41ff3f6a-d19a-4b00-912d-98641c423ae0	chr21	12973348	46677045	6	3	3
41ff3f6a-d19a-4b00-912d-98641c423ae0	chr22	16392123	32178696	6	3	3
41ff3f6a-d19a-4b00-912d-98641c423ae0	chr22	32179162	32229244	5	3	2
41ff3f6a-d19a-4b00-912d-98641c423ae0	chr22	32230301	35524087	6	3	3
41ff3f6a-d19a-4b00-912d-98641c423ae0	chr22	35527058	43584736	5	3	2
41ff3f6a-d19a-4b00-912d-98641c423ae0	chr22	43584938	43769427	2	2	0
41ff3f6a-d19a-4b00-912d-98641c423ae0	chr22	43769718	50796027	6	3	3
41ff3f6a-d19a-4b00-912d-98641c423ae0	chrX	251810	1059510	3	3	0
41ff3f6a-d19a-4b00-912d-98641c423ae0	chrX	1059715	1479705	2	2	0
41ff3f6a-d19a-4b00-912d-98641c423ae0	chrX	1480942	1659770	4	4	0
41ff3f6a-d19a-4b00-912d-98641c423ae0	chrX	1675440	2377218	3	3	0
41ff3f6a-d19a-4b00-912d-98641c423ae0	chrX	2387078	2446094	1	1	0
41ff3f6a-d19a-4b00-912d-98641c423ae0	chrX	2450101	2467531	3	3	0
41ff3f6a-d19a-4b00-912d-98641c423ae0	chrX	2467555	2634737	2	2	0
41ff3f6a-d19a-4b00-912d-98641c423ae0	chrX	2639107	2649506	4	4	0
41ff3f6a-d19a-4b00-912d-98641c423ae0	chrX	2649606	2735511	2	2	0
41ff3f6a-d19a-4b00-912d-98641c423ae0	chrX	2735872	2820991	3	3	0
41ff3f6a-d19a-4b00-912d-98641c423ae0	chrX	2821571	89385338	2	2	0
41ff3f6a-d19a-4b00-912d-98641c423ae0	chrX	89390490	94088723	3	3	0
41ff3f6a-d19a-4b00-912d-98641c423ae0	chrX	94089087	156004181	2	2	0
41ff3f6a-d19a-4b00-912d-98641c423ae0	chrY	2782397	56872112	0	0	0
a6b1f661-efcc-4f4e-8dfb-b3fb45ed5efc	chr1	61735	248930189	2	1	1
a6b1f661-efcc-4f4e-8dfb-b3fb45ed5efc	chr2	12784	242147305	2	1	1
a6b1f661-efcc-4f4e-8dfb-b3fb45ed5efc	chr3	18667	198169247	2	1	1
a6b1f661-efcc-4f4e-8dfb-b3fb45ed5efc	chr4	12281	190106768	2	1	1
a6b1f661-efcc-4f4e-8dfb-b3fb45ed5efc	chr5	15532	181363319	2	1	1
a6b1f661-efcc-4f4e-8dfb-b3fb45ed5efc	chr6	149661	170741917	2	1	1
a6b1f661-efcc-4f4e-8dfb-b3fb45ed5efc	chr7	43259	159334314	2	1	1
a6b1f661-efcc-4f4e-8dfb-b3fb45ed5efc	chr8	81254	145072769	2	1	1
a6b1f661-efcc-4f4e-8dfb-b3fb45ed5efc	chr9	46587	138200944	2	1	1
a6b1f661-efcc-4f4e-8dfb-b3fb45ed5efc	chr10	26823	133769379	2	1	1
a6b1f661-efcc-4f4e-8dfb-b3fb45ed5efc	chr11	198572	135074876	2	1	1
a6b1f661-efcc-4f4e-8dfb-b3fb45ed5efc	chr12	51460	133201603	2	1	1
a6b1f661-efcc-4f4e-8dfb-b3fb45ed5efc	chr13	18452809	114342922	2	1	1
a6b1f661-efcc-4f4e-8dfb-b3fb45ed5efc	chr14	18225647	106877229	2	1	1
a6b1f661-efcc-4f4e-8dfb-b3fb45ed5efc	chr15	19811075	22624661	2	2	0
a6b1f661-efcc-4f4e-8dfb-b3fb45ed5efc	chr15	22631645	101928837	2	1	1
a6b1f661-efcc-4f4e-8dfb-b3fb45ed5efc	chr16	10777	90221127	2	1	1
a6b1f661-efcc-4f4e-8dfb-b3fb45ed5efc	chr17	150733	83090856	2	1	1
a6b1f661-efcc-4f4e-8dfb-b3fb45ed5efc	chr18	48133	80257174	2	1	1
a6b1f661-efcc-4f4e-8dfb-b3fb45ed5efc	chr19	90910	58586487	2	1	1
a6b1f661-efcc-4f4e-8dfb-b3fb45ed5efc	chr20	80664	64324800	2	1	1
a6b1f661-efcc-4f4e-8dfb-b3fb45ed5efc	chr21	10336543	46677045	2	1	1
a6b1f661-efcc-4f4e-8dfb-b3fb45ed5efc	chr22	15294545	50796027	2	1	1
a6b1f661-efcc-4f4e-8dfb-b3fb45ed5efc	chrX	251810	156004181	2	1	1
0a5a57aa-f160-4aee-bf8f-4aba60700150	chr1	61735	248930189	1	1	0
0a5a57aa-f160-4aee-bf8f-4aba60700150	chr2	12784	242147305	1	1	0
0a5a57aa-f160-4aee-bf8f-4aba60700150	chr3	18667	198169247	2	1	1
0a5a57aa-f160-4aee-bf8f-4aba60700150	chr4	12281	190106768	2	1	1
0a5a57aa-f160-4aee-bf8f-4aba60700150	chr5	15532	181363319	2	1	1
0a5a57aa-f160-4aee-bf8f-4aba60700150	chr6	149661	170741917	1	1	0
0a5a57aa-f160-4aee-bf8f-4aba60700150	chr7	43259	159334314	2	1	1
0a5a57aa-f160-4aee-bf8f-4aba60700150	chr8	81254	145072769	2	1	1
0a5a57aa-f160-4aee-bf8f-4aba60700150	chr9	46587	138200944	2	1	1
0a5a57aa-f160-4aee-bf8f-4aba60700150	chr10	26823	133769379	1	1	0
0a5a57aa-f160-4aee-bf8f-4aba60700150	chr11	198572	135074876	2	1	1
0a5a57aa-f160-4aee-bf8f-4aba60700150	chr12	51460	133201603	2	1	1
0a5a57aa-f160-4aee-bf8f-4aba60700150	chr13	18452809	114342922	1	1	0
0a5a57aa-f160-4aee-bf8f-4aba60700150	chr14	18225647	106877229	2	1	1
0a5a57aa-f160-4aee-bf8f-4aba60700150	chr15	19811075	101928837	2	1	1
0a5a57aa-f160-4aee-bf8f-4aba60700150	chr16	10777	90221127	2	1	1
0a5a57aa-f160-4aee-bf8f-4aba60700150	chr17	150733	83090856	1	1	0
0a5a57aa-f160-4aee-bf8f-4aba60700150	chr18	48133	80257174	2	1	1
0a5a57aa-f160-4aee-bf8f-4aba60700150	chr19	90910	58586487	2	1	1
0a5a57aa-f160-4aee-bf8f-4aba60700150	chr20	80664	64324800	2	1	1
0a5a57aa-f160-4aee-bf8f-4aba60700150	chr21	10336543	46677045	1	1	0
0a5a57aa-f160-4aee-bf8f-4aba60700150	chr22	15294545	50796027	2	1	1
0a5a57aa-f160-4aee-bf8f-4aba60700150	chrX	251810	156004181	1	1	0
fd564a52-445b-4b36-8461-61c3c9fe3de8	chr1	62920	19445640	1	1	0
fd564a52-445b-4b36-8461-61c3c9fe3de8	chr1	19446353	19457152	0	0	0
fd564a52-445b-4b36-8461-61c3c9fe3de8	chr1	19461281	175720427	1	1	0
fd564a52-445b-4b36-8461-61c3c9fe3de8	chr1	175720543	175732888	0	0	0
fd564a52-445b-4b36-8461-61c3c9fe3de8	chr1	175733315	175748332	2	2	0
fd564a52-445b-4b36-8461-61c3c9fe3de8	chr1	175749650	248930189	1	1	0
fd564a52-445b-4b36-8461-61c3c9fe3de8	chr2	12784	242147305	1	1	0
fd564a52-445b-4b36-8461-61c3c9fe3de8	chr3	20930	198169247	2	1	1
fd564a52-445b-4b36-8461-61c3c9fe3de8	chr4	68929	81830512	2	1	1
fd564a52-445b-4b36-8461-61c3c9fe3de8	chr4	81839016	81856654	1	1	0
fd564a52-445b-4b36-8461-61c3c9fe3de8	chr4	81857001	168582948	2	1	1
fd564a52-445b-4b36-8461-61c3c9fe3de8	chr4	168583035	168605860	1	1	0
fd564a52-445b-4b36-8461-61c3c9fe3de8	chr4	168607425	190106768	2	1	1
fd564a52-445b-4b36-8461-61c3c9fe3de8	chr5	15532	15716018	2	1	1
fd564a52-445b-4b36-8461-61c3c9fe3de8	chr5	15718383	15720342	0	0	0
fd564a52-445b-4b36-8461-61c3c9fe3de8	chr5	15720369	78997218	2	1	1
fd564a52-445b-4b36-8461-61c3c9fe3de8	chr5	79000288	79020141	1	1	0
fd564a52-445b-4b36-8461-61c3c9fe3de8	chr5	79021590	180947523	2	1	1
fd564a52-445b-4b36-8461-61c3c9fe3de8	chr5	180951710	180991103	0	0	0
fd564a52-445b-4b36-8461-61c3c9fe3de8	chr5	181006225	181363319	2	1	1
fd564a52-445b-4b36-8461-61c3c9fe3de8	chr6	149661	30499918	1	1	0
fd564a52-445b-4b36-8461-61c3c9fe3de8	chr6	30507638	30515216	0	0	0
fd564a52-445b-4b36-8461-61c3c9fe3de8	chr6	30544386	80578359	1	1	0
fd564a52-445b-4b36-8461-61c3c9fe3de8	chr6	80578413	80579817	0	0	0
fd564a52-445b-4b36-8461-61c3c9fe3de8	chr6	80584624	170741917	1	1	0
fd564a52-445b-4b36-8461-61c3c9fe3de8	chr7	43259	159334314	2	1	1
fd564a52-445b-4b36-8461-61c3c9fe3de8	chr8	81254	34996980	1	1	0
fd564a52-445b-4b36-8461-61c3c9fe3de8	chr8	34997908	35018014	0	0	0
fd564a52-445b-4b36-8461-61c3c9fe3de8	chr8	35018096	145072769	1	1	0
fd564a52-445b-4b36-8461-61c3c9fe3de8	chr9	46587	133721141	2	1	1
fd564a52-445b-4b36-8461-61c3c9fe3de8	chr9	133721245	133753192	3	2	1
fd564a52-445b-4b36-8461-61c3c9fe3de8	chr9	133753594	138200944	2	1	1
fd564a52-445b-4b36-8461-61c3c9fe3de8	chr10	45792	133654968	1	1	0
fd564a52-445b-4b36-8461-61c3c9fe3de8	chr11	198510	35352654	2	1	1
fd564a52-445b-4b36-8461-61c3c9fe3de8	chr11	35352965	35366692	3	2	1
fd564a52-445b-4b36-8461-61c3c9fe3de8	chr11	35367231	69999896	2	1	1
fd564a52-445b-4b36-8461-61c3c9fe3de8	chr11	70000098	70003258	1	1	0
fd564a52-445b-4b36-8461-61c3c9fe3de8	chr11	70003328	135074876	2	1	1
fd564a52-445b-4b36-8461-61c3c9fe3de8	chr12	51460	9320047	2	1	1
fd564a52-445b-4b36-8461-61c3c9fe3de8	chr12	9320561	9587750	1	1	0
fd564a52-445b-4b36-8461-61c3c9fe3de8	chr12	9590690	133201603	2	1	1
fd564a52-445b-4b36-8461-61c3c9fe3de8	chr13	18452809	114342922	1	1	0
fd564a52-445b-4b36-8461-61c3c9fe3de8	chr14	18239283	19954095	5	3	2
fd564a52-445b-4b36-8461-61c3c9fe3de8	chr14	19954424	20714641	2	1	1
fd564a52-445b-4b36-8461-61c3c9fe3de8	chr14	20714783	20734846	1	1	0
fd564a52-445b-4b36-8461-61c3c9fe3de8	chr14	20735173	99555861	2	1	1
fd564a52-445b-4b36-8461-61c3c9fe3de8	chr14	99556011	99560380	1	1	0
fd564a52-445b-4b36-8461-61c3c9fe3de8	chr14	99561643	106877229	2	1	1
fd564a52-445b-4b36-8461-61c3c9fe3de8	chr15	19811075	101928837	2	1	1
fd564a52-445b-4b36-8461-61c3c9fe3de8	chr16	10777	1607623	1	1	0
fd564a52-445b-4b36-8461-61c3c9fe3de8	chr16	1610273	66027514	2	1	1
fd564a52-445b-4b36-8461-61c3c9fe3de8	chr16	66027537	66033682	4	2	2
fd564a52-445b-4b36-8461-61c3c9fe3de8	chr16	66033739	78343037	2	1	1
fd564a52-445b-4b36-8461-61c3c9fe3de8	chr16	78343264	78350868	0	0	0
fd564a52-445b-4b36-8461-61c3c9fe3de8	chr16	78351104	87732599	2	1	1
fd564a52-445b-4b36-8461-61c3c9fe3de8	chr16	87734558	89596467	1	1	0
fd564a52-445b-4b36-8461-61c3c9fe3de8	chr16	89596664	90096867	2	1	1
fd564a52-445b-4b36-8461-61c3c9fe3de8	chr17	150733	5821793	1	1	0
fd564a52-445b-4b36-8461-61c3c9fe3de8	chr17	5821811	5825332	0	0	0
fd564a52-445b-4b36-8461-61c3c9fe3de8	chr17	5825550	18414080	1	1	0
fd564a52-445b-4b36-8461-61c3c9fe3de8	chr17	18452078	18550123	0	0	0
fd564a52-445b-4b36-8461-61c3c9fe3de8	chr17	18561272	83091923	1	1	0
fd564a52-445b-4b36-8461-61c3c9fe3de8	chr18	48133	37271793	2	1	1
fd564a52-445b-4b36-8461-61c3c9fe3de8	chr18	37274312	37296829	1	1	0
fd564a52-445b-4b36-8461-61c3c9fe3de8	chr18	37297342	80257174	2	1	1
fd564a52-445b-4b36-8461-61c3c9fe3de8	chr19	90910	15578641	2	1	1
fd564a52-445b-4b36-8461-61c3c9fe3de8	chr19	15586172	15723148	3	2	1
fd564a52-445b-4b36-8461-61c3c9fe3de8	chr19	15724930	31377794	2	1	1
fd564a52-445b-4b36-8461-61c3c9fe3de8	chr19	31379058	31442638	3	2	1
fd564a52-445b-4b36-8461-61c3c9fe3de8	chr19	31445505	58586487	2	1	1
fd564a52-445b-4b36-8461-61c3c9fe3de8	chr20	80664	64324800	2	1	1
fd564a52-445b-4b36-8461-61c3c9fe3de8	chr21	12973348	46677045	1	1	0
fd564a52-445b-4b36-8461-61c3c9fe3de8	chr22	16392123	32178696	2	1	1
fd564a52-445b-4b36-8461-61c3c9fe3de8	chr22	32179162	32196133	1	1	0
fd564a52-445b-4b36-8461-61c3c9fe3de8	chr22	32196403	50796027	2	1	1
fd564a52-445b-4b36-8461-61c3c9fe3de8	chrX	251810	156004181	1	1	0
fd564a52-445b-4b36-8461-61c3c9fe3de8	chrY	2782397	56872112	0	0	0
7d378cc0-6824-453f-bbf9-fdd6a9119e88	chr1	62920	99120887	1	1	0
7d378cc0-6824-453f-bbf9-fdd6a9119e88	chr1	99120960	99144559	2	2	0
7d378cc0-6824-453f-bbf9-fdd6a9119e88	chr1	99144597	177979579	1	1	0
7d378cc0-6824-453f-bbf9-fdd6a9119e88	chr1	177981091	177996708	0	0	0
7d378cc0-6824-453f-bbf9-fdd6a9119e88	chr1	177999062	248930189	1	1	0
7d378cc0-6824-453f-bbf9-fdd6a9119e88	chr2	12784	50700396	1	1	0
7d378cc0-6824-453f-bbf9-fdd6a9119e88	chr2	50705683	50891523	0	0	0
7d378cc0-6824-453f-bbf9-fdd6a9119e88	chr2	50893085	86025382	1	1	0
7d378cc0-6824-453f-bbf9-fdd6a9119e88	chr2	86026385	86279021	2	2	0
7d378cc0-6824-453f-bbf9-fdd6a9119e88	chr2	86285979	242147305	1	1	0
7d378cc0-6824-453f-bbf9-fdd6a9119e88	chr3	20930	162788742	2	1	1
7d378cc0-6824-453f-bbf9-fdd6a9119e88	chr3	162790390	162908207	0	0	0
7d378cc0-6824-453f-bbf9-fdd6a9119e88	chr3	162908784	198169247	2	1	1
7d378cc0-6824-453f-bbf9-fdd6a9119e88	chr4	68929	20943956	2	1	1
7d378cc0-6824-453f-bbf9-fdd6a9119e88	chr4	20944031	20950933	1	1	0
7d378cc0-6824-453f-bbf9-fdd6a9119e88	chr4	20952173	34755297	2	1	1
7d378cc0-6824-453f-bbf9-fdd6a9119e88	chr4	34755317	34846054	0	0	0
7d378cc0-6824-453f-bbf9-fdd6a9119e88	chr4	34846782	81829785	2	1	1
7d378cc0-6824-453f-bbf9-fdd6a9119e88	chr4	81830219	81847731	1	1	0
7d378cc0-6824-453f-bbf9-fdd6a9119e88	chr4	81852466	95807704	2	1	1
7d378cc0-6824-453f-bbf9-fdd6a9119e88	chr4	95811765	95813534	3	2	1
7d378cc0-6824-453f-bbf9-fdd6a9119e88	chr4	95813997	190106768	2	1	1
7d378cc0-6824-453f-bbf9-fdd6a9119e88	chr5	15532	80080206	2	1	1
7d378cc0-6824-453f-bbf9-fdd6a9119e88	chr5	80083715	80111696	3	2	1
7d378cc0-6824-453f-bbf9-fdd6a9119e88	chr5	80114136	169105132	2	1	1
7d378cc0-6824-453f-bbf9-fdd6a9119e88	chr5	169105462	169118005	4	2	2
7d378cc0-6824-453f-bbf9-fdd6a9119e88	chr5	169122103	180947523	2	1	1
7d378cc0-6824-453f-bbf9-fdd6a9119e88	chr5	180951710	180991103	0	0	0
7d378cc0-6824-453f-bbf9-fdd6a9119e88	chr5	181006225	181363319	2	1	1
7d378cc0-6824-453f-bbf9-fdd6a9119e88	chr6	149661	30499918	1	1	0
7d378cc0-6824-453f-bbf9-fdd6a9119e88	chr6	30507638	30515216	0	0	0
7d378cc0-6824-453f-bbf9-fdd6a9119e88	chr6	30544386	170741917	1	1	0
7d378cc0-6824-453f-bbf9-fdd6a9119e88	chr7	43259	70905356	2	1	1
7d378cc0-6824-453f-bbf9-fdd6a9119e88	chr7	70905483	70981283	3	2	1
7d378cc0-6824-453f-bbf9-fdd6a9119e88	chr7	70981330	109793741	2	1	1
7d378cc0-6824-453f-bbf9-fdd6a9119e88	chr7	109797035	109813853	0	0	0
7d378cc0-6824-453f-bbf9-fdd6a9119e88	chr7	109813925	159334314	2	1	1
7d378cc0-6824-453f-bbf9-fdd6a9119e88	chr8	81254	74173035	1	1	0
7d378cc0-6824-453f-bbf9-fdd6a9119e88	chr8	74174970	74200423	0	0	0
7d378cc0-6824-453f-bbf9-fdd6a9119e88	chr8	74200535	145072769	1	1	0
7d378cc0-6824-453f-bbf9-fdd6a9119e88	chr9	46587	113359291	2	1	1
7d378cc0-6824-453f-bbf9-fdd6a9119e88	chr9	113360046	113361974	1	1	0
7d378cc0-6824-453f-bbf9-fdd6a9119e88	chr9	113362045	135649146	2	1	1
7d378cc0-6824-453f-bbf9-fdd6a9119e88	chr9	135649742	135710017	3	2	1
7d378cc0-6824-453f-bbf9-fdd6a9119e88	chr9	135715705	138200944	2	1	1
7d378cc0-6824-453f-bbf9-fdd6a9119e88	chr10	45792	6612167	1	1	0
7d378cc0-6824-453f-bbf9-fdd6a9119e88	chr10	6615813	6622192	0	0	0
7d378cc0-6824-453f-bbf9-fdd6a9119e88	chr10	6622355	133654968	1	1	0
7d378cc0-6824-453f-bbf9-fdd6a9119e88	chr11	198510	135074876	2	1	1
7d378cc0-6824-453f-bbf9-fdd6a9119e88	chr12	51460	133201603	2	1	1
7d378cc0-6824-453f-bbf9-fdd6a9119e88	chr13	18452809	47055746	2	1	1
7d378cc0-6824-453f-bbf9-fdd6a9119e88	chr13	47055911	47068927	1	1	0
7d378cc0-6824-453f-bbf9-fdd6a9119e88	chr13	47069200	106766502	2	1	1
7d378cc0-6824-453f-bbf9-fdd6a9119e88	chr13	106767166	106793931	3	2	1
7d378cc0-6824-453f-bbf9-fdd6a9119e88	chr13	106794629	114342922	2	1	1
7d378cc0-6824-453f-bbf9-fdd6a9119e88	chr14	18239283	96628607	2	1	1
7d378cc0-6824-453f-bbf9-fdd6a9119e88	chr14	96629472	96636733	4	2	2
7d378cc0-6824-453f-bbf9-fdd6a9119e88	chr14	96637470	106877229	2	1	1
7d378cc0-6824-453f-bbf9-fdd6a9119e88	chr15	19811075	101928837	2	1	1
7d378cc0-6824-453f-bbf9-fdd6a9119e88	chr16	10777	1532305	1	1	0
7d378cc0-6824-453f-bbf9-fdd6a9119e88	chr16	1535114	78343037	2	1	1
7d378cc0-6824-453f-bbf9-fdd6a9119e88	chr16	78343264	78350868	0	0	0
7d378cc0-6824-453f-bbf9-fdd6a9119e88	chr16	78351104	90096867	2	1	1
7d378cc0-6824-453f-bbf9-fdd6a9119e88	chr17	150733	83091923	1	1	0
7d378cc0-6824-453f-bbf9-fdd6a9119e88	chr18	48133	2166710	2	1	1
7d378cc0-6824-453f-bbf9-fdd6a9119e88	chr18	2166794	2172370	1	1	0
7d378cc0-6824-453f-bbf9-fdd6a9119e88	chr18	2172406	59454041	2	1	1
7d378cc0-6824-453f-bbf9-fdd6a9119e88	chr18	59455379	59467622	1	1	0
7d378cc0-6824-453f-bbf9-fdd6a9119e88	chr18	59468038	80257174	2	1	1
7d378cc0-6824-453f-bbf9-fdd6a9119e88	chr19	90910	31381364	2	1	1
7d378cc0-6824-453f-bbf9-fdd6a9119e88	chr19	31381832	31445643	3	2	1
7d378cc0-6824-453f-bbf9-fdd6a9119e88	chr19	31445834	58586487	2	1	1
7d378cc0-6824-453f-bbf9-fdd6a9119e88	chr20	80664	9611616	2	1	1
7d378cc0-6824-453f-bbf9-fdd6a9119e88	chr20	9611691	9642487	1	1	0
7d378cc0-6824-453f-bbf9-fdd6a9119e88	chr20	9643211	64324800	2	1	1
7d378cc0-6824-453f-bbf9-fdd6a9119e88	chr21	12973348	46677045	1	1	0
7d378cc0-6824-453f-bbf9-fdd6a9119e88	chr22	16392123	50796027	2	1	1
7d378cc0-6824-453f-bbf9-fdd6a9119e88	chrX	251810	1400981	1	1	0
7d378cc0-6824-453f-bbf9-fdd6a9119e88	chrX	1401031	1428177	0	0	0
7d378cc0-6824-453f-bbf9-fdd6a9119e88	chrX	1456048	156004181	1	1	0
7d378cc0-6824-453f-bbf9-fdd6a9119e88	chrY	2782397	56872112	0	0	0
a6b1f661-efcc-4f4e-8dfb-b3fb45ed5efc	chr1	62920	25256800	2	1	1
a6b1f661-efcc-4f4e-8dfb-b3fb45ed5efc	chr1	25256850	25336853	0	0	0
a6b1f661-efcc-4f4e-8dfb-b3fb45ed5efc	chr1	25346663	248930189	2	1	1
a6b1f661-efcc-4f4e-8dfb-b3fb45ed5efc	chr2	12784	29852145	2	1	1
a6b1f661-efcc-4f4e-8dfb-b3fb45ed5efc	chr2	29852185	29867475	4	2	2
a6b1f661-efcc-4f4e-8dfb-b3fb45ed5efc	chr2	29867763	50011313	2	1	1
a6b1f661-efcc-4f4e-8dfb-b3fb45ed5efc	chr2	50011342	50086900	3	2	1
a6b1f661-efcc-4f4e-8dfb-b3fb45ed5efc	chr2	50090147	152054824	2	1	1
a6b1f661-efcc-4f4e-8dfb-b3fb45ed5efc	chr2	152054916	152081921	1	1	0
a6b1f661-efcc-4f4e-8dfb-b3fb45ed5efc	chr2	152083033	205557416	2	1	1
a6b1f661-efcc-4f4e-8dfb-b3fb45ed5efc	chr2	205558272	205580391	3	2	1
a6b1f661-efcc-4f4e-8dfb-b3fb45ed5efc	chr2	205582051	242147305	2	1	1
a6b1f661-efcc-4f4e-8dfb-b3fb45ed5efc	chr3	20930	3928744	2	1	1
a6b1f661-efcc-4f4e-8dfb-b3fb45ed5efc	chr3	3929695	3930544	1	1	0
a6b1f661-efcc-4f4e-8dfb-b3fb45ed5efc	chr3	3931990	162790480	2	1	1
a6b1f661-efcc-4f4e-8dfb-b3fb45ed5efc	chr3	162794869	162898127	6	6	0
a6b1f661-efcc-4f4e-8dfb-b3fb45ed5efc	chr3	162906054	198169247	2	1	1
a6b1f661-efcc-4f4e-8dfb-b3fb45ed5efc	chr4	68929	67827765	2	1	1
a6b1f661-efcc-4f4e-8dfb-b3fb45ed5efc	chr4	67827912	67840050	1	1	0
a6b1f661-efcc-4f4e-8dfb-b3fb45ed5efc	chr4	67841145	190106768	2	1	1
a6b1f661-efcc-4f4e-8dfb-b3fb45ed5efc	chr5	15532	181363319	2	1	1
a6b1f661-efcc-4f4e-8dfb-b3fb45ed5efc	chr6	149661	31385862	2	1	1
a6b1f661-efcc-4f4e-8dfb-b3fb45ed5efc	chr6	31385912	31483699	3	2	1
a6b1f661-efcc-4f4e-8dfb-b3fb45ed5efc	chr6	31488057	103290458	2	1	1
a6b1f661-efcc-4f4e-8dfb-b3fb45ed5efc	chr6	103290531	103314186	5	5	0
a6b1f661-efcc-4f4e-8dfb-b3fb45ed5efc	chr6	103317795	170741917	2	1	1
a6b1f661-efcc-4f4e-8dfb-b3fb45ed5efc	chr7	43259	18774678	2	1	1
a6b1f661-efcc-4f4e-8dfb-b3fb45ed5efc	chr7	18775529	18782572	3	2	1
a6b1f661-efcc-4f4e-8dfb-b3fb45ed5efc	chr7	18784270	103823551	2	1	1
a6b1f661-efcc-4f4e-8dfb-b3fb45ed5efc	chr7	103825611	103841283	1	1	0
a6b1f661-efcc-4f4e-8dfb-b3fb45ed5efc	chr7	103843403	159334314	2	1	1
a6b1f661-efcc-4f4e-8dfb-b3fb45ed5efc	chr8	81254	16093390	2	1	1
a6b1f661-efcc-4f4e-8dfb-b3fb45ed5efc	chr8	16093540	16166875	1	1	0
a6b1f661-efcc-4f4e-8dfb-b3fb45ed5efc	chr8	16167255	145072769	2	1	1
a6b1f661-efcc-4f4e-8dfb-b3fb45ed5efc	chr9	46587	74794489	2	1	1
a6b1f661-efcc-4f4e-8dfb-b3fb45ed5efc	chr9	74796474	74816448	1	1	0
a6b1f661-efcc-4f4e-8dfb-b3fb45ed5efc	chr9	74818848	138200944	2	1	1
a6b1f661-efcc-4f4e-8dfb-b3fb45ed5efc	chr10	45792	133654968	2	1	1
a6b1f661-efcc-4f4e-8dfb-b3fb45ed5efc	chr11	198510	35354540	2	1	1
a6b1f661-efcc-4f4e-8dfb-b3fb45ed5efc	chr11	35355264	35366692	3	2	1
a6b1f661-efcc-4f4e-8dfb-b3fb45ed5efc	chr11	35367231	135074876	2	1	1
a6b1f661-efcc-4f4e-8dfb-b3fb45ed5efc	chr12	51460	23535927	2	1	1
a6b1f661-efcc-4f4e-8dfb-b3fb45ed5efc	chr12	23536367	23555649	1	1	0
a6b1f661-efcc-4f4e-8dfb-b3fb45ed5efc	chr12	23556888	52526630	2	1	1
a6b1f661-efcc-4f4e-8dfb-b3fb45ed5efc	chr12	52527431	52531875	4	2	2
a6b1f661-efcc-4f4e-8dfb-b3fb45ed5efc	chr12	52532185	128738395	2	1	1
a6b1f661-efcc-4f4e-8dfb-b3fb45ed5efc	chr12	128741204	128780293	3	2	1
a6b1f661-efcc-4f4e-8dfb-b3fb45ed5efc	chr12	128784699	133201603	2	1	1
a6b1f661-efcc-4f4e-8dfb-b3fb45ed5efc	chr13	18452809	114342922	2	1	1
a6b1f661-efcc-4f4e-8dfb-b3fb45ed5efc	chr14	18239283	99555861	2	1	1
a6b1f661-efcc-4f4e-8dfb-b3fb45ed5efc	chr14	99556011	99560380	1	1	0
a6b1f661-efcc-4f4e-8dfb-b3fb45ed5efc	chr14	99561643	105520403	2	1	1
a6b1f661-efcc-4f4e-8dfb-b3fb45ed5efc	chr14	105521701	106320716	4	4	0
a6b1f661-efcc-4f4e-8dfb-b3fb45ed5efc	chr14	106321086	106877229	2	1	1
a6b1f661-efcc-4f4e-8dfb-b3fb45ed5efc	chr15	19811075	45943633	2	1	1
a6b1f661-efcc-4f4e-8dfb-b3fb45ed5efc	chr15	45943946	45950067	0	0	0
a6b1f661-efcc-4f4e-8dfb-b3fb45ed5efc	chr15	45950082	54664404	2	1	1
a6b1f661-efcc-4f4e-8dfb-b3fb45ed5efc	chr15	54664510	54690273	1	1	0
a6b1f661-efcc-4f4e-8dfb-b3fb45ed5efc	chr15	54691890	101928837	2	1	1
a6b1f661-efcc-4f4e-8dfb-b3fb45ed5efc	chr16	10777	35225338	2	1	1
a6b1f661-efcc-4f4e-8dfb-b3fb45ed5efc	chr16	35232200	35374520	4	2	2
a6b1f661-efcc-4f4e-8dfb-b3fb45ed5efc	chr16	35375297	36048855	3	2	1
a6b1f661-efcc-4f4e-8dfb-b3fb45ed5efc	chr16	46441986	78879218	2	1	1
a6b1f661-efcc-4f4e-8dfb-b3fb45ed5efc	chr16	78879267	78896496	4	2	2
a6b1f661-efcc-4f4e-8dfb-b3fb45ed5efc	chr16	78897123	90096867	2	1	1
a6b1f661-efcc-4f4e-8dfb-b3fb45ed5efc	chr17	150733	36109315	2	1	1
a6b1f661-efcc-4f4e-8dfb-b3fb45ed5efc	chr17	36109735	36157718	6	6	0
a6b1f661-efcc-4f4e-8dfb-b3fb45ed5efc	chr17	36200725	83091923	2	1	1
a6b1f661-efcc-4f4e-8dfb-b3fb45ed5efc	chr18	48133	80257174	2	1	1
a6b1f661-efcc-4f4e-8dfb-b3fb45ed5efc	chr19	90910	22242357	2	1	1
a6b1f661-efcc-4f4e-8dfb-b3fb45ed5efc	chr19	22242561	22256702	3	2	1
a6b1f661-efcc-4f4e-8dfb-b3fb45ed5efc	chr19	22258369	33379418	2	1	1
a6b1f661-efcc-4f4e-8dfb-b3fb45ed5efc	chr19	33379581	33394212	1	1	0
a6b1f661-efcc-4f4e-8dfb-b3fb45ed5efc	chr19	33396254	58586487	2	1	1
a6b1f661-efcc-4f4e-8dfb-b3fb45ed5efc	chr20	80664	64324800	2	1	1
a6b1f661-efcc-4f4e-8dfb-b3fb45ed5efc	chr21	12973348	46677045	2	1	1
a6b1f661-efcc-4f4e-8dfb-b3fb45ed5efc	chr22	16392123	50796027	2	1	1
a6b1f661-efcc-4f4e-8dfb-b3fb45ed5efc	chrX	251810	68028992	2	1	1
a6b1f661-efcc-4f4e-8dfb-b3fb45ed5efc	chrX	68031088	68061821	3	2	1
a6b1f661-efcc-4f4e-8dfb-b3fb45ed5efc	chrX	68062114	88276844	2	1	1
a6b1f661-efcc-4f4e-8dfb-b3fb45ed5efc	chrX	88277161	89003796	3	2	1
a6b1f661-efcc-4f4e-8dfb-b3fb45ed5efc	chrX	89004328	102020755	2	1	1
a6b1f661-efcc-4f4e-8dfb-b3fb45ed5efc	chrX	102021361	102030833	3	2	1
a6b1f661-efcc-4f4e-8dfb-b3fb45ed5efc	chrX	102030982	156004181	2	1	1
a6b1f661-efcc-4f4e-8dfb-b3fb45ed5efc	chrY	2782397	26653788	0	0	0
a6b1f661-efcc-4f4e-8dfb-b3fb45ed5efc	chrY	56872112	56872112	1	1	0
36e25dca-e56d-44b6-9bc4-6ee3997ef9e5	chr1	61735	248930189	1	1	0
36e25dca-e56d-44b6-9bc4-6ee3997ef9e5	chr2	12784	242147305	1	1	0
36e25dca-e56d-44b6-9bc4-6ee3997ef9e5	chr3	18667	198169247	2	1	1
36e25dca-e56d-44b6-9bc4-6ee3997ef9e5	chr4	12281	190106768	2	1	1
36e25dca-e56d-44b6-9bc4-6ee3997ef9e5	chr5	15532	181363319	2	1	1
36e25dca-e56d-44b6-9bc4-6ee3997ef9e5	chr6	149661	66298918	1	1	0
36e25dca-e56d-44b6-9bc4-6ee3997ef9e5	chr6	66299130	66338664	3	2	1
36e25dca-e56d-44b6-9bc4-6ee3997ef9e5	chr6	66338736	170741917	1	1	0
36e25dca-e56d-44b6-9bc4-6ee3997ef9e5	chr7	43259	159334314	2	1	1
36e25dca-e56d-44b6-9bc4-6ee3997ef9e5	chr8	81254	145072769	1	1	0
36e25dca-e56d-44b6-9bc4-6ee3997ef9e5	chr9	46587	138200944	2	1	1
36e25dca-e56d-44b6-9bc4-6ee3997ef9e5	chr10	26823	133769379	1	1	0
36e25dca-e56d-44b6-9bc4-6ee3997ef9e5	chr11	198572	135074876	2	1	1
36e25dca-e56d-44b6-9bc4-6ee3997ef9e5	chr12	51460	133201603	2	1	1
36e25dca-e56d-44b6-9bc4-6ee3997ef9e5	chr13	18452809	114342922	1	1	0
36e25dca-e56d-44b6-9bc4-6ee3997ef9e5	chr14	18225647	106877229	2	1	1
36e25dca-e56d-44b6-9bc4-6ee3997ef9e5	chr15	19811075	101928837	2	1	1
36e25dca-e56d-44b6-9bc4-6ee3997ef9e5	chr16	10777	70805434	2	1	1
36e25dca-e56d-44b6-9bc4-6ee3997ef9e5	chr16	70808194	71063006	1	1	0
36e25dca-e56d-44b6-9bc4-6ee3997ef9e5	chr16	71063821	90221127	2	1	1
36e25dca-e56d-44b6-9bc4-6ee3997ef9e5	chr17	150733	83090856	1	1	0
36e25dca-e56d-44b6-9bc4-6ee3997ef9e5	chr18	48133	80257174	2	1	1
36e25dca-e56d-44b6-9bc4-6ee3997ef9e5	chr19	90910	58586487	2	1	1
36e25dca-e56d-44b6-9bc4-6ee3997ef9e5	chr20	80664	64324800	2	1	1
36e25dca-e56d-44b6-9bc4-6ee3997ef9e5	chr21	10336543	46677045	2	1	1
36e25dca-e56d-44b6-9bc4-6ee3997ef9e5	chr22	15294545	50796027	2	1	1
36e25dca-e56d-44b6-9bc4-6ee3997ef9e5	chrX	251810	156004181	1	1	0
7f6de1dc-897c-4ecb-bc0a-d2aa76b38150	chr1	61735	248930189	3	3	0
7f6de1dc-897c-4ecb-bc0a-d2aa76b38150	chr2	12784	242147305	3	3	0
7f6de1dc-897c-4ecb-bc0a-d2aa76b38150	chr3	18667	198169247	3	3	0
7f6de1dc-897c-4ecb-bc0a-d2aa76b38150	chr4	12281	158324736	6	3	3
7f6de1dc-897c-4ecb-bc0a-d2aa76b38150	chr4	158325456	163013127	4	3	1
7f6de1dc-897c-4ecb-bc0a-d2aa76b38150	chr4	163013456	190106768	6	3	3
7f6de1dc-897c-4ecb-bc0a-d2aa76b38150	chr5	15532	181363319	3	3	0
7f6de1dc-897c-4ecb-bc0a-d2aa76b38150	chr6	149661	170741917	3	3	0
7f6de1dc-897c-4ecb-bc0a-d2aa76b38150	chr7	43259	159334314	6	3	3
7f6de1dc-897c-4ecb-bc0a-d2aa76b38150	chr8	81254	145072769	6	3	3
7f6de1dc-897c-4ecb-bc0a-d2aa76b38150	chr9	46587	138200944	3	3	0
7f6de1dc-897c-4ecb-bc0a-d2aa76b38150	chr10	26823	133769379	6	3	3
7f6de1dc-897c-4ecb-bc0a-d2aa76b38150	chr11	198572	135074876	6	3	3
7f6de1dc-897c-4ecb-bc0a-d2aa76b38150	chr12	51460	133201603	6	3	3
7f6de1dc-897c-4ecb-bc0a-d2aa76b38150	chr13	18452809	114342922	3	3	0
7f6de1dc-897c-4ecb-bc0a-d2aa76b38150	chr14	18225647	106877229	6	3	3
7f6de1dc-897c-4ecb-bc0a-d2aa76b38150	chr15	19811075	101928837	6	3	3
7f6de1dc-897c-4ecb-bc0a-d2aa76b38150	chr16	10777	90221127	6	3	3
7f6de1dc-897c-4ecb-bc0a-d2aa76b38150	chr17	150733	83090856	3	3	0
7f6de1dc-897c-4ecb-bc0a-d2aa76b38150	chr18	48133	80257174	6	3	3
7f6de1dc-897c-4ecb-bc0a-d2aa76b38150	chr19	90910	58586487	6	3	3
7f6de1dc-897c-4ecb-bc0a-d2aa76b38150	chr20	80664	64324800	6	3	3
7f6de1dc-897c-4ecb-bc0a-d2aa76b38150	chr21	10336543	46677045	3	3	0
7f6de1dc-897c-4ecb-bc0a-d2aa76b38150	chr22	15294545	50796027	5	3	2
7f6de1dc-897c-4ecb-bc0a-d2aa76b38150	chrX	251810	156004181	3	3	0
7d378cc0-6824-453f-bbf9-fdd6a9119e88	chr1	61735	248930189	2	2	0
7d378cc0-6824-453f-bbf9-fdd6a9119e88	chr2	12784	50714230	2	2	0
7d378cc0-6824-453f-bbf9-fdd6a9119e88	chr2	50715804	50879888	0	0	0
7d378cc0-6824-453f-bbf9-fdd6a9119e88	chr2	50879975	50925033	1	1	0
7d378cc0-6824-453f-bbf9-fdd6a9119e88	chr2	50925391	242147305	2	2	0
7d378cc0-6824-453f-bbf9-fdd6a9119e88	chr3	18667	198169247	4	2	2
7d378cc0-6824-453f-bbf9-fdd6a9119e88	chr4	12281	190106768	4	2	2
7d378cc0-6824-453f-bbf9-fdd6a9119e88	chr5	15532	181363319	4	2	2
7d378cc0-6824-453f-bbf9-fdd6a9119e88	chr6	149661	170741917	2	2	0
7d378cc0-6824-453f-bbf9-fdd6a9119e88	chr7	43259	159334314	4	2	2
7d378cc0-6824-453f-bbf9-fdd6a9119e88	chr8	81254	145072769	2	2	0
7d378cc0-6824-453f-bbf9-fdd6a9119e88	chr9	46587	138200944	4	2	2
7d378cc0-6824-453f-bbf9-fdd6a9119e88	chr10	26823	133769379	2	2	0
7d378cc0-6824-453f-bbf9-fdd6a9119e88	chr11	198572	135074876	4	2	2
7d378cc0-6824-453f-bbf9-fdd6a9119e88	chr12	51460	133201603	4	2	2
7d378cc0-6824-453f-bbf9-fdd6a9119e88	chr13	18452809	114342922	4	2	2
7d378cc0-6824-453f-bbf9-fdd6a9119e88	chr14	18225647	106877229	4	2	2
7d378cc0-6824-453f-bbf9-fdd6a9119e88	chr15	19811075	101928837	4	2	2
7d378cc0-6824-453f-bbf9-fdd6a9119e88	chr16	10777	70820478	4	2	2
7d378cc0-6824-453f-bbf9-fdd6a9119e88	chr16	70821299	71168586	3	2	1
7d378cc0-6824-453f-bbf9-fdd6a9119e88	chr16	71168894	90221127	4	2	2
7d378cc0-6824-453f-bbf9-fdd6a9119e88	chr17	150733	83090856	2	2	0
7d378cc0-6824-453f-bbf9-fdd6a9119e88	chr18	48133	80257174	4	2	2
7d378cc0-6824-453f-bbf9-fdd6a9119e88	chr19	90910	58586487	4	2	2
7d378cc0-6824-453f-bbf9-fdd6a9119e88	chr20	80664	64324800	4	2	2
7d378cc0-6824-453f-bbf9-fdd6a9119e88	chr21	10336543	46677045	2	2	0
7d378cc0-6824-453f-bbf9-fdd6a9119e88	chr22	15294545	50796027	4	2	2
7d378cc0-6824-453f-bbf9-fdd6a9119e88	chrX	251810	156004181	2	2	0
0a5a57aa-f160-4aee-bf8f-4aba60700150	chr1	62920	112143727	1	1	0
0a5a57aa-f160-4aee-bf8f-4aba60700150	chr1	112145689	112179797	0	0	0
0a5a57aa-f160-4aee-bf8f-4aba60700150	chr1	112180842	248930189	1	1	0
0a5a57aa-f160-4aee-bf8f-4aba60700150	chr2	12784	205557416	1	1	0
0a5a57aa-f160-4aee-bf8f-4aba60700150	chr2	205558272	205574559	2	2	0
0a5a57aa-f160-4aee-bf8f-4aba60700150	chr2	205574954	242147305	1	1	0
0a5a57aa-f160-4aee-bf8f-4aba60700150	chr3	20930	198169247	2	1	1
0a5a57aa-f160-4aee-bf8f-4aba60700150	chr4	68929	10208766	2	1	1
0a5a57aa-f160-4aee-bf8f-4aba60700150	chr4	10212536	10227178	0	0	0
0a5a57aa-f160-4aee-bf8f-4aba60700150	chr4	10227193	190106768	2	1	1
0a5a57aa-f160-4aee-bf8f-4aba60700150	chr5	15532	97712762	2	1	1
0a5a57aa-f160-4aee-bf8f-4aba60700150	chr5	97714396	97735251	1	1	0
0a5a57aa-f160-4aee-bf8f-4aba60700150	chr5	97736836	181363319	2	1	1
0a5a57aa-f160-4aee-bf8f-4aba60700150	chr6	149661	45896089	1	1	0
0a5a57aa-f160-4aee-bf8f-4aba60700150	chr6	45896768	45931284	2	2	0
0a5a57aa-f160-4aee-bf8f-4aba60700150	chr6	45932086	159142516	1	1	0
0a5a57aa-f160-4aee-bf8f-4aba60700150	chr6	159146813	159159542	2	2	0
0a5a57aa-f160-4aee-bf8f-4aba60700150	chr6	159159969	162497957	1	1	0
0a5a57aa-f160-4aee-bf8f-4aba60700150	chr6	162498695	162545500	0	0	0
0a5a57aa-f160-4aee-bf8f-4aba60700150	chr6	162545682	170741917	1	1	0
0a5a57aa-f160-4aee-bf8f-4aba60700150	chr7	43259	8784643	2	1	1
0a5a57aa-f160-4aee-bf8f-4aba60700150	chr7	8784727	8834224	0	0	0
0a5a57aa-f160-4aee-bf8f-4aba60700150	chr7	8838371	53428430	2	1	1
0a5a57aa-f160-4aee-bf8f-4aba60700150	chr7	53438397	53527922	1	1	0
0a5a57aa-f160-4aee-bf8f-4aba60700150	chr7	53533905	126969958	2	1	1
0a5a57aa-f160-4aee-bf8f-4aba60700150	chr7	126970036	127084807	1	1	0
0a5a57aa-f160-4aee-bf8f-4aba60700150	chr7	127085103	159334314	2	1	1
0a5a57aa-f160-4aee-bf8f-4aba60700150	chr8	81254	145072769	2	1	1
0a5a57aa-f160-4aee-bf8f-4aba60700150	chr9	46587	138200944	2	1	1
0a5a57aa-f160-4aee-bf8f-4aba60700150	chr10	45792	49027534	1	1	0
0a5a57aa-f160-4aee-bf8f-4aba60700150	chr10	49027653	49032137	2	2	0
0a5a57aa-f160-4aee-bf8f-4aba60700150	chr10	49034298	133654968	1	1	0
0a5a57aa-f160-4aee-bf8f-4aba60700150	chr11	198510	135074876	2	1	1
0a5a57aa-f160-4aee-bf8f-4aba60700150	chr12	51460	133201603	2	1	1
0a5a57aa-f160-4aee-bf8f-4aba60700150	chr13	18452809	114342922	1	1	0
0a5a57aa-f160-4aee-bf8f-4aba60700150	chr14	18239283	99555861	2	1	1
0a5a57aa-f160-4aee-bf8f-4aba60700150	chr14	99556011	99560380	1	1	0
0a5a57aa-f160-4aee-bf8f-4aba60700150	chr14	99561643	106877229	2	1	1
0a5a57aa-f160-4aee-bf8f-4aba60700150	chr15	19811075	76598900	2	1	1
0a5a57aa-f160-4aee-bf8f-4aba60700150	chr15	76599170	76603434	0	0	0
0a5a57aa-f160-4aee-bf8f-4aba60700150	chr15	76609838	101928837	2	1	1
0a5a57aa-f160-4aee-bf8f-4aba60700150	chr16	10777	31523342	2	1	1
0a5a57aa-f160-4aee-bf8f-4aba60700150	chr16	31525098	36048855	3	2	1
0a5a57aa-f160-4aee-bf8f-4aba60700150	chr16	46441986	55093116	2	1	1
0a5a57aa-f160-4aee-bf8f-4aba60700150	chr16	55093172	55125012	3	2	1
0a5a57aa-f160-4aee-bf8f-4aba60700150	chr16	55125631	89590130	2	1	1
0a5a57aa-f160-4aee-bf8f-4aba60700150	chr16	89590223	89674188	3	2	1
0a5a57aa-f160-4aee-bf8f-4aba60700150	chr16	89674201	90096867	2	1	1
0a5a57aa-f160-4aee-bf8f-4aba60700150	chr17	150733	46085732	1	1	0
0a5a57aa-f160-4aee-bf8f-4aba60700150	chr17	46088437	46286848	3	3	0
0a5a57aa-f160-4aee-bf8f-4aba60700150	chr17	46323701	83091923	1	1	0
0a5a57aa-f160-4aee-bf8f-4aba60700150	chr18	48133	80257174	2	1	1
0a5a57aa-f160-4aee-bf8f-4aba60700150	chr19	90910	51076861	2	1	1
0a5a57aa-f160-4aee-bf8f-4aba60700150	chr19	51080151	51106329	1	1	0
0a5a57aa-f160-4aee-bf8f-4aba60700150	chr19	51107037	58586487	2	1	1
0a5a57aa-f160-4aee-bf8f-4aba60700150	chr20	80664	64324800	2	1	1
0a5a57aa-f160-4aee-bf8f-4aba60700150	chr21	12973348	46677045	1	1	0
0a5a57aa-f160-4aee-bf8f-4aba60700150	chr22	16392123	50796027	2	1	1
0a5a57aa-f160-4aee-bf8f-4aba60700150	chrX	251810	95141627	1	1	0
0a5a57aa-f160-4aee-bf8f-4aba60700150	chrX	95141864	95159272	2	2	0
0a5a57aa-f160-4aee-bf8f-4aba60700150	chrX	95160023	156004181	1	1	0
0a5a57aa-f160-4aee-bf8f-4aba60700150	chrY	2782397	56872112	0	0	0
49daa67b-65ab-44b6-b54e-5fba76a2e988	chr1	62920	25256850	2	2	0
49daa67b-65ab-44b6-b54e-5fba76a2e988	chr1	25266637	25336853	0	0	0
49daa67b-65ab-44b6-b54e-5fba76a2e988	chr1	25346663	30431350	2	2	0
49daa67b-65ab-44b6-b54e-5fba76a2e988	chr1	30444329	30485873	4	4	0
49daa67b-65ab-44b6-b54e-5fba76a2e988	chr1	30489556	82679541	2	2	0
49daa67b-65ab-44b6-b54e-5fba76a2e988	chr1	82679717	82681737	1	1	0
49daa67b-65ab-44b6-b54e-5fba76a2e988	chr1	82686051	152785214	2	2	0
49daa67b-65ab-44b6-b54e-5fba76a2e988	chr1	152787202	152795783	0	0	0
49daa67b-65ab-44b6-b54e-5fba76a2e988	chr1	152795805	244354089	2	2	0
49daa67b-65ab-44b6-b54e-5fba76a2e988	chr1	244354319	244361780	1	1	0
49daa67b-65ab-44b6-b54e-5fba76a2e988	chr1	244361792	248930189	2	2	0
49daa67b-65ab-44b6-b54e-5fba76a2e988	chr2	12784	57939688	2	2	0
49daa67b-65ab-44b6-b54e-5fba76a2e988	chr2	57940963	57942815	1	1	0
49daa67b-65ab-44b6-b54e-5fba76a2e988	chr2	57942869	122557192	2	2	0
49daa67b-65ab-44b6-b54e-5fba76a2e988	chr2	122557465	122623358	1	1	0
49daa67b-65ab-44b6-b54e-5fba76a2e988	chr2	122624455	122630102	3	3	0
49daa67b-65ab-44b6-b54e-5fba76a2e988	chr2	122630373	154361936	2	2	0
49daa67b-65ab-44b6-b54e-5fba76a2e988	chr2	154366359	154375911	4	4	0
49daa67b-65ab-44b6-b54e-5fba76a2e988	chr2	154377766	158669949	2	2	0
49daa67b-65ab-44b6-b54e-5fba76a2e988	chr2	158675397	158723775	3	3	0
49daa67b-65ab-44b6-b54e-5fba76a2e988	chr2	158724233	191124562	2	2	0
49daa67b-65ab-44b6-b54e-5fba76a2e988	chr2	191124630	191173178	1	1	0
49daa67b-65ab-44b6-b54e-5fba76a2e988	chr2	191173898	242147305	2	2	0
49daa67b-65ab-44b6-b54e-5fba76a2e988	chr3	20930	16546523	4	2	2
49daa67b-65ab-44b6-b54e-5fba76a2e988	chr3	16546606	32458325	3	2	1
49daa67b-65ab-44b6-b54e-5fba76a2e988	chr3	32460916	70980257	4	2	2
49daa67b-65ab-44b6-b54e-5fba76a2e988	chr3	70984380	71145044	2	2	0
49daa67b-65ab-44b6-b54e-5fba76a2e988	chr3	71145165	99015796	4	2	2
49daa67b-65ab-44b6-b54e-5fba76a2e988	chr3	99016648	99022620	7	4	3
49daa67b-65ab-44b6-b54e-5fba76a2e988	chr3	99024114	99218940	4	2	2
49daa67b-65ab-44b6-b54e-5fba76a2e988	chr3	99225614	99230464	0	0	0
49daa67b-65ab-44b6-b54e-5fba76a2e988	chr3	99230470	146538692	4	2	2
49daa67b-65ab-44b6-b54e-5fba76a2e988	chr3	146539520	146543985	2	1	1
49daa67b-65ab-44b6-b54e-5fba76a2e988	chr3	146546244	195064836	4	2	2
49daa67b-65ab-44b6-b54e-5fba76a2e988	chr3	195064886	195128432	2	1	1
49daa67b-65ab-44b6-b54e-5fba76a2e988	chr3	195129526	198169247	4	2	2
49daa67b-65ab-44b6-b54e-5fba76a2e988	chr4	68929	102204063	4	2	2
49daa67b-65ab-44b6-b54e-5fba76a2e988	chr4	102204226	102253426	3	2	1
49daa67b-65ab-44b6-b54e-5fba76a2e988	chr4	102253662	146065628	4	2	2
49daa67b-65ab-44b6-b54e-5fba76a2e988	chr4	146065880	146076614	10	5	5
49daa67b-65ab-44b6-b54e-5fba76a2e988	chr4	146077919	185097402	4	2	2
49daa67b-65ab-44b6-b54e-5fba76a2e988	chr4	185097707	185438868	3	2	1
49daa67b-65ab-44b6-b54e-5fba76a2e988	chr4	185438990	190106768	4	2	2
49daa67b-65ab-44b6-b54e-5fba76a2e988	chr5	15532	29023688	2	2	0
49daa67b-65ab-44b6-b54e-5fba76a2e988	chr5	29027515	29042372	1	1	0
49daa67b-65ab-44b6-b54e-5fba76a2e988	chr5	29046755	152135923	2	2	0
49daa67b-65ab-44b6-b54e-5fba76a2e988	chr5	152135937	152138790	0	0	0
49daa67b-65ab-44b6-b54e-5fba76a2e988	chr5	152140710	181363319	2	2	0
49daa67b-65ab-44b6-b54e-5fba76a2e988	chr6	149661	45919684	2	2	0
49daa67b-65ab-44b6-b54e-5fba76a2e988	chr6	45920166	45931284	3	3	0
49daa67b-65ab-44b6-b54e-5fba76a2e988	chr6	45932086	90441374	2	2	0
49daa67b-65ab-44b6-b54e-5fba76a2e988	chr6	90441576	90449791	0	0	0
49daa67b-65ab-44b6-b54e-5fba76a2e988	chr6	90450381	170741917	2	2	0
49daa67b-65ab-44b6-b54e-5fba76a2e988	chr7	43259	2642114	3	2	1
49daa67b-65ab-44b6-b54e-5fba76a2e988	chr7	2646425	18774678	4	2	2
49daa67b-65ab-44b6-b54e-5fba76a2e988	chr7	18775529	18782572	6	3	3
49daa67b-65ab-44b6-b54e-5fba76a2e988	chr7	18784270	71210886	4	2	2
49daa67b-65ab-44b6-b54e-5fba76a2e988	chr7	71211122	71225629	2	1	1
49daa67b-65ab-44b6-b54e-5fba76a2e988	chr7	71225732	71470487	5	3	2
49daa67b-65ab-44b6-b54e-5fba76a2e988	chr7	71470708	76653459	4	2	2
49daa67b-65ab-44b6-b54e-5fba76a2e988	chr7	76653478	76967587	1	1	0
49daa67b-65ab-44b6-b54e-5fba76a2e988	chr7	76972268	86517205	4	2	2
49daa67b-65ab-44b6-b54e-5fba76a2e988	chr7	86517279	86555535	2	1	1
49daa67b-65ab-44b6-b54e-5fba76a2e988	chr7	86556091	127245959	4	2	2
49daa67b-65ab-44b6-b54e-5fba76a2e988	chr7	127247079	127264033	7	4	3
49daa67b-65ab-44b6-b54e-5fba76a2e988	chr7	127264726	131499020	4	2	2
49daa67b-65ab-44b6-b54e-5fba76a2e988	chr7	131504353	138113847	3	2	1
49daa67b-65ab-44b6-b54e-5fba76a2e988	chr7	138114252	151151863	4	2	2
49daa67b-65ab-44b6-b54e-5fba76a2e988	chr7	151152077	151692235	3	2	1
49daa67b-65ab-44b6-b54e-5fba76a2e988	chr7	151692415	159334314	4	2	2
49daa67b-65ab-44b6-b54e-5fba76a2e988	chr8	81254	27912250	4	2	2
49daa67b-65ab-44b6-b54e-5fba76a2e988	chr8	27912560	27935320	7	4	3
49daa67b-65ab-44b6-b54e-5fba76a2e988	chr8	27936188	143520527	4	2	2
49daa67b-65ab-44b6-b54e-5fba76a2e988	chr8	143524975	143601631	2	1	1
49daa67b-65ab-44b6-b54e-5fba76a2e988	chr8	143601764	145072769	3	2	1
49daa67b-65ab-44b6-b54e-5fba76a2e988	chr9	46587	18224774	2	2	0
49daa67b-65ab-44b6-b54e-5fba76a2e988	chr9	18224877	18314071	0	0	0
49daa67b-65ab-44b6-b54e-5fba76a2e988	chr9	18314466	127362905	2	2	0
49daa67b-65ab-44b6-b54e-5fba76a2e988	chr9	127367728	127424475	1	1	0
49daa67b-65ab-44b6-b54e-5fba76a2e988	chr9	127435821	138200944	2	2	0
49daa67b-65ab-44b6-b54e-5fba76a2e988	chr10	45792	130889987	2	2	0
49daa67b-65ab-44b6-b54e-5fba76a2e988	chr10	130894859	130915130	1	1	0
49daa67b-65ab-44b6-b54e-5fba76a2e988	chr10	130915610	133654968	2	2	0
49daa67b-65ab-44b6-b54e-5fba76a2e988	chr11	198510	2097889	3	2	1
49daa67b-65ab-44b6-b54e-5fba76a2e988	chr11	2098340	28191137	4	2	2
49daa67b-65ab-44b6-b54e-5fba76a2e988	chr11	28202469	28400081	6	4	2
49daa67b-65ab-44b6-b54e-5fba76a2e988	chr11	28400949	100932536	4	2	2
49daa67b-65ab-44b6-b54e-5fba76a2e988	chr11	100934227	100940098	7	4	3
49daa67b-65ab-44b6-b54e-5fba76a2e988	chr11	100940198	132174794	4	2	2
49daa67b-65ab-44b6-b54e-5fba76a2e988	chr11	132175118	132252313	5	3	2
49daa67b-65ab-44b6-b54e-5fba76a2e988	chr11	132252411	135074876	4	2	2
49daa67b-65ab-44b6-b54e-5fba76a2e988	chr12	51460	23611686	4	2	2
49daa67b-65ab-44b6-b54e-5fba76a2e988	chr12	23612138	23617419	8	4	4
49daa67b-65ab-44b6-b54e-5fba76a2e988	chr12	23617526	52526630	4	2	2
49daa67b-65ab-44b6-b54e-5fba76a2e988	chr12	52527431	52531875	9	5	4
49daa67b-65ab-44b6-b54e-5fba76a2e988	chr12	52532185	92220792	4	2	2
49daa67b-65ab-44b6-b54e-5fba76a2e988	chr12	92221551	92234606	5	3	2
49daa67b-65ab-44b6-b54e-5fba76a2e988	chr12	92235962	130423892	4	2	2
49daa67b-65ab-44b6-b54e-5fba76a2e988	chr12	130425392	132681263	3	2	1
49daa67b-65ab-44b6-b54e-5fba76a2e988	chr12	132685656	133201603	4	2	2
49daa67b-65ab-44b6-b54e-5fba76a2e988	chr13	18452809	114342922	2	2	0
49daa67b-65ab-44b6-b54e-5fba76a2e988	chr14	18239283	87339560	4	2	2
49daa67b-65ab-44b6-b54e-5fba76a2e988	chr14	87340858	87346663	2	1	1
49daa67b-65ab-44b6-b54e-5fba76a2e988	chr14	87346968	105733039	4	2	2
49daa67b-65ab-44b6-b54e-5fba76a2e988	chr14	105752248	106314594	8	8	0
49daa67b-65ab-44b6-b54e-5fba76a2e988	chr14	106320716	106877229	4	2	2
49daa67b-65ab-44b6-b54e-5fba76a2e988	chr15	19811075	25054112	4	2	2
49daa67b-65ab-44b6-b54e-5fba76a2e988	chr15	25055911	25081548	8	4	4
49daa67b-65ab-44b6-b54e-5fba76a2e988	chr15	25081683	101928837	4	2	2
49daa67b-65ab-44b6-b54e-5fba76a2e988	chr16	10777	5041397	3	2	1
49daa67b-65ab-44b6-b54e-5fba76a2e988	chr16	5042090	87656797	4	2	2
49daa67b-65ab-44b6-b54e-5fba76a2e988	chr16	87656910	90096867	3	2	1
49daa67b-65ab-44b6-b54e-5fba76a2e988	chr17	150733	83091923	2	2	0
49daa67b-65ab-44b6-b54e-5fba76a2e988	chr18	48133	80257174	2	2	0
49daa67b-65ab-44b6-b54e-5fba76a2e988	chr19	90910	4895650	3	2	1
49daa67b-65ab-44b6-b54e-5fba76a2e988	chr19	4908081	16915048	4	2	2
49daa67b-65ab-44b6-b54e-5fba76a2e988	chr19	16916797	18678164	3	2	1
49daa67b-65ab-44b6-b54e-5fba76a2e988	chr19	18678432	58586487	4	2	2
49daa67b-65ab-44b6-b54e-5fba76a2e988	chr20	80664	16194857	4	2	2
49daa67b-65ab-44b6-b54e-5fba76a2e988	chr20	16195558	16207870	6	3	3
49daa67b-65ab-44b6-b54e-5fba76a2e988	chr20	16211597	61928666	4	2	2
49daa67b-65ab-44b6-b54e-5fba76a2e988	chr20	61928707	64324800	3	2	1
49daa67b-65ab-44b6-b54e-5fba76a2e988	chr21	12973348	46677045	2	2	0
49daa67b-65ab-44b6-b54e-5fba76a2e988	chr22	16392123	50796027	2	2	0
49daa67b-65ab-44b6-b54e-5fba76a2e988	chrX	251810	490407	1	1	0
49daa67b-65ab-44b6-b54e-5fba76a2e988	chrX	507629	718786	2	2	0
49daa67b-65ab-44b6-b54e-5fba76a2e988	chrX	718862	1428177	1	1	0
49daa67b-65ab-44b6-b54e-5fba76a2e988	chrX	1456048	2709788	2	2	0
49daa67b-65ab-44b6-b54e-5fba76a2e988	chrX	2710375	2735511	1	1	0
49daa67b-65ab-44b6-b54e-5fba76a2e988	chrX	2735872	2761052	3	3	0
49daa67b-65ab-44b6-b54e-5fba76a2e988	chrX	2768461	4328701	2	2	0
49daa67b-65ab-44b6-b54e-5fba76a2e988	chrX	4329024	8423678	1	1	0
49daa67b-65ab-44b6-b54e-5fba76a2e988	chrX	8425347	8480453	0	0	0
49daa67b-65ab-44b6-b54e-5fba76a2e988	chrX	8484441	156004181	1	1	0
49daa67b-65ab-44b6-b54e-5fba76a2e988	chrY	2782397	26653788	0	0	0
49daa67b-65ab-44b6-b54e-5fba76a2e988	chrY	56872112	56872112	1	1	0
107a1a45-8edd-4b5c-9a6b-27e57dfa2a77	chr1	62920	2523491	1	1	0
107a1a45-8edd-4b5c-9a6b-27e57dfa2a77	chr1	2524194	2615252	0	0	0
107a1a45-8edd-4b5c-9a6b-27e57dfa2a77	chr1	2617141	62022886	1	1	0
107a1a45-8edd-4b5c-9a6b-27e57dfa2a77	chr1	62023344	62044500	0	0	0
107a1a45-8edd-4b5c-9a6b-27e57dfa2a77	chr1	62044785	152583051	1	1	0
107a1a45-8edd-4b5c-9a6b-27e57dfa2a77	chr1	152583230	152613762	0	0	0
107a1a45-8edd-4b5c-9a6b-27e57dfa2a77	chr1	152613802	248930189	1	1	0
107a1a45-8edd-4b5c-9a6b-27e57dfa2a77	chr2	12784	14187348	1	1	0
107a1a45-8edd-4b5c-9a6b-27e57dfa2a77	chr2	14189102	14224011	2	2	0
107a1a45-8edd-4b5c-9a6b-27e57dfa2a77	chr2	14224087	146104517	1	1	0
107a1a45-8edd-4b5c-9a6b-27e57dfa2a77	chr2	146106836	146109366	0	0	0
107a1a45-8edd-4b5c-9a6b-27e57dfa2a77	chr2	146120238	154080967	1	1	0
107a1a45-8edd-4b5c-9a6b-27e57dfa2a77	chr2	154081195	154098314	2	2	0
107a1a45-8edd-4b5c-9a6b-27e57dfa2a77	chr2	154098421	205557416	1	1	0
107a1a45-8edd-4b5c-9a6b-27e57dfa2a77	chr2	205558272	205566683	2	2	0
107a1a45-8edd-4b5c-9a6b-27e57dfa2a77	chr2	205568012	242147305	1	1	0
107a1a45-8edd-4b5c-9a6b-27e57dfa2a77	chr3	20930	3925783	2	1	1
107a1a45-8edd-4b5c-9a6b-27e57dfa2a77	chr3	3928744	3930544	1	1	0
107a1a45-8edd-4b5c-9a6b-27e57dfa2a77	chr3	3931990	6255228	2	1	1
107a1a45-8edd-4b5c-9a6b-27e57dfa2a77	chr3	6255244	6301856	3	2	1
107a1a45-8edd-4b5c-9a6b-27e57dfa2a77	chr3	6302226	45078648	2	1	1
107a1a45-8edd-4b5c-9a6b-27e57dfa2a77	chr3	45079020	45092282	1	1	0
107a1a45-8edd-4b5c-9a6b-27e57dfa2a77	chr3	45093330	146538692	2	1	1
107a1a45-8edd-4b5c-9a6b-27e57dfa2a77	chr3	146539520	146543309	1	1	0
107a1a45-8edd-4b5c-9a6b-27e57dfa2a77	chr3	146543340	153747636	2	1	1
107a1a45-8edd-4b5c-9a6b-27e57dfa2a77	chr3	153748053	153760634	3	2	1
107a1a45-8edd-4b5c-9a6b-27e57dfa2a77	chr3	153763908	198169247	2	1	1
107a1a45-8edd-4b5c-9a6b-27e57dfa2a77	chr4	68929	137171589	2	1	1
107a1a45-8edd-4b5c-9a6b-27e57dfa2a77	chr4	137171603	155488311	2	2	0
107a1a45-8edd-4b5c-9a6b-27e57dfa2a77	chr4	155492101	190106768	2	1	1
107a1a45-8edd-4b5c-9a6b-27e57dfa2a77	chr5	15532	80097118	2	1	1
107a1a45-8edd-4b5c-9a6b-27e57dfa2a77	chr5	80097321	80111696	4	2	2
107a1a45-8edd-4b5c-9a6b-27e57dfa2a77	chr5	80114136	91189364	2	1	1
107a1a45-8edd-4b5c-9a6b-27e57dfa2a77	chr5	91189868	91198258	4	2	2
107a1a45-8edd-4b5c-9a6b-27e57dfa2a77	chr5	91198297	181363319	2	1	1
107a1a45-8edd-4b5c-9a6b-27e57dfa2a77	chr6	149661	45898945	1	1	0
107a1a45-8edd-4b5c-9a6b-27e57dfa2a77	chr6	45902684	45935047	2	2	0
107a1a45-8edd-4b5c-9a6b-27e57dfa2a77	chr6	45935788	77536901	1	1	0
107a1a45-8edd-4b5c-9a6b-27e57dfa2a77	chr6	77541488	77552024	2	2	0
107a1a45-8edd-4b5c-9a6b-27e57dfa2a77	chr6	77558139	90440893	1	1	0
107a1a45-8edd-4b5c-9a6b-27e57dfa2a77	chr6	90441374	90448972	0	0	0
107a1a45-8edd-4b5c-9a6b-27e57dfa2a77	chr6	90449791	170741917	1	1	0
107a1a45-8edd-4b5c-9a6b-27e57dfa2a77	chr7	43259	3863191	2	1	1
107a1a45-8edd-4b5c-9a6b-27e57dfa2a77	chr7	3865394	3987791	3	2	1
107a1a45-8edd-4b5c-9a6b-27e57dfa2a77	chr7	3988720	50474784	2	1	1
107a1a45-8edd-4b5c-9a6b-27e57dfa2a77	chr7	50475181	50478563	0	0	0
107a1a45-8edd-4b5c-9a6b-27e57dfa2a77	chr7	50479066	71201532	2	1	1
107a1a45-8edd-4b5c-9a6b-27e57dfa2a77	chr7	71202330	71225629	1	1	0
107a1a45-8edd-4b5c-9a6b-27e57dfa2a77	chr7	71225732	145128883	2	1	1
107a1a45-8edd-4b5c-9a6b-27e57dfa2a77	chr7	145129480	145162059	1	1	0
107a1a45-8edd-4b5c-9a6b-27e57dfa2a77	chr7	145171518	154889200	2	1	1
107a1a45-8edd-4b5c-9a6b-27e57dfa2a77	chr7	154889340	154890548	4	2	2
107a1a45-8edd-4b5c-9a6b-27e57dfa2a77	chr7	154892499	154902677	3	2	1
107a1a45-8edd-4b5c-9a6b-27e57dfa2a77	chr7	154902982	159334314	2	1	1
107a1a45-8edd-4b5c-9a6b-27e57dfa2a77	chr8	81254	145072769	2	1	1
107a1a45-8edd-4b5c-9a6b-27e57dfa2a77	chr9	46587	31196677	2	1	1
107a1a45-8edd-4b5c-9a6b-27e57dfa2a77	chr9	31197603	64672853	2	2	0
107a1a45-8edd-4b5c-9a6b-27e57dfa2a77	chr9	64794598	66189025	0	0	0
107a1a45-8edd-4b5c-9a6b-27e57dfa2a77	chr9	67832331	98823249	2	2	0
107a1a45-8edd-4b5c-9a6b-27e57dfa2a77	chr9	98823549	133721819	2	1	1
107a1a45-8edd-4b5c-9a6b-27e57dfa2a77	chr9	133721832	133753192	3	2	1
107a1a45-8edd-4b5c-9a6b-27e57dfa2a77	chr9	133753594	138200944	2	1	1
107a1a45-8edd-4b5c-9a6b-27e57dfa2a77	chr10	45792	23571145	1	1	0
107a1a45-8edd-4b5c-9a6b-27e57dfa2a77	chr10	23575025	23585643	0	0	0
107a1a45-8edd-4b5c-9a6b-27e57dfa2a77	chr10	23588315	46176460	1	1	0
107a1a45-8edd-4b5c-9a6b-27e57dfa2a77	chr10	46176902	46332058	2	2	0
107a1a45-8edd-4b5c-9a6b-27e57dfa2a77	chr10	46332377	54426141	1	1	0
107a1a45-8edd-4b5c-9a6b-27e57dfa2a77	chr10	54426620	54438451	0	0	0
107a1a45-8edd-4b5c-9a6b-27e57dfa2a77	chr10	54439848	69692529	1	1	0
107a1a45-8edd-4b5c-9a6b-27e57dfa2a77	chr10	69696079	69710969	2	2	0
107a1a45-8edd-4b5c-9a6b-27e57dfa2a77	chr10	69714737	133654968	1	1	0
107a1a45-8edd-4b5c-9a6b-27e57dfa2a77	chr11	198510	3228599	2	1	1
107a1a45-8edd-4b5c-9a6b-27e57dfa2a77	chr11	3234828	7540856	2	2	0
107a1a45-8edd-4b5c-9a6b-27e57dfa2a77	chr11	7541508	70545611	2	1	1
107a1a45-8edd-4b5c-9a6b-27e57dfa2a77	chr11	70546243	70553041	3	2	1
107a1a45-8edd-4b5c-9a6b-27e57dfa2a77	chr11	70553754	135074876	2	1	1
107a1a45-8edd-4b5c-9a6b-27e57dfa2a77	chr12	51460	133201603	2	1	1
107a1a45-8edd-4b5c-9a6b-27e57dfa2a77	chr13	18452809	114342922	1	1	0
107a1a45-8edd-4b5c-9a6b-27e57dfa2a77	chr14	18239283	19955213	3	2	1
107a1a45-8edd-4b5c-9a6b-27e57dfa2a77	chr14	19956767	22626643	2	1	1
107a1a45-8edd-4b5c-9a6b-27e57dfa2a77	chr14	22626766	22632004	1	1	0
107a1a45-8edd-4b5c-9a6b-27e57dfa2a77	chr14	22633534	22644437	4	2	2
107a1a45-8edd-4b5c-9a6b-27e57dfa2a77	chr14	22645313	36013569	2	1	1
107a1a45-8edd-4b5c-9a6b-27e57dfa2a77	chr14	36015774	36021617	1	1	0
107a1a45-8edd-4b5c-9a6b-27e57dfa2a77	chr14	36022670	99555297	2	1	1
107a1a45-8edd-4b5c-9a6b-27e57dfa2a77	chr14	99555787	99556527	1	1	0
107a1a45-8edd-4b5c-9a6b-27e57dfa2a77	chr14	99557059	105803674	2	1	1
107a1a45-8edd-4b5c-9a6b-27e57dfa2a77	chr14	105806643	106345838	4	4	0
107a1a45-8edd-4b5c-9a6b-27e57dfa2a77	chr14	106346115	106877229	2	2	0
107a1a45-8edd-4b5c-9a6b-27e57dfa2a77	chr15	19811075	24424598	2	1	1
107a1a45-8edd-4b5c-9a6b-27e57dfa2a77	chr15	24429604	24473026	0	0	0
107a1a45-8edd-4b5c-9a6b-27e57dfa2a77	chr15	24473449	27598205	2	1	1
107a1a45-8edd-4b5c-9a6b-27e57dfa2a77	chr15	27598668	27621352	3	2	1
107a1a45-8edd-4b5c-9a6b-27e57dfa2a77	chr15	27621521	45943616	2	1	1
107a1a45-8edd-4b5c-9a6b-27e57dfa2a77	chr15	45943633	45950393	1	1	0
107a1a45-8edd-4b5c-9a6b-27e57dfa2a77	chr15	45950456	101928837	2	1	1
107a1a45-8edd-4b5c-9a6b-27e57dfa2a77	chr16	10777	55088315	2	1	1
107a1a45-8edd-4b5c-9a6b-27e57dfa2a77	chr16	55088674	55125012	3	2	1
107a1a45-8edd-4b5c-9a6b-27e57dfa2a77	chr16	55125631	73335287	2	1	1
107a1a45-8edd-4b5c-9a6b-27e57dfa2a77	chr16	73336465	73522325	3	2	1
107a1a45-8edd-4b5c-9a6b-27e57dfa2a77	chr16	73522990	83587029	2	1	1
107a1a45-8edd-4b5c-9a6b-27e57dfa2a77	chr16	83587254	83643805	3	2	1
107a1a45-8edd-4b5c-9a6b-27e57dfa2a77	chr16	83644698	90096867	2	1	1
107a1a45-8edd-4b5c-9a6b-27e57dfa2a77	chr17	150733	83091923	1	1	0
107a1a45-8edd-4b5c-9a6b-27e57dfa2a77	chr18	48133	80257174	1	1	0
107a1a45-8edd-4b5c-9a6b-27e57dfa2a77	chr19	90910	3510111	2	1	1
107a1a45-8edd-4b5c-9a6b-27e57dfa2a77	chr19	3521410	52549305	2	2	0
107a1a45-8edd-4b5c-9a6b-27e57dfa2a77	chr19	52550054	58586487	2	1	1
107a1a45-8edd-4b5c-9a6b-27e57dfa2a77	chr20	80664	4259011	2	1	1
107a1a45-8edd-4b5c-9a6b-27e57dfa2a77	chr20	4259770	4272125	1	1	0
107a1a45-8edd-4b5c-9a6b-27e57dfa2a77	chr20	4272439	33302369	2	1	1
107a1a45-8edd-4b5c-9a6b-27e57dfa2a77	chr20	33308922	33337811	1	1	0
107a1a45-8edd-4b5c-9a6b-27e57dfa2a77	chr20	33337979	64324800	2	1	1
107a1a45-8edd-4b5c-9a6b-27e57dfa2a77	chr21	12973348	46677045	1	1	0
107a1a45-8edd-4b5c-9a6b-27e57dfa2a77	chr22	16392123	50796027	2	1	1
107a1a45-8edd-4b5c-9a6b-27e57dfa2a77	chrX	251810	153024738	1	1	0
107a1a45-8edd-4b5c-9a6b-27e57dfa2a77	chrX	153024827	153042014	0	0	0
107a1a45-8edd-4b5c-9a6b-27e57dfa2a77	chrX	153043028	156004181	1	1	0
107a1a45-8edd-4b5c-9a6b-27e57dfa2a77	chrY	2782397	56872112	0	0	0
ccbe0104-89ff-4494-8183-26146439d4fa	chr1	62920	45996205	2	2	0
ccbe0104-89ff-4494-8183-26146439d4fa	chr1	45996454	48428997	1	1	0
ccbe0104-89ff-4494-8183-26146439d4fa	chr1	48442214	248930189	2	2	0
ccbe0104-89ff-4494-8183-26146439d4fa	chr2	12784	57934262	2	2	0
ccbe0104-89ff-4494-8183-26146439d4fa	chr2	57936011	58423220	1	1	0
ccbe0104-89ff-4494-8183-26146439d4fa	chr2	58425303	242147305	2	2	0
ccbe0104-89ff-4494-8183-26146439d4fa	chr3	20930	26574920	4	2	2
ccbe0104-89ff-4494-8183-26146439d4fa	chr3	26575304	26796952	6	4	2
ccbe0104-89ff-4494-8183-26146439d4fa	chr3	26800534	27082353	3	2	1
ccbe0104-89ff-4494-8183-26146439d4fa	chr3	27083231	27097028	4	2	2
ccbe0104-89ff-4494-8183-26146439d4fa	chr3	27101230	27187795	3	3	0
ccbe0104-89ff-4494-8183-26146439d4fa	chr3	27192322	27977508	6	3	3
ccbe0104-89ff-4494-8183-26146439d4fa	chr3	27979061	28455035	4	2	2
ccbe0104-89ff-4494-8183-26146439d4fa	chr3	28459792	29433800	3	2	1
ccbe0104-89ff-4494-8183-26146439d4fa	chr3	29438962	29619230	4	2	2
ccbe0104-89ff-4494-8183-26146439d4fa	chr3	29619951	30239910	3	2	1
ccbe0104-89ff-4494-8183-26146439d4fa	chr3	30241871	30529106	6	4	2
ccbe0104-89ff-4494-8183-26146439d4fa	chr3	30529227	30745289	8	6	2
ccbe0104-89ff-4494-8183-26146439d4fa	chr3	30747215	31088650	4	2	2
ccbe0104-89ff-4494-8183-26146439d4fa	chr3	31095338	32800545	10	8	2
ccbe0104-89ff-4494-8183-26146439d4fa	chr3	32800609	34792583	8	6	2
ccbe0104-89ff-4494-8183-26146439d4fa	chr3	34793322	36839193	7	5	2
ccbe0104-89ff-4494-8183-26146439d4fa	chr3	36839367	45626484	6	4	2
ccbe0104-89ff-4494-8183-26146439d4fa	chr3	45627485	47895970	5	3	2
ccbe0104-89ff-4494-8183-26146439d4fa	chr3	47903711	49454969	7	5	2
ccbe0104-89ff-4494-8183-26146439d4fa	chr3	49456370	51209889	3	2	1
ccbe0104-89ff-4494-8183-26146439d4fa	chr3	51210767	61409562	2	2	0
ccbe0104-89ff-4494-8183-26146439d4fa	chr3	61415438	61842927	3	2	1
ccbe0104-89ff-4494-8183-26146439d4fa	chr3	61843202	74778109	2	2	0
ccbe0104-89ff-4494-8183-26146439d4fa	chr3	74784902	75947962	3	2	1
ccbe0104-89ff-4494-8183-26146439d4fa	chr3	75948935	89337811	2	2	0
ccbe0104-89ff-4494-8183-26146439d4fa	chr3	89337896	89821251	3	3	0
ccbe0104-89ff-4494-8183-26146439d4fa	chr3	89821717	121074721	3	2	1
ccbe0104-89ff-4494-8183-26146439d4fa	chr3	121079750	121379939	5	3	2
ccbe0104-89ff-4494-8183-26146439d4fa	chr3	121381436	124432462	3	2	1
ccbe0104-89ff-4494-8183-26146439d4fa	chr3	124435313	124976733	5	3	2
ccbe0104-89ff-4494-8183-26146439d4fa	chr3	124976840	125532516	3	2	1
ccbe0104-89ff-4494-8183-26146439d4fa	chr3	125532782	125888071	4	2	2
ccbe0104-89ff-4494-8183-26146439d4fa	chr3	125888360	159848695	3	2	1
ccbe0104-89ff-4494-8183-26146439d4fa	chr3	159849172	160364559	4	2	2
ccbe0104-89ff-4494-8183-26146439d4fa	chr3	160367336	162795361	3	2	1
ccbe0104-89ff-4494-8183-26146439d4fa	chr3	162795671	162906109	1	1	0
ccbe0104-89ff-4494-8183-26146439d4fa	chr3	162908192	198169247	3	2	1
ccbe0104-89ff-4494-8183-26146439d4fa	chr4	68929	10208766	4	2	2
ccbe0104-89ff-4494-8183-26146439d4fa	chr4	10212536	10229173	14	14	0
ccbe0104-89ff-4494-8183-26146439d4fa	chr4	10229188	160952788	4	2	2
ccbe0104-89ff-4494-8183-26146439d4fa	chr4	160952848	160963767	0	0	0
ccbe0104-89ff-4494-8183-26146439d4fa	chr4	160963806	190106768	4	2	2
ccbe0104-89ff-4494-8183-26146439d4fa	chr5	15532	681187	6	4	2
ccbe0104-89ff-4494-8183-26146439d4fa	chr5	685389	1108135	3	2	1
ccbe0104-89ff-4494-8183-26146439d4fa	chr5	1120335	1268732	8	7	1
ccbe0104-89ff-4494-8183-26146439d4fa	chr5	1268745	13396213	2	2	0
ccbe0104-89ff-4494-8183-26146439d4fa	chr5	13402166	13469389	1	1	0
ccbe0104-89ff-4494-8183-26146439d4fa	chr5	13470893	14442080	3	2	1
ccbe0104-89ff-4494-8183-26146439d4fa	chr5	14442458	17049468	2	2	0
ccbe0104-89ff-4494-8183-26146439d4fa	chr5	17053411	31453052	3	2	1
ccbe0104-89ff-4494-8183-26146439d4fa	chr5	31453075	32116508	5	3	2
ccbe0104-89ff-4494-8183-26146439d4fa	chr5	32117224	106985094	3	2	1
ccbe0104-89ff-4494-8183-26146439d4fa	chr5	106994990	107309391	6	4	2
ccbe0104-89ff-4494-8183-26146439d4fa	chr5	107310258	181363319	3	2	1
ccbe0104-89ff-4494-8183-26146439d4fa	chr6	149661	460732	2	2	0
ccbe0104-89ff-4494-8183-26146439d4fa	chr6	460901	471640	1	1	0
ccbe0104-89ff-4494-8183-26146439d4fa	chr6	472807	154960359	2	2	0
ccbe0104-89ff-4494-8183-26146439d4fa	chr6	154960582	155394443	4	4	0
ccbe0104-89ff-4494-8183-26146439d4fa	chr6	155395338	170741917	2	2	0
ccbe0104-89ff-4494-8183-26146439d4fa	chr7	43259	79263	6	4	2
ccbe0104-89ff-4494-8183-26146439d4fa	chr7	81400	2646425	3	2	1
ccbe0104-89ff-4494-8183-26146439d4fa	chr7	2651601	57960264	4	2	2
ccbe0104-89ff-4494-8183-26146439d4fa	chr7	57960277	101457184	5	3	2
ccbe0104-89ff-4494-8183-26146439d4fa	chr7	101457783	102449027	8	6	2
ccbe0104-89ff-4494-8183-26146439d4fa	chr7	102449522	134100981	5	3	2
ccbe0104-89ff-4494-8183-26146439d4fa	chr7	134100986	134114444	0	0	0
ccbe0104-89ff-4494-8183-26146439d4fa	chr7	134121491	139653280	5	3	2
ccbe0104-89ff-4494-8183-26146439d4fa	chr7	139654724	141967622	2	2	0
ccbe0104-89ff-4494-8183-26146439d4fa	chr7	141970392	142105742	4	4	0
ccbe0104-89ff-4494-8183-26146439d4fa	chr7	142108086	151005693	2	2	0
ccbe0104-89ff-4494-8183-26146439d4fa	chr7	151011001	151443706	5	3	2
ccbe0104-89ff-4494-8183-26146439d4fa	chr7	151445892	154882930	2	2	0
ccbe0104-89ff-4494-8183-26146439d4fa	chr7	154882944	154902677	4	4	0
ccbe0104-89ff-4494-8183-26146439d4fa	chr7	154902982	159334314	2	2	0
ccbe0104-89ff-4494-8183-26146439d4fa	chr8	81254	47413232	3	2	1
ccbe0104-89ff-4494-8183-26146439d4fa	chr8	47413968	49938269	4	2	2
ccbe0104-89ff-4494-8183-26146439d4fa	chr8	49940355	50078667	9	5	4
ccbe0104-89ff-4494-8183-26146439d4fa	chr8	50083306	50667991	4	2	2
ccbe0104-89ff-4494-8183-26146439d4fa	chr8	50668913	50784550	4	3	1
ccbe0104-89ff-4494-8183-26146439d4fa	chr8	50784589	52691299	10	8	2
ccbe0104-89ff-4494-8183-26146439d4fa	chr8	52691833	53250259	4	2	2
ccbe0104-89ff-4494-8183-26146439d4fa	chr8	53252242	53431871	6	4	2
ccbe0104-89ff-4494-8183-26146439d4fa	chr8	53432178	69222205	3	2	1
ccbe0104-89ff-4494-8183-26146439d4fa	chr8	69225852	70261810	4	2	2
ccbe0104-89ff-4494-8183-26146439d4fa	chr8	70262248	72769678	3	2	1
ccbe0104-89ff-4494-8183-26146439d4fa	chr8	72771897	76264141	4	2	2
ccbe0104-89ff-4494-8183-26146439d4fa	chr8	76265182	79688159	5	3	2
ccbe0104-89ff-4494-8183-26146439d4fa	chr8	79689223	80364956	6	4	2
ccbe0104-89ff-4494-8183-26146439d4fa	chr8	80367547	81321585	4	2	2
ccbe0104-89ff-4494-8183-26146439d4fa	chr8	81321675	94326483	3	2	1
ccbe0104-89ff-4494-8183-26146439d4fa	chr8	94329645	96312054	7	5	2
ccbe0104-89ff-4494-8183-26146439d4fa	chr8	96312101	96374345	6	4	2
ccbe0104-89ff-4494-8183-26146439d4fa	chr8	96374613	100315727	7	5	2
ccbe0104-89ff-4494-8183-26146439d4fa	chr8	100318711	100318769	11	11	0
ccbe0104-89ff-4494-8183-26146439d4fa	chr8	100320565	100329984	13	9	4
ccbe0104-89ff-4494-8183-26146439d4fa	chr8	100330349	100346040	10	10	0
ccbe0104-89ff-4494-8183-26146439d4fa	chr8	100354161	104305739	19	17	2
ccbe0104-89ff-4494-8183-26146439d4fa	chr8	104313602	104359048	14	14	0
ccbe0104-89ff-4494-8183-26146439d4fa	chr8	104360756	104498687	10	8	2
ccbe0104-89ff-4494-8183-26146439d4fa	chr8	104501297	105389762	2	2	0
ccbe0104-89ff-4494-8183-26146439d4fa	chr8	105392086	111779837	12	10	2
ccbe0104-89ff-4494-8183-26146439d4fa	chr8	111789195	113868412	2	2	0
ccbe0104-89ff-4494-8183-26146439d4fa	chr8	113871590	114956037	3	2	1
ccbe0104-89ff-4494-8183-26146439d4fa	chr8	114960781	115039157	10	10	0
ccbe0104-89ff-4494-8183-26146439d4fa	chr8	115042063	115264954	3	2	1
ccbe0104-89ff-4494-8183-26146439d4fa	chr8	115268602	115308525	11	7	4
ccbe0104-89ff-4494-8183-26146439d4fa	chr8	115310613	116121911	11	9	2
ccbe0104-89ff-4494-8183-26146439d4fa	chr8	116123271	120651162	3	2	1
ccbe0104-89ff-4494-8183-26146439d4fa	chr8	120653119	120888649	2	2	0
ccbe0104-89ff-4494-8183-26146439d4fa	chr8	120888811	125130161	3	2	1
ccbe0104-89ff-4494-8183-26146439d4fa	chr8	125131544	126872406	2	2	0
ccbe0104-89ff-4494-8183-26146439d4fa	chr8	126874795	145072769	3	2	1
ccbe0104-89ff-4494-8183-26146439d4fa	chr9	46587	9487771	4	2	2
ccbe0104-89ff-4494-8183-26146439d4fa	chr9	9487889	10306683	2	2	0
ccbe0104-89ff-4494-8183-26146439d4fa	chr9	10309769	135915320	4	2	2
ccbe0104-89ff-4494-8183-26146439d4fa	chr9	135915420	137507254	3	2	1
ccbe0104-89ff-4494-8183-26146439d4fa	chr9	137519958	138200944	4	2	2
ccbe0104-89ff-4494-8183-26146439d4fa	chr10	45792	95102662	2	2	0
ccbe0104-89ff-4494-8183-26146439d4fa	chr10	95105336	95109949	9	9	0
ccbe0104-89ff-4494-8183-26146439d4fa	chr10	95115957	133654968	2	2	0
ccbe0104-89ff-4494-8183-26146439d4fa	chr11	198510	3192122	3	2	1
ccbe0104-89ff-4494-8183-26146439d4fa	chr11	3192928	55608804	4	2	2
ccbe0104-89ff-4494-8183-26146439d4fa	chr11	55609022	55674842	0	0	0
ccbe0104-89ff-4494-8183-26146439d4fa	chr11	55676735	55685533	1	1	0
ccbe0104-89ff-4494-8183-26146439d4fa	chr11	55686100	102698229	4	2	2
ccbe0104-89ff-4494-8183-26146439d4fa	chr11	102698593	102725917	6	3	3
ccbe0104-89ff-4494-8183-26146439d4fa	chr11	102727079	135074876	4	2	2
ccbe0104-89ff-4494-8183-26146439d4fa	chr12	51460	3069390	3	2	1
ccbe0104-89ff-4494-8183-26146439d4fa	chr12	3070744	3359686	5	4	1
ccbe0104-89ff-4494-8183-26146439d4fa	chr12	3360093	13789373	3	2	1
ccbe0104-89ff-4494-8183-26146439d4fa	chr12	13791561	13915763	2	1	1
ccbe0104-89ff-4494-8183-26146439d4fa	chr12	13915855	27261026	3	2	1
ccbe0104-89ff-4494-8183-26146439d4fa	chr12	27261151	133201603	4	2	2
ccbe0104-89ff-4494-8183-26146439d4fa	chr13	18452809	114342922	2	2	0
ccbe0104-89ff-4494-8183-26146439d4fa	chr14	18239283	33529873	4	2	2
ccbe0104-89ff-4494-8183-26146439d4fa	chr14	33531297	33549179	2	1	1
ccbe0104-89ff-4494-8183-26146439d4fa	chr14	33552316	106877229	4	2	2
ccbe0104-89ff-4494-8183-26146439d4fa	chr15	19811075	23396367	4	3	1
ccbe0104-89ff-4494-8183-26146439d4fa	chr15	23398898	36542181	4	2	2
ccbe0104-89ff-4494-8183-26146439d4fa	chr15	36542601	39821910	3	2	1
ccbe0104-89ff-4494-8183-26146439d4fa	chr15	39823270	42143804	4	2	2
ccbe0104-89ff-4494-8183-26146439d4fa	chr15	42143845	43100550	3	2	1
ccbe0104-89ff-4494-8183-26146439d4fa	chr15	43103464	43203014	12	12	0
ccbe0104-89ff-4494-8183-26146439d4fa	chr15	43209583	45752443	3	2	1
ccbe0104-89ff-4494-8183-26146439d4fa	chr15	45752902	45832805	12	10	2
ccbe0104-89ff-4494-8183-26146439d4fa	chr15	45832827	46473200	3	2	1
ccbe0104-89ff-4494-8183-26146439d4fa	chr15	46476114	46525887	12	9	3
ccbe0104-89ff-4494-8183-26146439d4fa	chr15	46526623	47405377	3	2	1
ccbe0104-89ff-4494-8183-26146439d4fa	chr15	47405844	48423251	5	3	2
ccbe0104-89ff-4494-8183-26146439d4fa	chr15	48424215	48884258	6	4	2
ccbe0104-89ff-4494-8183-26146439d4fa	chr15	48890408	50427288	5	3	2
ccbe0104-89ff-4494-8183-26146439d4fa	chr15	50429420	50969962	3	2	1
ccbe0104-89ff-4494-8183-26146439d4fa	chr15	50972517	51116669	8	6	2
ccbe0104-89ff-4494-8183-26146439d4fa	chr15	51124263	53229850	2	2	0
ccbe0104-89ff-4494-8183-26146439d4fa	chr15	53235249	53592853	3	2	1
ccbe0104-89ff-4494-8183-26146439d4fa	chr15	53596115	54694720	7	5	2
ccbe0104-89ff-4494-8183-26146439d4fa	chr15	54696557	54917758	13	11	2
ccbe0104-89ff-4494-8183-26146439d4fa	chr15	54918091	54980798	6	5	1
ccbe0104-89ff-4494-8183-26146439d4fa	chr15	54983899	56306579	7	5	2
ccbe0104-89ff-4494-8183-26146439d4fa	chr15	56308641	56817036	3	2	1
ccbe0104-89ff-4494-8183-26146439d4fa	chr15	56819301	59406032	2	2	0
ccbe0104-89ff-4494-8183-26146439d4fa	chr15	59406649	59562332	12	10	2
ccbe0104-89ff-4494-8183-26146439d4fa	chr15	59562573	61995329	9	7	2
ccbe0104-89ff-4494-8183-26146439d4fa	chr15	62007190	62106236	12	10	2
ccbe0104-89ff-4494-8183-26146439d4fa	chr15	62106334	62766011	15	13	2
ccbe0104-89ff-4494-8183-26146439d4fa	chr15	62768589	63835332	11	9	2
ccbe0104-89ff-4494-8183-26146439d4fa	chr15	63843215	65014176	15	13	2
ccbe0104-89ff-4494-8183-26146439d4fa	chr15	65015150	66132662	9	7	2
ccbe0104-89ff-4494-8183-26146439d4fa	chr15	66135629	66239235	3	2	1
ccbe0104-89ff-4494-8183-26146439d4fa	chr15	66240598	67861548	6	4	2
ccbe0104-89ff-4494-8183-26146439d4fa	chr15	67862292	71289251	4	2	2
ccbe0104-89ff-4494-8183-26146439d4fa	chr15	71289711	90057801	2	2	0
ccbe0104-89ff-4494-8183-26146439d4fa	chr15	90060261	94980711	4	2	2
ccbe0104-89ff-4494-8183-26146439d4fa	chr15	94980945	95071963	2	1	1
ccbe0104-89ff-4494-8183-26146439d4fa	chr15	95072361	98000359	4	2	2
ccbe0104-89ff-4494-8183-26146439d4fa	chr15	98007488	98075345	2	1	1
ccbe0104-89ff-4494-8183-26146439d4fa	chr15	98075843	101928837	4	2	2
ccbe0104-89ff-4494-8183-26146439d4fa	chr16	10777	1879665	3	2	1
ccbe0104-89ff-4494-8183-26146439d4fa	chr16	1881055	8099851	4	2	2
ccbe0104-89ff-4494-8183-26146439d4fa	chr16	8100254	8164679	2	2	0
ccbe0104-89ff-4494-8183-26146439d4fa	chr16	8166222	90096867	4	2	2
ccbe0104-89ff-4494-8183-26146439d4fa	chr17	150733	83091923	2	2	0
ccbe0104-89ff-4494-8183-26146439d4fa	chr18	48133	4971660	3	2	1
ccbe0104-89ff-4494-8183-26146439d4fa	chr18	4973590	4985483	1	1	0
ccbe0104-89ff-4494-8183-26146439d4fa	chr18	4987699	80257174	3	2	1
ccbe0104-89ff-4494-8183-26146439d4fa	chr19	90910	4594222	3	2	1
ccbe0104-89ff-4494-8183-26146439d4fa	chr19	4594502	27257085	4	2	2
ccbe0104-89ff-4494-8183-26146439d4fa	chr19	27260767	58586487	2	2	0
ccbe0104-89ff-4494-8183-26146439d4fa	chr20	80664	61835065	4	2	2
ccbe0104-89ff-4494-8183-26146439d4fa	chr20	61836400	64324800	3	2	1
ccbe0104-89ff-4494-8183-26146439d4fa	chr21	12973348	41667612	3	3	0
ccbe0104-89ff-4494-8183-26146439d4fa	chr21	41670798	46220135	2	2	0
ccbe0104-89ff-4494-8183-26146439d4fa	chr21	46220419	46677045	3	3	0
ccbe0104-89ff-4494-8183-26146439d4fa	chr22	16392123	50796027	4	2	2
ccbe0104-89ff-4494-8183-26146439d4fa	chrX	251810	2521611	0	0	0
ccbe0104-89ff-4494-8183-26146439d4fa	chrX	2522895	2775583	2	2	0
ccbe0104-89ff-4494-8183-26146439d4fa	chrX	2776199	7889387	1	1	0
ccbe0104-89ff-4494-8183-26146439d4fa	chrX	7890018	11042184	0	0	0
ccbe0104-89ff-4494-8183-26146439d4fa	chrX	11051464	155618417	1	1	0
ccbe0104-89ff-4494-8183-26146439d4fa	chrX	155619573	156004181	2	1	1
ccbe0104-89ff-4494-8183-26146439d4fa	chrY	2782397	5112383	0	0	0
ccbe0104-89ff-4494-8183-26146439d4fa	chrY	5121631	6188646	1	1	0
ccbe0104-89ff-4494-8183-26146439d4fa	chrY	6188704	26653788	2	1	1
ccbe0104-89ff-4494-8183-26146439d4fa	chrY	56872112	56872112	0	0	0
944be129-9fe5-48da-92b4-7989c5988ad4	chr1	62920	108951525	1	1	0
944be129-9fe5-48da-92b4-7989c5988ad4	chr1	108954232	108955523	0	0	0
944be129-9fe5-48da-92b4-7989c5988ad4	chr1	108961034	246204669	1	1	0
944be129-9fe5-48da-92b4-7989c5988ad4	chr1	246206297	246219668	0	0	0
944be129-9fe5-48da-92b4-7989c5988ad4	chr1	246221612	248930189	1	1	0
944be129-9fe5-48da-92b4-7989c5988ad4	chr2	12784	242147305	1	1	0
944be129-9fe5-48da-92b4-7989c5988ad4	chr3	20930	3925783	2	1	1
944be129-9fe5-48da-92b4-7989c5988ad4	chr3	3928744	3934733	1	1	0
944be129-9fe5-48da-92b4-7989c5988ad4	chr3	3935472	146538692	2	1	1
944be129-9fe5-48da-92b4-7989c5988ad4	chr3	146539520	146559345	1	1	0
944be129-9fe5-48da-92b4-7989c5988ad4	chr3	146560829	147873502	2	1	1
944be129-9fe5-48da-92b4-7989c5988ad4	chr3	147877352	147893669	3	2	1
944be129-9fe5-48da-92b4-7989c5988ad4	chr3	147895379	153747636	2	1	1
944be129-9fe5-48da-92b4-7989c5988ad4	chr3	153748053	153760634	4	2	2
944be129-9fe5-48da-92b4-7989c5988ad4	chr3	153763908	198169247	2	1	1
944be129-9fe5-48da-92b4-7989c5988ad4	chr4	68929	68506285	2	1	1
944be129-9fe5-48da-92b4-7989c5988ad4	chr4	68509223	68674307	4	4	0
944be129-9fe5-48da-92b4-7989c5988ad4	chr4	68686026	190106768	2	1	1
944be129-9fe5-48da-92b4-7989c5988ad4	chr5	15532	181363319	1	1	0
944be129-9fe5-48da-92b4-7989c5988ad4	chr6	149661	31383638	1	1	0
944be129-9fe5-48da-92b4-7989c5988ad4	chr6	31383665	31489856	0	0	0
944be129-9fe5-48da-92b4-7989c5988ad4	chr6	31497253	170741917	1	1	0
944be129-9fe5-48da-92b4-7989c5988ad4	chr7	43259	109793741	2	1	1
944be129-9fe5-48da-92b4-7989c5988ad4	chr7	109797035	109813853	1	1	0
944be129-9fe5-48da-92b4-7989c5988ad4	chr7	109813925	159334314	2	1	1
944be129-9fe5-48da-92b4-7989c5988ad4	chr8	81254	114913651	2	1	1
944be129-9fe5-48da-92b4-7989c5988ad4	chr8	114916814	114982553	1	1	0
944be129-9fe5-48da-92b4-7989c5988ad4	chr8	114982604	143580513	2	1	1
944be129-9fe5-48da-92b4-7989c5988ad4	chr8	143582129	143654258	1	1	0
944be129-9fe5-48da-92b4-7989c5988ad4	chr8	143654491	145072769	2	1	1
944be129-9fe5-48da-92b4-7989c5988ad4	chr9	46587	589252	2	1	1
944be129-9fe5-48da-92b4-7989c5988ad4	chr9	591967	607937	1	1	0
944be129-9fe5-48da-92b4-7989c5988ad4	chr9	608659	11906003	2	1	1
944be129-9fe5-48da-92b4-7989c5988ad4	chr9	11906018	12121463	1	1	0
944be129-9fe5-48da-92b4-7989c5988ad4	chr9	12126192	138200944	2	1	1
944be129-9fe5-48da-92b4-7989c5988ad4	chr10	45792	131793154	1	1	0
944be129-9fe5-48da-92b4-7989c5988ad4	chr10	131796645	131837069	0	0	0
944be129-9fe5-48da-92b4-7989c5988ad4	chr10	131837567	133654968	1	1	0
944be129-9fe5-48da-92b4-7989c5988ad4	chr11	198510	69999896	2	1	1
944be129-9fe5-48da-92b4-7989c5988ad4	chr11	70000098	70003258	1	1	0
944be129-9fe5-48da-92b4-7989c5988ad4	chr11	70003328	104900759	2	1	1
944be129-9fe5-48da-92b4-7989c5988ad4	chr11	104901412	104910172	3	2	1
944be129-9fe5-48da-92b4-7989c5988ad4	chr11	104910307	135074876	2	1	1
944be129-9fe5-48da-92b4-7989c5988ad4	chr12	51460	23591716	2	1	1
944be129-9fe5-48da-92b4-7989c5988ad4	chr12	23592671	23617526	3	2	1
944be129-9fe5-48da-92b4-7989c5988ad4	chr12	23618001	133201603	2	1	1
944be129-9fe5-48da-92b4-7989c5988ad4	chr13	18452809	114342922	1	1	0
944be129-9fe5-48da-92b4-7989c5988ad4	chr14	18239283	99555297	2	1	1
944be129-9fe5-48da-92b4-7989c5988ad4	chr14	99555787	99556527	1	1	0
944be129-9fe5-48da-92b4-7989c5988ad4	chr14	99557059	105733039	2	1	1
944be129-9fe5-48da-92b4-7989c5988ad4	chr14	105752248	106266163	4	4	0
944be129-9fe5-48da-92b4-7989c5988ad4	chr14	106266761	106877229	2	1	1
944be129-9fe5-48da-92b4-7989c5988ad4	chr15	19811075	101928837	2	1	1
944be129-9fe5-48da-92b4-7989c5988ad4	chr16	10777	90096867	2	1	1
944be129-9fe5-48da-92b4-7989c5988ad4	chr17	150733	83091923	1	1	0
944be129-9fe5-48da-92b4-7989c5988ad4	chr18	48133	40680456	2	1	1
944be129-9fe5-48da-92b4-7989c5988ad4	chr18	40680470	40685425	0	0	0
944be129-9fe5-48da-92b4-7989c5988ad4	chr18	40688060	80257174	2	1	1
944be129-9fe5-48da-92b4-7989c5988ad4	chr19	90910	58586487	2	1	1
944be129-9fe5-48da-92b4-7989c5988ad4	chr20	80664	64324800	2	1	1
944be129-9fe5-48da-92b4-7989c5988ad4	chr21	12973348	46677045	1	1	0
944be129-9fe5-48da-92b4-7989c5988ad4	chr22	16392123	50796027	1	1	0
944be129-9fe5-48da-92b4-7989c5988ad4	chrX	251810	156004181	1	1	0
944be129-9fe5-48da-92b4-7989c5988ad4	chrY	2782397	56872112	0	0	0
53a0d58f-4b62-4ec8-9795-84a62e17487d	chr1	62920	22811268	2	2	0
53a0d58f-4b62-4ec8-9795-84a62e17487d	chr1	22815858	22827498	3	3	0
53a0d58f-4b62-4ec8-9795-84a62e17487d	chr1	22827867	71533124	2	2	0
53a0d58f-4b62-4ec8-9795-84a62e17487d	chr1	71533434	71934033	1	1	0
53a0d58f-4b62-4ec8-9795-84a62e17487d	chr1	71938739	121705338	2	2	0
53a0d58f-4b62-4ec8-9795-84a62e17487d	chr1	143541857	177979579	3	2	1
53a0d58f-4b62-4ec8-9795-84a62e17487d	chr1	177981091	177999062	1	1	0
53a0d58f-4b62-4ec8-9795-84a62e17487d	chr1	177999481	248930189	3	2	1
53a0d58f-4b62-4ec8-9795-84a62e17487d	chr2	12784	102697945	4	2	2
53a0d58f-4b62-4ec8-9795-84a62e17487d	chr2	102701095	104048384	5	3	2
53a0d58f-4b62-4ec8-9795-84a62e17487d	chr2	104054402	127162044	4	2	2
53a0d58f-4b62-4ec8-9795-84a62e17487d	chr2	127162065	127173886	1	1	0
53a0d58f-4b62-4ec8-9795-84a62e17487d	chr2	127175928	152054824	4	2	2
53a0d58f-4b62-4ec8-9795-84a62e17487d	chr2	152054916	152081921	2	1	1
53a0d58f-4b62-4ec8-9795-84a62e17487d	chr2	152083033	154366572	4	2	2
53a0d58f-4b62-4ec8-9795-84a62e17487d	chr2	154368523	154415877	7	4	3
53a0d58f-4b62-4ec8-9795-84a62e17487d	chr2	154415941	188069582	4	2	2
53a0d58f-4b62-4ec8-9795-84a62e17487d	chr2	188071104	242147305	2	2	0
53a0d58f-4b62-4ec8-9795-84a62e17487d	chr3	20930	73570611	2	2	0
53a0d58f-4b62-4ec8-9795-84a62e17487d	chr3	73570752	73599519	1	1	0
53a0d58f-4b62-4ec8-9795-84a62e17487d	chr3	73601313	126993915	2	2	0
53a0d58f-4b62-4ec8-9795-84a62e17487d	chr3	126996578	198169247	4	2	2
53a0d58f-4b62-4ec8-9795-84a62e17487d	chr4	68929	18458740	2	2	0
53a0d58f-4b62-4ec8-9795-84a62e17487d	chr4	18459555	18463733	5	5	0
53a0d58f-4b62-4ec8-9795-84a62e17487d	chr4	18463801	137171085	2	2	0
53a0d58f-4b62-4ec8-9795-84a62e17487d	chr4	137171266	137172260	0	0	0
53a0d58f-4b62-4ec8-9795-84a62e17487d	chr4	137173804	171216352	2	2	0
53a0d58f-4b62-4ec8-9795-84a62e17487d	chr4	171218682	171225117	1	1	0
53a0d58f-4b62-4ec8-9795-84a62e17487d	chr4	171226326	190106768	2	2	0
53a0d58f-4b62-4ec8-9795-84a62e17487d	chr5	15532	152135923	3	2	1
53a0d58f-4b62-4ec8-9795-84a62e17487d	chr5	152135937	152138790	0	0	0
53a0d58f-4b62-4ec8-9795-84a62e17487d	chr5	152140710	153739869	3	2	1
53a0d58f-4b62-4ec8-9795-84a62e17487d	chr5	153740488	153743928	1	1	0
53a0d58f-4b62-4ec8-9795-84a62e17487d	chr5	153752746	181363319	3	2	1
53a0d58f-4b62-4ec8-9795-84a62e17487d	chr6	149661	29696354	3	2	1
53a0d58f-4b62-4ec8-9795-84a62e17487d	chr6	29696675	30499918	2	1	1
53a0d58f-4b62-4ec8-9795-84a62e17487d	chr6	30507638	30515216	1	1	0
53a0d58f-4b62-4ec8-9795-84a62e17487d	chr6	30544386	45896089	3	2	1
53a0d58f-4b62-4ec8-9795-84a62e17487d	chr6	45896768	45939624	5	3	2
53a0d58f-4b62-4ec8-9795-84a62e17487d	chr6	45940454	61496363	3	2	1
53a0d58f-4b62-4ec8-9795-84a62e17487d	chr6	61496706	170741917	2	2	0
53a0d58f-4b62-4ec8-9795-84a62e17487d	chr7	43259	2371203	3	2	1
53a0d58f-4b62-4ec8-9795-84a62e17487d	chr7	2372397	2674049	2	1	1
53a0d58f-4b62-4ec8-9795-84a62e17487d	chr7	2674701	69797347	3	2	1
53a0d58f-4b62-4ec8-9795-84a62e17487d	chr7	69800703	70208434	1	1	0
53a0d58f-4b62-4ec8-9795-84a62e17487d	chr7	70211079	116214591	3	2	1
53a0d58f-4b62-4ec8-9795-84a62e17487d	chr7	116216548	116278530	2	1	1
53a0d58f-4b62-4ec8-9795-84a62e17487d	chr7	116278553	159334314	3	2	1
53a0d58f-4b62-4ec8-9795-84a62e17487d	chr8	81254	4127058	4	4	0
53a0d58f-4b62-4ec8-9795-84a62e17487d	chr8	4127387	5736124	5	5	0
53a0d58f-4b62-4ec8-9795-84a62e17487d	chr8	5736288	5751299	0	0	0
53a0d58f-4b62-4ec8-9795-84a62e17487d	chr8	5755582	40204854	4	4	0
53a0d58f-4b62-4ec8-9795-84a62e17487d	chr8	40204974	40380618	5	5	0
53a0d58f-4b62-4ec8-9795-84a62e17487d	chr8	40381056	74173035	4	4	0
53a0d58f-4b62-4ec8-9795-84a62e17487d	chr8	74174970	74200423	2	2	0
53a0d58f-4b62-4ec8-9795-84a62e17487d	chr8	74200535	78967677	5	5	0
53a0d58f-4b62-4ec8-9795-84a62e17487d	chr8	78969562	112025280	4	4	0
53a0d58f-4b62-4ec8-9795-84a62e17487d	chr8	112025303	134008415	7	7	0
53a0d58f-4b62-4ec8-9795-84a62e17487d	chr8	134009132	135080154	6	6	0
53a0d58f-4b62-4ec8-9795-84a62e17487d	chr8	135080711	137645145	7	7	0
53a0d58f-4b62-4ec8-9795-84a62e17487d	chr8	137645338	145072769	4	4	0
53a0d58f-4b62-4ec8-9795-84a62e17487d	chr9	46587	8327764	4	4	0
53a0d58f-4b62-4ec8-9795-84a62e17487d	chr9	8332248	133721832	2	2	0
53a0d58f-4b62-4ec8-9795-84a62e17487d	chr9	133723375	133753192	4	3	1
53a0d58f-4b62-4ec8-9795-84a62e17487d	chr9	133753594	138200944	2	2	0
53a0d58f-4b62-4ec8-9795-84a62e17487d	chr10	45792	83278451	4	2	2
53a0d58f-4b62-4ec8-9795-84a62e17487d	chr10	83281874	84629732	7	5	2
53a0d58f-4b62-4ec8-9795-84a62e17487d	chr10	84632635	84837522	5	3	2
53a0d58f-4b62-4ec8-9795-84a62e17487d	chr10	84841662	85030561	8	5	3
53a0d58f-4b62-4ec8-9795-84a62e17487d	chr10	85036056	93835586	4	2	2
53a0d58f-4b62-4ec8-9795-84a62e17487d	chr10	93836168	94012410	5	3	2
53a0d58f-4b62-4ec8-9795-84a62e17487d	chr10	94014047	108396247	4	2	2
53a0d58f-4b62-4ec8-9795-84a62e17487d	chr10	108396675	108411502	7	4	3
53a0d58f-4b62-4ec8-9795-84a62e17487d	chr10	108412754	133654968	4	2	2
53a0d58f-4b62-4ec8-9795-84a62e17487d	chr11	198510	135074876	2	2	0
53a0d58f-4b62-4ec8-9795-84a62e17487d	chr12	51460	8901102	4	2	2
53a0d58f-4b62-4ec8-9795-84a62e17487d	chr12	8903814	52526630	3	2	1
53a0d58f-4b62-4ec8-9795-84a62e17487d	chr12	52527431	52531875	7	5	2
53a0d58f-4b62-4ec8-9795-84a62e17487d	chr12	52532185	101656343	3	2	1
53a0d58f-4b62-4ec8-9795-84a62e17487d	chr12	101656397	101671945	1	1	0
53a0d58f-4b62-4ec8-9795-84a62e17487d	chr12	101675486	133201603	3	2	1
53a0d58f-4b62-4ec8-9795-84a62e17487d	chr13	18452809	93244786	2	2	0
53a0d58f-4b62-4ec8-9795-84a62e17487d	chr13	93248595	93412690	0	0	0
53a0d58f-4b62-4ec8-9795-84a62e17487d	chr13	93414389	114342922	2	2	0
53a0d58f-4b62-4ec8-9795-84a62e17487d	chr14	18239283	19958388	6	4	2
53a0d58f-4b62-4ec8-9795-84a62e17487d	chr14	19958545	22266975	2	2	0
53a0d58f-4b62-4ec8-9795-84a62e17487d	chr14	22267035	22400424	1	1	0
53a0d58f-4b62-4ec8-9795-84a62e17487d	chr14	22401713	51615796	2	2	0
53a0d58f-4b62-4ec8-9795-84a62e17487d	chr14	51616362	51722475	0	0	0
53a0d58f-4b62-4ec8-9795-84a62e17487d	chr14	51722981	99551024	2	2	0
53a0d58f-4b62-4ec8-9795-84a62e17487d	chr14	99551085	99556527	0	0	0
53a0d58f-4b62-4ec8-9795-84a62e17487d	chr14	99557059	106877229	2	2	0
53a0d58f-4b62-4ec8-9795-84a62e17487d	chr15	19811075	23487034	3	3	0
53a0d58f-4b62-4ec8-9795-84a62e17487d	chr15	23488326	24144961	2	2	0
53a0d58f-4b62-4ec8-9795-84a62e17487d	chr15	24147441	25254781	3	3	0
53a0d58f-4b62-4ec8-9795-84a62e17487d	chr15	25257284	33770104	2	2	0
53a0d58f-4b62-4ec8-9795-84a62e17487d	chr15	33773323	33785368	1	1	0
53a0d58f-4b62-4ec8-9795-84a62e17487d	chr15	33785463	45180437	2	2	0
53a0d58f-4b62-4ec8-9795-84a62e17487d	chr15	45180512	45282390	1	1	0
53a0d58f-4b62-4ec8-9795-84a62e17487d	chr15	45283584	101928837	2	2	0
53a0d58f-4b62-4ec8-9795-84a62e17487d	chr16	10777	6864357	2	2	0
53a0d58f-4b62-4ec8-9795-84a62e17487d	chr16	6866450	6884453	0	0	0
53a0d58f-4b62-4ec8-9795-84a62e17487d	chr16	6884939	78562710	2	2	0
53a0d58f-4b62-4ec8-9795-84a62e17487d	chr16	78565255	78768798	1	1	0
53a0d58f-4b62-4ec8-9795-84a62e17487d	chr16	78769224	90096867	2	2	0
53a0d58f-4b62-4ec8-9795-84a62e17487d	chr17	150733	41305121	2	2	0
53a0d58f-4b62-4ec8-9795-84a62e17487d	chr17	41307306	41318641	1	1	0
53a0d58f-4b62-4ec8-9795-84a62e17487d	chr17	41322114	70445797	2	2	0
53a0d58f-4b62-4ec8-9795-84a62e17487d	chr17	70446360	70478280	6	4	2
53a0d58f-4b62-4ec8-9795-84a62e17487d	chr17	70478475	83091923	2	2	0
53a0d58f-4b62-4ec8-9795-84a62e17487d	chr18	48133	13872509	2	2	0
53a0d58f-4b62-4ec8-9795-84a62e17487d	chr18	13872924	13913117	1	1	0
53a0d58f-4b62-4ec8-9795-84a62e17487d	chr18	13913507	80257174	2	2	0
53a0d58f-4b62-4ec8-9795-84a62e17487d	chr19	90910	30527635	3	2	1
53a0d58f-4b62-4ec8-9795-84a62e17487d	chr19	30529878	58586487	2	1	1
53a0d58f-4b62-4ec8-9795-84a62e17487d	chr20	80664	64260467	4	2	2
53a0d58f-4b62-4ec8-9795-84a62e17487d	chr20	64261403	64324800	3	2	1
53a0d58f-4b62-4ec8-9795-84a62e17487d	chr21	12973348	46677045	2	2	0
53a0d58f-4b62-4ec8-9795-84a62e17487d	chr22	16392123	50796027	3	2	1
53a0d58f-4b62-4ec8-9795-84a62e17487d	chrX	251810	507629	0	0	0
53a0d58f-4b62-4ec8-9795-84a62e17487d	chrX	509057	1400981	1	1	0
53a0d58f-4b62-4ec8-9795-84a62e17487d	chrX	1401031	1478856	0	0	0
53a0d58f-4b62-4ec8-9795-84a62e17487d	chrX	1479705	1583419	2	1	1
53a0d58f-4b62-4ec8-9795-84a62e17487d	chrX	1584064	2377218	1	1	0
53a0d58f-4b62-4ec8-9795-84a62e17487d	chrX	2387078	2432545	0	0	0
53a0d58f-4b62-4ec8-9795-84a62e17487d	chrX	2440099	2553051	1	1	0
53a0d58f-4b62-4ec8-9795-84a62e17487d	chrX	2553080	2589642	0	0	0
53a0d58f-4b62-4ec8-9795-84a62e17487d	chrX	2597040	2785592	1	1	0
53a0d58f-4b62-4ec8-9795-84a62e17487d	chrX	2785914	156004181	0	0	0
53a0d58f-4b62-4ec8-9795-84a62e17487d	chrY	2782397	26653788	0	0	0
53a0d58f-4b62-4ec8-9795-84a62e17487d	chrY	56872112	56872112	4	4	0
55303303-8fdf-487e-b25e-2557909ed34e	chr1	61735	248930189	2	2	0
55303303-8fdf-487e-b25e-2557909ed34e	chr2	12784	242147305	2	2	0
55303303-8fdf-487e-b25e-2557909ed34e	chr3	18667	198169247	4	2	2
55303303-8fdf-487e-b25e-2557909ed34e	chr4	12281	180905328	4	2	2
55303303-8fdf-487e-b25e-2557909ed34e	chr4	180908539	181099822	3	2	1
55303303-8fdf-487e-b25e-2557909ed34e	chr4	181100737	190106768	4	2	2
55303303-8fdf-487e-b25e-2557909ed34e	chr5	15532	66604138	4	2	2
55303303-8fdf-487e-b25e-2557909ed34e	chr5	66604991	115686170	3	2	1
55303303-8fdf-487e-b25e-2557909ed34e	chr5	115686560	181363319	4	2	2
55303303-8fdf-487e-b25e-2557909ed34e	chr6	149661	170741917	2	2	0
55303303-8fdf-487e-b25e-2557909ed34e	chr7	43259	159334314	4	2	2
55303303-8fdf-487e-b25e-2557909ed34e	chr8	81254	145072769	4	2	2
55303303-8fdf-487e-b25e-2557909ed34e	chr9	46587	138200944	4	2	2
55303303-8fdf-487e-b25e-2557909ed34e	chr10	26823	82281198	2	2	0
55303303-8fdf-487e-b25e-2557909ed34e	chr10	82283744	82596245	1	1	0
55303303-8fdf-487e-b25e-2557909ed34e	chr10	82597383	133769379	2	2	0
55303303-8fdf-487e-b25e-2557909ed34e	chr11	198572	80245418	2	2	0
55303303-8fdf-487e-b25e-2557909ed34e	chr11	80248206	80752668	0	0	0
55303303-8fdf-487e-b25e-2557909ed34e	chr11	80765032	135074876	2	2	0
55303303-8fdf-487e-b25e-2557909ed34e	chr12	51460	133201603	4	2	2
55303303-8fdf-487e-b25e-2557909ed34e	chr13	18452809	114342922	2	2	0
55303303-8fdf-487e-b25e-2557909ed34e	chr14	18225647	106877229	4	2	2
55303303-8fdf-487e-b25e-2557909ed34e	chr15	19811075	101928837	4	2	2
55303303-8fdf-487e-b25e-2557909ed34e	chr16	10777	6604899	4	2	2
55303303-8fdf-487e-b25e-2557909ed34e	chr16	6605813	6788955	3	2	1
55303303-8fdf-487e-b25e-2557909ed34e	chr16	6790764	6935150	2	2	0
55303303-8fdf-487e-b25e-2557909ed34e	chr16	6935303	7103263	4	3	1
55303303-8fdf-487e-b25e-2557909ed34e	chr16	7103295	7232247	2	2	0
55303303-8fdf-487e-b25e-2557909ed34e	chr16	7232982	70712645	4	2	2
55303303-8fdf-487e-b25e-2557909ed34e	chr16	70715351	71168894	3	2	1
55303303-8fdf-487e-b25e-2557909ed34e	chr16	71171291	90221127	4	2	2
55303303-8fdf-487e-b25e-2557909ed34e	chr17	150733	83090856	2	2	0
55303303-8fdf-487e-b25e-2557909ed34e	chr18	48133	80257174	2	2	0
55303303-8fdf-487e-b25e-2557909ed34e	chr19	90910	58586487	4	2	2
55303303-8fdf-487e-b25e-2557909ed34e	chr20	80664	3456832	6	4	2
55303303-8fdf-487e-b25e-2557909ed34e	chr20	3456975	4221394	8	4	4
55303303-8fdf-487e-b25e-2557909ed34e	chr20	4227283	14714535	6	4	2
55303303-8fdf-487e-b25e-2557909ed34e	chr20	14714733	15001931	4	2	2
55303303-8fdf-487e-b25e-2557909ed34e	chr20	15003218	15064766	0	0	0
55303303-8fdf-487e-b25e-2557909ed34e	chr20	15071800	64324800	4	2	2
55303303-8fdf-487e-b25e-2557909ed34e	chr21	10336543	46677045	2	2	0
55303303-8fdf-487e-b25e-2557909ed34e	chr22	15294545	50796027	4	2	2
55303303-8fdf-487e-b25e-2557909ed34e	chrX	251810	156004181	2	2	0
c9c2f1c9-f7fc-4b5b-a48c-59f09bb69b7f	chr1	62920	248930189	2	2	0
c9c2f1c9-f7fc-4b5b-a48c-59f09bb69b7f	chr2	12784	137157554	2	2	0
c9c2f1c9-f7fc-4b5b-a48c-59f09bb69b7f	chr2	137158755	137203349	3	3	0
c9c2f1c9-f7fc-4b5b-a48c-59f09bb69b7f	chr2	137203399	137212772	1	1	0
c9c2f1c9-f7fc-4b5b-a48c-59f09bb69b7f	chr2	137217591	152054658	2	2	0
c9c2f1c9-f7fc-4b5b-a48c-59f09bb69b7f	chr2	152054824	152081921	1	1	0
c9c2f1c9-f7fc-4b5b-a48c-59f09bb69b7f	chr2	152083033	168150983	2	2	0
c9c2f1c9-f7fc-4b5b-a48c-59f09bb69b7f	chr2	168153055	168171592	1	1	0
c9c2f1c9-f7fc-4b5b-a48c-59f09bb69b7f	chr2	168173254	242147305	2	2	0
c9c2f1c9-f7fc-4b5b-a48c-59f09bb69b7f	chr3	20930	73710271	2	2	0
c9c2f1c9-f7fc-4b5b-a48c-59f09bb69b7f	chr3	73711423	73775091	3	3	0
c9c2f1c9-f7fc-4b5b-a48c-59f09bb69b7f	chr3	73775747	95439907	2	2	0
c9c2f1c9-f7fc-4b5b-a48c-59f09bb69b7f	chr3	95457526	95464012	1	1	0
c9c2f1c9-f7fc-4b5b-a48c-59f09bb69b7f	chr3	95464160	162795304	2	2	0
c9c2f1c9-f7fc-4b5b-a48c-59f09bb69b7f	chr3	162795361	162906109	0	0	0
c9c2f1c9-f7fc-4b5b-a48c-59f09bb69b7f	chr3	162908192	198169247	2	2	0
c9c2f1c9-f7fc-4b5b-a48c-59f09bb69b7f	chr4	68929	4862018	4	2	2
c9c2f1c9-f7fc-4b5b-a48c-59f09bb69b7f	chr4	4862654	5591271	5	3	2
c9c2f1c9-f7fc-4b5b-a48c-59f09bb69b7f	chr4	5591618	34784878	4	2	2
c9c2f1c9-f7fc-4b5b-a48c-59f09bb69b7f	chr4	34785333	34822561	1	1	0
c9c2f1c9-f7fc-4b5b-a48c-59f09bb69b7f	chr4	34823103	91443366	4	2	2
c9c2f1c9-f7fc-4b5b-a48c-59f09bb69b7f	chr4	91444031	91447765	2	1	1
c9c2f1c9-f7fc-4b5b-a48c-59f09bb69b7f	chr4	91451983	102204063	4	2	2
c9c2f1c9-f7fc-4b5b-a48c-59f09bb69b7f	chr4	102204226	102253426	3	2	1
c9c2f1c9-f7fc-4b5b-a48c-59f09bb69b7f	chr4	102253662	119327528	4	2	2
c9c2f1c9-f7fc-4b5b-a48c-59f09bb69b7f	chr4	119327637	119337052	2	1	1
c9c2f1c9-f7fc-4b5b-a48c-59f09bb69b7f	chr4	119339630	154753314	4	2	2
c9c2f1c9-f7fc-4b5b-a48c-59f09bb69b7f	chr4	154755777	155109690	5	3	2
c9c2f1c9-f7fc-4b5b-a48c-59f09bb69b7f	chr4	155114202	186091059	4	2	2
c9c2f1c9-f7fc-4b5b-a48c-59f09bb69b7f	chr4	186094670	190106768	5	3	2
c9c2f1c9-f7fc-4b5b-a48c-59f09bb69b7f	chr5	15532	181363319	3	2	1
c9c2f1c9-f7fc-4b5b-a48c-59f09bb69b7f	chr6	149661	257353	2	2	0
c9c2f1c9-f7fc-4b5b-a48c-59f09bb69b7f	chr6	258265	379015	0	0	0
c9c2f1c9-f7fc-4b5b-a48c-59f09bb69b7f	chr6	380821	30486299	2	2	0
c9c2f1c9-f7fc-4b5b-a48c-59f09bb69b7f	chr6	30499918	30515216	0	0	0
c9c2f1c9-f7fc-4b5b-a48c-59f09bb69b7f	chr6	30544386	166118967	2	2	0
c9c2f1c9-f7fc-4b5b-a48c-59f09bb69b7f	chr6	166121170	166179719	1	1	0
c9c2f1c9-f7fc-4b5b-a48c-59f09bb69b7f	chr6	166180223	170741917	2	2	0
c9c2f1c9-f7fc-4b5b-a48c-59f09bb69b7f	chr7	43259	2646425	3	2	1
c9c2f1c9-f7fc-4b5b-a48c-59f09bb69b7f	chr7	2651601	151151863	4	2	2
c9c2f1c9-f7fc-4b5b-a48c-59f09bb69b7f	chr7	151152077	151692235	3	2	1
c9c2f1c9-f7fc-4b5b-a48c-59f09bb69b7f	chr7	151692415	158008708	4	2	2
c9c2f1c9-f7fc-4b5b-a48c-59f09bb69b7f	chr7	158009072	158017089	2	1	1
c9c2f1c9-f7fc-4b5b-a48c-59f09bb69b7f	chr7	158018409	159334314	4	2	2
c9c2f1c9-f7fc-4b5b-a48c-59f09bb69b7f	chr8	81254	74173035	3	2	1
c9c2f1c9-f7fc-4b5b-a48c-59f09bb69b7f	chr8	74174970	74188153	1	1	0
c9c2f1c9-f7fc-4b5b-a48c-59f09bb69b7f	chr8	74194295	145072769	3	2	1
c9c2f1c9-f7fc-4b5b-a48c-59f09bb69b7f	chr9	46587	78096689	3	2	1
c9c2f1c9-f7fc-4b5b-a48c-59f09bb69b7f	chr9	78097328	78109151	1	1	0
c9c2f1c9-f7fc-4b5b-a48c-59f09bb69b7f	chr9	78112797	133721819	3	2	1
c9c2f1c9-f7fc-4b5b-a48c-59f09bb69b7f	chr9	133721832	133753192	5	3	2
c9c2f1c9-f7fc-4b5b-a48c-59f09bb69b7f	chr9	133753594	138200944	3	2	1
c9c2f1c9-f7fc-4b5b-a48c-59f09bb69b7f	chr10	45792	713557	2	2	0
c9c2f1c9-f7fc-4b5b-a48c-59f09bb69b7f	chr10	713619	732522	1	1	0
c9c2f1c9-f7fc-4b5b-a48c-59f09bb69b7f	chr10	733717	23571145	2	2	0
c9c2f1c9-f7fc-4b5b-a48c-59f09bb69b7f	chr10	23575025	23588315	1	1	0
c9c2f1c9-f7fc-4b5b-a48c-59f09bb69b7f	chr10	23593749	45936113	2	2	0
c9c2f1c9-f7fc-4b5b-a48c-59f09bb69b7f	chr10	45998155	46522571	5	4	1
c9c2f1c9-f7fc-4b5b-a48c-59f09bb69b7f	chr10	46525652	87956572	2	2	0
c9c2f1c9-f7fc-4b5b-a48c-59f09bb69b7f	chr10	87956677	88243027	0	0	0
c9c2f1c9-f7fc-4b5b-a48c-59f09bb69b7f	chr10	88243857	133654968	2	2	0
c9c2f1c9-f7fc-4b5b-a48c-59f09bb69b7f	chr11	198510	18918775	4	2	2
c9c2f1c9-f7fc-4b5b-a48c-59f09bb69b7f	chr11	18919309	18939749	1	1	0
c9c2f1c9-f7fc-4b5b-a48c-59f09bb69b7f	chr11	18939837	69999896	4	2	2
c9c2f1c9-f7fc-4b5b-a48c-59f09bb69b7f	chr11	70000098	70003258	2	1	1
c9c2f1c9-f7fc-4b5b-a48c-59f09bb69b7f	chr11	70003328	100934227	4	2	2
c9c2f1c9-f7fc-4b5b-a48c-59f09bb69b7f	chr11	100935738	100946924	7	4	3
c9c2f1c9-f7fc-4b5b-a48c-59f09bb69b7f	chr11	100946981	135074876	4	2	2
c9c2f1c9-f7fc-4b5b-a48c-59f09bb69b7f	chr12	51460	133201603	3	2	1
c9c2f1c9-f7fc-4b5b-a48c-59f09bb69b7f	chr13	18452809	114342922	2	2	0
c9c2f1c9-f7fc-4b5b-a48c-59f09bb69b7f	chr14	18239283	102323614	4	2	2
c9c2f1c9-f7fc-4b5b-a48c-59f09bb69b7f	chr14	102323856	102665353	5	3	2
c9c2f1c9-f7fc-4b5b-a48c-59f09bb69b7f	chr14	102666197	105803674	4	2	2
c9c2f1c9-f7fc-4b5b-a48c-59f09bb69b7f	chr14	105806643	106462169	8	8	0
c9c2f1c9-f7fc-4b5b-a48c-59f09bb69b7f	chr14	106462183	106877229	4	2	2
c9c2f1c9-f7fc-4b5b-a48c-59f09bb69b7f	chr15	19811075	45223505	4	2	2
c9c2f1c9-f7fc-4b5b-a48c-59f09bb69b7f	chr15	45224975	45248233	2	1	1
c9c2f1c9-f7fc-4b5b-a48c-59f09bb69b7f	chr15	45250114	76598900	4	2	2
c9c2f1c9-f7fc-4b5b-a48c-59f09bb69b7f	chr15	76599170	76603003	0	0	0
c9c2f1c9-f7fc-4b5b-a48c-59f09bb69b7f	chr15	76603426	101928837	4	2	2
c9c2f1c9-f7fc-4b5b-a48c-59f09bb69b7f	chr16	10777	5041397	3	2	1
c9c2f1c9-f7fc-4b5b-a48c-59f09bb69b7f	chr16	5042090	80507997	4	2	2
c9c2f1c9-f7fc-4b5b-a48c-59f09bb69b7f	chr16	80509790	90096867	3	2	1
c9c2f1c9-f7fc-4b5b-a48c-59f09bb69b7f	chr17	150733	33423366	2	2	0
c9c2f1c9-f7fc-4b5b-a48c-59f09bb69b7f	chr17	33423876	33461505	1	1	0
c9c2f1c9-f7fc-4b5b-a48c-59f09bb69b7f	chr17	33462945	34701349	2	2	0
c9c2f1c9-f7fc-4b5b-a48c-59f09bb69b7f	chr17	34701671	34730635	3	3	0
c9c2f1c9-f7fc-4b5b-a48c-59f09bb69b7f	chr17	34737585	46939206	2	2	0
c9c2f1c9-f7fc-4b5b-a48c-59f09bb69b7f	chr17	46940493	46956655	3	3	0
c9c2f1c9-f7fc-4b5b-a48c-59f09bb69b7f	chr17	46957017	83091923	2	2	0
c9c2f1c9-f7fc-4b5b-a48c-59f09bb69b7f	chr18	48133	80257174	4	2	2
c9c2f1c9-f7fc-4b5b-a48c-59f09bb69b7f	chr19	90910	8947011	3	2	1
c9c2f1c9-f7fc-4b5b-a48c-59f09bb69b7f	chr19	8947045	9404537	4	2	2
c9c2f1c9-f7fc-4b5b-a48c-59f09bb69b7f	chr19	9408733	15572918	3	2	1
c9c2f1c9-f7fc-4b5b-a48c-59f09bb69b7f	chr19	15573976	15642613	5	3	2
c9c2f1c9-f7fc-4b5b-a48c-59f09bb69b7f	chr19	15644582	19020513	3	2	1
c9c2f1c9-f7fc-4b5b-a48c-59f09bb69b7f	chr19	19020739	58586487	4	2	2
c9c2f1c9-f7fc-4b5b-a48c-59f09bb69b7f	chr20	80664	61941222	4	2	2
c9c2f1c9-f7fc-4b5b-a48c-59f09bb69b7f	chr20	61951813	64324800	3	2	1
c9c2f1c9-f7fc-4b5b-a48c-59f09bb69b7f	chr21	12973348	38860884	2	2	0
c9c2f1c9-f7fc-4b5b-a48c-59f09bb69b7f	chr21	38862988	38873261	4	4	0
c9c2f1c9-f7fc-4b5b-a48c-59f09bb69b7f	chr21	38874997	46677045	2	2	0
c9c2f1c9-f7fc-4b5b-a48c-59f09bb69b7f	chr22	16392123	50796027	3	2	1
c9c2f1c9-f7fc-4b5b-a48c-59f09bb69b7f	chrX	251810	920268	4	2	2
c9c2f1c9-f7fc-4b5b-a48c-59f09bb69b7f	chrX	920280	1478856	3	2	1
c9c2f1c9-f7fc-4b5b-a48c-59f09bb69b7f	chrX	1479705	1939691	4	2	2
c9c2f1c9-f7fc-4b5b-a48c-59f09bb69b7f	chrX	2352082	2450101	3	2	1
c9c2f1c9-f7fc-4b5b-a48c-59f09bb69b7f	chrX	2452743	2464932	6	3	3
c9c2f1c9-f7fc-4b5b-a48c-59f09bb69b7f	chrX	2465472	2473305	4	2	2
c9c2f1c9-f7fc-4b5b-a48c-59f09bb69b7f	chrX	2474297	2553080	5	3	2
c9c2f1c9-f7fc-4b5b-a48c-59f09bb69b7f	chrX	2553682	2634737	3	2	1
c9c2f1c9-f7fc-4b5b-a48c-59f09bb69b7f	chrX	2639107	2649506	5	3	2
c9c2f1c9-f7fc-4b5b-a48c-59f09bb69b7f	chrX	2649606	2742778	4	2	2
c9c2f1c9-f7fc-4b5b-a48c-59f09bb69b7f	chrX	2743052	2775134	5	3	2
c9c2f1c9-f7fc-4b5b-a48c-59f09bb69b7f	chrX	2775583	3296135	1	1	0
c9c2f1c9-f7fc-4b5b-a48c-59f09bb69b7f	chrX	3296418	3298340	0	0	0
c9c2f1c9-f7fc-4b5b-a48c-59f09bb69b7f	chrX	3298524	156004181	1	1	0
c9c2f1c9-f7fc-4b5b-a48c-59f09bb69b7f	chrY	2782397	26653788	4	4	0
c9c2f1c9-f7fc-4b5b-a48c-59f09bb69b7f	chrY	56872112	56872112	0	0	0
1a226646-5071-45eb-b23c-02a81da329cc	chr1	62920	157232111	2	1	1
1a226646-5071-45eb-b23c-02a81da329cc	chr1	157234232	157261989	3	2	1
1a226646-5071-45eb-b23c-02a81da329cc	chr1	157262228	187700085	2	1	1
1a226646-5071-45eb-b23c-02a81da329cc	chr1	187703353	187737890	3	2	1
1a226646-5071-45eb-b23c-02a81da329cc	chr1	187738637	248930189	2	1	1
1a226646-5071-45eb-b23c-02a81da329cc	chr2	12784	34223001	2	1	1
1a226646-5071-45eb-b23c-02a81da329cc	chr2	34223095	34230036	3	2	1
1a226646-5071-45eb-b23c-02a81da329cc	chr2	34233165	80599039	2	1	1
1a226646-5071-45eb-b23c-02a81da329cc	chr2	80602158	81062108	3	2	1
1a226646-5071-45eb-b23c-02a81da329cc	chr2	81063160	242147305	2	1	1
1a226646-5071-45eb-b23c-02a81da329cc	chr3	20930	198169247	2	1	1
1a226646-5071-45eb-b23c-02a81da329cc	chr4	68929	78360816	2	1	1
1a226646-5071-45eb-b23c-02a81da329cc	chr4	78361378	78369933	1	1	0
1a226646-5071-45eb-b23c-02a81da329cc	chr4	78372309	190106768	2	1	1
1a226646-5071-45eb-b23c-02a81da329cc	chr5	15532	181363319	2	1	1
1a226646-5071-45eb-b23c-02a81da329cc	chr6	149661	45918125	3	2	1
1a226646-5071-45eb-b23c-02a81da329cc	chr6	45919684	45935047	6	4	2
1a226646-5071-45eb-b23c-02a81da329cc	chr6	45935788	116930113	3	2	1
1a226646-5071-45eb-b23c-02a81da329cc	chr6	116930583	116945564	2	1	1
1a226646-5071-45eb-b23c-02a81da329cc	chr6	116945625	159142516	3	2	1
1a226646-5071-45eb-b23c-02a81da329cc	chr6	159146813	159159542	6	3	3
1a226646-5071-45eb-b23c-02a81da329cc	chr6	159159969	170741917	3	2	1
1a226646-5071-45eb-b23c-02a81da329cc	chr7	43259	107854213	2	1	1
1a226646-5071-45eb-b23c-02a81da329cc	chr7	107854646	107894647	1	1	0
1a226646-5071-45eb-b23c-02a81da329cc	chr7	107895853	159334314	2	1	1
1a226646-5071-45eb-b23c-02a81da329cc	chr8	81254	127578701	2	1	1
1a226646-5071-45eb-b23c-02a81da329cc	chr8	127578717	127591195	1	1	0
1a226646-5071-45eb-b23c-02a81da329cc	chr8	127591361	136669376	2	1	1
1a226646-5071-45eb-b23c-02a81da329cc	chr8	136670116	136858434	0	0	0
1a226646-5071-45eb-b23c-02a81da329cc	chr8	136862016	145072769	2	1	1
1a226646-5071-45eb-b23c-02a81da329cc	chr9	46587	3125664	2	1	1
1a226646-5071-45eb-b23c-02a81da329cc	chr9	3125843	3139301	1	1	0
1a226646-5071-45eb-b23c-02a81da329cc	chr9	3139596	41741113	2	1	1
1a226646-5071-45eb-b23c-02a81da329cc	chr9	60863881	138200944	2	2	0
1a226646-5071-45eb-b23c-02a81da329cc	chr10	45792	26640304	2	1	1
1a226646-5071-45eb-b23c-02a81da329cc	chr10	26640799	26659768	1	1	0
1a226646-5071-45eb-b23c-02a81da329cc	chr10	26660008	133654968	2	1	1
1a226646-5071-45eb-b23c-02a81da329cc	chr11	198510	100932102	2	1	1
1a226646-5071-45eb-b23c-02a81da329cc	chr11	100932536	100940098	4	2	2
1a226646-5071-45eb-b23c-02a81da329cc	chr11	100940198	112606274	2	1	1
1a226646-5071-45eb-b23c-02a81da329cc	chr11	112608392	112638341	1	1	0
1a226646-5071-45eb-b23c-02a81da329cc	chr11	112642330	135074876	2	1	1
1a226646-5071-45eb-b23c-02a81da329cc	chr12	51460	133201603	2	1	1
1a226646-5071-45eb-b23c-02a81da329cc	chr13	18452809	114342922	2	1	1
1a226646-5071-45eb-b23c-02a81da329cc	chr14	18239283	105731651	2	1	1
1a226646-5071-45eb-b23c-02a81da329cc	chr14	105733039	106346115	5	5	0
1a226646-5071-45eb-b23c-02a81da329cc	chr14	106346129	106877229	2	2	0
1a226646-5071-45eb-b23c-02a81da329cc	chr15	19811075	71310134	2	1	1
1a226646-5071-45eb-b23c-02a81da329cc	chr15	71310154	71366925	3	2	1
1a226646-5071-45eb-b23c-02a81da329cc	chr15	71367019	101928837	2	1	1
1a226646-5071-45eb-b23c-02a81da329cc	chr16	10777	90096867	2	1	1
1a226646-5071-45eb-b23c-02a81da329cc	chr17	150733	83091923	2	1	1
1a226646-5071-45eb-b23c-02a81da329cc	chr18	48133	80257174	3	2	1
1a226646-5071-45eb-b23c-02a81da329cc	chr19	90910	58586487	2	1	1
1a226646-5071-45eb-b23c-02a81da329cc	chr20	80664	6964719	2	1	1
1a226646-5071-45eb-b23c-02a81da329cc	chr20	6965130	6986451	1	1	0
1a226646-5071-45eb-b23c-02a81da329cc	chr20	6987083	64324800	2	1	1
1a226646-5071-45eb-b23c-02a81da329cc	chr21	12973348	46677045	3	2	1
1a226646-5071-45eb-b23c-02a81da329cc	chr22	16392123	17824868	2	1	1
1a226646-5071-45eb-b23c-02a81da329cc	chr22	17826053	17833760	3	2	1
1a226646-5071-45eb-b23c-02a81da329cc	chr22	17833854	50796027	2	1	1
1a226646-5071-45eb-b23c-02a81da329cc	chrX	251810	2504610	1	1	0
1a226646-5071-45eb-b23c-02a81da329cc	chrX	2516146	2575184	0	0	0
1a226646-5071-45eb-b23c-02a81da329cc	chrX	2578144	2775134	1	1	0
1a226646-5071-45eb-b23c-02a81da329cc	chrX	2775583	155679498	0	0	0
1a226646-5071-45eb-b23c-02a81da329cc	chrX	155681069	156004181	1	1	0
1a226646-5071-45eb-b23c-02a81da329cc	chrY	2782397	56872112	0	0	0
83d7b393-b246-435b-b989-484fd9df4d58	chr1	61735	248930189	1	1	0
83d7b393-b246-435b-b989-484fd9df4d58	chr2	12784	211984238	1	1	0
83d7b393-b246-435b-b989-484fd9df4d58	chr2	211985007	212242503	0	0	0
83d7b393-b246-435b-b989-484fd9df4d58	chr2	212242556	242147305	1	1	0
83d7b393-b246-435b-b989-484fd9df4d58	chr3	18667	198169247	2	1	1
83d7b393-b246-435b-b989-484fd9df4d58	chr4	12281	190106768	2	1	1
83d7b393-b246-435b-b989-484fd9df4d58	chr5	15532	181363319	2	1	1
83d7b393-b246-435b-b989-484fd9df4d58	chr6	149661	170741917	1	1	0
83d7b393-b246-435b-b989-484fd9df4d58	chr7	43259	159334314	2	1	1
83d7b393-b246-435b-b989-484fd9df4d58	chr8	81254	145072769	2	1	1
83d7b393-b246-435b-b989-484fd9df4d58	chr9	46587	138200944	2	1	1
83d7b393-b246-435b-b989-484fd9df4d58	chr10	26823	133769379	1	1	0
83d7b393-b246-435b-b989-484fd9df4d58	chr11	198572	135074876	2	1	1
83d7b393-b246-435b-b989-484fd9df4d58	chr12	51460	133201603	2	1	1
83d7b393-b246-435b-b989-484fd9df4d58	chr13	18452809	114342922	1	1	0
83d7b393-b246-435b-b989-484fd9df4d58	chr14	18225647	106877229	2	1	1
83d7b393-b246-435b-b989-484fd9df4d58	chr15	19811075	101928837	2	1	1
83d7b393-b246-435b-b989-484fd9df4d58	chr16	10777	89791632	2	1	1
83d7b393-b246-435b-b989-484fd9df4d58	chr16	89795794	90221127	1	1	0
83d7b393-b246-435b-b989-484fd9df4d58	chr17	150733	83090856	1	1	0
83d7b393-b246-435b-b989-484fd9df4d58	chr18	48133	80257174	2	1	1
83d7b393-b246-435b-b989-484fd9df4d58	chr19	90910	58586487	2	1	1
83d7b393-b246-435b-b989-484fd9df4d58	chr20	80664	64324800	2	1	1
83d7b393-b246-435b-b989-484fd9df4d58	chr21	10336543	46677045	2	1	1
83d7b393-b246-435b-b989-484fd9df4d58	chr22	15294545	50796027	2	1	1
83d7b393-b246-435b-b989-484fd9df4d58	chrX	251810	156004181	1	1	0
c744110f-1151-4691-b44f-4b0fde9ef4c2	chr1	61735	248930189	2	2	0
c744110f-1151-4691-b44f-4b0fde9ef4c2	chr2	12784	242147305	2	2	0
c744110f-1151-4691-b44f-4b0fde9ef4c2	chr3	18667	198169247	4	2	2
c744110f-1151-4691-b44f-4b0fde9ef4c2	chr4	12281	190106768	4	2	2
c744110f-1151-4691-b44f-4b0fde9ef4c2	chr5	15532	181363319	4	2	2
c744110f-1151-4691-b44f-4b0fde9ef4c2	chr6	149661	170741917	2	2	0
c744110f-1151-4691-b44f-4b0fde9ef4c2	chr7	43259	159334314	4	2	2
c744110f-1151-4691-b44f-4b0fde9ef4c2	chr8	81254	145072769	4	2	2
c744110f-1151-4691-b44f-4b0fde9ef4c2	chr9	46587	138200944	4	2	2
c744110f-1151-4691-b44f-4b0fde9ef4c2	chr10	26823	133769379	2	2	0
c744110f-1151-4691-b44f-4b0fde9ef4c2	chr11	198572	43118852	3	2	1
c744110f-1151-4691-b44f-4b0fde9ef4c2	chr11	43119594	131102593	4	2	2
c744110f-1151-4691-b44f-4b0fde9ef4c2	chr11	131103970	135074876	3	2	1
c744110f-1151-4691-b44f-4b0fde9ef4c2	chr12	51460	133201603	4	2	2
c744110f-1151-4691-b44f-4b0fde9ef4c2	chr13	18452809	114342922	2	2	0
c744110f-1151-4691-b44f-4b0fde9ef4c2	chr14	18225647	106877229	4	2	2
c744110f-1151-4691-b44f-4b0fde9ef4c2	chr15	19811075	101928837	4	2	2
c744110f-1151-4691-b44f-4b0fde9ef4c2	chr16	10777	70800046	4	2	2
c744110f-1151-4691-b44f-4b0fde9ef4c2	chr16	70802467	71168894	3	2	1
c744110f-1151-4691-b44f-4b0fde9ef4c2	chr16	71171291	90221127	4	2	2
c744110f-1151-4691-b44f-4b0fde9ef4c2	chr17	150733	83090856	2	2	0
c744110f-1151-4691-b44f-4b0fde9ef4c2	chr18	48133	80257174	4	2	2
c744110f-1151-4691-b44f-4b0fde9ef4c2	chr19	90910	58586487	4	2	2
c744110f-1151-4691-b44f-4b0fde9ef4c2	chr20	80664	13444097	3	2	1
c744110f-1151-4691-b44f-4b0fde9ef4c2	chr20	13451050	64324800	4	2	2
c744110f-1151-4691-b44f-4b0fde9ef4c2	chr21	10336543	46677045	2	2	0
c744110f-1151-4691-b44f-4b0fde9ef4c2	chr22	15294545	50796027	4	2	2
c744110f-1151-4691-b44f-4b0fde9ef4c2	chrX	251810	80606604	4	2	2
c744110f-1151-4691-b44f-4b0fde9ef4c2	chrX	80607948	144612771	7	5	2
c744110f-1151-4691-b44f-4b0fde9ef4c2	chrX	144613235	156004181	6	4	2
43311616-1c38-4ca2-bf9f-157abc063486	chr1	61735	248930189	2	2	0
43311616-1c38-4ca2-bf9f-157abc063486	chr2	12784	242147305	2	2	0
43311616-1c38-4ca2-bf9f-157abc063486	chr3	18667	47237408	4	2	2
43311616-1c38-4ca2-bf9f-157abc063486	chr3	47241627	198169247	2	2	0
43311616-1c38-4ca2-bf9f-157abc063486	chr4	12281	190106768	4	2	2
43311616-1c38-4ca2-bf9f-157abc063486	chr5	15532	181363319	4	2	2
43311616-1c38-4ca2-bf9f-157abc063486	chr6	149661	170741917	2	2	0
43311616-1c38-4ca2-bf9f-157abc063486	chr7	43259	159334314	4	2	2
43311616-1c38-4ca2-bf9f-157abc063486	chr8	81254	145072769	2	2	0
43311616-1c38-4ca2-bf9f-157abc063486	chr9	46587	73627239	2	2	0
43311616-1c38-4ca2-bf9f-157abc063486	chr9	73630220	74348085	0	0	0
43311616-1c38-4ca2-bf9f-157abc063486	chr9	74350319	138200944	2	2	0
43311616-1c38-4ca2-bf9f-157abc063486	chr10	26823	55494922	4	2	2
43311616-1c38-4ca2-bf9f-157abc063486	chr10	55498842	57096455	2	2	0
43311616-1c38-4ca2-bf9f-157abc063486	chr10	57101745	83941523	4	2	2
43311616-1c38-4ca2-bf9f-157abc063486	chr10	83945405	99006646	2	2	0
43311616-1c38-4ca2-bf9f-157abc063486	chr10	99011044	99564520	4	2	2
43311616-1c38-4ca2-bf9f-157abc063486	chr10	99564608	104756222	2	2	0
43311616-1c38-4ca2-bf9f-157abc063486	chr10	104756474	105665119	4	2	2
43311616-1c38-4ca2-bf9f-157abc063486	chr10	105665232	133769379	2	2	0
43311616-1c38-4ca2-bf9f-157abc063486	chr11	198572	135074876	2	2	0
43311616-1c38-4ca2-bf9f-157abc063486	chr12	51460	133201603	4	2	2
43311616-1c38-4ca2-bf9f-157abc063486	chr13	18452809	114342922	4	2	2
43311616-1c38-4ca2-bf9f-157abc063486	chr14	18225647	106877229	4	2	2
43311616-1c38-4ca2-bf9f-157abc063486	chr15	19811075	101928837	4	2	2
43311616-1c38-4ca2-bf9f-157abc063486	chr16	10777	70820478	4	2	2
43311616-1c38-4ca2-bf9f-157abc063486	chr16	70821299	71162250	3	2	1
43311616-1c38-4ca2-bf9f-157abc063486	chr16	71162412	90221127	4	2	2
43311616-1c38-4ca2-bf9f-157abc063486	chr17	150733	83090856	2	2	0
43311616-1c38-4ca2-bf9f-157abc063486	chr18	48133	80257174	4	2	2
43311616-1c38-4ca2-bf9f-157abc063486	chr19	90910	58586487	4	2	2
43311616-1c38-4ca2-bf9f-157abc063486	chr20	80664	64324800	4	2	2
43311616-1c38-4ca2-bf9f-157abc063486	chr21	10336543	46677045	4	2	2
43311616-1c38-4ca2-bf9f-157abc063486	chr22	15294545	50796027	3	2	1
43311616-1c38-4ca2-bf9f-157abc063486	chrX	251810	2776199	4	2	2
43311616-1c38-4ca2-bf9f-157abc063486	chrX	2785350	155699837	2	2	0
43311616-1c38-4ca2-bf9f-157abc063486	chrX	155733777	156004181	4	2	2
d20e310a-d98d-45fb-8882-d4d8740e9490	chr1	61735	248930189	2	2	0
d20e310a-d98d-45fb-8882-d4d8740e9490	chr2	12784	113763	0	0	0
d20e310a-d98d-45fb-8882-d4d8740e9490	chr2	115035	123884851	2	2	0
d20e310a-d98d-45fb-8882-d4d8740e9490	chr2	123886402	124264575	4	4	0
d20e310a-d98d-45fb-8882-d4d8740e9490	chr2	124265167	240320805	2	2	0
d20e310a-d98d-45fb-8882-d4d8740e9490	chr2	240321135	242147305	1	1	0
d20e310a-d98d-45fb-8882-d4d8740e9490	chr3	18667	37705360	4	2	2
d20e310a-d98d-45fb-8882-d4d8740e9490	chr3	37705629	37901688	6	4	2
d20e310a-d98d-45fb-8882-d4d8740e9490	chr3	37903926	198169247	4	2	2
d20e310a-d98d-45fb-8882-d4d8740e9490	chr4	12281	4275288	3	2	1
d20e310a-d98d-45fb-8882-d4d8740e9490	chr4	4275591	44493322	5	3	2
d20e310a-d98d-45fb-8882-d4d8740e9490	chr4	44494882	65351524	4	2	2
d20e310a-d98d-45fb-8882-d4d8740e9490	chr4	65354141	65560281	1	1	0
d20e310a-d98d-45fb-8882-d4d8740e9490	chr4	65561326	190106768	4	2	2
d20e310a-d98d-45fb-8882-d4d8740e9490	chr5	15532	181363319	4	2	2
d20e310a-d98d-45fb-8882-d4d8740e9490	chr6	149661	170741917	2	2	0
d20e310a-d98d-45fb-8882-d4d8740e9490	chr7	43259	159334314	4	2	2
d20e310a-d98d-45fb-8882-d4d8740e9490	chr8	81254	49168709	4	2	2
d20e310a-d98d-45fb-8882-d4d8740e9490	chr8	49171785	145072769	5	3	2
d20e310a-d98d-45fb-8882-d4d8740e9490	chr9	46587	42995504	4	2	2
d20e310a-d98d-45fb-8882-d4d8740e9490	chr9	60840363	138200944	3	2	1
d20e310a-d98d-45fb-8882-d4d8740e9490	chr10	26823	133769379	2	2	0
d20e310a-d98d-45fb-8882-d4d8740e9490	chr11	198572	3420644	5	3	2
d20e310a-d98d-45fb-8882-d4d8740e9490	chr11	3421309	13420991	3	2	1
d20e310a-d98d-45fb-8882-d4d8740e9490	chr11	13421231	16241328	5	3	2
d20e310a-d98d-45fb-8882-d4d8740e9490	chr11	16242181	16598714	3	2	1
d20e310a-d98d-45fb-8882-d4d8740e9490	chr11	16602009	17752926	2	2	0
d20e310a-d98d-45fb-8882-d4d8740e9490	chr11	17754028	18907752	5	3	2
d20e310a-d98d-45fb-8882-d4d8740e9490	chr11	18908268	23754691	3	2	1
d20e310a-d98d-45fb-8882-d4d8740e9490	chr11	23757553	31405408	5	3	2
d20e310a-d98d-45fb-8882-d4d8740e9490	chr11	31411280	32362840	3	2	1
d20e310a-d98d-45fb-8882-d4d8740e9490	chr11	32364434	41887064	5	3	2
d20e310a-d98d-45fb-8882-d4d8740e9490	chr11	41888827	42307199	3	2	1
d20e310a-d98d-45fb-8882-d4d8740e9490	chr11	42307952	67613822	5	3	2
d20e310a-d98d-45fb-8882-d4d8740e9490	chr11	67624184	69281829	2	2	0
d20e310a-d98d-45fb-8882-d4d8740e9490	chr11	69282894	71827957	5	3	2
d20e310a-d98d-45fb-8882-d4d8740e9490	chr11	71832662	72083635	2	2	0
d20e310a-d98d-45fb-8882-d4d8740e9490	chr11	72085780	73741896	5	3	2
d20e310a-d98d-45fb-8882-d4d8740e9490	chr11	73746665	74430739	2	2	0
d20e310a-d98d-45fb-8882-d4d8740e9490	chr11	74435480	79717897	5	3	2
d20e310a-d98d-45fb-8882-d4d8740e9490	chr11	79721762	80170398	4	2	2
d20e310a-d98d-45fb-8882-d4d8740e9490	chr11	80173722	82942831	5	3	2
d20e310a-d98d-45fb-8882-d4d8740e9490	chr11	82944162	99488553	2	2	0
d20e310a-d98d-45fb-8882-d4d8740e9490	chr11	99488980	100124550	6	4	2
d20e310a-d98d-45fb-8882-d4d8740e9490	chr11	100125309	103068794	2	2	0
d20e310a-d98d-45fb-8882-d4d8740e9490	chr11	103072969	103327174	4	3	1
d20e310a-d98d-45fb-8882-d4d8740e9490	chr11	103330217	107119985	2	2	0
d20e310a-d98d-45fb-8882-d4d8740e9490	chr11	107120420	107214363	7	5	2
d20e310a-d98d-45fb-8882-d4d8740e9490	chr11	107223754	108492386	11	9	2
d20e310a-d98d-45fb-8882-d4d8740e9490	chr11	108494455	109529685	7	5	2
d20e310a-d98d-45fb-8882-d4d8740e9490	chr11	109531891	110099513	2	2	0
d20e310a-d98d-45fb-8882-d4d8740e9490	chr11	110101503	112972051	5	3	2
d20e310a-d98d-45fb-8882-d4d8740e9490	chr11	112972254	113066523	2	2	0
d20e310a-d98d-45fb-8882-d4d8740e9490	chr11	113070336	124068780	5	3	2
d20e310a-d98d-45fb-8882-d4d8740e9490	chr11	124070324	126021400	4	2	2
d20e310a-d98d-45fb-8882-d4d8740e9490	chr11	126024445	132808186	2	2	0
d20e310a-d98d-45fb-8882-d4d8740e9490	chr11	132814149	134584087	5	3	2
d20e310a-d98d-45fb-8882-d4d8740e9490	chr11	134585309	135074876	2	2	0
d20e310a-d98d-45fb-8882-d4d8740e9490	chr12	51460	133201603	4	2	2
d20e310a-d98d-45fb-8882-d4d8740e9490	chr13	18452809	114342922	2	2	0
d20e310a-d98d-45fb-8882-d4d8740e9490	chr14	18225647	23701080	4	2	2
d20e310a-d98d-45fb-8882-d4d8740e9490	chr14	23710558	32065091	5	3	2
d20e310a-d98d-45fb-8882-d4d8740e9490	chr14	32065497	74185741	4	3	1
d20e310a-d98d-45fb-8882-d4d8740e9490	chr14	74190733	75204004	1	1	0
d20e310a-d98d-45fb-8882-d4d8740e9490	chr14	75204748	82312324	4	3	1
d20e310a-d98d-45fb-8882-d4d8740e9490	chr14	82314713	106877229	1	1	0
d20e310a-d98d-45fb-8882-d4d8740e9490	chr15	19811075	101928837	4	2	2
d20e310a-d98d-45fb-8882-d4d8740e9490	chr16	10777	36048855	4	2	2
d20e310a-d98d-45fb-8882-d4d8740e9490	chr16	46429870	90221127	2	2	0
d20e310a-d98d-45fb-8882-d4d8740e9490	chr17	150733	35985179	2	2	0
d20e310a-d98d-45fb-8882-d4d8740e9490	chr17	35986971	72044778	3	3	0
d20e310a-d98d-45fb-8882-d4d8740e9490	chr17	72045281	83090856	5	5	0
d20e310a-d98d-45fb-8882-d4d8740e9490	chr18	48133	80257174	4	2	2
d20e310a-d98d-45fb-8882-d4d8740e9490	chr19	90910	58586487	4	2	2
d20e310a-d98d-45fb-8882-d4d8740e9490	chr20	80664	64324800	4	2	2
d20e310a-d98d-45fb-8882-d4d8740e9490	chr21	10336543	46677045	3	2	1
d20e310a-d98d-45fb-8882-d4d8740e9490	chr22	15294545	50796027	3	2	1
d20e310a-d98d-45fb-8882-d4d8740e9490	chrX	251810	156004181	2	2	0
d7e159ed-5777-4b8d-85ca-b32b73346d95	chr1	61735	248930189	2	2	0
d7e159ed-5777-4b8d-85ca-b32b73346d95	chr2	12784	242147305	2	2	0
d7e159ed-5777-4b8d-85ca-b32b73346d95	chr3	18667	198169247	2	2	0
d7e159ed-5777-4b8d-85ca-b32b73346d95	chr4	12281	190106768	4	2	2
d7e159ed-5777-4b8d-85ca-b32b73346d95	chr5	15532	181363319	4	2	2
d7e159ed-5777-4b8d-85ca-b32b73346d95	chr6	149661	170741917	2	2	0
d7e159ed-5777-4b8d-85ca-b32b73346d95	chr7	43259	159334314	4	2	2
d7e159ed-5777-4b8d-85ca-b32b73346d95	chr8	81254	3415331	4	2	2
d7e159ed-5777-4b8d-85ca-b32b73346d95	chr8	3417810	145072769	2	2	0
d7e159ed-5777-4b8d-85ca-b32b73346d95	chr9	46587	138200944	4	2	2
d7e159ed-5777-4b8d-85ca-b32b73346d95	chr10	26823	133769379	2	2	0
d7e159ed-5777-4b8d-85ca-b32b73346d95	chr11	198572	135074876	4	2	2
d7e159ed-5777-4b8d-85ca-b32b73346d95	chr12	51460	133201603	4	2	2
d7e159ed-5777-4b8d-85ca-b32b73346d95	chr13	18452809	114342922	2	2	0
d7e159ed-5777-4b8d-85ca-b32b73346d95	chr14	18225647	106877229	4	2	2
d7e159ed-5777-4b8d-85ca-b32b73346d95	chr15	19811075	101928837	4	2	2
d7e159ed-5777-4b8d-85ca-b32b73346d95	chr16	10777	70821299	4	2	2
d7e159ed-5777-4b8d-85ca-b32b73346d95	chr16	70821576	71168586	3	2	1
d7e159ed-5777-4b8d-85ca-b32b73346d95	chr16	71168894	90221127	4	2	2
d7e159ed-5777-4b8d-85ca-b32b73346d95	chr17	150733	83090856	2	2	0
d7e159ed-5777-4b8d-85ca-b32b73346d95	chr18	48133	80257174	2	2	0
d7e159ed-5777-4b8d-85ca-b32b73346d95	chr19	90910	58586487	4	2	2
d7e159ed-5777-4b8d-85ca-b32b73346d95	chr20	80664	64324800	4	2	2
d7e159ed-5777-4b8d-85ca-b32b73346d95	chr21	10336543	46677045	2	2	0
d7e159ed-5777-4b8d-85ca-b32b73346d95	chr22	15294545	50796027	4	2	2
d7e159ed-5777-4b8d-85ca-b32b73346d95	chrX	251810	156004181	2	2	0
427599b9-c7f0-4360-9990-34cbbc3bf39e	chr1	61735	248930189	2	2	0
427599b9-c7f0-4360-9990-34cbbc3bf39e	chr2	12784	242147305	2	2	0
427599b9-c7f0-4360-9990-34cbbc3bf39e	chr3	18667	198169247	2	2	0
427599b9-c7f0-4360-9990-34cbbc3bf39e	chr4	12281	190106768	4	2	2
427599b9-c7f0-4360-9990-34cbbc3bf39e	chr5	15532	181363319	2	2	0
427599b9-c7f0-4360-9990-34cbbc3bf39e	chr6	149661	78253172	2	2	0
427599b9-c7f0-4360-9990-34cbbc3bf39e	chr6	78259348	78317580	0	0	0
427599b9-c7f0-4360-9990-34cbbc3bf39e	chr6	78317642	170741917	2	2	0
427599b9-c7f0-4360-9990-34cbbc3bf39e	chr7	43259	159334314	4	2	2
427599b9-c7f0-4360-9990-34cbbc3bf39e	chr8	81254	145072769	4	2	2
427599b9-c7f0-4360-9990-34cbbc3bf39e	chr9	46587	138200944	4	2	2
427599b9-c7f0-4360-9990-34cbbc3bf39e	chr10	26823	133769379	2	2	0
427599b9-c7f0-4360-9990-34cbbc3bf39e	chr11	198572	135074876	4	2	2
427599b9-c7f0-4360-9990-34cbbc3bf39e	chr12	51460	133201603	4	2	2
427599b9-c7f0-4360-9990-34cbbc3bf39e	chr13	18452809	114342922	2	2	0
427599b9-c7f0-4360-9990-34cbbc3bf39e	chr14	18225647	106877229	4	2	2
427599b9-c7f0-4360-9990-34cbbc3bf39e	chr15	19811075	22822053	3	2	1
427599b9-c7f0-4360-9990-34cbbc3bf39e	chr15	22822085	101928837	4	2	2
427599b9-c7f0-4360-9990-34cbbc3bf39e	chr16	10777	70842886	4	2	2
427599b9-c7f0-4360-9990-34cbbc3bf39e	chr16	70848081	71168586	3	2	1
427599b9-c7f0-4360-9990-34cbbc3bf39e	chr16	71168894	90221127	4	2	2
427599b9-c7f0-4360-9990-34cbbc3bf39e	chr17	150733	83090856	2	2	0
427599b9-c7f0-4360-9990-34cbbc3bf39e	chr18	48133	80257174	4	2	2
427599b9-c7f0-4360-9990-34cbbc3bf39e	chr19	90910	58586487	4	2	2
427599b9-c7f0-4360-9990-34cbbc3bf39e	chr20	80664	64324800	4	2	2
427599b9-c7f0-4360-9990-34cbbc3bf39e	chr21	10336543	46677045	2	2	0
427599b9-c7f0-4360-9990-34cbbc3bf39e	chr22	15294545	50796027	3	2	1
427599b9-c7f0-4360-9990-34cbbc3bf39e	chrX	251810	156004181	2	2	0
89de5d7b-eade-41fe-889a-b008f7273c6a	chr1	62920	175721117	1	1	0
89de5d7b-eade-41fe-889a-b008f7273c6a	chr1	175725225	175732888	0	0	0
89de5d7b-eade-41fe-889a-b008f7273c6a	chr1	175733315	236648484	1	1	0
89de5d7b-eade-41fe-889a-b008f7273c6a	chr1	236648877	236674113	0	0	0
89de5d7b-eade-41fe-889a-b008f7273c6a	chr1	236674133	248930189	1	1	0
89de5d7b-eade-41fe-889a-b008f7273c6a	chr2	12784	88825975	1	1	0
89de5d7b-eade-41fe-889a-b008f7273c6a	chr2	88826632	89118119	3	3	0
89de5d7b-eade-41fe-889a-b008f7273c6a	chr2	89119438	122624455	1	1	0
89de5d7b-eade-41fe-889a-b008f7273c6a	chr2	122626173	122630102	2	2	0
89de5d7b-eade-41fe-889a-b008f7273c6a	chr2	122630373	242147305	1	1	0
89de5d7b-eade-41fe-889a-b008f7273c6a	chr3	20930	71953938	2	1	1
89de5d7b-eade-41fe-889a-b008f7273c6a	chr3	71955096	71971150	3	2	1
89de5d7b-eade-41fe-889a-b008f7273c6a	chr3	71974523	198169247	2	1	1
89de5d7b-eade-41fe-889a-b008f7273c6a	chr4	68929	95812062	2	1	1
89de5d7b-eade-41fe-889a-b008f7273c6a	chr4	95812401	95813997	3	2	1
89de5d7b-eade-41fe-889a-b008f7273c6a	chr4	95814215	114252544	2	1	1
89de5d7b-eade-41fe-889a-b008f7273c6a	chr4	114254167	114261019	0	0	0
89de5d7b-eade-41fe-889a-b008f7273c6a	chr4	114263073	190106768	2	1	1
89de5d7b-eade-41fe-889a-b008f7273c6a	chr5	15532	181363319	2	1	1
89de5d7b-eade-41fe-889a-b008f7273c6a	chr6	149661	170741917	1	1	0
89de5d7b-eade-41fe-889a-b008f7273c6a	chr7	43259	135171911	2	1	1
89de5d7b-eade-41fe-889a-b008f7273c6a	chr7	135173308	135182018	4	2	2
89de5d7b-eade-41fe-889a-b008f7273c6a	chr7	135183764	135219640	1	1	0
89de5d7b-eade-41fe-889a-b008f7273c6a	chr7	135220245	159334314	2	1	1
89de5d7b-eade-41fe-889a-b008f7273c6a	chr8	81254	74173035	1	1	0
89de5d7b-eade-41fe-889a-b008f7273c6a	chr8	74174970	74197550	0	0	0
89de5d7b-eade-41fe-889a-b008f7273c6a	chr8	74199608	145072769	1	1	0
89de5d7b-eade-41fe-889a-b008f7273c6a	chr9	46587	135970387	2	1	1
89de5d7b-eade-41fe-889a-b008f7273c6a	chr9	135970871	137539175	1	1	0
89de5d7b-eade-41fe-889a-b008f7273c6a	chr9	137544281	138200944	2	1	1
89de5d7b-eade-41fe-889a-b008f7273c6a	chr10	45792	93893240	1	1	0
89de5d7b-eade-41fe-889a-b008f7273c6a	chr10	93893392	93937411	2	2	0
89de5d7b-eade-41fe-889a-b008f7273c6a	chr10	93942607	133536015	1	1	0
89de5d7b-eade-41fe-889a-b008f7273c6a	chr10	133537633	133654968	2	1	1
89de5d7b-eade-41fe-889a-b008f7273c6a	chr11	198510	27510085	2	1	1
89de5d7b-eade-41fe-889a-b008f7273c6a	chr11	27511153	27766375	3	2	1
89de5d7b-eade-41fe-889a-b008f7273c6a	chr11	27767312	126610461	2	1	1
89de5d7b-eade-41fe-889a-b008f7273c6a	chr11	126611122	126622784	3	2	1
89de5d7b-eade-41fe-889a-b008f7273c6a	chr11	126623561	135074876	2	1	1
89de5d7b-eade-41fe-889a-b008f7273c6a	chr12	51460	133201603	2	1	1
89de5d7b-eade-41fe-889a-b008f7273c6a	chr13	18452809	101376160	2	1	1
89de5d7b-eade-41fe-889a-b008f7273c6a	chr13	101376980	101398295	1	1	0
89de5d7b-eade-41fe-889a-b008f7273c6a	chr13	101398309	114342922	2	1	1
89de5d7b-eade-41fe-889a-b008f7273c6a	chr14	18239283	99551024	2	1	1
89de5d7b-eade-41fe-889a-b008f7273c6a	chr14	99551085	99560380	1	1	0
89de5d7b-eade-41fe-889a-b008f7273c6a	chr14	99561643	106877229	2	1	1
89de5d7b-eade-41fe-889a-b008f7273c6a	chr15	19811075	101928837	2	1	1
89de5d7b-eade-41fe-889a-b008f7273c6a	chr16	10777	90096867	2	1	1
89de5d7b-eade-41fe-889a-b008f7273c6a	chr17	150733	83091923	1	1	0
89de5d7b-eade-41fe-889a-b008f7273c6a	chr18	48133	4971660	2	1	1
89de5d7b-eade-41fe-889a-b008f7273c6a	chr18	4973590	4989684	1	1	0
89de5d7b-eade-41fe-889a-b008f7273c6a	chr18	4990805	45035667	2	1	1
89de5d7b-eade-41fe-889a-b008f7273c6a	chr18	45036876	45043299	4	2	2
89de5d7b-eade-41fe-889a-b008f7273c6a	chr18	45043487	80257174	2	1	1
89de5d7b-eade-41fe-889a-b008f7273c6a	chr19	90910	2619145	1	1	0
89de5d7b-eade-41fe-889a-b008f7273c6a	chr19	2621195	58586487	2	1	1
89de5d7b-eade-41fe-889a-b008f7273c6a	chr20	80664	64324800	2	1	1
89de5d7b-eade-41fe-889a-b008f7273c6a	chr21	12973348	45903608	2	1	1
89de5d7b-eade-41fe-889a-b008f7273c6a	chr21	45903828	45946440	3	2	1
89de5d7b-eade-41fe-889a-b008f7273c6a	chr21	45949276	46677045	2	1	1
89de5d7b-eade-41fe-889a-b008f7273c6a	chr22	16392123	22656140	2	1	1
89de5d7b-eade-41fe-889a-b008f7273c6a	chr22	22656163	22996336	5	3	2
89de5d7b-eade-41fe-889a-b008f7273c6a	chr22	22997033	50796027	2	1	1
89de5d7b-eade-41fe-889a-b008f7273c6a	chrX	251810	2775583	2	1	1
89de5d7b-eade-41fe-889a-b008f7273c6a	chrX	2776199	155733777	1	1	0
89de5d7b-eade-41fe-889a-b008f7273c6a	chrX	155734393	156004181	3	2	1
89de5d7b-eade-41fe-889a-b008f7273c6a	chrY	2782397	2931327	1	1	0
89de5d7b-eade-41fe-889a-b008f7273c6a	chrY	2931882	26653788	2	2	0
89de5d7b-eade-41fe-889a-b008f7273c6a	chrY	56872112	56872112	0	0	0
0902d8cf-f32c-48c5-9183-acd96cdac552	chr1	62920	248930189	1	1	0
0902d8cf-f32c-48c5-9183-acd96cdac552	chr2	12784	29851200	1	1	0
0902d8cf-f32c-48c5-9183-acd96cdac552	chr2	29852027	29865157	2	2	0
0902d8cf-f32c-48c5-9183-acd96cdac552	chr2	29867475	154368523	1	1	0
0902d8cf-f32c-48c5-9183-acd96cdac552	chr2	154368996	154401022	2	2	0
0902d8cf-f32c-48c5-9183-acd96cdac552	chr2	154405807	158692934	1	1	0
0902d8cf-f32c-48c5-9183-acd96cdac552	chr2	158693412	158718599	2	2	0
0902d8cf-f32c-48c5-9183-acd96cdac552	chr2	158720603	212321626	1	1	0
0902d8cf-f32c-48c5-9183-acd96cdac552	chr2	212321824	212327101	0	0	0
0902d8cf-f32c-48c5-9183-acd96cdac552	chr2	212327402	242147305	1	1	0
0902d8cf-f32c-48c5-9183-acd96cdac552	chr3	20930	24373363	2	1	1
0902d8cf-f32c-48c5-9183-acd96cdac552	chr3	24377466	24500357	1	1	0
0902d8cf-f32c-48c5-9183-acd96cdac552	chr3	24502554	198169247	2	1	1
0902d8cf-f32c-48c5-9183-acd96cdac552	chr4	68929	18920212	2	1	1
0902d8cf-f32c-48c5-9183-acd96cdac552	chr4	18920855	18922334	1	1	0
0902d8cf-f32c-48c5-9183-acd96cdac552	chr4	18923059	114252544	2	1	1
0902d8cf-f32c-48c5-9183-acd96cdac552	chr4	114254167	114261019	0	0	0
0902d8cf-f32c-48c5-9183-acd96cdac552	chr4	114263073	190106768	2	1	1
0902d8cf-f32c-48c5-9183-acd96cdac552	chr5	15532	8702128	2	1	1
0902d8cf-f32c-48c5-9183-acd96cdac552	chr5	8702410	8747030	1	1	0
0902d8cf-f32c-48c5-9183-acd96cdac552	chr5	8749619	129075819	2	1	1
0902d8cf-f32c-48c5-9183-acd96cdac552	chr5	129083629	129129263	3	2	1
0902d8cf-f32c-48c5-9183-acd96cdac552	chr5	129131139	137418060	2	1	1
0902d8cf-f32c-48c5-9183-acd96cdac552	chr5	137424011	137701811	1	1	0
0902d8cf-f32c-48c5-9183-acd96cdac552	chr5	137702044	181363319	2	1	1
0902d8cf-f32c-48c5-9183-acd96cdac552	chr6	149661	30499918	1	1	0
0902d8cf-f32c-48c5-9183-acd96cdac552	chr6	30507638	30515216	0	0	0
0902d8cf-f32c-48c5-9183-acd96cdac552	chr6	30544386	45896089	1	1	0
0902d8cf-f32c-48c5-9183-acd96cdac552	chr6	45896768	45935047	2	2	0
0902d8cf-f32c-48c5-9183-acd96cdac552	chr6	45935788	78253172	1	1	0
0902d8cf-f32c-48c5-9183-acd96cdac552	chr6	78259348	78316871	0	0	0
0902d8cf-f32c-48c5-9183-acd96cdac552	chr6	78316969	103286299	1	1	0
0902d8cf-f32c-48c5-9183-acd96cdac552	chr6	103286770	103314186	2	2	0
0902d8cf-f32c-48c5-9183-acd96cdac552	chr6	103317795	158205300	1	1	0
0902d8cf-f32c-48c5-9183-acd96cdac552	chr6	158207173	158612020	0	0	0
0902d8cf-f32c-48c5-9183-acd96cdac552	chr6	158612814	166099113	1	1	0
0902d8cf-f32c-48c5-9183-acd96cdac552	chr6	166099999	166104563	2	2	0
0902d8cf-f32c-48c5-9183-acd96cdac552	chr6	166105444	170741917	1	1	0
0902d8cf-f32c-48c5-9183-acd96cdac552	chr7	43259	125946580	2	1	1
0902d8cf-f32c-48c5-9183-acd96cdac552	chr7	125947552	125962527	3	2	1
0902d8cf-f32c-48c5-9183-acd96cdac552	chr7	125962675	145129940	2	1	1
0902d8cf-f32c-48c5-9183-acd96cdac552	chr7	145130039	145141595	1	1	0
0902d8cf-f32c-48c5-9183-acd96cdac552	chr7	145146996	159334314	2	1	1
0902d8cf-f32c-48c5-9183-acd96cdac552	chr8	81254	35538629	2	1	1
0902d8cf-f32c-48c5-9183-acd96cdac552	chr8	35541901	35546451	1	1	0
0902d8cf-f32c-48c5-9183-acd96cdac552	chr8	35546889	145072769	2	1	1
0902d8cf-f32c-48c5-9183-acd96cdac552	chr9	46587	132851961	2	1	1
0902d8cf-f32c-48c5-9183-acd96cdac552	chr9	132852022	132903480	1	1	0
0902d8cf-f32c-48c5-9183-acd96cdac552	chr9	132903502	135636029	2	1	1
0902d8cf-f32c-48c5-9183-acd96cdac552	chr9	135636067	135715705	3	2	1
0902d8cf-f32c-48c5-9183-acd96cdac552	chr9	135716901	138200944	2	1	1
0902d8cf-f32c-48c5-9183-acd96cdac552	chr10	45792	14116987	1	1	0
0902d8cf-f32c-48c5-9183-acd96cdac552	chr10	14118001	14126772	2	2	0
0902d8cf-f32c-48c5-9183-acd96cdac552	chr10	14127163	133654968	1	1	0
0902d8cf-f32c-48c5-9183-acd96cdac552	chr11	198510	79481756	2	1	1
0902d8cf-f32c-48c5-9183-acd96cdac552	chr11	79481943	79763222	3	2	1
0902d8cf-f32c-48c5-9183-acd96cdac552	chr11	79763562	135074876	2	1	1
0902d8cf-f32c-48c5-9183-acd96cdac552	chr12	51460	9477960	2	1	1
0902d8cf-f32c-48c5-9183-acd96cdac552	chr12	9481274	9575696	0	0	0
0902d8cf-f32c-48c5-9183-acd96cdac552	chr12	9582373	98979756	2	1	1
0902d8cf-f32c-48c5-9183-acd96cdac552	chr12	98985929	99125923	1	1	0
0902d8cf-f32c-48c5-9183-acd96cdac552	chr12	99129313	133201603	2	1	1
0902d8cf-f32c-48c5-9183-acd96cdac552	chr13	18452809	114342922	1	1	0
0902d8cf-f32c-48c5-9183-acd96cdac552	chr14	18239283	96629472	2	1	1
0902d8cf-f32c-48c5-9183-acd96cdac552	chr14	96629534	96637470	4	2	2
0902d8cf-f32c-48c5-9183-acd96cdac552	chr14	96638250	106877229	2	1	1
0902d8cf-f32c-48c5-9183-acd96cdac552	chr15	19811075	101928837	2	1	1
0902d8cf-f32c-48c5-9183-acd96cdac552	chr16	10777	55108805	1	1	0
0902d8cf-f32c-48c5-9183-acd96cdac552	chr16	55108818	55125631	2	2	0
0902d8cf-f32c-48c5-9183-acd96cdac552	chr16	55125673	90096867	1	1	0
0902d8cf-f32c-48c5-9183-acd96cdac552	chr17	150733	46037741	1	1	0
0902d8cf-f32c-48c5-9183-acd96cdac552	chr17	46038203	46059210	2	2	0
0902d8cf-f32c-48c5-9183-acd96cdac552	chr17	46059704	83091923	1	1	0
0902d8cf-f32c-48c5-9183-acd96cdac552	chr18	48133	80257174	1	1	0
0902d8cf-f32c-48c5-9183-acd96cdac552	chr19	90910	2266822	2	1	1
0902d8cf-f32c-48c5-9183-acd96cdac552	chr19	2268056	8569882	1	1	0
0902d8cf-f32c-48c5-9183-acd96cdac552	chr19	8575632	41780338	2	1	1
0902d8cf-f32c-48c5-9183-acd96cdac552	chr19	41783867	41809790	3	2	1
0902d8cf-f32c-48c5-9183-acd96cdac552	chr19	41812198	58493344	2	1	1
0902d8cf-f32c-48c5-9183-acd96cdac552	chr19	58497119	58586487	1	1	0
0902d8cf-f32c-48c5-9183-acd96cdac552	chr20	80664	64324800	1	1	0
0902d8cf-f32c-48c5-9183-acd96cdac552	chr21	12973348	46677045	1	1	0
0902d8cf-f32c-48c5-9183-acd96cdac552	chr22	16392123	25262558	1	1	0
0902d8cf-f32c-48c5-9183-acd96cdac552	chr22	25262594	25526581	4	3	1
0902d8cf-f32c-48c5-9183-acd96cdac552	chr22	25529050	50796027	1	1	0
0902d8cf-f32c-48c5-9183-acd96cdac552	chrX	251810	10142086	1	1	0
0902d8cf-f32c-48c5-9183-acd96cdac552	chrX	10144162	10172148	2	2	0
0902d8cf-f32c-48c5-9183-acd96cdac552	chrX	10172734	34011782	1	1	0
0902d8cf-f32c-48c5-9183-acd96cdac552	chrX	34011813	34020544	2	2	0
0902d8cf-f32c-48c5-9183-acd96cdac552	chrX	34020958	56781150	1	1	0
0902d8cf-f32c-48c5-9183-acd96cdac552	chrX	56781658	56812518	2	2	0
0902d8cf-f32c-48c5-9183-acd96cdac552	chrX	56812558	95141397	1	1	0
0902d8cf-f32c-48c5-9183-acd96cdac552	chrX	95141627	95159272	2	2	0
0902d8cf-f32c-48c5-9183-acd96cdac552	chrX	95160023	156004181	1	1	0
0902d8cf-f32c-48c5-9183-acd96cdac552	chrY	2782397	56872112	0	0	0
5ecf5c67-7902-4b6a-9ff1-82f0894ffd88	chr1	62920	75243991	1	1	0
5ecf5c67-7902-4b6a-9ff1-82f0894ffd88	chr1	75244224	75248869	0	0	0
5ecf5c67-7902-4b6a-9ff1-82f0894ffd88	chr1	75249570	210539954	1	1	0
5ecf5c67-7902-4b6a-9ff1-82f0894ffd88	chr1	210540270	210610832	2	2	0
5ecf5c67-7902-4b6a-9ff1-82f0894ffd88	chr1	210613399	248930189	1	1	0
5ecf5c67-7902-4b6a-9ff1-82f0894ffd88	chr2	12784	137289076	1	1	0
5ecf5c67-7902-4b6a-9ff1-82f0894ffd88	chr2	137290598	137308201	0	0	0
5ecf5c67-7902-4b6a-9ff1-82f0894ffd88	chr2	137316225	154368996	1	1	0
5ecf5c67-7902-4b6a-9ff1-82f0894ffd88	chr2	154370165	154397750	2	2	0
5ecf5c67-7902-4b6a-9ff1-82f0894ffd88	chr2	154400861	242147305	1	1	0
5ecf5c67-7902-4b6a-9ff1-82f0894ffd88	chr3	20930	162790480	2	1	1
5ecf5c67-7902-4b6a-9ff1-82f0894ffd88	chr3	162794869	162898127	5	5	0
5ecf5c67-7902-4b6a-9ff1-82f0894ffd88	chr3	162906054	198169247	2	1	1
5ecf5c67-7902-4b6a-9ff1-82f0894ffd88	chr4	68929	44967383	2	1	1
5ecf5c67-7902-4b6a-9ff1-82f0894ffd88	chr4	44968465	45004175	3	2	1
5ecf5c67-7902-4b6a-9ff1-82f0894ffd88	chr4	45004295	91435107	2	1	1
5ecf5c67-7902-4b6a-9ff1-82f0894ffd88	chr4	91435249	91451983	1	1	0
5ecf5c67-7902-4b6a-9ff1-82f0894ffd88	chr4	91452571	190106768	2	1	1
5ecf5c67-7902-4b6a-9ff1-82f0894ffd88	chr5	15532	181363319	2	1	1
5ecf5c67-7902-4b6a-9ff1-82f0894ffd88	chr6	149661	76726442	1	1	0
5ecf5c67-7902-4b6a-9ff1-82f0894ffd88	chr6	76726815	76763086	0	0	0
5ecf5c67-7902-4b6a-9ff1-82f0894ffd88	chr6	76763966	170741917	1	1	0
5ecf5c67-7902-4b6a-9ff1-82f0894ffd88	chr7	43259	159334314	2	1	1
5ecf5c67-7902-4b6a-9ff1-82f0894ffd88	chr8	81254	27452263	2	1	1
5ecf5c67-7902-4b6a-9ff1-82f0894ffd88	chr8	27452605	27467535	4	2	2
5ecf5c67-7902-4b6a-9ff1-82f0894ffd88	chr8	27467674	145072769	2	1	1
5ecf5c67-7902-4b6a-9ff1-82f0894ffd88	chr9	46587	38652964	2	1	1
5ecf5c67-7902-4b6a-9ff1-82f0894ffd88	chr9	38654032	38657310	1	1	0
5ecf5c67-7902-4b6a-9ff1-82f0894ffd88	chr9	38657641	138200944	2	1	1
5ecf5c67-7902-4b6a-9ff1-82f0894ffd88	chr10	45792	133654968	1	1	0
5ecf5c67-7902-4b6a-9ff1-82f0894ffd88	chr11	198510	69997924	2	1	1
5ecf5c67-7902-4b6a-9ff1-82f0894ffd88	chr11	69998007	70003258	0	0	0
5ecf5c67-7902-4b6a-9ff1-82f0894ffd88	chr11	70003328	135074876	2	1	1
5ecf5c67-7902-4b6a-9ff1-82f0894ffd88	chr12	51460	9477960	2	1	1
5ecf5c67-7902-4b6a-9ff1-82f0894ffd88	chr12	9481274	9575696	0	0	0
5ecf5c67-7902-4b6a-9ff1-82f0894ffd88	chr12	9582373	133201603	2	1	1
5ecf5c67-7902-4b6a-9ff1-82f0894ffd88	chr13	18452809	21045341	1	1	0
5ecf5c67-7902-4b6a-9ff1-82f0894ffd88	chr13	21051122	24657046	2	1	1
5ecf5c67-7902-4b6a-9ff1-82f0894ffd88	chr13	24657381	114342922	1	1	0
5ecf5c67-7902-4b6a-9ff1-82f0894ffd88	chr14	18239283	92067770	2	1	1
5ecf5c67-7902-4b6a-9ff1-82f0894ffd88	chr14	92068571	92075731	0	0	0
5ecf5c67-7902-4b6a-9ff1-82f0894ffd88	chr14	92075964	106877229	2	1	1
5ecf5c67-7902-4b6a-9ff1-82f0894ffd88	chr15	19811075	101928837	2	1	1
5ecf5c67-7902-4b6a-9ff1-82f0894ffd88	chr16	10777	58222523	2	1	1
5ecf5c67-7902-4b6a-9ff1-82f0894ffd88	chr16	58223547	58238617	1	1	0
5ecf5c67-7902-4b6a-9ff1-82f0894ffd88	chr16	58238919	79574721	2	1	1
5ecf5c67-7902-4b6a-9ff1-82f0894ffd88	chr16	79574795	86460857	1	1	0
5ecf5c67-7902-4b6a-9ff1-82f0894ffd88	chr16	86461373	88080605	2	1	1
5ecf5c67-7902-4b6a-9ff1-82f0894ffd88	chr16	88081232	89596467	1	1	0
5ecf5c67-7902-4b6a-9ff1-82f0894ffd88	chr16	89596664	90096867	2	1	1
5ecf5c67-7902-4b6a-9ff1-82f0894ffd88	chr17	150733	83091923	1	1	0
5ecf5c67-7902-4b6a-9ff1-82f0894ffd88	chr18	48133	78314569	1	1	0
5ecf5c67-7902-4b6a-9ff1-82f0894ffd88	chr18	78316268	78395894	2	2	0
5ecf5c67-7902-4b6a-9ff1-82f0894ffd88	chr18	78396397	80257174	1	1	0
5ecf5c67-7902-4b6a-9ff1-82f0894ffd88	chr19	90910	58586487	2	1	1
5ecf5c67-7902-4b6a-9ff1-82f0894ffd88	chr20	80664	64324800	2	1	1
5ecf5c67-7902-4b6a-9ff1-82f0894ffd88	chr21	12973348	46677045	2	1	1
5ecf5c67-7902-4b6a-9ff1-82f0894ffd88	chr22	16392123	50796027	2	1	1
5ecf5c67-7902-4b6a-9ff1-82f0894ffd88	chrX	251810	56781150	1	1	0
5ecf5c67-7902-4b6a-9ff1-82f0894ffd88	chrX	56781658	56812518	2	2	0
5ecf5c67-7902-4b6a-9ff1-82f0894ffd88	chrX	56812558	116964320	1	1	0
5ecf5c67-7902-4b6a-9ff1-82f0894ffd88	chrX	116964349	117298514	0	0	0
5ecf5c67-7902-4b6a-9ff1-82f0894ffd88	chrX	117300877	156004181	1	1	0
5ecf5c67-7902-4b6a-9ff1-82f0894ffd88	chrY	2782397	56872112	0	0	0
89de5d7b-eade-41fe-889a-b008f7273c6a	chr1	61735	248930189	1	1	0
89de5d7b-eade-41fe-889a-b008f7273c6a	chr2	12784	242147305	1	1	0
89de5d7b-eade-41fe-889a-b008f7273c6a	chr3	18667	198169247	2	1	1
89de5d7b-eade-41fe-889a-b008f7273c6a	chr4	12281	190106768	2	1	1
89de5d7b-eade-41fe-889a-b008f7273c6a	chr5	15532	181363319	2	1	1
89de5d7b-eade-41fe-889a-b008f7273c6a	chr6	149661	170741917	1	1	0
89de5d7b-eade-41fe-889a-b008f7273c6a	chr7	43259	159334314	2	1	1
89de5d7b-eade-41fe-889a-b008f7273c6a	chr8	81254	145072769	1	1	0
89de5d7b-eade-41fe-889a-b008f7273c6a	chr9	46587	138200944	2	1	1
89de5d7b-eade-41fe-889a-b008f7273c6a	chr10	26823	133769379	1	1	0
89de5d7b-eade-41fe-889a-b008f7273c6a	chr11	198572	135074876	2	1	1
89de5d7b-eade-41fe-889a-b008f7273c6a	chr12	51460	133201603	2	1	1
89de5d7b-eade-41fe-889a-b008f7273c6a	chr13	18452809	114342922	2	1	1
89de5d7b-eade-41fe-889a-b008f7273c6a	chr14	18225647	106877229	2	1	1
89de5d7b-eade-41fe-889a-b008f7273c6a	chr15	19811075	101928837	2	1	1
89de5d7b-eade-41fe-889a-b008f7273c6a	chr16	10777	90221127	2	1	1
89de5d7b-eade-41fe-889a-b008f7273c6a	chr17	150733	83090856	1	1	0
89de5d7b-eade-41fe-889a-b008f7273c6a	chr18	48133	80257174	2	1	1
89de5d7b-eade-41fe-889a-b008f7273c6a	chr19	90910	58586487	2	1	1
89de5d7b-eade-41fe-889a-b008f7273c6a	chr20	80664	64324800	2	1	1
89de5d7b-eade-41fe-889a-b008f7273c6a	chr21	10336543	46677045	2	1	1
89de5d7b-eade-41fe-889a-b008f7273c6a	chr22	15294545	50796027	2	1	1
89de5d7b-eade-41fe-889a-b008f7273c6a	chrX	251810	2785350	2	1	1
89de5d7b-eade-41fe-889a-b008f7273c6a	chrX	2785592	136027710	1	1	0
89de5d7b-eade-41fe-889a-b008f7273c6a	chrX	136032626	155699837	2	2	0
89de5d7b-eade-41fe-889a-b008f7273c6a	chrX	155733777	156004181	3	2	1
c50677a9-958e-466a-9c84-ec0a6f14365f	chr1	61735	248930189	1	1	0
c50677a9-958e-466a-9c84-ec0a6f14365f	chr2	12784	242147305	1	1	0
c50677a9-958e-466a-9c84-ec0a6f14365f	chr3	18667	198169247	2	1	1
c50677a9-958e-466a-9c84-ec0a6f14365f	chr4	12281	190106768	2	1	1
c50677a9-958e-466a-9c84-ec0a6f14365f	chr5	15532	181363319	1	1	0
c50677a9-958e-466a-9c84-ec0a6f14365f	chr6	149661	170741917	1	1	0
c50677a9-958e-466a-9c84-ec0a6f14365f	chr7	43259	159334314	2	1	1
c50677a9-958e-466a-9c84-ec0a6f14365f	chr8	81254	145072769	2	1	1
c50677a9-958e-466a-9c84-ec0a6f14365f	chr9	46587	138200944	2	1	1
c50677a9-958e-466a-9c84-ec0a6f14365f	chr10	26823	133769379	1	1	0
c50677a9-958e-466a-9c84-ec0a6f14365f	chr11	198572	135074876	2	1	1
c50677a9-958e-466a-9c84-ec0a6f14365f	chr12	51460	133201603	2	1	1
c50677a9-958e-466a-9c84-ec0a6f14365f	chr13	18452809	114342922	1	1	0
c50677a9-958e-466a-9c84-ec0a6f14365f	chr14	18225647	106877229	2	1	1
c50677a9-958e-466a-9c84-ec0a6f14365f	chr15	19811075	101928837	2	1	1
c50677a9-958e-466a-9c84-ec0a6f14365f	chr16	10777	70800046	2	1	1
c50677a9-958e-466a-9c84-ec0a6f14365f	chr16	70802467	71168894	1	1	0
c50677a9-958e-466a-9c84-ec0a6f14365f	chr16	71171291	90221127	2	1	1
c50677a9-958e-466a-9c84-ec0a6f14365f	chr17	150733	83090856	1	1	0
c50677a9-958e-466a-9c84-ec0a6f14365f	chr18	48133	80257174	2	1	1
c50677a9-958e-466a-9c84-ec0a6f14365f	chr19	90910	58586487	2	1	1
c50677a9-958e-466a-9c84-ec0a6f14365f	chr20	80664	64324800	2	1	1
c50677a9-958e-466a-9c84-ec0a6f14365f	chr21	10336543	13224711	1	1	0
c50677a9-958e-466a-9c84-ec0a6f14365f	chr21	13227761	46677045	2	1	1
c50677a9-958e-466a-9c84-ec0a6f14365f	chr22	15294545	50796027	2	1	1
c50677a9-958e-466a-9c84-ec0a6f14365f	chrX	251810	2775583	2	1	1
c50677a9-958e-466a-9c84-ec0a6f14365f	chrX	2776199	155734393	1	1	0
c50677a9-958e-466a-9c84-ec0a6f14365f	chrX	155734427	156004181	2	1	1
385cabe2-ae00-47f9-8550-af70f504be4c	chr1	62920	248930189	1	1	0
385cabe2-ae00-47f9-8550-af70f504be4c	chr2	12784	57937611	1	1	0
385cabe2-ae00-47f9-8550-af70f504be4c	chr2	57938460	57942815	0	0	0
385cabe2-ae00-47f9-8550-af70f504be4c	chr2	57942869	88834118	1	1	0
385cabe2-ae00-47f9-8550-af70f504be4c	chr2	88836539	89118119	3	3	0
385cabe2-ae00-47f9-8550-af70f504be4c	chr2	89119438	205557416	1	1	0
385cabe2-ae00-47f9-8550-af70f504be4c	chr2	205558272	205566683	2	2	0
385cabe2-ae00-47f9-8550-af70f504be4c	chr2	205568012	212321626	1	1	0
385cabe2-ae00-47f9-8550-af70f504be4c	chr2	212321824	212327101	0	0	0
385cabe2-ae00-47f9-8550-af70f504be4c	chr2	212327402	242147305	1	1	0
385cabe2-ae00-47f9-8550-af70f504be4c	chr3	20930	476627	2	2	0
385cabe2-ae00-47f9-8550-af70f504be4c	chr3	476731	162794869	2	1	1
385cabe2-ae00-47f9-8550-af70f504be4c	chr3	162794951	162908192	0	0	0
385cabe2-ae00-47f9-8550-af70f504be4c	chr3	162908207	198169247	2	1	1
385cabe2-ae00-47f9-8550-af70f504be4c	chr4	68929	57187577	2	1	1
385cabe2-ae00-47f9-8550-af70f504be4c	chr4	57187711	57234405	6	4	2
385cabe2-ae00-47f9-8550-af70f504be4c	chr4	57236258	57370378	3	2	1
385cabe2-ae00-47f9-8550-af70f504be4c	chr4	57372919	81724298	2	1	1
385cabe2-ae00-47f9-8550-af70f504be4c	chr4	81724400	82071784	1	1	0
385cabe2-ae00-47f9-8550-af70f504be4c	chr4	82073742	190106768	2	1	1
385cabe2-ae00-47f9-8550-af70f504be4c	chr5	15532	133664291	2	1	1
385cabe2-ae00-47f9-8550-af70f504be4c	chr5	133664817	133668729	1	1	0
385cabe2-ae00-47f9-8550-af70f504be4c	chr5	133668786	135673302	2	1	1
385cabe2-ae00-47f9-8550-af70f504be4c	chr5	135673539	136422368	3	2	1
385cabe2-ae00-47f9-8550-af70f504be4c	chr5	136426242	181363319	2	1	1
385cabe2-ae00-47f9-8550-af70f504be4c	chr6	149661	20812226	1	1	0
385cabe2-ae00-47f9-8550-af70f504be4c	chr6	20812357	20828981	2	2	0
385cabe2-ae00-47f9-8550-af70f504be4c	chr6	20830434	45896089	1	1	0
385cabe2-ae00-47f9-8550-af70f504be4c	chr6	45896768	45921601	2	2	0
385cabe2-ae00-47f9-8550-af70f504be4c	chr6	45921638	76765352	1	1	0
385cabe2-ae00-47f9-8550-af70f504be4c	chr6	76765971	76773069	2	2	0
385cabe2-ae00-47f9-8550-af70f504be4c	chr6	76778010	78253172	1	1	0
385cabe2-ae00-47f9-8550-af70f504be4c	chr6	78259348	78325468	0	0	0
385cabe2-ae00-47f9-8550-af70f504be4c	chr6	78329517	103286954	1	1	0
385cabe2-ae00-47f9-8550-af70f504be4c	chr6	103290101	103322942	0	0	0
385cabe2-ae00-47f9-8550-af70f504be4c	chr6	103323069	116930973	1	1	0
385cabe2-ae00-47f9-8550-af70f504be4c	chr6	116931034	116946201	0	0	0
385cabe2-ae00-47f9-8550-af70f504be4c	chr6	116946792	170741917	1	1	0
385cabe2-ae00-47f9-8550-af70f504be4c	chr7	43259	18779052	2	1	1
385cabe2-ae00-47f9-8550-af70f504be4c	chr7	18779183	18786415	4	2	2
385cabe2-ae00-47f9-8550-af70f504be4c	chr7	18788291	71202330	2	1	1
385cabe2-ae00-47f9-8550-af70f504be4c	chr7	71206321	71225599	1	1	0
385cabe2-ae00-47f9-8550-af70f504be4c	chr7	71225629	79167655	2	1	1
385cabe2-ae00-47f9-8550-af70f504be4c	chr7	79172072	79438337	3	2	1
385cabe2-ae00-47f9-8550-af70f504be4c	chr7	79440527	86513219	2	1	1
385cabe2-ae00-47f9-8550-af70f504be4c	chr7	86513772	86555535	1	1	0
385cabe2-ae00-47f9-8550-af70f504be4c	chr7	86556091	159334314	2	1	1
385cabe2-ae00-47f9-8550-af70f504be4c	chr8	81254	5101476	2	1	1
385cabe2-ae00-47f9-8550-af70f504be4c	chr8	5102452	5374683	3	2	1
385cabe2-ae00-47f9-8550-af70f504be4c	chr8	5375220	23991961	2	1	1
385cabe2-ae00-47f9-8550-af70f504be4c	chr8	23993588	24817490	3	2	1
385cabe2-ae00-47f9-8550-af70f504be4c	chr8	24818298	27459463	2	1	1
385cabe2-ae00-47f9-8550-af70f504be4c	chr8	27459526	27561138	3	2	1
385cabe2-ae00-47f9-8550-af70f504be4c	chr8	27561230	85978883	2	1	1
385cabe2-ae00-47f9-8550-af70f504be4c	chr8	85987879	87052462	2	2	0
385cabe2-ae00-47f9-8550-af70f504be4c	chr8	87058257	113597110	2	1	1
385cabe2-ae00-47f9-8550-af70f504be4c	chr8	113600082	114726789	3	2	1
385cabe2-ae00-47f9-8550-af70f504be4c	chr8	114726988	145072769	2	1	1
385cabe2-ae00-47f9-8550-af70f504be4c	chr9	46587	31804768	2	1	1
385cabe2-ae00-47f9-8550-af70f504be4c	chr9	31809458	31815530	1	1	0
385cabe2-ae00-47f9-8550-af70f504be4c	chr9	31815832	109888113	2	1	1
385cabe2-ae00-47f9-8550-af70f504be4c	chr9	109889657	110406064	1	1	0
385cabe2-ae00-47f9-8550-af70f504be4c	chr9	110408306	138200944	2	1	1
385cabe2-ae00-47f9-8550-af70f504be4c	chr10	45792	9921767	1	1	0
385cabe2-ae00-47f9-8550-af70f504be4c	chr10	9921893	9933745	2	2	0
385cabe2-ae00-47f9-8550-af70f504be4c	chr10	9933780	49091975	1	1	0
385cabe2-ae00-47f9-8550-af70f504be4c	chr10	49092134	49099416	0	0	0
385cabe2-ae00-47f9-8550-af70f504be4c	chr10	49100446	133654968	1	1	0
385cabe2-ae00-47f9-8550-af70f504be4c	chr11	198510	4946166	2	1	1
385cabe2-ae00-47f9-8550-af70f504be4c	chr11	4946420	4952799	0	0	0
385cabe2-ae00-47f9-8550-af70f504be4c	chr11	4953934	39369157	2	1	1
385cabe2-ae00-47f9-8550-af70f504be4c	chr11	39372501	39391904	4	2	2
385cabe2-ae00-47f9-8550-af70f504be4c	chr11	39400899	45187346	2	1	1
385cabe2-ae00-47f9-8550-af70f504be4c	chr11	45188788	45514972	1	1	0
385cabe2-ae00-47f9-8550-af70f504be4c	chr11	45515393	113469958	2	1	1
385cabe2-ae00-47f9-8550-af70f504be4c	chr11	113472690	114293238	3	2	1
385cabe2-ae00-47f9-8550-af70f504be4c	chr11	114293282	135074876	2	1	1
385cabe2-ae00-47f9-8550-af70f504be4c	chr12	51460	144962	2	2	0
385cabe2-ae00-47f9-8550-af70f504be4c	chr12	147054	9477960	2	1	1
385cabe2-ae00-47f9-8550-af70f504be4c	chr12	9481274	9575696	0	0	0
385cabe2-ae00-47f9-8550-af70f504be4c	chr12	9582373	23612138	2	1	1
385cabe2-ae00-47f9-8550-af70f504be4c	chr12	23612349	23617419	4	2	2
385cabe2-ae00-47f9-8550-af70f504be4c	chr12	23617526	31138652	2	1	1
385cabe2-ae00-47f9-8550-af70f504be4c	chr12	31144937	31257887	4	3	1
385cabe2-ae00-47f9-8550-af70f504be4c	chr12	31258117	52526630	2	1	1
385cabe2-ae00-47f9-8550-af70f504be4c	chr12	52527431	52531875	5	3	2
385cabe2-ae00-47f9-8550-af70f504be4c	chr12	52532185	101655135	2	1	1
385cabe2-ae00-47f9-8550-af70f504be4c	chr12	101655309	101669603	1	1	0
385cabe2-ae00-47f9-8550-af70f504be4c	chr12	101670740	118070991	2	1	1
385cabe2-ae00-47f9-8550-af70f504be4c	chr12	118071319	118080674	1	1	0
385cabe2-ae00-47f9-8550-af70f504be4c	chr12	118081611	133201603	2	1	1
385cabe2-ae00-47f9-8550-af70f504be4c	chr13	18452809	106767514	1	1	0
385cabe2-ae00-47f9-8550-af70f504be4c	chr13	106769638	106775303	2	2	0
385cabe2-ae00-47f9-8550-af70f504be4c	chr13	106775817	114342922	1	1	0
385cabe2-ae00-47f9-8550-af70f504be4c	chr14	18239283	20013418	3	2	1
385cabe2-ae00-47f9-8550-af70f504be4c	chr14	20014760	44446984	2	1	1
385cabe2-ae00-47f9-8550-af70f504be4c	chr14	44447303	44723170	1	1	0
385cabe2-ae00-47f9-8550-af70f504be4c	chr14	44723771	106877229	2	1	1
385cabe2-ae00-47f9-8550-af70f504be4c	chr15	19811075	34372026	2	1	1
385cabe2-ae00-47f9-8550-af70f504be4c	chr15	34372763	34640710	0	0	0
385cabe2-ae00-47f9-8550-af70f504be4c	chr15	34648391	71395312	2	1	1
385cabe2-ae00-47f9-8550-af70f504be4c	chr15	71395803	71409605	1	1	0
385cabe2-ae00-47f9-8550-af70f504be4c	chr15	71414196	76586021	2	1	1
385cabe2-ae00-47f9-8550-af70f504be4c	chr15	76598900	76603434	0	0	0
385cabe2-ae00-47f9-8550-af70f504be4c	chr15	76609838	101928837	2	1	1
385cabe2-ae00-47f9-8550-af70f504be4c	chr16	10777	36048855	2	1	1
385cabe2-ae00-47f9-8550-af70f504be4c	chr16	46441986	47133750	1	1	0
385cabe2-ae00-47f9-8550-af70f504be4c	chr16	47134612	62772947	2	1	1
385cabe2-ae00-47f9-8550-af70f504be4c	chr16	62773476	63523705	3	2	1
385cabe2-ae00-47f9-8550-af70f504be4c	chr16	63523744	78337711	2	1	1
385cabe2-ae00-47f9-8550-af70f504be4c	chr16	78338543	78493040	1	1	0
385cabe2-ae00-47f9-8550-af70f504be4c	chr16	78493107	90096867	2	1	1
385cabe2-ae00-47f9-8550-af70f504be4c	chr17	150733	83091923	1	1	0
385cabe2-ae00-47f9-8550-af70f504be4c	chr18	48133	1948681	2	1	1
385cabe2-ae00-47f9-8550-af70f504be4c	chr18	1951871	1980786	1	1	0
385cabe2-ae00-47f9-8550-af70f504be4c	chr18	1986213	78657571	2	1	1
385cabe2-ae00-47f9-8550-af70f504be4c	chr18	78657793	78666188	4	2	2
385cabe2-ae00-47f9-8550-af70f504be4c	chr18	78666578	80257174	2	1	1
385cabe2-ae00-47f9-8550-af70f504be4c	chr19	90910	6925617	2	1	1
385cabe2-ae00-47f9-8550-af70f504be4c	chr19	6932509	6943527	0	0	0
385cabe2-ae00-47f9-8550-af70f504be4c	chr19	6950049	31381364	2	1	1
385cabe2-ae00-47f9-8550-af70f504be4c	chr19	31381832	31442638	3	2	1
385cabe2-ae00-47f9-8550-af70f504be4c	chr19	31445505	58586487	2	1	1
385cabe2-ae00-47f9-8550-af70f504be4c	chr20	80664	64324800	2	1	1
385cabe2-ae00-47f9-8550-af70f504be4c	chr21	12973348	46677045	1	1	0
385cabe2-ae00-47f9-8550-af70f504be4c	chr22	16392123	48624198	2	1	1
385cabe2-ae00-47f9-8550-af70f504be4c	chr22	48624469	48649600	5	3	2
385cabe2-ae00-47f9-8550-af70f504be4c	chr22	48649851	50796027	2	1	1
385cabe2-ae00-47f9-8550-af70f504be4c	chrX	251810	10159341	1	1	0
385cabe2-ae00-47f9-8550-af70f504be4c	chrX	10159447	10172148	2	2	0
385cabe2-ae00-47f9-8550-af70f504be4c	chrX	10172734	34011782	1	1	0
385cabe2-ae00-47f9-8550-af70f504be4c	chrX	34011813	34020958	2	2	0
385cabe2-ae00-47f9-8550-af70f504be4c	chrX	34021471	56781150	1	1	0
385cabe2-ae00-47f9-8550-af70f504be4c	chrX	56781658	56812518	2	2	0
385cabe2-ae00-47f9-8550-af70f504be4c	chrX	56812558	95141627	1	1	0
385cabe2-ae00-47f9-8550-af70f504be4c	chrX	95141864	95158595	2	2	0
385cabe2-ae00-47f9-8550-af70f504be4c	chrX	95159272	156004181	1	1	0
385cabe2-ae00-47f9-8550-af70f504be4c	chrY	2782397	56872112	0	0	0
96d8e245-a0f1-4132-ab23-b778008654ba	chr1	62920	75243991	2	2	0
96d8e245-a0f1-4132-ab23-b778008654ba	chr1	75244224	75248869	1	1	0
96d8e245-a0f1-4132-ab23-b778008654ba	chr1	75249570	99120887	2	2	0
96d8e245-a0f1-4132-ab23-b778008654ba	chr1	99120960	99145803	4	4	0
96d8e245-a0f1-4132-ab23-b778008654ba	chr1	99148759	248930189	2	2	0
96d8e245-a0f1-4132-ab23-b778008654ba	chr2	12784	64880285	2	2	0
96d8e245-a0f1-4132-ab23-b778008654ba	chr2	64880561	64905406	3	3	0
96d8e245-a0f1-4132-ab23-b778008654ba	chr2	64905451	76698773	2	2	0
96d8e245-a0f1-4132-ab23-b778008654ba	chr2	76701007	76722438	3	3	0
96d8e245-a0f1-4132-ab23-b778008654ba	chr2	76729368	88834118	2	2	0
96d8e245-a0f1-4132-ab23-b778008654ba	chr2	88836539	89069842	7	7	0
96d8e245-a0f1-4132-ab23-b778008654ba	chr2	89085826	242147305	2	2	0
96d8e245-a0f1-4132-ab23-b778008654ba	chr3	20930	87187391	4	2	2
96d8e245-a0f1-4132-ab23-b778008654ba	chr3	87187640	87928912	5	3	2
96d8e245-a0f1-4132-ab23-b778008654ba	chr3	87928941	130044016	4	2	2
96d8e245-a0f1-4132-ab23-b778008654ba	chr3	130044855	130062033	0	0	0
96d8e245-a0f1-4132-ab23-b778008654ba	chr3	130067097	198169247	4	2	2
96d8e245-a0f1-4132-ab23-b778008654ba	chr4	68929	54635561	4	2	2
96d8e245-a0f1-4132-ab23-b778008654ba	chr4	54635754	54782202	5	3	2
96d8e245-a0f1-4132-ab23-b778008654ba	chr4	54782534	86309648	4	2	2
96d8e245-a0f1-4132-ab23-b778008654ba	chr4	86310993	86345143	3	2	1
96d8e245-a0f1-4132-ab23-b778008654ba	chr4	86345303	97997613	4	2	2
96d8e245-a0f1-4132-ab23-b778008654ba	chr4	97998070	98116708	3	2	1
96d8e245-a0f1-4132-ab23-b778008654ba	chr4	98116835	160119089	4	2	2
96d8e245-a0f1-4132-ab23-b778008654ba	chr4	160119138	160149637	2	2	0
96d8e245-a0f1-4132-ab23-b778008654ba	chr4	160162718	190106768	4	2	2
96d8e245-a0f1-4132-ab23-b778008654ba	chr5	15532	69054090	4	2	2
96d8e245-a0f1-4132-ab23-b778008654ba	chr5	69054300	69162939	5	3	2
96d8e245-a0f1-4132-ab23-b778008654ba	chr5	69164575	74387542	4	2	2
96d8e245-a0f1-4132-ab23-b778008654ba	chr5	74389278	74453356	5	3	2
96d8e245-a0f1-4132-ab23-b778008654ba	chr5	74453447	151349717	4	2	2
96d8e245-a0f1-4132-ab23-b778008654ba	chr5	151349942	151397246	6	3	3
96d8e245-a0f1-4132-ab23-b778008654ba	chr5	151397487	180947523	4	2	2
96d8e245-a0f1-4132-ab23-b778008654ba	chr5	180951710	180991103	0	0	0
96d8e245-a0f1-4132-ab23-b778008654ba	chr5	181006225	181363319	4	2	2
96d8e245-a0f1-4132-ab23-b778008654ba	chr6	149661	258265	2	2	0
96d8e245-a0f1-4132-ab23-b778008654ba	chr6	260376	385056	3	3	0
96d8e245-a0f1-4132-ab23-b778008654ba	chr6	385687	30449372	2	2	0
96d8e245-a0f1-4132-ab23-b778008654ba	chr6	30449682	30509499	1	1	0
96d8e245-a0f1-4132-ab23-b778008654ba	chr6	30515216	170741917	2	2	0
96d8e245-a0f1-4132-ab23-b778008654ba	chr7	43259	95276945	4	2	2
96d8e245-a0f1-4132-ab23-b778008654ba	chr7	95279193	95280936	7	4	3
96d8e245-a0f1-4132-ab23-b778008654ba	chr7	95282006	159334314	4	2	2
96d8e245-a0f1-4132-ab23-b778008654ba	chr8	81254	27907477	3	2	1
96d8e245-a0f1-4132-ab23-b778008654ba	chr8	27911189	27924081	5	4	1
96d8e245-a0f1-4132-ab23-b778008654ba	chr8	27929514	29256479	3	2	1
96d8e245-a0f1-4132-ab23-b778008654ba	chr8	29258411	69152633	4	2	2
96d8e245-a0f1-4132-ab23-b778008654ba	chr8	69152771	69166138	8	4	4
96d8e245-a0f1-4132-ab23-b778008654ba	chr8	69166802	145072769	4	2	2
96d8e245-a0f1-4132-ab23-b778008654ba	chr9	46587	1791177	4	2	2
96d8e245-a0f1-4132-ab23-b778008654ba	chr9	1791611	1799226	2	1	1
96d8e245-a0f1-4132-ab23-b778008654ba	chr9	1799272	138200944	4	2	2
96d8e245-a0f1-4132-ab23-b778008654ba	chr10	45792	3012303	2	2	0
96d8e245-a0f1-4132-ab23-b778008654ba	chr10	3012662	3013819	4	4	0
96d8e245-a0f1-4132-ab23-b778008654ba	chr10	3013852	69632523	2	2	0
96d8e245-a0f1-4132-ab23-b778008654ba	chr10	69632936	69714737	3	3	0
96d8e245-a0f1-4132-ab23-b778008654ba	chr10	69715003	133654968	2	2	0
96d8e245-a0f1-4132-ab23-b778008654ba	chr11	198510	34290795	4	2	2
96d8e245-a0f1-4132-ab23-b778008654ba	chr11	34290983	34311606	6	3	3
96d8e245-a0f1-4132-ab23-b778008654ba	chr11	34314140	69993211	4	2	2
96d8e245-a0f1-4132-ab23-b778008654ba	chr11	69995642	70003219	2	1	1
96d8e245-a0f1-4132-ab23-b778008654ba	chr11	70003258	135074876	4	2	2
96d8e245-a0f1-4132-ab23-b778008654ba	chr12	51460	52526630	4	2	2
96d8e245-a0f1-4132-ab23-b778008654ba	chr12	52527431	52531875	12	7	5
96d8e245-a0f1-4132-ab23-b778008654ba	chr12	52532185	133201603	4	2	2
96d8e245-a0f1-4132-ab23-b778008654ba	chr13	18452809	63831189	3	2	1
96d8e245-a0f1-4132-ab23-b778008654ba	chr13	63845058	64372045	1	1	0
96d8e245-a0f1-4132-ab23-b778008654ba	chr13	64372411	70562050	3	2	1
96d8e245-a0f1-4132-ab23-b778008654ba	chr13	70562267	70564932	2	1	1
96d8e245-a0f1-4132-ab23-b778008654ba	chr13	70568082	114342922	3	2	1
96d8e245-a0f1-4132-ab23-b778008654ba	chr14	18239283	96612995	4	2	2
96d8e245-a0f1-4132-ab23-b778008654ba	chr14	96613048	99551024	5	3	2
96d8e245-a0f1-4132-ab23-b778008654ba	chr14	99551085	99556527	2	1	1
96d8e245-a0f1-4132-ab23-b778008654ba	chr14	99557059	106877229	4	2	2
96d8e245-a0f1-4132-ab23-b778008654ba	chr15	19811075	45943633	4	2	2
96d8e245-a0f1-4132-ab23-b778008654ba	chr15	45943946	45950067	1	1	0
96d8e245-a0f1-4132-ab23-b778008654ba	chr15	45950082	45973717	5	3	2
96d8e245-a0f1-4132-ab23-b778008654ba	chr15	45975943	45991230	2	1	1
96d8e245-a0f1-4132-ab23-b778008654ba	chr15	45996377	101928837	4	2	2
96d8e245-a0f1-4132-ab23-b778008654ba	chr16	10777	29324414	4	2	2
96d8e245-a0f1-4132-ab23-b778008654ba	chr16	29326337	30453447	3	2	1
96d8e245-a0f1-4132-ab23-b778008654ba	chr16	30470159	90096867	4	2	2
96d8e245-a0f1-4132-ab23-b778008654ba	chr17	150733	83027393	2	2	0
96d8e245-a0f1-4132-ab23-b778008654ba	chr17	83027448	83091923	1	1	0
96d8e245-a0f1-4132-ab23-b778008654ba	chr18	48133	2168028	4	2	2
96d8e245-a0f1-4132-ab23-b778008654ba	chr18	2168296	2171031	2	1	1
96d8e245-a0f1-4132-ab23-b778008654ba	chr18	2172212	15402409	4	2	2
96d8e245-a0f1-4132-ab23-b778008654ba	chr18	20949392	80257174	3	2	1
96d8e245-a0f1-4132-ab23-b778008654ba	chr19	90910	2906477	3	2	1
96d8e245-a0f1-4132-ab23-b778008654ba	chr19	2909035	41775238	4	2	2
96d8e245-a0f1-4132-ab23-b778008654ba	chr19	41775550	41809790	7	4	3
96d8e245-a0f1-4132-ab23-b778008654ba	chr19	41812198	58586487	4	2	2
96d8e245-a0f1-4132-ab23-b778008654ba	chr20	80664	64324800	4	2	2
96d8e245-a0f1-4132-ab23-b778008654ba	chr21	12973348	46677045	2	2	0
96d8e245-a0f1-4132-ab23-b778008654ba	chr22	16392123	50796027	4	2	2
96d8e245-a0f1-4132-ab23-b778008654ba	chrX	251810	68028992	4	2	2
96d8e245-a0f1-4132-ab23-b778008654ba	chrX	68031088	68054796	8	4	4
96d8e245-a0f1-4132-ab23-b778008654ba	chrX	68055272	95141627	4	2	2
96d8e245-a0f1-4132-ab23-b778008654ba	chrX	95141864	95159272	9	5	4
96d8e245-a0f1-4132-ab23-b778008654ba	chrX	95160023	156004181	4	2	2
96d8e245-a0f1-4132-ab23-b778008654ba	chrY	2782397	56872112	0	0	0
cd6cd7d2-3087-4089-81e5-1378ee50d37b	chr1	61735	248930189	2	2	0
cd6cd7d2-3087-4089-81e5-1378ee50d37b	chr2	12784	654605	1	1	0
cd6cd7d2-3087-4089-81e5-1378ee50d37b	chr2	656312	203493519	2	2	0
cd6cd7d2-3087-4089-81e5-1378ee50d37b	chr2	203496536	242147305	1	1	0
cd6cd7d2-3087-4089-81e5-1378ee50d37b	chr3	18667	198169247	2	2	0
cd6cd7d2-3087-4089-81e5-1378ee50d37b	chr4	12281	488020	1	1	0
cd6cd7d2-3087-4089-81e5-1378ee50d37b	chr4	490142	21316548	3	2	1
cd6cd7d2-3087-4089-81e5-1378ee50d37b	chr4	21317081	25994264	4	2	2
cd6cd7d2-3087-4089-81e5-1378ee50d37b	chr4	25995891	31329696	3	2	1
cd6cd7d2-3087-4089-81e5-1378ee50d37b	chr4	31330298	52303498	4	2	2
cd6cd7d2-3087-4089-81e5-1378ee50d37b	chr4	52310405	52640267	5	3	2
cd6cd7d2-3087-4089-81e5-1378ee50d37b	chr4	52641778	87766555	3	2	1
cd6cd7d2-3087-4089-81e5-1378ee50d37b	chr4	87766662	190106768	2	1	1
cd6cd7d2-3087-4089-81e5-1378ee50d37b	chr5	15532	455532	2	2	0
cd6cd7d2-3087-4089-81e5-1378ee50d37b	chr5	455581	117010083	3	2	1
cd6cd7d2-3087-4089-81e5-1378ee50d37b	chr5	117010732	117585924	4	3	1
cd6cd7d2-3087-4089-81e5-1378ee50d37b	chr5	117586052	148125637	3	2	1
cd6cd7d2-3087-4089-81e5-1378ee50d37b	chr5	148125664	149049441	4	3	1
cd6cd7d2-3087-4089-81e5-1378ee50d37b	chr5	149050913	151025458	5	4	1
cd6cd7d2-3087-4089-81e5-1378ee50d37b	chr5	151031333	167597583	3	2	1
cd6cd7d2-3087-4089-81e5-1378ee50d37b	chr5	167604625	167935411	4	3	1
cd6cd7d2-3087-4089-81e5-1378ee50d37b	chr5	167935530	181363319	3	2	1
cd6cd7d2-3087-4089-81e5-1378ee50d37b	chr6	149661	11341378	2	2	0
cd6cd7d2-3087-4089-81e5-1378ee50d37b	chr6	11343535	11433998	3	3	0
cd6cd7d2-3087-4089-81e5-1378ee50d37b	chr6	11434806	33334889	2	2	0
cd6cd7d2-3087-4089-81e5-1378ee50d37b	chr6	33339017	33388469	0	0	0
cd6cd7d2-3087-4089-81e5-1378ee50d37b	chr6	33396598	64798400	1	1	0
cd6cd7d2-3087-4089-81e5-1378ee50d37b	chr6	64800180	84386766	2	2	0
cd6cd7d2-3087-4089-81e5-1378ee50d37b	chr6	84389903	170741917	1	1	0
cd6cd7d2-3087-4089-81e5-1378ee50d37b	chr7	43259	62553947	2	1	1
cd6cd7d2-3087-4089-81e5-1378ee50d37b	chr7	62553949	159096591	3	2	1
cd6cd7d2-3087-4089-81e5-1378ee50d37b	chr7	159098929	159334314	2	2	0
cd6cd7d2-3087-4089-81e5-1378ee50d37b	chr8	81254	132684306	2	2	0
cd6cd7d2-3087-4089-81e5-1378ee50d37b	chr8	132689257	132816742	4	4	0
cd6cd7d2-3087-4089-81e5-1378ee50d37b	chr8	132818098	144903462	2	2	0
cd6cd7d2-3087-4089-81e5-1378ee50d37b	chr8	144909005	145072769	1	1	0
cd6cd7d2-3087-4089-81e5-1378ee50d37b	chr9	46587	20834107	1	1	0
cd6cd7d2-3087-4089-81e5-1378ee50d37b	chr9	20834808	22628956	0	0	0
cd6cd7d2-3087-4089-81e5-1378ee50d37b	chr9	22629129	42995504	1	1	0
cd6cd7d2-3087-4089-81e5-1378ee50d37b	chr9	60840363	116782326	2	1	1
cd6cd7d2-3087-4089-81e5-1378ee50d37b	chr9	116784785	132862133	1	1	0
cd6cd7d2-3087-4089-81e5-1378ee50d37b	chr9	132863426	132913512	0	0	0
cd6cd7d2-3087-4089-81e5-1378ee50d37b	chr9	132913527	138200944	1	1	0
cd6cd7d2-3087-4089-81e5-1378ee50d37b	chr10	26823	133769379	1	1	0
cd6cd7d2-3087-4089-81e5-1378ee50d37b	chr11	198572	10360637	2	2	0
cd6cd7d2-3087-4089-81e5-1378ee50d37b	chr11	10360999	11046783	3	2	1
cd6cd7d2-3087-4089-81e5-1378ee50d37b	chr11	11048858	16519640	2	2	0
cd6cd7d2-3087-4089-81e5-1378ee50d37b	chr11	16519744	23176019	3	2	1
cd6cd7d2-3087-4089-81e5-1378ee50d37b	chr11	23176091	39433170	2	2	0
cd6cd7d2-3087-4089-81e5-1378ee50d37b	chr11	39435303	39802952	4	3	1
cd6cd7d2-3087-4089-81e5-1378ee50d37b	chr11	39803382	40890032	2	2	0
cd6cd7d2-3087-4089-81e5-1378ee50d37b	chr11	40892768	41089157	3	2	1
cd6cd7d2-3087-4089-81e5-1378ee50d37b	chr11	41090595	50775865	2	2	0
cd6cd7d2-3087-4089-81e5-1378ee50d37b	chr11	50788055	54891766	3	2	1
cd6cd7d2-3087-4089-81e5-1378ee50d37b	chr11	54897676	65989869	2	2	0
cd6cd7d2-3087-4089-81e5-1378ee50d37b	chr11	65996659	81286540	3	2	1
cd6cd7d2-3087-4089-81e5-1378ee50d37b	chr11	81286586	81589619	1	1	0
cd6cd7d2-3087-4089-81e5-1378ee50d37b	chr11	81593146	82584921	3	2	1
cd6cd7d2-3087-4089-81e5-1378ee50d37b	chr11	82591923	82657879	2	2	0
cd6cd7d2-3087-4089-81e5-1378ee50d37b	chr11	82658085	83715176	3	2	1
cd6cd7d2-3087-4089-81e5-1378ee50d37b	chr11	83719775	83938681	2	2	0
cd6cd7d2-3087-4089-81e5-1378ee50d37b	chr11	83939160	85331357	3	2	1
cd6cd7d2-3087-4089-81e5-1378ee50d37b	chr11	85334990	88908892	2	2	0
cd6cd7d2-3087-4089-81e5-1378ee50d37b	chr11	88908913	90495522	3	2	1
cd6cd7d2-3087-4089-81e5-1378ee50d37b	chr11	90496396	91722471	2	2	0
cd6cd7d2-3087-4089-81e5-1378ee50d37b	chr11	91725996	92129310	3	2	1
cd6cd7d2-3087-4089-81e5-1378ee50d37b	chr11	92132664	99170713	2	2	0
cd6cd7d2-3087-4089-81e5-1378ee50d37b	chr11	99170982	103102621	3	2	1
cd6cd7d2-3087-4089-81e5-1378ee50d37b	chr11	103102999	106801291	2	1	1
cd6cd7d2-3087-4089-81e5-1378ee50d37b	chr11	106804584	127425064	1	1	0
cd6cd7d2-3087-4089-81e5-1378ee50d37b	chr11	127430544	127519849	3	2	1
cd6cd7d2-3087-4089-81e5-1378ee50d37b	chr11	127522266	128612201	1	1	0
cd6cd7d2-3087-4089-81e5-1378ee50d37b	chr11	128612867	129162900	2	1	1
cd6cd7d2-3087-4089-81e5-1378ee50d37b	chr11	129184664	133499549	1	1	0
cd6cd7d2-3087-4089-81e5-1378ee50d37b	chr11	133501713	133605316	2	1	1
cd6cd7d2-3087-4089-81e5-1378ee50d37b	chr11	133606536	135074876	1	1	0
cd6cd7d2-3087-4089-81e5-1378ee50d37b	chr12	51460	995971	3	2	1
cd6cd7d2-3087-4089-81e5-1378ee50d37b	chr12	996443	1641431	2	2	0
cd6cd7d2-3087-4089-81e5-1378ee50d37b	chr12	1644124	8651850	3	2	1
cd6cd7d2-3087-4089-81e5-1378ee50d37b	chr12	8651976	121528927	2	1	1
cd6cd7d2-3087-4089-81e5-1378ee50d37b	chr12	121539420	133201603	3	2	1
cd6cd7d2-3087-4089-81e5-1378ee50d37b	chr13	18452809	114342922	1	1	0
cd6cd7d2-3087-4089-81e5-1378ee50d37b	chr14	18225647	106877229	2	1	1
cd6cd7d2-3087-4089-81e5-1378ee50d37b	chr15	19811075	101928837	2	1	1
cd6cd7d2-3087-4089-81e5-1378ee50d37b	chr16	10777	12082672	2	1	1
cd6cd7d2-3087-4089-81e5-1378ee50d37b	chr16	12082699	12107241	1	1	0
cd6cd7d2-3087-4089-81e5-1378ee50d37b	chr16	12107834	36048855	2	1	1
cd6cd7d2-3087-4089-81e5-1378ee50d37b	chr16	46429870	90221127	2	2	0
cd6cd7d2-3087-4089-81e5-1378ee50d37b	chr17	150733	83090856	2	2	0
cd6cd7d2-3087-4089-81e5-1378ee50d37b	chr18	48133	25281830	3	3	0
cd6cd7d2-3087-4089-81e5-1378ee50d37b	chr18	25281954	25656400	2	2	0
cd6cd7d2-3087-4089-81e5-1378ee50d37b	chr18	25659862	25960106	4	3	1
cd6cd7d2-3087-4089-81e5-1378ee50d37b	chr18	25961127	27330370	2	2	0
cd6cd7d2-3087-4089-81e5-1378ee50d37b	chr18	27332392	27688252	1	1	0
cd6cd7d2-3087-4089-81e5-1378ee50d37b	chr18	27688363	27973830	2	1	1
cd6cd7d2-3087-4089-81e5-1378ee50d37b	chr18	27974351	28375674	2	2	0
cd6cd7d2-3087-4089-81e5-1378ee50d37b	chr18	28393183	28918372	3	3	0
cd6cd7d2-3087-4089-81e5-1378ee50d37b	chr18	28918945	31034924	2	2	0
cd6cd7d2-3087-4089-81e5-1378ee50d37b	chr18	31038583	31139225	3	2	1
cd6cd7d2-3087-4089-81e5-1378ee50d37b	chr18	31139481	35607809	2	2	0
cd6cd7d2-3087-4089-81e5-1378ee50d37b	chr18	35608164	38086536	1	1	0
cd6cd7d2-3087-4089-81e5-1378ee50d37b	chr18	38090319	38380402	2	1	1
cd6cd7d2-3087-4089-81e5-1378ee50d37b	chr18	38380559	38892415	1	1	0
cd6cd7d2-3087-4089-81e5-1378ee50d37b	chr18	38895465	38964312	2	2	0
cd6cd7d2-3087-4089-81e5-1378ee50d37b	chr18	38964566	61059526	1	1	0
cd6cd7d2-3087-4089-81e5-1378ee50d37b	chr18	61062090	65250892	2	1	1
cd6cd7d2-3087-4089-81e5-1378ee50d37b	chr18	65256390	67531595	1	1	0
cd6cd7d2-3087-4089-81e5-1378ee50d37b	chr18	67534504	68116392	2	1	1
cd6cd7d2-3087-4089-81e5-1378ee50d37b	chr18	68118231	68499063	1	1	0
cd6cd7d2-3087-4089-81e5-1378ee50d37b	chr18	68499260	69717427	2	1	1
cd6cd7d2-3087-4089-81e5-1378ee50d37b	chr18	69721718	80257174	1	1	0
cd6cd7d2-3087-4089-81e5-1378ee50d37b	chr19	90910	3856450	2	1	1
cd6cd7d2-3087-4089-81e5-1378ee50d37b	chr19	3856658	5682232	1	1	0
cd6cd7d2-3087-4089-81e5-1378ee50d37b	chr19	5682756	28544649	2	1	1
cd6cd7d2-3087-4089-81e5-1378ee50d37b	chr19	28546433	30418540	3	2	1
cd6cd7d2-3087-4089-81e5-1378ee50d37b	chr19	30419455	44692615	1	1	0
cd6cd7d2-3087-4089-81e5-1378ee50d37b	chr19	44692690	58586487	2	1	1
cd6cd7d2-3087-4089-81e5-1378ee50d37b	chr20	80664	13392283	2	2	0
cd6cd7d2-3087-4089-81e5-1378ee50d37b	chr20	13392632	38457897	3	2	1
cd6cd7d2-3087-4089-81e5-1378ee50d37b	chr20	38466780	38777116	1	1	0
cd6cd7d2-3087-4089-81e5-1378ee50d37b	chr20	38785980	64242906	3	2	1
cd6cd7d2-3087-4089-81e5-1378ee50d37b	chr20	64244821	64324800	2	2	0
cd6cd7d2-3087-4089-81e5-1378ee50d37b	chr21	10336543	46372959	2	1	1
cd6cd7d2-3087-4089-81e5-1378ee50d37b	chr21	46373074	46677045	1	1	0
cd6cd7d2-3087-4089-81e5-1378ee50d37b	chr22	15294545	28888781	2	1	1
cd6cd7d2-3087-4089-81e5-1378ee50d37b	chr22	28889550	29184289	1	1	0
cd6cd7d2-3087-4089-81e5-1378ee50d37b	chr22	29187263	29998712	2	1	1
cd6cd7d2-3087-4089-81e5-1378ee50d37b	chr22	29999032	34493245	1	1	0
cd6cd7d2-3087-4089-81e5-1378ee50d37b	chr22	34493524	35152785	2	1	1
cd6cd7d2-3087-4089-81e5-1378ee50d37b	chr22	35152897	36496196	3	2	1
cd6cd7d2-3087-4089-81e5-1378ee50d37b	chr22	36497740	39930698	2	1	1
cd6cd7d2-3087-4089-81e5-1378ee50d37b	chr22	39930831	41080333	1	1	0
cd6cd7d2-3087-4089-81e5-1378ee50d37b	chr22	41083293	42278733	2	1	1
cd6cd7d2-3087-4089-81e5-1378ee50d37b	chr22	42285854	44966282	1	1	0
cd6cd7d2-3087-4089-81e5-1378ee50d37b	chr22	44971031	45869453	2	1	1
cd6cd7d2-3087-4089-81e5-1378ee50d37b	chr22	45870451	50796027	1	1	0
cd6cd7d2-3087-4089-81e5-1378ee50d37b	chrX	251810	156004181	1	1	0
c74f3074-c901-49af-8a8e-4ab571561794	chr1	62920	2876667	3	3	0
c74f3074-c901-49af-8a8e-4ab571561794	chr1	2892925	3809837	4	4	0
c74f3074-c901-49af-8a8e-4ab571561794	chr1	3813871	3849877	2	2	0
c74f3074-c901-49af-8a8e-4ab571561794	chr1	3852667	5996669	4	4	0
c74f3074-c901-49af-8a8e-4ab571561794	chr1	5997665	17414002	3	3	0
c74f3074-c901-49af-8a8e-4ab571561794	chr1	17415377	66564027	4	4	0
c74f3074-c901-49af-8a8e-4ab571561794	chr1	66564179	67672089	3	3	0
c74f3074-c901-49af-8a8e-4ab571561794	chr1	67672180	72174650	4	4	0
c74f3074-c901-49af-8a8e-4ab571561794	chr1	72175295	73805400	5	5	0
c74f3074-c901-49af-8a8e-4ab571561794	chr1	73807404	88181422	4	4	0
c74f3074-c901-49af-8a8e-4ab571561794	chr1	88182457	95078269	3	3	0
c74f3074-c901-49af-8a8e-4ab571561794	chr1	95078300	121705338	4	4	0
c74f3074-c901-49af-8a8e-4ab571561794	chr1	143541857	152789447	3	3	0
c74f3074-c901-49af-8a8e-4ab571561794	chr1	152789463	152795783	0	0	0
c74f3074-c901-49af-8a8e-4ab571561794	chr1	152795805	189543842	4	4	0
c74f3074-c901-49af-8a8e-4ab571561794	chr1	189543877	189577974	8	7	1
c74f3074-c901-49af-8a8e-4ab571561794	chr1	189578371	211024833	4	4	0
c74f3074-c901-49af-8a8e-4ab571561794	chr1	211025107	213486617	3	3	0
c74f3074-c901-49af-8a8e-4ab571561794	chr1	213486819	248930189	4	4	0
c74f3074-c901-49af-8a8e-4ab571561794	chr2	12784	23606401	4	4	0
c74f3074-c901-49af-8a8e-4ab571561794	chr2	23606934	28125900	3	3	0
c74f3074-c901-49af-8a8e-4ab571561794	chr2	28127744	31022647	4	4	0
c74f3074-c901-49af-8a8e-4ab571561794	chr2	31022784	31027855	1	1	0
c74f3074-c901-49af-8a8e-4ab571561794	chr2	31029795	46226145	4	4	0
c74f3074-c901-49af-8a8e-4ab571561794	chr2	46227073	46236572	1	1	0
c74f3074-c901-49af-8a8e-4ab571561794	chr2	46237657	60983194	4	4	0
c74f3074-c901-49af-8a8e-4ab571561794	chr2	60983881	64438201	3	3	0
c74f3074-c901-49af-8a8e-4ab571561794	chr2	64440674	64488490	2	2	0
c74f3074-c901-49af-8a8e-4ab571561794	chr2	64491624	67819273	4	4	0
c74f3074-c901-49af-8a8e-4ab571561794	chr2	67820270	70447020	3	3	0
c74f3074-c901-49af-8a8e-4ab571561794	chr2	70447101	79353868	4	4	0
c74f3074-c901-49af-8a8e-4ab571561794	chr2	79354049	79364680	10	9	1
c74f3074-c901-49af-8a8e-4ab571561794	chr2	79369603	127663092	4	4	0
c74f3074-c901-49af-8a8e-4ab571561794	chr2	127671242	128212298	3	3	0
c74f3074-c901-49af-8a8e-4ab571561794	chr2	128212488	154361936	4	4	0
c74f3074-c901-49af-8a8e-4ab571561794	chr2	154366359	154415877	8	7	1
c74f3074-c901-49af-8a8e-4ab571561794	chr2	154415941	223808229	4	4	0
c74f3074-c901-49af-8a8e-4ab571561794	chr2	223808298	223833720	1	1	0
c74f3074-c901-49af-8a8e-4ab571561794	chr2	223833840	242147305	4	4	0
c74f3074-c901-49af-8a8e-4ab571561794	chr3	20930	36768539	4	4	0
c74f3074-c901-49af-8a8e-4ab571561794	chr3	36768685	37367938	3	3	0
c74f3074-c901-49af-8a8e-4ab571561794	chr3	37368290	56104708	4	4	0
c74f3074-c901-49af-8a8e-4ab571561794	chr3	56106283	59382257	3	3	0
c74f3074-c901-49af-8a8e-4ab571561794	chr3	59382348	99648319	4	4	0
c74f3074-c901-49af-8a8e-4ab571561794	chr3	99649060	102102309	3	3	0
c74f3074-c901-49af-8a8e-4ab571561794	chr3	102104617	121817042	4	4	0
c74f3074-c901-49af-8a8e-4ab571561794	chr3	121819951	123868840	3	3	0
c74f3074-c901-49af-8a8e-4ab571561794	chr3	123868860	124436364	4	4	0
c74f3074-c901-49af-8a8e-4ab571561794	chr3	124437784	125724765	3	3	0
c74f3074-c901-49af-8a8e-4ab571561794	chr3	125727821	194863353	4	4	0
c74f3074-c901-49af-8a8e-4ab571561794	chr3	194863392	195012346	5	5	0
c74f3074-c901-49af-8a8e-4ab571561794	chr3	195013236	198169247	3	3	0
c74f3074-c901-49af-8a8e-4ab571561794	chr4	68929	4737310	3	3	0
c74f3074-c901-49af-8a8e-4ab571561794	chr4	4737331	22605735	4	4	0
c74f3074-c901-49af-8a8e-4ab571561794	chr4	22605803	22658597	9	6	3
c74f3074-c901-49af-8a8e-4ab571561794	chr4	22658997	23816454	4	4	0
c74f3074-c901-49af-8a8e-4ab571561794	chr4	23819105	82822200	8	4	4
c74f3074-c901-49af-8a8e-4ab571561794	chr4	82822686	83832631	7	4	3
c74f3074-c901-49af-8a8e-4ab571561794	chr4	83833507	89897942	8	4	4
c74f3074-c901-49af-8a8e-4ab571561794	chr4	89898003	98582495	9	5	4
c74f3074-c901-49af-8a8e-4ab571561794	chr4	98584059	105001890	8	4	4
c74f3074-c901-49af-8a8e-4ab571561794	chr4	105002314	105667618	7	4	3
c74f3074-c901-49af-8a8e-4ab571561794	chr4	105672417	149727229	8	4	4
c74f3074-c901-49af-8a8e-4ab571561794	chr4	149727664	153968825	7	4	3
c74f3074-c901-49af-8a8e-4ab571561794	chr4	153968974	160952848	8	4	4
c74f3074-c901-49af-8a8e-4ab571561794	chr4	160958866	160963756	0	0	0
c74f3074-c901-49af-8a8e-4ab571561794	chr4	160963767	168526369	8	4	4
c74f3074-c901-49af-8a8e-4ab571561794	chr4	168526757	169791175	7	4	3
c74f3074-c901-49af-8a8e-4ab571561794	chr4	169796652	171808453	8	4	4
c74f3074-c901-49af-8a8e-4ab571561794	chr4	171810430	171820318	6	6	0
c74f3074-c901-49af-8a8e-4ab571561794	chr4	171821388	173472879	4	4	0
c74f3074-c901-49af-8a8e-4ab571561794	chr4	173475867	182754081	9	5	4
c74f3074-c901-49af-8a8e-4ab571561794	chr4	182754772	186095456	7	4	3
c74f3074-c901-49af-8a8e-4ab571561794	chr4	186096037	190106768	8	4	4
c74f3074-c901-49af-8a8e-4ab571561794	chr5	15532	78017065	4	4	0
c74f3074-c901-49af-8a8e-4ab571561794	chr5	78023623	79809198	3	3	0
c74f3074-c901-49af-8a8e-4ab571561794	chr5	79809331	171842017	4	4	0
c74f3074-c901-49af-8a8e-4ab571561794	chr5	171843295	181363319	3	3	0
c74f3074-c901-49af-8a8e-4ab571561794	chr6	149661	18318003	3	3	0
c74f3074-c901-49af-8a8e-4ab571561794	chr6	18318242	138059722	4	4	0
c74f3074-c901-49af-8a8e-4ab571561794	chr6	138061723	138355595	7	4	3
c74f3074-c901-49af-8a8e-4ab571561794	chr6	138358590	138375581	3	2	1
c74f3074-c901-49af-8a8e-4ab571561794	chr6	138376004	158897542	3	3	0
c74f3074-c901-49af-8a8e-4ab571561794	chr6	158897742	166914932	4	4	0
c74f3074-c901-49af-8a8e-4ab571561794	chr6	166916589	167100595	3	3	0
c74f3074-c901-49af-8a8e-4ab571561794	chr6	167102607	170741917	4	4	0
c74f3074-c901-49af-8a8e-4ab571561794	chr7	43259	8140025	7	4	3
c74f3074-c901-49af-8a8e-4ab571561794	chr7	8140152	40231576	8	4	4
c74f3074-c901-49af-8a8e-4ab571561794	chr7	40231625	42964572	9	5	4
c74f3074-c901-49af-8a8e-4ab571561794	chr7	42967833	50482182	8	4	4
c74f3074-c901-49af-8a8e-4ab571561794	chr7	50483182	54349404	9	5	4
c74f3074-c901-49af-8a8e-4ab571561794	chr7	54349896	71059066	8	4	4
c74f3074-c901-49af-8a8e-4ab571561794	chr7	71061837	79167577	7	4	3
c74f3074-c901-49af-8a8e-4ab571561794	chr7	79167594	86122913	9	5	4
c74f3074-c901-49af-8a8e-4ab571561794	chr7	86124459	128109217	8	4	4
c74f3074-c901-49af-8a8e-4ab571561794	chr7	128109459	131530327	7	4	3
c74f3074-c901-49af-8a8e-4ab571561794	chr7	131531529	132704700	9	5	4
c74f3074-c901-49af-8a8e-4ab571561794	chr7	132705223	148260540	8	4	4
c74f3074-c901-49af-8a8e-4ab571561794	chr7	148261789	148271537	4	2	2
c74f3074-c901-49af-8a8e-4ab571561794	chr7	148271699	157850075	8	4	4
c74f3074-c901-49af-8a8e-4ab571561794	chr7	157850824	158018570	12	8	4
c74f3074-c901-49af-8a8e-4ab571561794	chr7	158019256	159334314	8	4	4
c74f3074-c901-49af-8a8e-4ab571561794	chr8	81254	6596156	5	4	1
c74f3074-c901-49af-8a8e-4ab571561794	chr8	6596265	6635665	3	3	0
c74f3074-c901-49af-8a8e-4ab571561794	chr8	6635679	74136401	5	4	1
c74f3074-c901-49af-8a8e-4ab571561794	chr8	74141062	74200423	2	2	0
c74f3074-c901-49af-8a8e-4ab571561794	chr8	74200535	96522423	5	4	1
c74f3074-c901-49af-8a8e-4ab571561794	chr8	96522805	96530861	10	5	5
c74f3074-c901-49af-8a8e-4ab571561794	chr8	96531162	145072769	5	4	1
c74f3074-c901-49af-8a8e-4ab571561794	chr9	46587	14905190	4	4	0
c74f3074-c901-49af-8a8e-4ab571561794	chr9	14907421	16043352	3	3	0
c74f3074-c901-49af-8a8e-4ab571561794	chr9	16045127	16157671	5	5	0
c74f3074-c901-49af-8a8e-4ab571561794	chr9	16158348	31970901	4	4	0
c74f3074-c901-49af-8a8e-4ab571561794	chr9	31971501	32088082	3	3	0
c74f3074-c901-49af-8a8e-4ab571561794	chr9	32088306	32106036	6	6	0
c74f3074-c901-49af-8a8e-4ab571561794	chr9	32106339	108721695	4	4	0
c74f3074-c901-49af-8a8e-4ab571561794	chr9	108722619	113342125	3	3	0
c74f3074-c901-49af-8a8e-4ab571561794	chr9	113342246	113383144	2	2	0
c74f3074-c901-49af-8a8e-4ab571561794	chr9	113385961	127362905	4	4	0
c74f3074-c901-49af-8a8e-4ab571561794	chr9	127367728	133615389	3	3	0
c74f3074-c901-49af-8a8e-4ab571561794	chr9	133617305	138200944	4	4	0
c74f3074-c901-49af-8a8e-4ab571561794	chr10	45792	36749786	8	4	4
c74f3074-c901-49af-8a8e-4ab571561794	chr10	36749912	37446358	4	4	0
c74f3074-c901-49af-8a8e-4ab571561794	chr10	37446839	38208434	3	3	0
c74f3074-c901-49af-8a8e-4ab571561794	chr10	38208849	44558301	4	4	0
c74f3074-c901-49af-8a8e-4ab571561794	chr10	44563219	44566257	9	8	1
c74f3074-c901-49af-8a8e-4ab571561794	chr10	44567780	65548272	4	4	0
c74f3074-c901-49af-8a8e-4ab571561794	chr10	65548833	65554688	0	0	0
c74f3074-c901-49af-8a8e-4ab571561794	chr10	65563037	67863299	4	4	0
c74f3074-c901-49af-8a8e-4ab571561794	chr10	67863423	69632523	3	3	0
c74f3074-c901-49af-8a8e-4ab571561794	chr10	69632936	69938636	5	5	0
c74f3074-c901-49af-8a8e-4ab571561794	chr10	69941755	70556689	3	3	0
c74f3074-c901-49af-8a8e-4ab571561794	chr10	70557053	70710957	5	5	0
c74f3074-c901-49af-8a8e-4ab571561794	chr10	70711451	94024877	4	4	0
c74f3074-c901-49af-8a8e-4ab571561794	chr10	94028220	94046602	9	7	2
c74f3074-c901-49af-8a8e-4ab571561794	chr10	94047224	95102662	3	3	0
c74f3074-c901-49af-8a8e-4ab571561794	chr10	95105336	95109349	19	19	0
c74f3074-c901-49af-8a8e-4ab571561794	chr10	95109949	133654968	4	4	0
c74f3074-c901-49af-8a8e-4ab571561794	chr11	198510	11010880	7	4	3
c74f3074-c901-49af-8a8e-4ab571561794	chr11	11011270	31656065	8	4	4
c74f3074-c901-49af-8a8e-4ab571561794	chr11	31657500	37059123	7	4	3
c74f3074-c901-49af-8a8e-4ab571561794	chr11	37059713	45120136	8	4	4
c74f3074-c901-49af-8a8e-4ab571561794	chr11	45120149	78737325	7	4	3
c74f3074-c901-49af-8a8e-4ab571561794	chr11	78738076	79776806	9	5	4
c74f3074-c901-49af-8a8e-4ab571561794	chr11	79776945	115653419	8	4	4
c74f3074-c901-49af-8a8e-4ab571561794	chr11	115653933	130892314	7	4	3
c74f3074-c901-49af-8a8e-4ab571561794	chr11	130893559	135074876	9	5	4
c74f3074-c901-49af-8a8e-4ab571561794	chr12	51460	31846641	4	4	0
c74f3074-c901-49af-8a8e-4ab571561794	chr12	31846713	31915248	7	4	3
c74f3074-c901-49af-8a8e-4ab571561794	chr12	31915943	33027035	3	3	0
c74f3074-c901-49af-8a8e-4ab571561794	chr12	33027217	34304273	4	4	0
c74f3074-c901-49af-8a8e-4ab571561794	chr12	34307094	34406374	11	10	1
c74f3074-c901-49af-8a8e-4ab571561794	chr12	34423775	91522530	5	4	1
c74f3074-c901-49af-8a8e-4ab571561794	chr12	91522660	96093567	4	3	1
c74f3074-c901-49af-8a8e-4ab571561794	chr12	96093764	119449700	5	4	1
c74f3074-c901-49af-8a8e-4ab571561794	chr12	119450179	125068552	4	3	1
c74f3074-c901-49af-8a8e-4ab571561794	chr12	125069387	131595516	5	4	1
c74f3074-c901-49af-8a8e-4ab571561794	chr12	131596656	133201603	4	3	1
c74f3074-c901-49af-8a8e-4ab571561794	chr13	18452809	23055048	4	4	0
c74f3074-c901-49af-8a8e-4ab571561794	chr13	23055071	23059376	0	0	0
c74f3074-c901-49af-8a8e-4ab571561794	chr13	23064056	105938200	4	4	0
c74f3074-c901-49af-8a8e-4ab571561794	chr13	105939270	105987561	5	5	0
c74f3074-c901-49af-8a8e-4ab571561794	chr13	105987805	113128051	4	4	0
c74f3074-c901-49af-8a8e-4ab571561794	chr13	113132633	114342922	3	3	0
c74f3074-c901-49af-8a8e-4ab571561794	chr14	18239283	34007774	8	4	4
c74f3074-c901-49af-8a8e-4ab571561794	chr14	34008288	36018202	7	4	3
c74f3074-c901-49af-8a8e-4ab571561794	chr14	36019095	62487683	8	4	4
c74f3074-c901-49af-8a8e-4ab571561794	chr14	62487727	62660441	10	5	5
c74f3074-c901-49af-8a8e-4ab571561794	chr14	62662173	78091162	7	4	3
c74f3074-c901-49af-8a8e-4ab571561794	chr14	78091224	88487060	9	5	4
c74f3074-c901-49af-8a8e-4ab571561794	chr14	88488403	96614499	7	4	3
c74f3074-c901-49af-8a8e-4ab571561794	chr14	96614885	99551024	9	5	4
c74f3074-c901-49af-8a8e-4ab571561794	chr14	99551085	99556527	2	1	1
c74f3074-c901-49af-8a8e-4ab571561794	chr14	99557059	103244654	8	4	4
c74f3074-c901-49af-8a8e-4ab571561794	chr14	103245000	103302425	4	2	2
c74f3074-c901-49af-8a8e-4ab571561794	chr14	103304299	106877229	9	5	4
c74f3074-c901-49af-8a8e-4ab571561794	chr15	19811075	25054112	9	5	4
c74f3074-c901-49af-8a8e-4ab571561794	chr15	25055911	25081548	22	11	11
c74f3074-c901-49af-8a8e-4ab571561794	chr15	25081683	29287590	9	5	4
c74f3074-c901-49af-8a8e-4ab571561794	chr15	29287944	45973717	8	4	4
c74f3074-c901-49af-8a8e-4ab571561794	chr15	45975943	45991230	4	2	2
c74f3074-c901-49af-8a8e-4ab571561794	chr15	45996377	51773533	8	4	4
c74f3074-c901-49af-8a8e-4ab571561794	chr15	51773992	52697299	6	3	3
c74f3074-c901-49af-8a8e-4ab571561794	chr15	52697350	101928837	8	4	4
c74f3074-c901-49af-8a8e-4ab571561794	chr16	10777	5072680	6	3	3
c74f3074-c901-49af-8a8e-4ab571561794	chr16	5072783	26083515	8	4	4
c74f3074-c901-49af-8a8e-4ab571561794	chr16	26083979	26120774	13	7	6
c74f3074-c901-49af-8a8e-4ab571561794	chr16	26120957	36048855	7	4	3
c74f3074-c901-49af-8a8e-4ab571561794	chr16	46441986	56339396	8	4	4
c74f3074-c901-49af-8a8e-4ab571561794	chr16	56341584	57277144	7	4	3
c74f3074-c901-49af-8a8e-4ab571561794	chr16	57277900	57541485	6	3	3
c74f3074-c901-49af-8a8e-4ab571561794	chr16	57543134	66027514	9	5	4
c74f3074-c901-49af-8a8e-4ab571561794	chr16	66027537	66033682	16	8	8
c74f3074-c901-49af-8a8e-4ab571561794	chr16	66033739	74903930	7	4	3
c74f3074-c901-49af-8a8e-4ab571561794	chr16	74904185	75655646	6	3	3
c74f3074-c901-49af-8a8e-4ab571561794	chr16	75659066	80522096	8	4	4
c74f3074-c901-49af-8a8e-4ab571561794	chr16	80527806	90096867	7	4	3
c74f3074-c901-49af-8a8e-4ab571561794	chr17	150733	9661240	3	3	0
c74f3074-c901-49af-8a8e-4ab571561794	chr17	9662094	29254545	4	4	0
c74f3074-c901-49af-8a8e-4ab571561794	chr17	29258038	46022752	3	3	0
c74f3074-c901-49af-8a8e-4ab571561794	chr17	46023352	46039717	7	6	1
c74f3074-c901-49af-8a8e-4ab571561794	chr17	46039832	46203310	4	3	1
c74f3074-c901-49af-8a8e-4ab571561794	chr17	46203331	57627295	4	4	0
c74f3074-c901-49af-8a8e-4ab571561794	chr17	57627580	57823060	5	5	0
c74f3074-c901-49af-8a8e-4ab571561794	chr17	57823656	70445797	3	3	0
c74f3074-c901-49af-8a8e-4ab571561794	chr17	70446360	70478280	9	8	1
c74f3074-c901-49af-8a8e-4ab571561794	chr17	70478475	70708467	3	3	0
c74f3074-c901-49af-8a8e-4ab571561794	chr17	70709882	74603279	4	4	0
c74f3074-c901-49af-8a8e-4ab571561794	chr17	74603588	82962720	3	3	0
c74f3074-c901-49af-8a8e-4ab571561794	chr17	82978629	83091923	2	2	0
c74f3074-c901-49af-8a8e-4ab571561794	chr18	48133	2137472	4	4	0
c74f3074-c901-49af-8a8e-4ab571561794	chr18	2137688	3306331	3	3	0
c74f3074-c901-49af-8a8e-4ab571561794	chr18	3307536	9091546	4	4	0
c74f3074-c901-49af-8a8e-4ab571561794	chr18	9092235	9755261	3	3	0
c74f3074-c901-49af-8a8e-4ab571561794	chr18	9755414	15402409	4	4	0
c74f3074-c901-49af-8a8e-4ab571561794	chr18	20949392	22420913	3	3	0
c74f3074-c901-49af-8a8e-4ab571561794	chr18	22422153	22504389	6	6	0
c74f3074-c901-49af-8a8e-4ab571561794	chr18	22504793	24497165	3	3	0
c74f3074-c901-49af-8a8e-4ab571561794	chr18	24500418	80257174	4	4	0
c74f3074-c901-49af-8a8e-4ab571561794	chr19	90910	18464142	6	3	3
c74f3074-c901-49af-8a8e-4ab571561794	chr19	18464681	20541093	7	4	3
c74f3074-c901-49af-8a8e-4ab571561794	chr19	20542173	20577052	3	2	1
c74f3074-c901-49af-8a8e-4ab571561794	chr19	20582324	27706033	8	4	4
c74f3074-c901-49af-8a8e-4ab571561794	chr19	27707365	31992010	7	4	3
c74f3074-c901-49af-8a8e-4ab571561794	chr19	31992365	34593388	6	3	3
c74f3074-c901-49af-8a8e-4ab571561794	chr19	34594405	51123685	4	3	1
c74f3074-c901-49af-8a8e-4ab571561794	chr19	51125272	58586487	5	4	1
c74f3074-c901-49af-8a8e-4ab571561794	chr20	80664	6287237	7	4	3
c74f3074-c901-49af-8a8e-4ab571561794	chr20	6289259	46803218	8	4	4
c74f3074-c901-49af-8a8e-4ab571561794	chr20	46805139	47841231	7	4	3
c74f3074-c901-49af-8a8e-4ab571561794	chr20	47841255	62028619	8	4	4
c74f3074-c901-49af-8a8e-4ab571561794	chr20	62028810	64324800	7	4	3
c74f3074-c901-49af-8a8e-4ab571561794	chr21	12973348	18144472	8	4	4
c74f3074-c901-49af-8a8e-4ab571561794	chr21	18145506	18148659	3	2	1
c74f3074-c901-49af-8a8e-4ab571561794	chr21	18149531	40648833	8	4	4
c74f3074-c901-49af-8a8e-4ab571561794	chr21	40649443	40656356	14	7	7
c74f3074-c901-49af-8a8e-4ab571561794	chr21	40657217	45884984	7	4	3
c74f3074-c901-49af-8a8e-4ab571561794	chr21	45888113	45955354	13	7	6
c74f3074-c901-49af-8a8e-4ab571561794	chr21	45955887	46677045	7	4	3
c74f3074-c901-49af-8a8e-4ab571561794	chr22	16392123	17982911	8	4	4
c74f3074-c901-49af-8a8e-4ab571561794	chr22	17987264	37536479	7	4	3
c74f3074-c901-49af-8a8e-4ab571561794	chr22	37537992	43161028	6	3	3
c74f3074-c901-49af-8a8e-4ab571561794	chr22	43162481	50796027	7	4	3
c74f3074-c901-49af-8a8e-4ab571561794	chrX	251810	1480942	7	4	3
c74f3074-c901-49af-8a8e-4ab571561794	chrX	1482489	17042523	8	4	4
c74f3074-c901-49af-8a8e-4ab571561794	chrX	17043578	35640420	9	5	4
c74f3074-c901-49af-8a8e-4ab571561794	chrX	35641321	35659289	15	8	7
c74f3074-c901-49af-8a8e-4ab571561794	chrX	35659925	66967752	8	4	4
c74f3074-c901-49af-8a8e-4ab571561794	chrX	66970249	97870994	5	4	1
c74f3074-c901-49af-8a8e-4ab571561794	chrX	97872875	153349212	9	5	4
c74f3074-c901-49af-8a8e-4ab571561794	chrX	153351243	156004181	8	4	4
c74f3074-c901-49af-8a8e-4ab571561794	chrY	2782397	26653788	0	0	0
c74f3074-c901-49af-8a8e-4ab571561794	chrY	56872112	56872112	1	1	0
96c81f73-0399-4e44-9da1-a8d149912d5f	chr1	62920	3809837	3	3	0
96c81f73-0399-4e44-9da1-a8d149912d5f	chr1	3813871	3849877	2	2	0
96c81f73-0399-4e44-9da1-a8d149912d5f	chr1	3852667	5625890	4	4	0
96c81f73-0399-4e44-9da1-a8d149912d5f	chr1	5626072	15574022	3	3	0
96c81f73-0399-4e44-9da1-a8d149912d5f	chr1	15574042	15592181	6	6	0
96c81f73-0399-4e44-9da1-a8d149912d5f	chr1	15592244	62032469	3	3	0
96c81f73-0399-4e44-9da1-a8d149912d5f	chr1	62033153	62044482	2	2	0
96c81f73-0399-4e44-9da1-a8d149912d5f	chr1	62044500	67634730	3	3	0
96c81f73-0399-4e44-9da1-a8d149912d5f	chr1	67634872	67671411	2	2	0
96c81f73-0399-4e44-9da1-a8d149912d5f	chr1	67671862	99530874	4	4	0
96c81f73-0399-4e44-9da1-a8d149912d5f	chr1	99531485	111032385	3	3	0
96c81f73-0399-4e44-9da1-a8d149912d5f	chr1	111036474	196829513	2	2	0
96c81f73-0399-4e44-9da1-a8d149912d5f	chr1	196829534	196869965	0	0	0
96c81f73-0399-4e44-9da1-a8d149912d5f	chr1	196870033	223446392	2	2	0
96c81f73-0399-4e44-9da1-a8d149912d5f	chr1	223454848	223462483	5	5	0
96c81f73-0399-4e44-9da1-a8d149912d5f	chr1	223462614	223462824	6	5	1
96c81f73-0399-4e44-9da1-a8d149912d5f	chr1	223463276	223471064	5	5	0
96c81f73-0399-4e44-9da1-a8d149912d5f	chr1	223471097	248930189	2	2	0
96c81f73-0399-4e44-9da1-a8d149912d5f	chr2	12784	13388308	1	1	0
96c81f73-0399-4e44-9da1-a8d149912d5f	chr2	13389607	34227565	2	2	0
96c81f73-0399-4e44-9da1-a8d149912d5f	chr2	34228228	34235474	4	4	0
96c81f73-0399-4e44-9da1-a8d149912d5f	chr2	34236339	46227211	2	2	0
96c81f73-0399-4e44-9da1-a8d149912d5f	chr2	46227789	46271512	1	1	0
96c81f73-0399-4e44-9da1-a8d149912d5f	chr2	46271536	88812836	2	2	0
96c81f73-0399-4e44-9da1-a8d149912d5f	chr2	88813284	94754662	3	3	0
96c81f73-0399-4e44-9da1-a8d149912d5f	chr2	94755952	119340501	2	2	0
96c81f73-0399-4e44-9da1-a8d149912d5f	chr2	119341545	154361936	1	1	0
96c81f73-0399-4e44-9da1-a8d149912d5f	chr2	154366359	154405807	2	2	0
96c81f73-0399-4e44-9da1-a8d149912d5f	chr2	154406489	171595222	1	1	0
96c81f73-0399-4e44-9da1-a8d149912d5f	chr2	171596395	171653648	2	2	0
96c81f73-0399-4e44-9da1-a8d149912d5f	chr2	171654179	174756207	1	1	0
96c81f73-0399-4e44-9da1-a8d149912d5f	chr2	174756754	174789658	2	2	0
96c81f73-0399-4e44-9da1-a8d149912d5f	chr2	174790079	242147305	1	1	0
96c81f73-0399-4e44-9da1-a8d149912d5f	chr3	20930	8578163	5	3	2
96c81f73-0399-4e44-9da1-a8d149912d5f	chr3	8578236	18030609	4	2	2
96c81f73-0399-4e44-9da1-a8d149912d5f	chr3	18031696	25320361	5	3	2
96c81f73-0399-4e44-9da1-a8d149912d5f	chr3	25322685	25569840	3	2	1
96c81f73-0399-4e44-9da1-a8d149912d5f	chr3	25570200	64574337	5	3	2
96c81f73-0399-4e44-9da1-a8d149912d5f	chr3	64575369	64600803	10	5	5
96c81f73-0399-4e44-9da1-a8d149912d5f	chr3	64600984	167395417	5	3	2
96c81f73-0399-4e44-9da1-a8d149912d5f	chr3	167397011	173771008	4	2	2
96c81f73-0399-4e44-9da1-a8d149912d5f	chr3	173771664	174100145	4	3	1
96c81f73-0399-4e44-9da1-a8d149912d5f	chr3	174100494	175041544	2	2	0
96c81f73-0399-4e44-9da1-a8d149912d5f	chr3	175041587	175261962	4	3	1
96c81f73-0399-4e44-9da1-a8d149912d5f	chr3	175262268	198169247	2	2	0
96c81f73-0399-4e44-9da1-a8d149912d5f	chr4	68929	309511	1	1	0
96c81f73-0399-4e44-9da1-a8d149912d5f	chr4	312039	24045990	3	2	1
96c81f73-0399-4e44-9da1-a8d149912d5f	chr4	24046063	24069216	5	3	2
96c81f73-0399-4e44-9da1-a8d149912d5f	chr4	24069422	152137754	3	2	1
96c81f73-0399-4e44-9da1-a8d149912d5f	chr4	152139065	153824066	2	1	1
96c81f73-0399-4e44-9da1-a8d149912d5f	chr4	153824644	153834034	1	1	0
96c81f73-0399-4e44-9da1-a8d149912d5f	chr4	153837515	158269138	3	2	1
96c81f73-0399-4e44-9da1-a8d149912d5f	chr4	158270535	159210555	2	1	1
96c81f73-0399-4e44-9da1-a8d149912d5f	chr4	159216559	174259795	3	2	1
96c81f73-0399-4e44-9da1-a8d149912d5f	chr4	174268389	190106768	2	1	1
96c81f73-0399-4e44-9da1-a8d149912d5f	chr5	15532	2802663	3	2	1
96c81f73-0399-4e44-9da1-a8d149912d5f	chr5	2806507	37933881	5	3	2
96c81f73-0399-4e44-9da1-a8d149912d5f	chr5	37933947	38546771	6	4	2
96c81f73-0399-4e44-9da1-a8d149912d5f	chr5	38547560	42827819	5	3	2
96c81f73-0399-4e44-9da1-a8d149912d5f	chr5	42830475	51835876	4	2	2
96c81f73-0399-4e44-9da1-a8d149912d5f	chr5	51837111	59665205	5	3	2
96c81f73-0399-4e44-9da1-a8d149912d5f	chr5	59668568	96772536	3	2	1
96c81f73-0399-4e44-9da1-a8d149912d5f	chr5	96777193	96778343	1	1	0
96c81f73-0399-4e44-9da1-a8d149912d5f	chr5	96778642	137269184	3	2	1
96c81f73-0399-4e44-9da1-a8d149912d5f	chr5	137269415	137274303	1	1	0
96c81f73-0399-4e44-9da1-a8d149912d5f	chr5	137274433	180243528	3	2	1
96c81f73-0399-4e44-9da1-a8d149912d5f	chr5	180249661	181363319	1	1	0
96c81f73-0399-4e44-9da1-a8d149912d5f	chr6	149661	30470449	2	2	0
96c81f73-0399-4e44-9da1-a8d149912d5f	chr6	30484127	30509499	1	1	0
96c81f73-0399-4e44-9da1-a8d149912d5f	chr6	30515216	78238226	2	2	0
96c81f73-0399-4e44-9da1-a8d149912d5f	chr6	78240104	78325468	0	0	0
96c81f73-0399-4e44-9da1-a8d149912d5f	chr6	78329517	129056075	2	2	0
96c81f73-0399-4e44-9da1-a8d149912d5f	chr6	129058058	170741917	1	1	0
96c81f73-0399-4e44-9da1-a8d149912d5f	chr7	43259	37519127	4	2	2
96c81f73-0399-4e44-9da1-a8d149912d5f	chr7	37519235	38126504	4	3	1
96c81f73-0399-4e44-9da1-a8d149912d5f	chr7	38127522	50474784	4	2	2
96c81f73-0399-4e44-9da1-a8d149912d5f	chr7	50475181	50479871	2	1	1
96c81f73-0399-4e44-9da1-a8d149912d5f	chr7	50479886	86517205	4	2	2
96c81f73-0399-4e44-9da1-a8d149912d5f	chr7	86517279	86555535	3	2	1
96c81f73-0399-4e44-9da1-a8d149912d5f	chr7	86556091	94974190	4	2	2
96c81f73-0399-4e44-9da1-a8d149912d5f	chr7	94976752	97528465	5	3	2
96c81f73-0399-4e44-9da1-a8d149912d5f	chr7	97528647	134100981	4	2	2
96c81f73-0399-4e44-9da1-a8d149912d5f	chr7	134100986	134113356	0	0	0
96c81f73-0399-4e44-9da1-a8d149912d5f	chr7	134113790	159070845	4	2	2
96c81f73-0399-4e44-9da1-a8d149912d5f	chr7	159071067	159334314	3	2	1
96c81f73-0399-4e44-9da1-a8d149912d5f	chr8	81254	250451	4	3	1
96c81f73-0399-4e44-9da1-a8d149912d5f	chr8	250898	5746464	4	2	2
96c81f73-0399-4e44-9da1-a8d149912d5f	chr8	5746485	5749718	1	1	0
96c81f73-0399-4e44-9da1-a8d149912d5f	chr8	5750108	92169516	4	2	2
96c81f73-0399-4e44-9da1-a8d149912d5f	chr8	92169625	93593304	5	3	2
96c81f73-0399-4e44-9da1-a8d149912d5f	chr8	93596097	129263600	4	2	2
96c81f73-0399-4e44-9da1-a8d149912d5f	chr8	129263795	139640620	5	3	2
96c81f73-0399-4e44-9da1-a8d149912d5f	chr8	139641795	143520527	4	2	2
96c81f73-0399-4e44-9da1-a8d149912d5f	chr8	143524975	145072769	3	2	1
96c81f73-0399-4e44-9da1-a8d149912d5f	chr9	46587	7239415	4	2	2
96c81f73-0399-4e44-9da1-a8d149912d5f	chr9	7240593	7264558	3	2	1
96c81f73-0399-4e44-9da1-a8d149912d5f	chr9	7264768	32087211	5	3	2
96c81f73-0399-4e44-9da1-a8d149912d5f	chr9	32088082	32106036	6	3	3
96c81f73-0399-4e44-9da1-a8d149912d5f	chr9	32106339	41741113	4	2	2
96c81f73-0399-4e44-9da1-a8d149912d5f	chr9	60863881	137860667	3	2	1
96c81f73-0399-4e44-9da1-a8d149912d5f	chr9	137860779	138200944	2	1	1
96c81f73-0399-4e44-9da1-a8d149912d5f	chr10	45792	944022	0	0	0
96c81f73-0399-4e44-9da1-a8d149912d5f	chr10	945797	3615169	1	1	0
96c81f73-0399-4e44-9da1-a8d149912d5f	chr10	3615867	42330980	2	2	0
96c81f73-0399-4e44-9da1-a8d149912d5f	chr10	42331264	95102662	1	1	0
96c81f73-0399-4e44-9da1-a8d149912d5f	chr10	95105336	95109306	6	6	0
96c81f73-0399-4e44-9da1-a8d149912d5f	chr10	95109317	133654968	1	1	0
96c81f73-0399-4e44-9da1-a8d149912d5f	chr11	198510	1348325	3	2	1
96c81f73-0399-4e44-9da1-a8d149912d5f	chr11	1348621	1896642	2	1	1
96c81f73-0399-4e44-9da1-a8d149912d5f	chr11	1899025	50294370	3	2	1
96c81f73-0399-4e44-9da1-a8d149912d5f	chr11	50295120	63084258	4	2	2
96c81f73-0399-4e44-9da1-a8d149912d5f	chr11	63085144	79318358	3	2	1
96c81f73-0399-4e44-9da1-a8d149912d5f	chr11	79319714	80538648	2	1	1
96c81f73-0399-4e44-9da1-a8d149912d5f	chr11	80538689	127827982	3	2	1
96c81f73-0399-4e44-9da1-a8d149912d5f	chr11	127828885	127867392	4	2	2
96c81f73-0399-4e44-9da1-a8d149912d5f	chr11	127873455	134634124	3	2	1
96c81f73-0399-4e44-9da1-a8d149912d5f	chr11	134634166	135074876	2	1	1
96c81f73-0399-4e44-9da1-a8d149912d5f	chr12	51460	1322114	3	2	1
96c81f73-0399-4e44-9da1-a8d149912d5f	chr12	1324065	2126723	4	2	2
96c81f73-0399-4e44-9da1-a8d149912d5f	chr12	2136696	2141887	0	0	0
96c81f73-0399-4e44-9da1-a8d149912d5f	chr12	2141912	7853910	4	2	2
96c81f73-0399-4e44-9da1-a8d149912d5f	chr12	7855203	7971304	7	5	2
96c81f73-0399-4e44-9da1-a8d149912d5f	chr12	7978362	9477960	4	2	2
96c81f73-0399-4e44-9da1-a8d149912d5f	chr12	9481274	9582373	0	0	0
96c81f73-0399-4e44-9da1-a8d149912d5f	chr12	9582374	21563922	5	3	2
96c81f73-0399-4e44-9da1-a8d149912d5f	chr12	21564087	34701563	4	2	2
96c81f73-0399-4e44-9da1-a8d149912d5f	chr12	37463949	52526630	3	2	1
96c81f73-0399-4e44-9da1-a8d149912d5f	chr12	52527431	52531875	10	7	3
96c81f73-0399-4e44-9da1-a8d149912d5f	chr12	52532185	52761561	3	2	1
96c81f73-0399-4e44-9da1-a8d149912d5f	chr12	52763742	54530720	4	2	2
96c81f73-0399-4e44-9da1-a8d149912d5f	chr12	54531890	89376291	3	2	1
96c81f73-0399-4e44-9da1-a8d149912d5f	chr12	89377389	132836964	2	1	1
96c81f73-0399-4e44-9da1-a8d149912d5f	chr12	132841110	133201603	1	1	0
96c81f73-0399-4e44-9da1-a8d149912d5f	chr13	18452809	21756531	2	2	0
96c81f73-0399-4e44-9da1-a8d149912d5f	chr13	21757189	21762600	4	4	0
96c81f73-0399-4e44-9da1-a8d149912d5f	chr13	21765681	55268023	2	2	0
96c81f73-0399-4e44-9da1-a8d149912d5f	chr13	55268456	55310133	1	1	0
96c81f73-0399-4e44-9da1-a8d149912d5f	chr13	55310215	106766502	2	2	0
96c81f73-0399-4e44-9da1-a8d149912d5f	chr13	106767166	106775303	3	3	0
96c81f73-0399-4e44-9da1-a8d149912d5f	chr13	106775817	114342922	2	2	0
96c81f73-0399-4e44-9da1-a8d149912d5f	chr14	18239283	79196283	4	2	2
96c81f73-0399-4e44-9da1-a8d149912d5f	chr14	79196335	79422369	3	2	1
96c81f73-0399-4e44-9da1-a8d149912d5f	chr14	79428475	101018512	4	2	2
96c81f73-0399-4e44-9da1-a8d149912d5f	chr14	101022824	101063100	8	5	3
96c81f73-0399-4e44-9da1-a8d149912d5f	chr14	101063522	106877229	4	2	2
96c81f73-0399-4e44-9da1-a8d149912d5f	chr15	19811075	25054112	5	3	2
96c81f73-0399-4e44-9da1-a8d149912d5f	chr15	25055911	25081548	10	5	5
96c81f73-0399-4e44-9da1-a8d149912d5f	chr15	25081683	37140293	4	2	2
96c81f73-0399-4e44-9da1-a8d149912d5f	chr15	37141073	37220221	6	3	3
96c81f73-0399-4e44-9da1-a8d149912d5f	chr15	37220353	45223505	4	2	2
96c81f73-0399-4e44-9da1-a8d149912d5f	chr15	45224975	45237451	2	1	1
96c81f73-0399-4e44-9da1-a8d149912d5f	chr15	45237569	76598900	4	2	2
96c81f73-0399-4e44-9da1-a8d149912d5f	chr15	76599170	76603434	0	0	0
96c81f73-0399-4e44-9da1-a8d149912d5f	chr15	76609838	101928837	4	2	2
96c81f73-0399-4e44-9da1-a8d149912d5f	chr16	10777	36048855	3	2	1
96c81f73-0399-4e44-9da1-a8d149912d5f	chr16	46441986	58894390	2	2	0
96c81f73-0399-4e44-9da1-a8d149912d5f	chr16	58894855	90096867	1	1	0
96c81f73-0399-4e44-9da1-a8d149912d5f	chr17	150733	373984	1	1	0
96c81f73-0399-4e44-9da1-a8d149912d5f	chr17	376174	46135062	2	2	0
96c81f73-0399-4e44-9da1-a8d149912d5f	chr17	46135838	46274563	3	3	0
96c81f73-0399-4e44-9da1-a8d149912d5f	chr17	46275506	83091923	2	2	0
96c81f73-0399-4e44-9da1-a8d149912d5f	chr18	48133	3219853	3	2	1
96c81f73-0399-4e44-9da1-a8d149912d5f	chr18	3220052	4971660	4	2	2
96c81f73-0399-4e44-9da1-a8d149912d5f	chr18	4973590	4989684	2	1	1
96c81f73-0399-4e44-9da1-a8d149912d5f	chr18	4990805	8456959	4	2	2
96c81f73-0399-4e44-9da1-a8d149912d5f	chr18	8458192	8467796	2	1	1
96c81f73-0399-4e44-9da1-a8d149912d5f	chr18	8468750	79930431	4	2	2
96c81f73-0399-4e44-9da1-a8d149912d5f	chr18	79930746	80257174	2	1	1
96c81f73-0399-4e44-9da1-a8d149912d5f	chr19	90910	15612717	3	2	1
96c81f73-0399-4e44-9da1-a8d149912d5f	chr19	15613287	15649767	5	3	2
96c81f73-0399-4e44-9da1-a8d149912d5f	chr19	15652128	30153529	3	2	1
96c81f73-0399-4e44-9da1-a8d149912d5f	chr19	30155622	31381364	4	2	2
96c81f73-0399-4e44-9da1-a8d149912d5f	chr19	31381832	31442638	5	3	2
96c81f73-0399-4e44-9da1-a8d149912d5f	chr19	31445505	42971344	4	2	2
96c81f73-0399-4e44-9da1-a8d149912d5f	chr19	42975800	58586487	3	2	1
96c81f73-0399-4e44-9da1-a8d149912d5f	chr20	80664	240667	4	3	1
96c81f73-0399-4e44-9da1-a8d149912d5f	chr20	240896	14842609	5	3	2
96c81f73-0399-4e44-9da1-a8d149912d5f	chr20	14842673	16347180	3	2	1
96c81f73-0399-4e44-9da1-a8d149912d5f	chr20	16347198	34959861	5	3	2
96c81f73-0399-4e44-9da1-a8d149912d5f	chr20	34965259	64324800	3	2	1
96c81f73-0399-4e44-9da1-a8d149912d5f	chr21	12973348	14124787	2	2	0
96c81f73-0399-4e44-9da1-a8d149912d5f	chr21	14128050	15436155	1	1	0
96c81f73-0399-4e44-9da1-a8d149912d5f	chr21	15437374	46677045	2	2	0
96c81f73-0399-4e44-9da1-a8d149912d5f	chr22	16392123	50796027	4	2	2
96c81f73-0399-4e44-9da1-a8d149912d5f	chrX	251810	509057	1	1	0
96c81f73-0399-4e44-9da1-a8d149912d5f	chrX	509059	1401237	2	2	0
96c81f73-0399-4e44-9da1-a8d149912d5f	chrX	1420810	1520566	1	1	0
96c81f73-0399-4e44-9da1-a8d149912d5f	chrX	1521478	1938120	2	2	0
96c81f73-0399-4e44-9da1-a8d149912d5f	chrX	1939670	2429047	1	1	0
96c81f73-0399-4e44-9da1-a8d149912d5f	chrX	2429171	79303625	2	2	0
96c81f73-0399-4e44-9da1-a8d149912d5f	chrX	79304038	79582430	1	1	0
96c81f73-0399-4e44-9da1-a8d149912d5f	chrX	79582729	156004181	2	2	0
96c81f73-0399-4e44-9da1-a8d149912d5f	chrY	2782397	56872112	0	0	0
ce94d754-f66b-4e13-a54d-b0739b1d4f2b	chr1	61735	248930189	3	2	1
ce94d754-f66b-4e13-a54d-b0739b1d4f2b	chr2	12784	242147305	4	2	2
ce94d754-f66b-4e13-a54d-b0739b1d4f2b	chr3	18667	198169247	4	2	2
ce94d754-f66b-4e13-a54d-b0739b1d4f2b	chr4	12281	190106768	6	4	2
ce94d754-f66b-4e13-a54d-b0739b1d4f2b	chr5	15532	181363319	4	2	2
ce94d754-f66b-4e13-a54d-b0739b1d4f2b	chr6	149661	170741917	2	2	0
ce94d754-f66b-4e13-a54d-b0739b1d4f2b	chr7	43259	159334314	4	2	2
ce94d754-f66b-4e13-a54d-b0739b1d4f2b	chr8	81254	145072769	4	2	2
ce94d754-f66b-4e13-a54d-b0739b1d4f2b	chr9	46587	138200944	4	4	0
ce94d754-f66b-4e13-a54d-b0739b1d4f2b	chr10	26823	133769379	3	2	1
ce94d754-f66b-4e13-a54d-b0739b1d4f2b	chr11	198572	135074876	4	2	2
ce94d754-f66b-4e13-a54d-b0739b1d4f2b	chr12	51460	133201603	4	2	2
ce94d754-f66b-4e13-a54d-b0739b1d4f2b	chr13	18452809	114342922	2	2	0
ce94d754-f66b-4e13-a54d-b0739b1d4f2b	chr14	18225647	106877229	4	2	2
ce94d754-f66b-4e13-a54d-b0739b1d4f2b	chr15	19811075	101928837	4	2	2
ce94d754-f66b-4e13-a54d-b0739b1d4f2b	chr16	10777	90221127	6	4	2
ce94d754-f66b-4e13-a54d-b0739b1d4f2b	chr17	150733	83090856	2	2	0
ce94d754-f66b-4e13-a54d-b0739b1d4f2b	chr18	48133	80257174	5	3	2
ce94d754-f66b-4e13-a54d-b0739b1d4f2b	chr19	90910	58586487	4	2	2
ce94d754-f66b-4e13-a54d-b0739b1d4f2b	chr20	80664	64324800	4	2	2
ce94d754-f66b-4e13-a54d-b0739b1d4f2b	chr21	10336543	46677045	3	2	1
ce94d754-f66b-4e13-a54d-b0739b1d4f2b	chr22	15294545	50796027	3	2	1
ce94d754-f66b-4e13-a54d-b0739b1d4f2b	chrX	251810	156004181	4	2	2
5849a782-86d6-4eca-98e6-c29c312be2e1	chr1	62920	4342792	1	1	0
5849a782-86d6-4eca-98e6-c29c312be2e1	chr1	4342841	4360664	2	2	0
5849a782-86d6-4eca-98e6-c29c312be2e1	chr1	4361012	99120887	1	1	0
5849a782-86d6-4eca-98e6-c29c312be2e1	chr1	99120960	99145803	2	2	0
5849a782-86d6-4eca-98e6-c29c312be2e1	chr1	99148759	152583051	1	1	0
5849a782-86d6-4eca-98e6-c29c312be2e1	chr1	152583230	152613762	0	0	0
5849a782-86d6-4eca-98e6-c29c312be2e1	chr1	152613802	248930189	1	1	0
5849a782-86d6-4eca-98e6-c29c312be2e1	chr2	12784	52527330	1	1	0
5849a782-86d6-4eca-98e6-c29c312be2e1	chr2	52527342	52554404	0	0	0
5849a782-86d6-4eca-98e6-c29c312be2e1	chr2	52560811	205557416	1	1	0
5849a782-86d6-4eca-98e6-c29c312be2e1	chr2	205558272	205566683	2	2	0
5849a782-86d6-4eca-98e6-c29c312be2e1	chr2	205568012	242147305	1	1	0
5849a782-86d6-4eca-98e6-c29c312be2e1	chr3	20930	26005580	2	1	1
5849a782-86d6-4eca-98e6-c29c312be2e1	chr3	26006763	26124061	1	1	0
5849a782-86d6-4eca-98e6-c29c312be2e1	chr3	26124227	176165167	2	1	1
5849a782-86d6-4eca-98e6-c29c312be2e1	chr3	176165961	176196691	1	1	0
5849a782-86d6-4eca-98e6-c29c312be2e1	chr3	176198433	198169247	2	1	1
5849a782-86d6-4eca-98e6-c29c312be2e1	chr4	68929	34784878	2	1	1
5849a782-86d6-4eca-98e6-c29c312be2e1	chr4	34785333	34823103	1	1	0
5849a782-86d6-4eca-98e6-c29c312be2e1	chr4	34828250	68478894	2	1	1
5849a782-86d6-4eca-98e6-c29c312be2e1	chr4	68494770	68623617	4	4	0
5849a782-86d6-4eca-98e6-c29c312be2e1	chr4	68639397	114252544	2	1	1
5849a782-86d6-4eca-98e6-c29c312be2e1	chr4	114254167	114261019	0	0	0
5849a782-86d6-4eca-98e6-c29c312be2e1	chr4	114263073	190106768	2	1	1
5849a782-86d6-4eca-98e6-c29c312be2e1	chr5	15532	7867507	3	2	1
5849a782-86d6-4eca-98e6-c29c312be2e1	chr5	7872910	10537564	1	1	0
5849a782-86d6-4eca-98e6-c29c312be2e1	chr5	10539044	27920224	3	2	1
5849a782-86d6-4eca-98e6-c29c312be2e1	chr5	27920387	27993795	6	5	1
5849a782-86d6-4eca-98e6-c29c312be2e1	chr5	27996645	28044278	1	1	0
5849a782-86d6-4eca-98e6-c29c312be2e1	chr5	28044891	92600707	3	2	1
5849a782-86d6-4eca-98e6-c29c312be2e1	chr5	92602683	101758847	2	1	1
5849a782-86d6-4eca-98e6-c29c312be2e1	chr5	101758901	101761670	3	2	1
5849a782-86d6-4eca-98e6-c29c312be2e1	chr5	101767317	178828653	2	1	1
5849a782-86d6-4eca-98e6-c29c312be2e1	chr5	178828973	178841925	1	1	0
5849a782-86d6-4eca-98e6-c29c312be2e1	chr5	178843809	181363319	2	1	1
5849a782-86d6-4eca-98e6-c29c312be2e1	chr6	149661	36631438	1	1	0
5849a782-86d6-4eca-98e6-c29c312be2e1	chr6	36632394	36693812	0	0	0
5849a782-86d6-4eca-98e6-c29c312be2e1	chr6	36694394	66295032	1	1	0
5849a782-86d6-4eca-98e6-c29c312be2e1	chr6	66295080	66345068	0	0	0
5849a782-86d6-4eca-98e6-c29c312be2e1	chr6	66347114	103286299	1	1	0
5849a782-86d6-4eca-98e6-c29c312be2e1	chr6	103286770	103314186	2	2	0
5849a782-86d6-4eca-98e6-c29c312be2e1	chr6	103317795	159116317	1	1	0
5849a782-86d6-4eca-98e6-c29c312be2e1	chr6	159117385	159121048	2	2	0
5849a782-86d6-4eca-98e6-c29c312be2e1	chr6	159122583	170741917	1	1	0
5849a782-86d6-4eca-98e6-c29c312be2e1	chr7	43259	18779052	2	1	1
5849a782-86d6-4eca-98e6-c29c312be2e1	chr7	18779183	18790866	3	2	1
5849a782-86d6-4eca-98e6-c29c312be2e1	chr7	18791642	133885991	2	1	1
5849a782-86d6-4eca-98e6-c29c312be2e1	chr7	133888037	159334314	3	2	1
5849a782-86d6-4eca-98e6-c29c312be2e1	chr8	81254	8784082	2	2	0
5849a782-86d6-4eca-98e6-c29c312be2e1	chr8	8786550	69152771	2	1	1
5849a782-86d6-4eca-98e6-c29c312be2e1	chr8	69153124	69167279	4	2	2
5849a782-86d6-4eca-98e6-c29c312be2e1	chr8	69169295	145072769	2	1	1
5849a782-86d6-4eca-98e6-c29c312be2e1	chr9	46587	7608984	2	2	0
5849a782-86d6-4eca-98e6-c29c312be2e1	chr9	7611591	12897829	1	1	0
5849a782-86d6-4eca-98e6-c29c312be2e1	chr9	12897886	24759452	2	1	1
5849a782-86d6-4eca-98e6-c29c312be2e1	chr9	24764088	41741113	2	2	0
5849a782-86d6-4eca-98e6-c29c312be2e1	chr9	60863881	75453136	1	1	0
5849a782-86d6-4eca-98e6-c29c312be2e1	chr9	75453161	83287003	2	1	1
5849a782-86d6-4eca-98e6-c29c312be2e1	chr9	83288468	83291351	1	1	0
5849a782-86d6-4eca-98e6-c29c312be2e1	chr9	83292601	138200944	2	1	1
5849a782-86d6-4eca-98e6-c29c312be2e1	chr10	45792	65548272	1	1	0
5849a782-86d6-4eca-98e6-c29c312be2e1	chr10	65548833	65554688	0	0	0
5849a782-86d6-4eca-98e6-c29c312be2e1	chr10	65563037	133654968	1	1	0
5849a782-86d6-4eca-98e6-c29c312be2e1	chr11	198510	5766175	2	1	1
5849a782-86d6-4eca-98e6-c29c312be2e1	chr11	5766850	5787909	0	0	0
5849a782-86d6-4eca-98e6-c29c312be2e1	chr11	5788108	18919323	2	1	1
5849a782-86d6-4eca-98e6-c29c312be2e1	chr11	18927525	18930997	1	1	0
5849a782-86d6-4eca-98e6-c29c312be2e1	chr11	18931015	126610461	2	1	1
5849a782-86d6-4eca-98e6-c29c312be2e1	chr11	126611122	126623561	3	2	1
5849a782-86d6-4eca-98e6-c29c312be2e1	chr11	126624672	135074876	2	1	1
5849a782-86d6-4eca-98e6-c29c312be2e1	chr12	51460	133201603	2	1	1
5849a782-86d6-4eca-98e6-c29c312be2e1	chr13	18452809	114342922	1	1	0
5849a782-86d6-4eca-98e6-c29c312be2e1	chr14	18239283	58062439	2	1	1
5849a782-86d6-4eca-98e6-c29c312be2e1	chr14	58063189	58089063	1	1	0
5849a782-86d6-4eca-98e6-c29c312be2e1	chr14	58089716	105757263	2	1	1
5849a782-86d6-4eca-98e6-c29c312be2e1	chr14	105757523	106496841	4	4	0
5849a782-86d6-4eca-98e6-c29c312be2e1	chr14	106502306	106877229	2	1	1
5849a782-86d6-4eca-98e6-c29c312be2e1	chr15	19811075	101928837	2	1	1
5849a782-86d6-4eca-98e6-c29c312be2e1	chr16	10777	5136711	1	1	0
5849a782-86d6-4eca-98e6-c29c312be2e1	chr16	5138052	11215844	2	2	0
5849a782-86d6-4eca-98e6-c29c312be2e1	chr16	11215894	35225338	2	1	1
5849a782-86d6-4eca-98e6-c29c312be2e1	chr16	35232200	36048855	3	2	1
5849a782-86d6-4eca-98e6-c29c312be2e1	chr16	46441986	55108805	2	1	1
5849a782-86d6-4eca-98e6-c29c312be2e1	chr16	55108818	55125631	4	2	2
5849a782-86d6-4eca-98e6-c29c312be2e1	chr16	55125673	90096867	2	1	1
5849a782-86d6-4eca-98e6-c29c312be2e1	chr17	150733	33341293	1	1	0
5849a782-86d6-4eca-98e6-c29c312be2e1	chr17	33342525	33352174	2	2	0
5849a782-86d6-4eca-98e6-c29c312be2e1	chr17	33353870	41307306	1	1	0
5849a782-86d6-4eca-98e6-c29c312be2e1	chr17	41314088	41318641	0	0	0
5849a782-86d6-4eca-98e6-c29c312be2e1	chr17	41322114	83091923	1	1	0
5849a782-86d6-4eca-98e6-c29c312be2e1	chr18	48133	4971660	2	1	1
5849a782-86d6-4eca-98e6-c29c312be2e1	chr18	4973590	4989684	1	1	0
5849a782-86d6-4eca-98e6-c29c312be2e1	chr18	4990805	35483697	2	1	1
5849a782-86d6-4eca-98e6-c29c312be2e1	chr18	35484495	35500113	1	1	0
5849a782-86d6-4eca-98e6-c29c312be2e1	chr18	35500232	40678763	2	1	1
5849a782-86d6-4eca-98e6-c29c312be2e1	chr18	40680456	40685425	0	0	0
5849a782-86d6-4eca-98e6-c29c312be2e1	chr18	40688060	80257174	2	1	1
5849a782-86d6-4eca-98e6-c29c312be2e1	chr19	90910	27898059	2	1	1
5849a782-86d6-4eca-98e6-c29c312be2e1	chr19	27900167	27965214	1	1	0
5849a782-86d6-4eca-98e6-c29c312be2e1	chr19	27965622	58586487	2	1	1
5849a782-86d6-4eca-98e6-c29c312be2e1	chr20	80664	34448677	2	1	1
5849a782-86d6-4eca-98e6-c29c312be2e1	chr20	34448923	56717487	2	2	0
5849a782-86d6-4eca-98e6-c29c312be2e1	chr20	56718674	64324800	2	1	1
5849a782-86d6-4eca-98e6-c29c312be2e1	chr21	12973348	46677045	1	1	0
5849a782-86d6-4eca-98e6-c29c312be2e1	chr22	16392123	16758662	1	1	0
5849a782-86d6-4eca-98e6-c29c312be2e1	chr22	16761726	22909432	3	3	0
5849a782-86d6-4eca-98e6-c29c312be2e1	chr22	22913385	50796027	3	2	1
5849a782-86d6-4eca-98e6-c29c312be2e1	chrX	251810	95141627	2	1	1
5849a782-86d6-4eca-98e6-c29c312be2e1	chrX	95141864	95158595	4	2	2
5849a782-86d6-4eca-98e6-c29c312be2e1	chrX	95159272	103861924	2	1	1
5849a782-86d6-4eca-98e6-c29c312be2e1	chrX	103863254	104437756	3	2	1
5849a782-86d6-4eca-98e6-c29c312be2e1	chrX	104438187	127291742	2	1	1
5849a782-86d6-4eca-98e6-c29c312be2e1	chrX	127291847	127295336	4	2	2
5849a782-86d6-4eca-98e6-c29c312be2e1	chrX	127295792	156004181	2	1	1
5849a782-86d6-4eca-98e6-c29c312be2e1	chrY	2782397	56872112	0	0	0
d2138551-faf1-4d77-a099-119571ec7569	chr1	62920	248930189	0	0	0
d2138551-faf1-4d77-a099-119571ec7569	chr2	12784	46263662	0	0	0
d2138551-faf1-4d77-a099-119571ec7569	chr2	46265133	47567996	1	1	0
d2138551-faf1-4d77-a099-119571ec7569	chr2	47568711	71517501	0	0	0
d2138551-faf1-4d77-a099-119571ec7569	chr2	71520105	72119912	1	1	0
d2138551-faf1-4d77-a099-119571ec7569	chr2	72124955	116718438	0	0	0
d2138551-faf1-4d77-a099-119571ec7569	chr2	116718877	117128035	9	7	2
d2138551-faf1-4d77-a099-119571ec7569	chr2	117128230	242147305	0	0	0
d2138551-faf1-4d77-a099-119571ec7569	chr3	20930	193156958	0	0	0
d2138551-faf1-4d77-a099-119571ec7569	chr3	193160113	193165114	43	43	0
d2138551-faf1-4d77-a099-119571ec7569	chr3	193168646	194862132	0	0	0
d2138551-faf1-4d77-a099-119571ec7569	chr3	194862356	195028190	1	1	0
d2138551-faf1-4d77-a099-119571ec7569	chr3	195030587	198169247	0	0	0
d2138551-faf1-4d77-a099-119571ec7569	chr4	68929	4344811	5	3	2
d2138551-faf1-4d77-a099-119571ec7569	chr4	4345778	95625942	6	3	3
d2138551-faf1-4d77-a099-119571ec7569	chr4	95628817	95820102	8	4	4
d2138551-faf1-4d77-a099-119571ec7569	chr4	95820279	190106768	6	3	3
d2138551-faf1-4d77-a099-119571ec7569	chr5	15532	153683354	0	0	0
d2138551-faf1-4d77-a099-119571ec7569	chr5	153685434	153699373	3	2	1
d2138551-faf1-4d77-a099-119571ec7569	chr5	153700620	181363319	0	0	0
d2138551-faf1-4d77-a099-119571ec7569	chr6	149661	147620211	0	0	0
d2138551-faf1-4d77-a099-119571ec7569	chr6	147621100	147629929	5	4	1
d2138551-faf1-4d77-a099-119571ec7569	chr6	147632317	159116317	0	0	0
d2138551-faf1-4d77-a099-119571ec7569	chr6	159117385	159124931	5	3	2
d2138551-faf1-4d77-a099-119571ec7569	chr6	159125447	170741917	0	0	0
d2138551-faf1-4d77-a099-119571ec7569	chr7	43259	2879144	4	2	2
d2138551-faf1-4d77-a099-119571ec7569	chr7	2880433	4030943	6	3	3
d2138551-faf1-4d77-a099-119571ec7569	chr7	4031402	13068443	5	3	2
d2138551-faf1-4d77-a099-119571ec7569	chr7	13068540	13083783	0	0	0
d2138551-faf1-4d77-a099-119571ec7569	chr7	13090444	71546485	6	3	3
d2138551-faf1-4d77-a099-119571ec7569	chr7	71548852	71571448	1	1	0
d2138551-faf1-4d77-a099-119571ec7569	chr7	71572322	151849504	5	3	2
d2138551-faf1-4d77-a099-119571ec7569	chr7	151850922	155267664	6	3	3
d2138551-faf1-4d77-a099-119571ec7569	chr7	155267945	159334314	5	3	2
d2138551-faf1-4d77-a099-119571ec7569	chr8	81254	145072769	3	3	0
d2138551-faf1-4d77-a099-119571ec7569	chr9	46587	138200944	0	0	0
d2138551-faf1-4d77-a099-119571ec7569	chr10	45792	133654968	0	0	0
d2138551-faf1-4d77-a099-119571ec7569	chr11	198510	77020006	3	3	0
d2138551-faf1-4d77-a099-119571ec7569	chr11	77020481	77036475	10	8	2
d2138551-faf1-4d77-a099-119571ec7569	chr11	77036581	135074876	3	3	0
d2138551-faf1-4d77-a099-119571ec7569	chr12	51460	83098377	3	3	0
d2138551-faf1-4d77-a099-119571ec7569	chr12	83098607	83282462	5	5	0
d2138551-faf1-4d77-a099-119571ec7569	chr12	83288528	128244698	3	3	0
d2138551-faf1-4d77-a099-119571ec7569	chr12	128245321	128249465	12	6	6
d2138551-faf1-4d77-a099-119571ec7569	chr12	128250199	133201603	3	3	0
d2138551-faf1-4d77-a099-119571ec7569	chr13	18452809	114342922	3	3	0
d2138551-faf1-4d77-a099-119571ec7569	chr14	18239283	22167797	2	2	0
d2138551-faf1-4d77-a099-119571ec7569	chr14	22167913	92063938	3	3	0
d2138551-faf1-4d77-a099-119571ec7569	chr14	92064169	92105688	0	0	0
d2138551-faf1-4d77-a099-119571ec7569	chr14	92107517	106877229	3	3	0
d2138551-faf1-4d77-a099-119571ec7569	chr15	19811075	101928837	3	3	0
d2138551-faf1-4d77-a099-119571ec7569	chr16	10777	5221208	2	2	0
d2138551-faf1-4d77-a099-119571ec7569	chr16	5223193	88011173	3	3	0
d2138551-faf1-4d77-a099-119571ec7569	chr16	88017955	89596467	1	1	0
d2138551-faf1-4d77-a099-119571ec7569	chr16	89596664	90096867	3	3	0
d2138551-faf1-4d77-a099-119571ec7569	chr17	150733	83091923	0	0	0
d2138551-faf1-4d77-a099-119571ec7569	chr18	48133	4951985	3	3	0
d2138551-faf1-4d77-a099-119571ec7569	chr18	4953116	4985483	0	0	0
d2138551-faf1-4d77-a099-119571ec7569	chr18	4987699	80257174	3	3	0
d2138551-faf1-4d77-a099-119571ec7569	chr19	90910	15670436	0	0	0
d2138551-faf1-4d77-a099-119571ec7569	chr19	15670547	15688533	7	5	2
d2138551-faf1-4d77-a099-119571ec7569	chr19	15688556	29912533	0	0	0
d2138551-faf1-4d77-a099-119571ec7569	chr19	29913050	32386353	1	1	0
d2138551-faf1-4d77-a099-119571ec7569	chr19	32387400	58586487	0	0	0
d2138551-faf1-4d77-a099-119571ec7569	chr20	80664	64324800	0	0	0
d2138551-faf1-4d77-a099-119571ec7569	chr21	12973348	46677045	0	0	0
d2138551-faf1-4d77-a099-119571ec7569	chr22	16392123	17824868	6	3	3
d2138551-faf1-4d77-a099-119571ec7569	chr22	17826053	17834855	12	6	6
d2138551-faf1-4d77-a099-119571ec7569	chr22	17836197	50796027	5	3	2
d2138551-faf1-4d77-a099-119571ec7569	chrX	251810	490325	1	1	0
d2138551-faf1-4d77-a099-119571ec7569	chrX	490407	718862	4	2	2
d2138551-faf1-4d77-a099-119571ec7569	chrX	721029	1480942	1	1	0
d2138551-faf1-4d77-a099-119571ec7569	chrX	1482489	1584673	6	3	3
d2138551-faf1-4d77-a099-119571ec7569	chrX	1629688	2543324	3	2	1
d2138551-faf1-4d77-a099-119571ec7569	chrX	2544095	2628264	2	1	1
d2138551-faf1-4d77-a099-119571ec7569	chrX	2634737	2649506	6	3	3
d2138551-faf1-4d77-a099-119571ec7569	chrX	2649606	2703417	1	1	0
d2138551-faf1-4d77-a099-119571ec7569	chrX	2705504	2775134	4	2	2
d2138551-faf1-4d77-a099-119571ec7569	chrX	2775583	156004181	0	0	0
d2138551-faf1-4d77-a099-119571ec7569	chrY	2782397	26653788	1	1	0
d2138551-faf1-4d77-a099-119571ec7569	chrY	56872112	56872112	0	0	0
0eb9c918-b652-437c-aa76-5d8387ddfcd4	chr1	62920	4348271	1	1	0
0eb9c918-b652-437c-aa76-5d8387ddfcd4	chr1	4349436	4360664	3	3	0
0eb9c918-b652-437c-aa76-5d8387ddfcd4	chr1	4361012	121705338	1	1	0
0eb9c918-b652-437c-aa76-5d8387ddfcd4	chr1	143541857	177985070	2	1	1
0eb9c918-b652-437c-aa76-5d8387ddfcd4	chr1	177993049	177999062	1	1	0
0eb9c918-b652-437c-aa76-5d8387ddfcd4	chr1	177999481	248930189	2	1	1
0eb9c918-b652-437c-aa76-5d8387ddfcd4	chr2	12784	34492601	2	1	1
0eb9c918-b652-437c-aa76-5d8387ddfcd4	chr2	34492775	34511990	0	0	0
0eb9c918-b652-437c-aa76-5d8387ddfcd4	chr2	34512096	57941013	2	1	1
0eb9c918-b652-437c-aa76-5d8387ddfcd4	chr2	57941696	57954404	1	1	0
0eb9c918-b652-437c-aa76-5d8387ddfcd4	chr2	57955885	194052837	2	1	1
0eb9c918-b652-437c-aa76-5d8387ddfcd4	chr2	194053062	194068024	1	1	0
0eb9c918-b652-437c-aa76-5d8387ddfcd4	chr2	194068195	242147305	2	1	1
0eb9c918-b652-437c-aa76-5d8387ddfcd4	chr3	20930	156441184	2	1	1
0eb9c918-b652-437c-aa76-5d8387ddfcd4	chr3	156441251	156448573	4	2	2
0eb9c918-b652-437c-aa76-5d8387ddfcd4	chr3	156452389	198169247	2	1	1
0eb9c918-b652-437c-aa76-5d8387ddfcd4	chr4	68929	10208766	2	1	1
0eb9c918-b652-437c-aa76-5d8387ddfcd4	chr4	10212536	10227178	0	0	0
0eb9c918-b652-437c-aa76-5d8387ddfcd4	chr4	10227193	34784878	2	1	1
0eb9c918-b652-437c-aa76-5d8387ddfcd4	chr4	34785333	34819718	0	0	0
0eb9c918-b652-437c-aa76-5d8387ddfcd4	chr4	34822561	68478894	2	1	1
0eb9c918-b652-437c-aa76-5d8387ddfcd4	chr4	68494770	68620261	5	5	0
0eb9c918-b652-437c-aa76-5d8387ddfcd4	chr4	68623617	143782927	2	1	1
0eb9c918-b652-437c-aa76-5d8387ddfcd4	chr4	143784352	144037625	3	2	1
0eb9c918-b652-437c-aa76-5d8387ddfcd4	chr4	144038174	154734365	2	1	1
0eb9c918-b652-437c-aa76-5d8387ddfcd4	chr4	154739354	154778509	3	2	1
0eb9c918-b652-437c-aa76-5d8387ddfcd4	chr4	154778991	190106768	2	1	1
0eb9c918-b652-437c-aa76-5d8387ddfcd4	chr5	15532	178827246	2	1	1
0eb9c918-b652-437c-aa76-5d8387ddfcd4	chr5	178827320	178853270	1	1	0
0eb9c918-b652-437c-aa76-5d8387ddfcd4	chr5	178853333	181363319	2	1	1
0eb9c918-b652-437c-aa76-5d8387ddfcd4	chr6	149661	167934598	2	1	1
0eb9c918-b652-437c-aa76-5d8387ddfcd4	chr6	167935950	168192300	3	2	1
0eb9c918-b652-437c-aa76-5d8387ddfcd4	chr6	168192830	170741917	2	1	1
0eb9c918-b652-437c-aa76-5d8387ddfcd4	chr7	43259	147578435	2	1	1
0eb9c918-b652-437c-aa76-5d8387ddfcd4	chr7	147580968	147583942	1	1	0
0eb9c918-b652-437c-aa76-5d8387ddfcd4	chr7	147584537	159334314	2	1	1
0eb9c918-b652-437c-aa76-5d8387ddfcd4	chr8	81254	145072769	2	1	1
0eb9c918-b652-437c-aa76-5d8387ddfcd4	chr9	46587	7239415	2	1	1
0eb9c918-b652-437c-aa76-5d8387ddfcd4	chr9	7240593	7264486	1	1	0
0eb9c918-b652-437c-aa76-5d8387ddfcd4	chr9	7264558	117757999	2	1	1
0eb9c918-b652-437c-aa76-5d8387ddfcd4	chr9	117758134	117780951	1	1	0
0eb9c918-b652-437c-aa76-5d8387ddfcd4	chr9	117780992	138200944	2	1	1
0eb9c918-b652-437c-aa76-5d8387ddfcd4	chr10	45792	3012303	2	1	1
0eb9c918-b652-437c-aa76-5d8387ddfcd4	chr10	3012662	3013542	5	3	2
0eb9c918-b652-437c-aa76-5d8387ddfcd4	chr10	3013819	44699753	2	1	1
0eb9c918-b652-437c-aa76-5d8387ddfcd4	chr10	44700093	44862350	3	2	1
0eb9c918-b652-437c-aa76-5d8387ddfcd4	chr10	44871459	133654968	2	1	1
0eb9c918-b652-437c-aa76-5d8387ddfcd4	chr11	198510	25685538	1	1	0
0eb9c918-b652-437c-aa76-5d8387ddfcd4	chr11	25685885	126610037	2	1	1
0eb9c918-b652-437c-aa76-5d8387ddfcd4	chr11	126610461	126623561	4	2	2
0eb9c918-b652-437c-aa76-5d8387ddfcd4	chr11	126624672	135074876	2	1	1
0eb9c918-b652-437c-aa76-5d8387ddfcd4	chr12	51460	53871505	2	1	1
0eb9c918-b652-437c-aa76-5d8387ddfcd4	chr12	53871626	53893586	1	1	0
0eb9c918-b652-437c-aa76-5d8387ddfcd4	chr12	53893661	125225719	2	1	1
0eb9c918-b652-437c-aa76-5d8387ddfcd4	chr12	125226386	125227620	3	2	1
0eb9c918-b652-437c-aa76-5d8387ddfcd4	chr12	125227903	133201603	2	1	1
0eb9c918-b652-437c-aa76-5d8387ddfcd4	chr13	18452809	114342922	2	1	1
0eb9c918-b652-437c-aa76-5d8387ddfcd4	chr14	18239283	19958388	3	2	1
0eb9c918-b652-437c-aa76-5d8387ddfcd4	chr14	19958545	48316222	2	1	1
0eb9c918-b652-437c-aa76-5d8387ddfcd4	chr14	48319222	48383587	1	1	0
0eb9c918-b652-437c-aa76-5d8387ddfcd4	chr14	48384747	101847628	2	1	1
0eb9c918-b652-437c-aa76-5d8387ddfcd4	chr14	101848689	101851864	1	1	0
0eb9c918-b652-437c-aa76-5d8387ddfcd4	chr14	101852203	105803674	2	1	1
0eb9c918-b652-437c-aa76-5d8387ddfcd4	chr14	105806643	106365807	5	5	0
0eb9c918-b652-437c-aa76-5d8387ddfcd4	chr14	106369985	106877229	2	1	1
0eb9c918-b652-437c-aa76-5d8387ddfcd4	chr15	19811075	91083020	2	1	1
0eb9c918-b652-437c-aa76-5d8387ddfcd4	chr15	91083061	91088875	1	1	0
0eb9c918-b652-437c-aa76-5d8387ddfcd4	chr15	91088999	101928837	2	1	1
0eb9c918-b652-437c-aa76-5d8387ddfcd4	chr16	10777	26088829	2	1	1
0eb9c918-b652-437c-aa76-5d8387ddfcd4	chr16	26089170	26108911	4	2	2
0eb9c918-b652-437c-aa76-5d8387ddfcd4	chr16	26114311	76200286	2	1	1
0eb9c918-b652-437c-aa76-5d8387ddfcd4	chr16	76201036	76201965	1	1	0
0eb9c918-b652-437c-aa76-5d8387ddfcd4	chr16	76202164	90096867	2	1	1
0eb9c918-b652-437c-aa76-5d8387ddfcd4	chr17	150733	34701349	2	1	1
0eb9c918-b652-437c-aa76-5d8387ddfcd4	chr17	34701671	34704629	4	2	2
0eb9c918-b652-437c-aa76-5d8387ddfcd4	chr17	34704888	41265456	2	1	1
0eb9c918-b652-437c-aa76-5d8387ddfcd4	chr17	41266762	41274279	0	0	0
0eb9c918-b652-437c-aa76-5d8387ddfcd4	chr17	41276472	83091923	2	1	1
0eb9c918-b652-437c-aa76-5d8387ddfcd4	chr18	48133	4971660	2	1	1
0eb9c918-b652-437c-aa76-5d8387ddfcd4	chr18	4973590	4985483	1	1	0
0eb9c918-b652-437c-aa76-5d8387ddfcd4	chr18	4987699	50742412	2	1	1
0eb9c918-b652-437c-aa76-5d8387ddfcd4	chr18	50744133	50808203	3	2	1
0eb9c918-b652-437c-aa76-5d8387ddfcd4	chr18	50808371	80257174	2	1	1
0eb9c918-b652-437c-aa76-5d8387ddfcd4	chr19	90910	58586487	2	1	1
0eb9c918-b652-437c-aa76-5d8387ddfcd4	chr20	80664	51256722	2	1	1
0eb9c918-b652-437c-aa76-5d8387ddfcd4	chr20	51260317	51263677	1	1	0
0eb9c918-b652-437c-aa76-5d8387ddfcd4	chr20	51267557	64324800	2	1	1
0eb9c918-b652-437c-aa76-5d8387ddfcd4	chr21	12973348	46677045	2	1	1
0eb9c918-b652-437c-aa76-5d8387ddfcd4	chr22	16392123	50796027	2	1	1
0eb9c918-b652-437c-aa76-5d8387ddfcd4	chrX	251810	1478856	2	1	1
0eb9c918-b652-437c-aa76-5d8387ddfcd4	chrX	1479705	1584064	3	2	1
0eb9c918-b652-437c-aa76-5d8387ddfcd4	chrX	1584673	1901069	2	1	1
0eb9c918-b652-437c-aa76-5d8387ddfcd4	chrX	1923307	2446094	1	1	0
0eb9c918-b652-437c-aa76-5d8387ddfcd4	chrX	2450101	2465472	3	2	1
0eb9c918-b652-437c-aa76-5d8387ddfcd4	chrX	2467531	2709788	2	1	1
0eb9c918-b652-437c-aa76-5d8387ddfcd4	chrX	2710375	2723161	1	1	0
0eb9c918-b652-437c-aa76-5d8387ddfcd4	chrX	2726475	2775583	3	2	1
0eb9c918-b652-437c-aa76-5d8387ddfcd4	chrX	2776199	156004181	1	1	0
0eb9c918-b652-437c-aa76-5d8387ddfcd4	chrY	2782397	26653788	2	2	0
0eb9c918-b652-437c-aa76-5d8387ddfcd4	chrY	56872112	56872112	1	1	0
36b7145c-b071-49af-9abc-d1227f1d3837	chr1	61735	248930189	2	1	1
36b7145c-b071-49af-9abc-d1227f1d3837	chr2	12784	242147305	2	1	1
36b7145c-b071-49af-9abc-d1227f1d3837	chr3	18667	198169247	2	1	1
36b7145c-b071-49af-9abc-d1227f1d3837	chr4	12281	190106768	2	1	1
36b7145c-b071-49af-9abc-d1227f1d3837	chr5	15532	181363319	2	1	1
36b7145c-b071-49af-9abc-d1227f1d3837	chr6	149661	170741917	2	1	1
36b7145c-b071-49af-9abc-d1227f1d3837	chr7	43259	8105605	2	1	1
36b7145c-b071-49af-9abc-d1227f1d3837	chr7	8105869	8482436	2	2	0
36b7145c-b071-49af-9abc-d1227f1d3837	chr7	8482560	159334314	2	1	1
36b7145c-b071-49af-9abc-d1227f1d3837	chr8	81254	145072769	2	1	1
36b7145c-b071-49af-9abc-d1227f1d3837	chr9	46587	11385607	2	1	1
36b7145c-b071-49af-9abc-d1227f1d3837	chr9	11387538	11471050	0	0	0
36b7145c-b071-49af-9abc-d1227f1d3837	chr9	11471955	138200944	2	1	1
36b7145c-b071-49af-9abc-d1227f1d3837	chr10	26823	133769379	2	1	1
36b7145c-b071-49af-9abc-d1227f1d3837	chr11	198572	135074876	2	1	1
36b7145c-b071-49af-9abc-d1227f1d3837	chr12	51460	133201603	2	1	1
36b7145c-b071-49af-9abc-d1227f1d3837	chr13	18452809	114342922	2	1	1
36b7145c-b071-49af-9abc-d1227f1d3837	chr14	18225647	106877229	2	1	1
36b7145c-b071-49af-9abc-d1227f1d3837	chr15	19811075	22395045	2	2	0
36b7145c-b071-49af-9abc-d1227f1d3837	chr15	22413892	101928837	2	1	1
36b7145c-b071-49af-9abc-d1227f1d3837	chr16	10777	90221127	2	1	1
36b7145c-b071-49af-9abc-d1227f1d3837	chr17	150733	83090856	2	1	1
36b7145c-b071-49af-9abc-d1227f1d3837	chr18	48133	80257174	2	1	1
36b7145c-b071-49af-9abc-d1227f1d3837	chr19	90910	58586487	2	1	1
36b7145c-b071-49af-9abc-d1227f1d3837	chr20	80664	64324800	2	1	1
36b7145c-b071-49af-9abc-d1227f1d3837	chr21	10336543	46677045	2	1	1
36b7145c-b071-49af-9abc-d1227f1d3837	chr22	15294545	50796027	2	1	1
36b7145c-b071-49af-9abc-d1227f1d3837	chrX	251810	156004181	2	1	1
d20e310a-d98d-45fb-8882-d4d8740e9490	chr1	62920	72302815	2	2	0
d20e310a-d98d-45fb-8882-d4d8740e9490	chr1	72303233	72345465	19	19	0
d20e310a-d98d-45fb-8882-d4d8740e9490	chr1	72346221	152583051	2	2	0
d20e310a-d98d-45fb-8882-d4d8740e9490	chr1	152583230	152613762	0	0	0
d20e310a-d98d-45fb-8882-d4d8740e9490	chr1	152613802	186141945	2	2	0
d20e310a-d98d-45fb-8882-d4d8740e9490	chr1	186143373	186205691	3	3	0
d20e310a-d98d-45fb-8882-d4d8740e9490	chr1	186206412	248930189	2	2	0
d20e310a-d98d-45fb-8882-d4d8740e9490	chr2	12784	113763	0	0	0
d20e310a-d98d-45fb-8882-d4d8740e9490	chr2	115035	31022647	2	2	0
d20e310a-d98d-45fb-8882-d4d8740e9490	chr2	31022784	31027855	1	1	0
d20e310a-d98d-45fb-8882-d4d8740e9490	chr2	31029795	76701930	2	2	0
d20e310a-d98d-45fb-8882-d4d8740e9490	chr2	76708905	76722438	0	0	0
d20e310a-d98d-45fb-8882-d4d8740e9490	chr2	76729368	85812668	2	2	0
d20e310a-d98d-45fb-8882-d4d8740e9490	chr2	85812698	85835553	1	1	0
d20e310a-d98d-45fb-8882-d4d8740e9490	chr2	85835921	123878344	2	2	0
d20e310a-d98d-45fb-8882-d4d8740e9490	chr2	123879424	124262582	4	4	0
d20e310a-d98d-45fb-8882-d4d8740e9490	chr2	124264575	154361936	2	2	0
d20e310a-d98d-45fb-8882-d4d8740e9490	chr2	154366359	154401022	3	3	0
d20e310a-d98d-45fb-8882-d4d8740e9490	chr2	154405807	168104963	2	2	0
d20e310a-d98d-45fb-8882-d4d8740e9490	chr2	168105567	168171592	1	1	0
d20e310a-d98d-45fb-8882-d4d8740e9490	chr2	168173254	240315561	2	2	0
d20e310a-d98d-45fb-8882-d4d8740e9490	chr2	240320805	242147305	1	1	0
d20e310a-d98d-45fb-8882-d4d8740e9490	chr3	20930	37694874	4	2	2
d20e310a-d98d-45fb-8882-d4d8740e9490	chr3	37695129	37907632	6	4	2
d20e310a-d98d-45fb-8882-d4d8740e9490	chr3	37907685	198169247	4	2	2
d20e310a-d98d-45fb-8882-d4d8740e9490	chr4	68929	4275591	3	2	1
d20e310a-d98d-45fb-8882-d4d8740e9490	chr4	4281845	40482244	5	3	2
d20e310a-d98d-45fb-8882-d4d8740e9490	chr4	40484193	42690684	4	2	2
d20e310a-d98d-45fb-8882-d4d8740e9490	chr4	42690818	43294579	5	3	2
d20e310a-d98d-45fb-8882-d4d8740e9490	chr4	43294797	65348325	4	2	2
d20e310a-d98d-45fb-8882-d4d8740e9490	chr4	65350154	65551442	1	1	0
d20e310a-d98d-45fb-8882-d4d8740e9490	chr4	65555107	167034698	4	2	2
d20e310a-d98d-45fb-8882-d4d8740e9490	chr4	167035322	167229443	4	3	1
d20e310a-d98d-45fb-8882-d4d8740e9490	chr4	167230342	190106768	4	2	2
d20e310a-d98d-45fb-8882-d4d8740e9490	chr5	15532	181363319	4	2	2
d20e310a-d98d-45fb-8882-d4d8740e9490	chr6	149661	30467511	2	2	0
d20e310a-d98d-45fb-8882-d4d8740e9490	chr6	30470449	30509499	1	1	0
d20e310a-d98d-45fb-8882-d4d8740e9490	chr6	30515216	77528187	2	2	0
d20e310a-d98d-45fb-8882-d4d8740e9490	chr6	77536799	77552024	3	3	0
d20e310a-d98d-45fb-8882-d4d8740e9490	chr6	77558139	147766563	2	2	0
d20e310a-d98d-45fb-8882-d4d8740e9490	chr6	147767010	147806226	3	3	0
d20e310a-d98d-45fb-8882-d4d8740e9490	chr6	147806448	170741917	2	2	0
d20e310a-d98d-45fb-8882-d4d8740e9490	chr7	43259	2422450	3	2	1
d20e310a-d98d-45fb-8882-d4d8740e9490	chr7	2423530	71210886	4	2	2
d20e310a-d98d-45fb-8882-d4d8740e9490	chr7	71211122	71225629	2	1	1
d20e310a-d98d-45fb-8882-d4d8740e9490	chr7	71225732	159334314	4	2	2
d20e310a-d98d-45fb-8882-d4d8740e9490	chr8	81254	49318117	4	2	2
d20e310a-d98d-45fb-8882-d4d8740e9490	chr8	49319212	140094580	5	3	2
d20e310a-d98d-45fb-8882-d4d8740e9490	chr8	140094718	145072769	4	2	2
d20e310a-d98d-45fb-8882-d4d8740e9490	chr9	46587	41741113	4	2	2
d20e310a-d98d-45fb-8882-d4d8740e9490	chr9	60863881	113342833	3	2	1
d20e310a-d98d-45fb-8882-d4d8740e9490	chr9	113342918	113361974	2	1	1
d20e310a-d98d-45fb-8882-d4d8740e9490	chr9	113362045	133721245	3	2	1
d20e310a-d98d-45fb-8882-d4d8740e9490	chr9	133721819	133753192	6	3	3
d20e310a-d98d-45fb-8882-d4d8740e9490	chr9	133753594	138200944	3	2	1
d20e310a-d98d-45fb-8882-d4d8740e9490	chr10	45792	133654968	2	2	0
d20e310a-d98d-45fb-8882-d4d8740e9490	chr11	198510	3421309	4	2	2
d20e310a-d98d-45fb-8882-d4d8740e9490	chr11	3424849	13420991	3	2	1
d20e310a-d98d-45fb-8882-d4d8740e9490	chr11	13421231	16242181	5	3	2
d20e310a-d98d-45fb-8882-d4d8740e9490	chr11	16242899	16443161	3	2	1
d20e310a-d98d-45fb-8882-d4d8740e9490	chr11	16443492	16597905	5	3	2
d20e310a-d98d-45fb-8882-d4d8740e9490	chr11	16598714	17752926	2	2	0
d20e310a-d98d-45fb-8882-d4d8740e9490	chr11	17754028	18891674	5	3	2
d20e310a-d98d-45fb-8882-d4d8740e9490	chr11	18891916	23751485	3	2	1
d20e310a-d98d-45fb-8882-d4d8740e9490	chr11	23752302	31404997	5	3	2
d20e310a-d98d-45fb-8882-d4d8740e9490	chr11	31405408	32367155	3	2	1
d20e310a-d98d-45fb-8882-d4d8740e9490	chr11	32370849	41887064	5	3	2
d20e310a-d98d-45fb-8882-d4d8740e9490	chr11	41888827	42307199	3	2	1
d20e310a-d98d-45fb-8882-d4d8740e9490	chr11	42307952	48213328	5	3	2
d20e310a-d98d-45fb-8882-d4d8740e9490	chr11	48215001	49686823	4	3	1
d20e310a-d98d-45fb-8882-d4d8740e9490	chr11	49689309	49736119	0	0	0
d20e310a-d98d-45fb-8882-d4d8740e9490	chr11	49736215	57056539	4	3	1
d20e310a-d98d-45fb-8882-d4d8740e9490	chr11	57060104	67613822	5	3	2
d20e310a-d98d-45fb-8882-d4d8740e9490	chr11	67624184	69281441	2	2	0
d20e310a-d98d-45fb-8882-d4d8740e9490	chr11	69281829	71825826	5	3	2
d20e310a-d98d-45fb-8882-d4d8740e9490	chr11	71827957	72083500	2	2	0
d20e310a-d98d-45fb-8882-d4d8740e9490	chr11	72083635	73741896	5	3	2
d20e310a-d98d-45fb-8882-d4d8740e9490	chr11	73746665	74414763	2	2	0
d20e310a-d98d-45fb-8882-d4d8740e9490	chr11	74414978	75606128	5	3	2
d20e310a-d98d-45fb-8882-d4d8740e9490	chr11	75606418	75702075	3	2	1
d20e310a-d98d-45fb-8882-d4d8740e9490	chr11	75703576	79763222	5	3	2
d20e310a-d98d-45fb-8882-d4d8740e9490	chr11	79763562	80158856	3	2	1
d20e310a-d98d-45fb-8882-d4d8740e9490	chr11	80158905	81942472	5	3	2
d20e310a-d98d-45fb-8882-d4d8740e9490	chr11	81942702	82942831	4	2	2
d20e310a-d98d-45fb-8882-d4d8740e9490	chr11	82944162	99472453	2	2	0
d20e310a-d98d-45fb-8882-d4d8740e9490	chr11	99472547	100124550	7	5	2
d20e310a-d98d-45fb-8882-d4d8740e9490	chr11	100125309	103067322	2	2	0
d20e310a-d98d-45fb-8882-d4d8740e9490	chr11	103067351	103325601	4	3	1
d20e310a-d98d-45fb-8882-d4d8740e9490	chr11	103327174	107120730	2	2	0
d20e310a-d98d-45fb-8882-d4d8740e9490	chr11	107128734	107214363	7	5	2
d20e310a-d98d-45fb-8882-d4d8740e9490	chr11	107223754	108469878	11	9	2
d20e310a-d98d-45fb-8882-d4d8740e9490	chr11	108482291	109529685	7	5	2
d20e310a-d98d-45fb-8882-d4d8740e9490	chr11	109531891	110099513	2	2	0
d20e310a-d98d-45fb-8882-d4d8740e9490	chr11	110101503	112972051	5	3	2
d20e310a-d98d-45fb-8882-d4d8740e9490	chr11	112972254	113066523	2	2	0
d20e310a-d98d-45fb-8882-d4d8740e9490	chr11	113070336	124070425	5	3	2
d20e310a-d98d-45fb-8882-d4d8740e9490	chr11	124070536	126019860	4	2	2
d20e310a-d98d-45fb-8882-d4d8740e9490	chr11	126021374	132797799	2	2	0
d20e310a-d98d-45fb-8882-d4d8740e9490	chr11	132806072	134584087	5	3	2
d20e310a-d98d-45fb-8882-d4d8740e9490	chr11	134585309	135074876	2	2	0
d20e310a-d98d-45fb-8882-d4d8740e9490	chr12	51460	97928580	4	2	2
d20e310a-d98d-45fb-8882-d4d8740e9490	chr12	97933217	98199072	4	3	1
d20e310a-d98d-45fb-8882-d4d8740e9490	chr12	98199493	133201603	4	2	2
d20e310a-d98d-45fb-8882-d4d8740e9490	chr13	18452809	114342922	2	2	0
d20e310a-d98d-45fb-8882-d4d8740e9490	chr14	18239283	20102373	3	2	1
d20e310a-d98d-45fb-8882-d4d8740e9490	chr14	20109539	22264595	4	2	2
d20e310a-d98d-45fb-8882-d4d8740e9490	chr14	22264736	22431928	4	3	1
d20e310a-d98d-45fb-8882-d4d8740e9490	chr14	22445002	32052304	5	3	2
d20e310a-d98d-45fb-8882-d4d8740e9490	chr14	32055213	74185741	4	3	1
d20e310a-d98d-45fb-8882-d4d8740e9490	chr14	74190733	74216800	1	1	0
d20e310a-d98d-45fb-8882-d4d8740e9490	chr14	74217234	74217234	3	3	0
d20e310a-d98d-45fb-8882-d4d8740e9490	chr14	74218910	75202946	1	1	0
d20e310a-d98d-45fb-8882-d4d8740e9490	chr14	75204004	79740508	4	3	1
d20e310a-d98d-45fb-8882-d4d8740e9490	chr14	79740850	79814012	7	6	1
d20e310a-d98d-45fb-8882-d4d8740e9490	chr14	79819045	82314713	4	3	1
d20e310a-d98d-45fb-8882-d4d8740e9490	chr14	82314963	83574493	1	1	0
d20e310a-d98d-45fb-8882-d4d8740e9490	chr14	83575497	83680852	3	2	1
d20e310a-d98d-45fb-8882-d4d8740e9490	chr14	83684832	83742229	0	0	0
d20e310a-d98d-45fb-8882-d4d8740e9490	chr14	83742383	106877229	1	1	0
d20e310a-d98d-45fb-8882-d4d8740e9490	chr15	19811075	101928837	4	2	2
d20e310a-d98d-45fb-8882-d4d8740e9490	chr16	10777	36048855	4	2	2
d20e310a-d98d-45fb-8882-d4d8740e9490	chr16	46441986	89190888	2	2	0
d20e310a-d98d-45fb-8882-d4d8740e9490	chr16	89204009	89503947	1	1	0
d20e310a-d98d-45fb-8882-d4d8740e9490	chr16	89504227	90096867	2	2	0
d20e310a-d98d-45fb-8882-d4d8740e9490	chr17	150733	35470646	2	2	0
d20e310a-d98d-45fb-8882-d4d8740e9490	chr17	35473832	46084941	3	3	0
d20e310a-d98d-45fb-8882-d4d8740e9490	chr17	46085231	46284643	5	5	0
d20e310a-d98d-45fb-8882-d4d8740e9490	chr17	46284997	72044186	3	3	0
d20e310a-d98d-45fb-8882-d4d8740e9490	chr17	72044406	83091923	4	4	0
d20e310a-d98d-45fb-8882-d4d8740e9490	chr18	48133	80257174	4	2	2
d20e310a-d98d-45fb-8882-d4d8740e9490	chr19	90910	4823677	3	2	1
d20e310a-d98d-45fb-8882-d4d8740e9490	chr19	4825749	16892978	4	2	2
d20e310a-d98d-45fb-8882-d4d8740e9490	chr19	16898561	18579636	3	2	1
d20e310a-d98d-45fb-8882-d4d8740e9490	chr19	18579726	23524606	4	2	2
d20e310a-d98d-45fb-8882-d4d8740e9490	chr19	23526518	23555077	3	2	1
d20e310a-d98d-45fb-8882-d4d8740e9490	chr19	23555626	29577270	4	2	2
d20e310a-d98d-45fb-8882-d4d8740e9490	chr19	29577353	29599620	2	1	1
d20e310a-d98d-45fb-8882-d4d8740e9490	chr19	29599742	58586487	4	2	2
d20e310a-d98d-45fb-8882-d4d8740e9490	chr20	80664	16499661	4	2	2
d20e310a-d98d-45fb-8882-d4d8740e9490	chr20	16499705	16568190	3	2	1
d20e310a-d98d-45fb-8882-d4d8740e9490	chr20	16569421	61941097	4	2	2
d20e310a-d98d-45fb-8882-d4d8740e9490	chr20	61941222	64324800	3	2	1
d20e310a-d98d-45fb-8882-d4d8740e9490	chr21	12973348	46677045	3	2	1
d20e310a-d98d-45fb-8882-d4d8740e9490	chr22	16392123	49139958	3	2	1
d20e310a-d98d-45fb-8882-d4d8740e9490	chr22	49142121	49163868	4	3	1
d20e310a-d98d-45fb-8882-d4d8740e9490	chr22	49172304	50796027	3	2	1
d20e310a-d98d-45fb-8882-d4d8740e9490	chrX	251810	1480942	2	2	0
d20e310a-d98d-45fb-8882-d4d8740e9490	chrX	1482489	1541402	3	3	0
d20e310a-d98d-45fb-8882-d4d8740e9490	chrX	1545873	1882751	2	2	0
d20e310a-d98d-45fb-8882-d4d8740e9490	chrX	1892047	2446094	1	1	0
d20e310a-d98d-45fb-8882-d4d8740e9490	chrX	2450101	2714781	2	2	0
d20e310a-d98d-45fb-8882-d4d8740e9490	chrX	2715566	2735511	1	1	0
d20e310a-d98d-45fb-8882-d4d8740e9490	chrX	2735872	2775583	3	3	0
d20e310a-d98d-45fb-8882-d4d8740e9490	chrX	2776199	156004181	1	1	0
d20e310a-d98d-45fb-8882-d4d8740e9490	chrY	2782397	26653788	0	0	0
d20e310a-d98d-45fb-8882-d4d8740e9490	chrY	56872112	56872112	1	1	0
d7e159ed-5777-4b8d-85ca-b32b73346d95	chr1	62920	4116046	1	1	0
d7e159ed-5777-4b8d-85ca-b32b73346d95	chr1	4117838	152583051	2	2	0
d7e159ed-5777-4b8d-85ca-b32b73346d95	chr1	152583230	152613762	0	0	0
d7e159ed-5777-4b8d-85ca-b32b73346d95	chr1	152613802	248626572	2	2	0
d7e159ed-5777-4b8d-85ca-b32b73346d95	chr1	248626724	248647345	0	0	0
d7e159ed-5777-4b8d-85ca-b32b73346d95	chr1	248661836	248930189	2	2	0
d7e159ed-5777-4b8d-85ca-b32b73346d95	chr2	12784	350058	1	1	0
d7e159ed-5777-4b8d-85ca-b32b73346d95	chr2	353127	100480372	2	2	0
d7e159ed-5777-4b8d-85ca-b32b73346d95	chr2	100480398	100492303	1	1	0
d7e159ed-5777-4b8d-85ca-b32b73346d95	chr2	100492367	242147305	2	2	0
d7e159ed-5777-4b8d-85ca-b32b73346d95	chr3	20930	61057591	2	2	0
d7e159ed-5777-4b8d-85ca-b32b73346d95	chr3	61057760	61253536	1	1	0
d7e159ed-5777-4b8d-85ca-b32b73346d95	chr3	61255374	162790480	2	2	0
d7e159ed-5777-4b8d-85ca-b32b73346d95	chr3	162794869	162908784	5	5	0
d7e159ed-5777-4b8d-85ca-b32b73346d95	chr3	162908815	198169247	2	2	0
d7e159ed-5777-4b8d-85ca-b32b73346d95	chr4	68929	4557071	3	2	1
d7e159ed-5777-4b8d-85ca-b32b73346d95	chr4	4557507	10208766	4	2	2
d7e159ed-5777-4b8d-85ca-b32b73346d95	chr4	10212536	10229874	0	0	0
d7e159ed-5777-4b8d-85ca-b32b73346d95	chr4	10232590	95460895	4	2	2
d7e159ed-5777-4b8d-85ca-b32b73346d95	chr4	95461194	96042682	5	3	2
d7e159ed-5777-4b8d-85ca-b32b73346d95	chr4	96044254	190106768	4	2	2
d7e159ed-5777-4b8d-85ca-b32b73346d95	chr5	15532	2095119	3	2	1
d7e159ed-5777-4b8d-85ca-b32b73346d95	chr5	2095774	29023197	4	2	2
d7e159ed-5777-4b8d-85ca-b32b73346d95	chr5	29023356	29042372	3	2	1
d7e159ed-5777-4b8d-85ca-b32b73346d95	chr5	29046755	76647432	4	2	2
d7e159ed-5777-4b8d-85ca-b32b73346d95	chr5	76648451	76661842	7	4	3
d7e159ed-5777-4b8d-85ca-b32b73346d95	chr5	76662029	178827246	4	2	2
d7e159ed-5777-4b8d-85ca-b32b73346d95	chr5	178827320	178841925	2	1	1
d7e159ed-5777-4b8d-85ca-b32b73346d95	chr5	178843809	181363319	4	2	2
d7e159ed-5777-4b8d-85ca-b32b73346d95	chr6	149661	252772	2	2	0
d7e159ed-5777-4b8d-85ca-b32b73346d95	chr6	253272	379015	1	1	0
d7e159ed-5777-4b8d-85ca-b32b73346d95	chr6	380821	27512448	2	2	0
d7e159ed-5777-4b8d-85ca-b32b73346d95	chr6	27516037	31530960	1	1	0
d7e159ed-5777-4b8d-85ca-b32b73346d95	chr6	31533435	32481273	2	2	0
d7e159ed-5777-4b8d-85ca-b32b73346d95	chr6	32485024	32602588	9	9	0
d7e159ed-5777-4b8d-85ca-b32b73346d95	chr6	32605994	76483504	2	2	0
d7e159ed-5777-4b8d-85ca-b32b73346d95	chr6	76483588	79432830	1	1	0
d7e159ed-5777-4b8d-85ca-b32b73346d95	chr6	79433783	170741917	2	2	0
d7e159ed-5777-4b8d-85ca-b32b73346d95	chr7	43259	2666618	3	2	1
d7e159ed-5777-4b8d-85ca-b32b73346d95	chr7	2667935	145129940	4	2	2
d7e159ed-5777-4b8d-85ca-b32b73346d95	chr7	145130039	145162059	3	2	1
d7e159ed-5777-4b8d-85ca-b32b73346d95	chr7	145171518	159334314	4	2	2
d7e159ed-5777-4b8d-85ca-b32b73346d95	chr8	81254	3415331	4	2	2
d7e159ed-5777-4b8d-85ca-b32b73346d95	chr8	3417810	124566260	2	2	0
d7e159ed-5777-4b8d-85ca-b32b73346d95	chr8	124566394	124654347	1	1	0
d7e159ed-5777-4b8d-85ca-b32b73346d95	chr8	124656358	140228915	2	2	0
d7e159ed-5777-4b8d-85ca-b32b73346d95	chr8	140232568	145072769	1	1	0
d7e159ed-5777-4b8d-85ca-b32b73346d95	chr9	46587	127362905	4	2	2
d7e159ed-5777-4b8d-85ca-b32b73346d95	chr9	127367728	138200944	3	2	1
d7e159ed-5777-4b8d-85ca-b32b73346d95	chr10	45792	23571145	2	2	0
d7e159ed-5777-4b8d-85ca-b32b73346d95	chr10	23575025	23585643	1	1	0
d7e159ed-5777-4b8d-85ca-b32b73346d95	chr10	23588315	51114191	2	2	0
d7e159ed-5777-4b8d-85ca-b32b73346d95	chr10	51114740	51132965	1	1	0
d7e159ed-5777-4b8d-85ca-b32b73346d95	chr10	51135919	65548272	2	2	0
d7e159ed-5777-4b8d-85ca-b32b73346d95	chr10	65548833	65554688	0	0	0
d7e159ed-5777-4b8d-85ca-b32b73346d95	chr10	65563037	133654968	2	2	0
d7e159ed-5777-4b8d-85ca-b32b73346d95	chr11	198510	2293024	3	2	1
d7e159ed-5777-4b8d-85ca-b32b73346d95	chr11	2295388	69981800	4	2	2
d7e159ed-5777-4b8d-85ca-b32b73346d95	chr11	69982488	70070163	3	2	1
d7e159ed-5777-4b8d-85ca-b32b73346d95	chr11	70070687	126610461	4	2	2
d7e159ed-5777-4b8d-85ca-b32b73346d95	chr11	126611122	126623561	7	4	3
d7e159ed-5777-4b8d-85ca-b32b73346d95	chr11	126624672	135074876	4	2	2
d7e159ed-5777-4b8d-85ca-b32b73346d95	chr12	51460	101655764	4	2	2
d7e159ed-5777-4b8d-85ca-b32b73346d95	chr12	101656343	101669603	2	1	1
d7e159ed-5777-4b8d-85ca-b32b73346d95	chr12	101670740	133201603	4	2	2
d7e159ed-5777-4b8d-85ca-b32b73346d95	chr13	18452809	114342922	2	2	0
d7e159ed-5777-4b8d-85ca-b32b73346d95	chr14	18239283	41034909	4	2	2
d7e159ed-5777-4b8d-85ca-b32b73346d95	chr14	41035114	41040633	3	2	1
d7e159ed-5777-4b8d-85ca-b32b73346d95	chr14	41040691	41139155	4	3	1
d7e159ed-5777-4b8d-85ca-b32b73346d95	chr14	41141293	41207565	0	0	0
d7e159ed-5777-4b8d-85ca-b32b73346d95	chr14	41207613	92063938	4	2	2
d7e159ed-5777-4b8d-85ca-b32b73346d95	chr14	92064169	92075731	2	1	1
d7e159ed-5777-4b8d-85ca-b32b73346d95	chr14	92075964	99555861	4	2	2
d7e159ed-5777-4b8d-85ca-b32b73346d95	chr14	99556011	99560380	2	1	1
d7e159ed-5777-4b8d-85ca-b32b73346d95	chr14	99561643	101187744	4	2	2
d7e159ed-5777-4b8d-85ca-b32b73346d95	chr14	101190464	105733039	3	2	1
d7e159ed-5777-4b8d-85ca-b32b73346d95	chr14	105752248	106462144	7	7	0
d7e159ed-5777-4b8d-85ca-b32b73346d95	chr14	106462169	106877229	4	2	2
d7e159ed-5777-4b8d-85ca-b32b73346d95	chr15	19811075	45943616	4	2	2
d7e159ed-5777-4b8d-85ca-b32b73346d95	chr15	45943633	45950067	2	1	1
d7e159ed-5777-4b8d-85ca-b32b73346d95	chr15	45950082	101928837	4	2	2
d7e159ed-5777-4b8d-85ca-b32b73346d95	chr16	10777	5109479	3	2	1
d7e159ed-5777-4b8d-85ca-b32b73346d95	chr16	5111773	77703961	4	2	2
d7e159ed-5777-4b8d-85ca-b32b73346d95	chr16	77704264	77726260	6	3	3
d7e159ed-5777-4b8d-85ca-b32b73346d95	chr16	77728985	78343037	4	2	2
d7e159ed-5777-4b8d-85ca-b32b73346d95	chr16	78343264	78350868	0	0	0
d7e159ed-5777-4b8d-85ca-b32b73346d95	chr16	78351104	83587254	4	2	2
d7e159ed-5777-4b8d-85ca-b32b73346d95	chr16	83587468	83605594	7	4	3
d7e159ed-5777-4b8d-85ca-b32b73346d95	chr16	83605706	87716028	4	2	2
d7e159ed-5777-4b8d-85ca-b32b73346d95	chr16	87717580	89596014	3	2	1
d7e159ed-5777-4b8d-85ca-b32b73346d95	chr16	89596467	90096867	4	2	2
d7e159ed-5777-4b8d-85ca-b32b73346d95	chr17	150733	1033611	2	2	0
d7e159ed-5777-4b8d-85ca-b32b73346d95	chr17	1033696	1437646	1	1	0
d7e159ed-5777-4b8d-85ca-b32b73346d95	chr17	1440406	83091923	2	2	0
d7e159ed-5777-4b8d-85ca-b32b73346d95	chr18	48133	80257174	2	2	0
d7e159ed-5777-4b8d-85ca-b32b73346d95	chr19	90910	15612717	3	2	1
d7e159ed-5777-4b8d-85ca-b32b73346d95	chr19	15613287	15649767	4	2	2
d7e159ed-5777-4b8d-85ca-b32b73346d95	chr19	15652128	19486978	3	2	1
d7e159ed-5777-4b8d-85ca-b32b73346d95	chr19	19489848	33266685	4	2	2
d7e159ed-5777-4b8d-85ca-b32b73346d95	chr19	33271351	33278637	8	4	4
d7e159ed-5777-4b8d-85ca-b32b73346d95	chr19	33284962	36807798	3	2	1
d7e159ed-5777-4b8d-85ca-b32b73346d95	chr19	36808526	37661778	4	2	2
d7e159ed-5777-4b8d-85ca-b32b73346d95	chr19	37663801	51125365	3	2	1
d7e159ed-5777-4b8d-85ca-b32b73346d95	chr19	51130403	58586487	4	2	2
d7e159ed-5777-4b8d-85ca-b32b73346d95	chr20	80664	61876753	4	2	2
d7e159ed-5777-4b8d-85ca-b32b73346d95	chr20	61881335	64324800	3	2	1
d7e159ed-5777-4b8d-85ca-b32b73346d95	chr21	12973348	41765185	2	2	0
d7e159ed-5777-4b8d-85ca-b32b73346d95	chr21	41765820	45333430	1	1	0
d7e159ed-5777-4b8d-85ca-b32b73346d95	chr21	45339971	46677045	2	2	0
d7e159ed-5777-4b8d-85ca-b32b73346d95	chr22	16392123	47160700	3	2	1
d7e159ed-5777-4b8d-85ca-b32b73346d95	chr22	47160929	48658782	4	2	2
d7e159ed-5777-4b8d-85ca-b32b73346d95	chr22	48663270	50796027	3	2	1
d7e159ed-5777-4b8d-85ca-b32b73346d95	chrX	251810	10159341	2	2	0
d7e159ed-5777-4b8d-85ca-b32b73346d95	chrX	10159447	10172148	3	3	0
d7e159ed-5777-4b8d-85ca-b32b73346d95	chrX	10172734	38531403	2	2	0
d7e159ed-5777-4b8d-85ca-b32b73346d95	chrX	38531520	38538064	4	4	0
d7e159ed-5777-4b8d-85ca-b32b73346d95	chrX	38539778	95141627	2	2	0
d7e159ed-5777-4b8d-85ca-b32b73346d95	chrX	95141864	95158595	4	4	0
d7e159ed-5777-4b8d-85ca-b32b73346d95	chrX	95159272	156004181	2	2	0
d7e159ed-5777-4b8d-85ca-b32b73346d95	chrY	2782397	56872112	0	0	0
1395b6c7-fbdf-4b5f-b204-d5a369d5b8ab	chr1	62920	73062569	1	1	0
1395b6c7-fbdf-4b5f-b204-d5a369d5b8ab	chr1	73067011	73148457	2	2	0
1395b6c7-fbdf-4b5f-b204-d5a369d5b8ab	chr1	73148843	152583051	1	1	0
1395b6c7-fbdf-4b5f-b204-d5a369d5b8ab	chr1	152583230	152613762	0	0	0
1395b6c7-fbdf-4b5f-b204-d5a369d5b8ab	chr1	152613802	196740630	1	1	0
1395b6c7-fbdf-4b5f-b204-d5a369d5b8ab	chr1	196741937	196761905	2	2	0
1395b6c7-fbdf-4b5f-b204-d5a369d5b8ab	chr1	196762480	234534101	1	1	0
1395b6c7-fbdf-4b5f-b204-d5a369d5b8ab	chr1	234535521	234560431	2	2	0
1395b6c7-fbdf-4b5f-b204-d5a369d5b8ab	chr1	234561006	248930189	1	1	0
1395b6c7-fbdf-4b5f-b204-d5a369d5b8ab	chr2	12784	34228877	1	1	0
1395b6c7-fbdf-4b5f-b204-d5a369d5b8ab	chr2	34229497	34237577	2	2	0
1395b6c7-fbdf-4b5f-b204-d5a369d5b8ab	chr2	34240594	137157318	1	1	0
1395b6c7-fbdf-4b5f-b204-d5a369d5b8ab	chr2	137157554	137203349	2	2	0
1395b6c7-fbdf-4b5f-b204-d5a369d5b8ab	chr2	137203399	146106875	1	1	0
1395b6c7-fbdf-4b5f-b204-d5a369d5b8ab	chr2	146106889	146109366	0	0	0
1395b6c7-fbdf-4b5f-b204-d5a369d5b8ab	chr2	146120238	242147305	1	1	0
1395b6c7-fbdf-4b5f-b204-d5a369d5b8ab	chr3	20930	15305193	2	1	1
1395b6c7-fbdf-4b5f-b204-d5a369d5b8ab	chr3	15305269	15317139	4	2	2
1395b6c7-fbdf-4b5f-b204-d5a369d5b8ab	chr3	15317688	146538692	2	1	1
1395b6c7-fbdf-4b5f-b204-d5a369d5b8ab	chr3	146539520	146543309	1	1	0
1395b6c7-fbdf-4b5f-b204-d5a369d5b8ab	chr3	146543340	156441251	2	1	1
1395b6c7-fbdf-4b5f-b204-d5a369d5b8ab	chr3	156442595	156454966	4	2	2
1395b6c7-fbdf-4b5f-b204-d5a369d5b8ab	chr3	156457795	198169247	2	1	1
1395b6c7-fbdf-4b5f-b204-d5a369d5b8ab	chr4	68929	190106768	2	1	1
1395b6c7-fbdf-4b5f-b204-d5a369d5b8ab	chr5	15532	76647432	2	1	1
1395b6c7-fbdf-4b5f-b204-d5a369d5b8ab	chr5	76648451	76664953	4	2	2
1395b6c7-fbdf-4b5f-b204-d5a369d5b8ab	chr5	76665040	128576241	2	1	1
1395b6c7-fbdf-4b5f-b204-d5a369d5b8ab	chr5	128576262	128632593	1	1	0
1395b6c7-fbdf-4b5f-b204-d5a369d5b8ab	chr5	128633634	178780608	2	1	1
1395b6c7-fbdf-4b5f-b204-d5a369d5b8ab	chr5	178780664	178853270	1	1	0
1395b6c7-fbdf-4b5f-b204-d5a369d5b8ab	chr5	178853333	181363319	2	1	1
1395b6c7-fbdf-4b5f-b204-d5a369d5b8ab	chr6	149661	30499918	1	1	0
1395b6c7-fbdf-4b5f-b204-d5a369d5b8ab	chr6	30507638	30515216	0	0	0
1395b6c7-fbdf-4b5f-b204-d5a369d5b8ab	chr6	30544386	103286954	1	1	0
1395b6c7-fbdf-4b5f-b204-d5a369d5b8ab	chr6	103290101	103314186	3	3	0
1395b6c7-fbdf-4b5f-b204-d5a369d5b8ab	chr6	103317795	170741917	1	1	0
1395b6c7-fbdf-4b5f-b204-d5a369d5b8ab	chr7	43259	159334314	1	1	0
1395b6c7-fbdf-4b5f-b204-d5a369d5b8ab	chr8	81254	6630984	2	1	1
1395b6c7-fbdf-4b5f-b204-d5a369d5b8ab	chr8	6631056	6635665	0	0	0
1395b6c7-fbdf-4b5f-b204-d5a369d5b8ab	chr8	6635679	10850464	2	1	1
1395b6c7-fbdf-4b5f-b204-d5a369d5b8ab	chr8	10852394	11019093	3	2	1
1395b6c7-fbdf-4b5f-b204-d5a369d5b8ab	chr8	11019115	69152771	2	1	1
1395b6c7-fbdf-4b5f-b204-d5a369d5b8ab	chr8	69153124	69166138	5	3	2
1395b6c7-fbdf-4b5f-b204-d5a369d5b8ab	chr8	69166802	145072769	2	1	1
1395b6c7-fbdf-4b5f-b204-d5a369d5b8ab	chr9	46587	138200944	1	1	0
1395b6c7-fbdf-4b5f-b204-d5a369d5b8ab	chr10	45792	133654968	1	1	0
1395b6c7-fbdf-4b5f-b204-d5a369d5b8ab	chr11	198510	135074876	2	1	1
1395b6c7-fbdf-4b5f-b204-d5a369d5b8ab	chr12	51460	133201603	2	1	1
1395b6c7-fbdf-4b5f-b204-d5a369d5b8ab	chr13	18452809	114342922	1	1	0
1395b6c7-fbdf-4b5f-b204-d5a369d5b8ab	chr14	18239283	58062439	2	1	1
1395b6c7-fbdf-4b5f-b204-d5a369d5b8ab	chr14	58063189	58089063	1	1	0
1395b6c7-fbdf-4b5f-b204-d5a369d5b8ab	chr14	58089716	100853390	2	1	1
1395b6c7-fbdf-4b5f-b204-d5a369d5b8ab	chr14	100853697	101136514	3	2	1
1395b6c7-fbdf-4b5f-b204-d5a369d5b8ab	chr14	101137053	105733039	2	1	1
1395b6c7-fbdf-4b5f-b204-d5a369d5b8ab	chr14	105752248	106407614	5	5	0
1395b6c7-fbdf-4b5f-b204-d5a369d5b8ab	chr14	106412640	106877229	2	1	1
1395b6c7-fbdf-4b5f-b204-d5a369d5b8ab	chr15	19811075	23442538	3	2	1
1395b6c7-fbdf-4b5f-b204-d5a369d5b8ab	chr15	23443797	76598900	2	1	1
1395b6c7-fbdf-4b5f-b204-d5a369d5b8ab	chr15	76599170	76603003	0	0	0
1395b6c7-fbdf-4b5f-b204-d5a369d5b8ab	chr15	76603426	101928837	2	1	1
1395b6c7-fbdf-4b5f-b204-d5a369d5b8ab	chr16	10777	26083515	2	1	1
1395b6c7-fbdf-4b5f-b204-d5a369d5b8ab	chr16	26083979	26114311	4	2	2
1395b6c7-fbdf-4b5f-b204-d5a369d5b8ab	chr16	26114682	90096867	2	1	1
1395b6c7-fbdf-4b5f-b204-d5a369d5b8ab	chr17	150733	46939206	1	1	0
1395b6c7-fbdf-4b5f-b204-d5a369d5b8ab	chr17	46940493	46956655	2	2	0
1395b6c7-fbdf-4b5f-b204-d5a369d5b8ab	chr17	46957017	83091923	1	1	0
1395b6c7-fbdf-4b5f-b204-d5a369d5b8ab	chr18	48133	80257174	2	1	1
1395b6c7-fbdf-4b5f-b204-d5a369d5b8ab	chr19	90910	15572918	2	1	1
1395b6c7-fbdf-4b5f-b204-d5a369d5b8ab	chr19	15573976	15622678	3	2	1
1395b6c7-fbdf-4b5f-b204-d5a369d5b8ab	chr19	15622983	58586487	2	1	1
1395b6c7-fbdf-4b5f-b204-d5a369d5b8ab	chr20	80664	64324800	2	1	1
1395b6c7-fbdf-4b5f-b204-d5a369d5b8ab	chr21	12973348	46677045	1	1	0
1395b6c7-fbdf-4b5f-b204-d5a369d5b8ab	chr22	16392123	50796027	2	1	1
1395b6c7-fbdf-4b5f-b204-d5a369d5b8ab	chrX	251810	490407	2	1	1
1395b6c7-fbdf-4b5f-b204-d5a369d5b8ab	chrX	507629	683150	3	2	1
1395b6c7-fbdf-4b5f-b204-d5a369d5b8ab	chrX	683844	721514	1	1	0
1395b6c7-fbdf-4b5f-b204-d5a369d5b8ab	chrX	722123	786390	3	2	1
1395b6c7-fbdf-4b5f-b204-d5a369d5b8ab	chrX	809468	1006176	1	1	0
1395b6c7-fbdf-4b5f-b204-d5a369d5b8ab	chrX	1007312	1479705	2	1	1
1395b6c7-fbdf-4b5f-b204-d5a369d5b8ab	chrX	1480942	1541402	3	2	1
1395b6c7-fbdf-4b5f-b204-d5a369d5b8ab	chrX	1545873	1901069	2	1	1
1395b6c7-fbdf-4b5f-b204-d5a369d5b8ab	chrX	1923307	2429047	1	1	0
1395b6c7-fbdf-4b5f-b204-d5a369d5b8ab	chrX	2429171	2710375	2	1	1
1395b6c7-fbdf-4b5f-b204-d5a369d5b8ab	chrX	2714781	2720458	1	1	0
1395b6c7-fbdf-4b5f-b204-d5a369d5b8ab	chrX	2723161	2775134	3	2	1
1395b6c7-fbdf-4b5f-b204-d5a369d5b8ab	chrX	2775583	156004181	1	1	0
1395b6c7-fbdf-4b5f-b204-d5a369d5b8ab	chrY	2782397	26653788	2	2	0
1395b6c7-fbdf-4b5f-b204-d5a369d5b8ab	chrY	56872112	56872112	0	0	0
530e5b42-4700-4ccd-8fc7-438d53904bcf	chr1	62920	83747331	2	1	1
530e5b42-4700-4ccd-8fc7-438d53904bcf	chr1	83747508	83754452	5	3	2
530e5b42-4700-4ccd-8fc7-438d53904bcf	chr1	83754553	102733637	2	1	1
530e5b42-4700-4ccd-8fc7-438d53904bcf	chr1	102734633	104167481	2	2	0
530e5b42-4700-4ccd-8fc7-438d53904bcf	chr1	104168503	248930189	2	1	1
530e5b42-4700-4ccd-8fc7-438d53904bcf	chr2	12784	346269	2	2	0
530e5b42-4700-4ccd-8fc7-438d53904bcf	chr2	346493	52790122	2	1	1
530e5b42-4700-4ccd-8fc7-438d53904bcf	chr2	52790518	53175356	2	2	0
530e5b42-4700-4ccd-8fc7-438d53904bcf	chr2	53175904	100471135	2	1	1
530e5b42-4700-4ccd-8fc7-438d53904bcf	chr2	100471798	100496002	1	1	0
530e5b42-4700-4ccd-8fc7-438d53904bcf	chr2	100496682	107167439	2	1	1
530e5b42-4700-4ccd-8fc7-438d53904bcf	chr2	107167826	109746769	2	2	0
530e5b42-4700-4ccd-8fc7-438d53904bcf	chr2	109984252	166874634	2	1	1
530e5b42-4700-4ccd-8fc7-438d53904bcf	chr2	166878164	167727471	3	2	1
530e5b42-4700-4ccd-8fc7-438d53904bcf	chr2	167729043	241666621	2	1	1
530e5b42-4700-4ccd-8fc7-438d53904bcf	chr2	241673369	242030314	1	1	0
530e5b42-4700-4ccd-8fc7-438d53904bcf	chr2	242031343	242081742	0	0	0
530e5b42-4700-4ccd-8fc7-438d53904bcf	chr2	242081892	242147305	2	2	0
530e5b42-4700-4ccd-8fc7-438d53904bcf	chr3	20930	8890669	2	1	1
530e5b42-4700-4ccd-8fc7-438d53904bcf	chr3	8890708	8960036	1	1	0
530e5b42-4700-4ccd-8fc7-438d53904bcf	chr3	8961440	95439907	2	1	1
530e5b42-4700-4ccd-8fc7-438d53904bcf	chr3	95457526	95464012	0	0	0
530e5b42-4700-4ccd-8fc7-438d53904bcf	chr3	95464160	198169247	2	1	1
530e5b42-4700-4ccd-8fc7-438d53904bcf	chr4	68929	68506285	2	1	1
530e5b42-4700-4ccd-8fc7-438d53904bcf	chr4	68509223	68591984	6	6	0
530e5b42-4700-4ccd-8fc7-438d53904bcf	chr4	68592087	89833002	2	1	1
530e5b42-4700-4ccd-8fc7-438d53904bcf	chr4	89833141	89897942	1	1	0
530e5b42-4700-4ccd-8fc7-438d53904bcf	chr4	89898003	104570356	2	1	1
530e5b42-4700-4ccd-8fc7-438d53904bcf	chr4	104570542	104586517	3	2	1
530e5b42-4700-4ccd-8fc7-438d53904bcf	chr4	104587258	114250213	2	1	1
530e5b42-4700-4ccd-8fc7-438d53904bcf	chr4	114250423	114263154	6	6	0
530e5b42-4700-4ccd-8fc7-438d53904bcf	chr4	114263166	190106768	2	1	1
530e5b42-4700-4ccd-8fc7-438d53904bcf	chr5	15532	2725860	2	1	1
530e5b42-4700-4ccd-8fc7-438d53904bcf	chr5	2726283	2825635	3	2	1
530e5b42-4700-4ccd-8fc7-438d53904bcf	chr5	2827506	153036408	2	1	1
530e5b42-4700-4ccd-8fc7-438d53904bcf	chr5	153040273	164106522	2	2	0
530e5b42-4700-4ccd-8fc7-438d53904bcf	chr5	164109128	181363319	2	1	1
530e5b42-4700-4ccd-8fc7-438d53904bcf	chr6	149661	30304444	2	1	1
530e5b42-4700-4ccd-8fc7-438d53904bcf	chr6	30305594	30499918	1	1	0
530e5b42-4700-4ccd-8fc7-438d53904bcf	chr6	30507638	30515216	0	0	0
530e5b42-4700-4ccd-8fc7-438d53904bcf	chr6	30544386	39021223	2	1	1
530e5b42-4700-4ccd-8fc7-438d53904bcf	chr6	39022933	39086337	2	2	0
530e5b42-4700-4ccd-8fc7-438d53904bcf	chr6	39087914	94776673	2	1	1
530e5b42-4700-4ccd-8fc7-438d53904bcf	chr6	94777058	94861340	0	0	0
530e5b42-4700-4ccd-8fc7-438d53904bcf	chr6	94874135	119301609	2	1	1
530e5b42-4700-4ccd-8fc7-438d53904bcf	chr6	119302782	119355012	1	1	0
530e5b42-4700-4ccd-8fc7-438d53904bcf	chr6	119355069	170452728	2	1	1
530e5b42-4700-4ccd-8fc7-438d53904bcf	chr6	170453976	170741917	2	2	0
530e5b42-4700-4ccd-8fc7-438d53904bcf	chr7	43259	159334314	2	1	1
530e5b42-4700-4ccd-8fc7-438d53904bcf	chr8	81254	107751468	2	1	1
530e5b42-4700-4ccd-8fc7-438d53904bcf	chr8	107751547	112210777	2	2	0
530e5b42-4700-4ccd-8fc7-438d53904bcf	chr8	112211200	144441281	2	1	1
530e5b42-4700-4ccd-8fc7-438d53904bcf	chr8	144441636	145072769	2	2	0
530e5b42-4700-4ccd-8fc7-438d53904bcf	chr9	46587	102944492	2	1	1
530e5b42-4700-4ccd-8fc7-438d53904bcf	chr9	102945165	103103609	0	0	0
530e5b42-4700-4ccd-8fc7-438d53904bcf	chr9	103104173	113342125	2	1	1
530e5b42-4700-4ccd-8fc7-438d53904bcf	chr9	113342246	113391072	1	1	0
530e5b42-4700-4ccd-8fc7-438d53904bcf	chr9	113391109	114668244	2	2	0
530e5b42-4700-4ccd-8fc7-438d53904bcf	chr9	114668331	133721245	2	1	1
530e5b42-4700-4ccd-8fc7-438d53904bcf	chr9	133721819	133753192	4	2	2
530e5b42-4700-4ccd-8fc7-438d53904bcf	chr9	133753594	138200944	2	1	1
530e5b42-4700-4ccd-8fc7-438d53904bcf	chr10	45792	3012303	2	1	1
530e5b42-4700-4ccd-8fc7-438d53904bcf	chr10	3012662	3013819	6	3	3
530e5b42-4700-4ccd-8fc7-438d53904bcf	chr10	3013852	65546518	2	1	1
530e5b42-4700-4ccd-8fc7-438d53904bcf	chr10	65548165	65554688	0	0	0
530e5b42-4700-4ccd-8fc7-438d53904bcf	chr10	65563037	133654968	2	1	1
530e5b42-4700-4ccd-8fc7-438d53904bcf	chr11	198510	63746958	2	1	1
530e5b42-4700-4ccd-8fc7-438d53904bcf	chr11	63747543	67708154	2	2	0
530e5b42-4700-4ccd-8fc7-438d53904bcf	chr11	67715176	79501861	2	1	1
530e5b42-4700-4ccd-8fc7-438d53904bcf	chr11	79502008	79624236	3	2	1
530e5b42-4700-4ccd-8fc7-438d53904bcf	chr11	79624306	101651695	2	1	1
530e5b42-4700-4ccd-8fc7-438d53904bcf	chr11	101652691	101899629	2	2	0
530e5b42-4700-4ccd-8fc7-438d53904bcf	chr11	101904705	135074876	2	1	1
530e5b42-4700-4ccd-8fc7-438d53904bcf	chr12	51460	89514914	2	1	1
530e5b42-4700-4ccd-8fc7-438d53904bcf	chr12	89514967	92306931	2	2	0
530e5b42-4700-4ccd-8fc7-438d53904bcf	chr12	92310531	102747026	2	1	1
530e5b42-4700-4ccd-8fc7-438d53904bcf	chr12	102747288	105048184	2	2	0
530e5b42-4700-4ccd-8fc7-438d53904bcf	chr12	105048408	133201603	2	1	1
530e5b42-4700-4ccd-8fc7-438d53904bcf	chr13	18452809	54852895	2	1	1
530e5b42-4700-4ccd-8fc7-438d53904bcf	chr13	54853048	55668484	2	2	0
530e5b42-4700-4ccd-8fc7-438d53904bcf	chr13	55668557	114342922	2	1	1
530e5b42-4700-4ccd-8fc7-438d53904bcf	chr14	18239283	24956046	2	1	1
530e5b42-4700-4ccd-8fc7-438d53904bcf	chr14	24956076	24997259	3	2	1
530e5b42-4700-4ccd-8fc7-438d53904bcf	chr14	24997474	57554568	2	1	1
530e5b42-4700-4ccd-8fc7-438d53904bcf	chr14	57554935	57629814	2	2	0
530e5b42-4700-4ccd-8fc7-438d53904bcf	chr14	57629948	58062439	2	1	1
530e5b42-4700-4ccd-8fc7-438d53904bcf	chr14	58063189	58082531	0	0	0
530e5b42-4700-4ccd-8fc7-438d53904bcf	chr14	58088611	92063938	2	1	1
530e5b42-4700-4ccd-8fc7-438d53904bcf	chr14	92064169	92104523	1	1	0
530e5b42-4700-4ccd-8fc7-438d53904bcf	chr14	92105635	106877229	2	1	1
530e5b42-4700-4ccd-8fc7-438d53904bcf	chr15	19811075	22299009	1	1	0
530e5b42-4700-4ccd-8fc7-438d53904bcf	chr15	22299523	23420338	0	0	0
530e5b42-4700-4ccd-8fc7-438d53904bcf	chr15	23425837	101928837	2	1	1
530e5b42-4700-4ccd-8fc7-438d53904bcf	chr16	10777	57489152	2	1	1
530e5b42-4700-4ccd-8fc7-438d53904bcf	chr16	57489949	57532315	1	1	0
530e5b42-4700-4ccd-8fc7-438d53904bcf	chr16	57533712	90096867	2	1	1
530e5b42-4700-4ccd-8fc7-438d53904bcf	chr17	150733	27745030	2	1	1
530e5b42-4700-4ccd-8fc7-438d53904bcf	chr17	27747965	27782391	1	1	0
530e5b42-4700-4ccd-8fc7-438d53904bcf	chr17	27784200	83091923	2	1	1
530e5b42-4700-4ccd-8fc7-438d53904bcf	chr18	48133	56383462	2	1	1
530e5b42-4700-4ccd-8fc7-438d53904bcf	chr18	56383739	56758557	1	1	0
530e5b42-4700-4ccd-8fc7-438d53904bcf	chr18	56766230	73277983	2	1	1
530e5b42-4700-4ccd-8fc7-438d53904bcf	chr18	73278249	73283977	4	2	2
530e5b42-4700-4ccd-8fc7-438d53904bcf	chr18	73284838	79832660	2	1	1
530e5b42-4700-4ccd-8fc7-438d53904bcf	chr18	79832807	80257174	1	1	0
530e5b42-4700-4ccd-8fc7-438d53904bcf	chr19	90910	2535731	1	1	0
530e5b42-4700-4ccd-8fc7-438d53904bcf	chr19	2536863	58586487	2	1	1
530e5b42-4700-4ccd-8fc7-438d53904bcf	chr20	80664	64324800	2	1	1
530e5b42-4700-4ccd-8fc7-438d53904bcf	chr21	12973348	46677045	2	1	1
530e5b42-4700-4ccd-8fc7-438d53904bcf	chr22	16392123	46800627	2	1	1
530e5b42-4700-4ccd-8fc7-438d53904bcf	chr22	46801921	47555804	2	2	0
530e5b42-4700-4ccd-8fc7-438d53904bcf	chr22	47557294	50796027	2	1	1
530e5b42-4700-4ccd-8fc7-438d53904bcf	chrX	251810	890806	2	1	1
530e5b42-4700-4ccd-8fc7-438d53904bcf	chrX	891904	960081	0	0	0
530e5b42-4700-4ccd-8fc7-438d53904bcf	chrX	966477	1479705	2	1	1
530e5b42-4700-4ccd-8fc7-438d53904bcf	chrX	1480942	1584673	4	2	2
530e5b42-4700-4ccd-8fc7-438d53904bcf	chrX	1629688	2408681	2	1	1
530e5b42-4700-4ccd-8fc7-438d53904bcf	chrX	2408741	2442775	1	1	0
530e5b42-4700-4ccd-8fc7-438d53904bcf	chrX	2446094	2553080	3	2	1
530e5b42-4700-4ccd-8fc7-438d53904bcf	chrX	2553682	2789693	2	1	1
530e5b42-4700-4ccd-8fc7-438d53904bcf	chrX	2791984	156004181	0	0	0
530e5b42-4700-4ccd-8fc7-438d53904bcf	chrY	2782397	26653788	2	1	1
530e5b42-4700-4ccd-8fc7-438d53904bcf	chrY	56872112	56872112	0	0	0
43311616-1c38-4ca2-bf9f-157abc063486	chr1	62920	19445640	2	2	0
43311616-1c38-4ca2-bf9f-157abc063486	chr1	19446353	19465462	1	1	0
43311616-1c38-4ca2-bf9f-157abc063486	chr1	19466033	248930189	2	2	0
43311616-1c38-4ca2-bf9f-157abc063486	chr2	12784	168150983	2	2	0
43311616-1c38-4ca2-bf9f-157abc063486	chr2	168153055	168171592	1	1	0
43311616-1c38-4ca2-bf9f-157abc063486	chr2	168173254	171595222	2	2	0
43311616-1c38-4ca2-bf9f-157abc063486	chr2	171596395	171653648	3	3	0
43311616-1c38-4ca2-bf9f-157abc063486	chr2	171654179	242147305	2	2	0
43311616-1c38-4ca2-bf9f-157abc063486	chr3	20930	22678829	4	2	2
43311616-1c38-4ca2-bf9f-157abc063486	chr3	22679137	22717000	2	1	1
43311616-1c38-4ca2-bf9f-157abc063486	chr3	22717380	47235798	4	2	2
43311616-1c38-4ca2-bf9f-157abc063486	chr3	47237408	64568981	2	2	0
43311616-1c38-4ca2-bf9f-157abc063486	chr3	64572444	64600803	5	5	0
43311616-1c38-4ca2-bf9f-157abc063486	chr3	64600984	98047931	2	2	0
43311616-1c38-4ca2-bf9f-157abc063486	chr3	98048338	98067882	1	1	0
43311616-1c38-4ca2-bf9f-157abc063486	chr3	98068101	130047743	2	2	0
43311616-1c38-4ca2-bf9f-157abc063486	chr3	130057015	130079892	0	0	0
43311616-1c38-4ca2-bf9f-157abc063486	chr3	130079938	198169247	2	2	0
43311616-1c38-4ca2-bf9f-157abc063486	chr4	68929	10208766	4	2	2
43311616-1c38-4ca2-bf9f-157abc063486	chr4	10212536	10229874	0	0	0
43311616-1c38-4ca2-bf9f-157abc063486	chr4	10232590	34784878	4	2	2
43311616-1c38-4ca2-bf9f-157abc063486	chr4	34785333	34823103	1	1	0
43311616-1c38-4ca2-bf9f-157abc063486	chr4	34828250	68506285	4	2	2
43311616-1c38-4ca2-bf9f-157abc063486	chr4	68509223	68671434	8	8	0
43311616-1c38-4ca2-bf9f-157abc063486	chr4	68674307	151682025	4	2	2
43311616-1c38-4ca2-bf9f-157abc063486	chr4	151682126	151682879	2	1	1
43311616-1c38-4ca2-bf9f-157abc063486	chr4	151683179	168583035	4	2	2
43311616-1c38-4ca2-bf9f-157abc063486	chr4	168586930	168605860	3	2	1
43311616-1c38-4ca2-bf9f-157abc063486	chr4	168607425	190106768	4	2	2
43311616-1c38-4ca2-bf9f-157abc063486	chr5	15532	22591363	4	2	2
43311616-1c38-4ca2-bf9f-157abc063486	chr5	22591713	22660455	5	3	2
43311616-1c38-4ca2-bf9f-157abc063486	chr5	22664966	43433452	4	2	2
43311616-1c38-4ca2-bf9f-157abc063486	chr5	43433633	53358148	3	2	1
43311616-1c38-4ca2-bf9f-157abc063486	chr5	53358629	178823121	4	2	2
43311616-1c38-4ca2-bf9f-157abc063486	chr5	178827246	178853270	2	1	1
43311616-1c38-4ca2-bf9f-157abc063486	chr5	178853333	181363319	4	2	2
43311616-1c38-4ca2-bf9f-157abc063486	chr6	149661	61615610	2	2	0
43311616-1c38-4ca2-bf9f-157abc063486	chr6	61615668	64947343	1	1	0
43311616-1c38-4ca2-bf9f-157abc063486	chr6	64947487	70851797	2	2	0
43311616-1c38-4ca2-bf9f-157abc063486	chr6	70855775	70961429	1	1	0
43311616-1c38-4ca2-bf9f-157abc063486	chr6	70962169	110073703	2	2	0
43311616-1c38-4ca2-bf9f-157abc063486	chr6	110074988	110092034	0	0	0
43311616-1c38-4ca2-bf9f-157abc063486	chr6	110094225	170741917	2	2	0
43311616-1c38-4ca2-bf9f-157abc063486	chr7	43259	2674049	3	2	1
43311616-1c38-4ca2-bf9f-157abc063486	chr7	2674701	8952380	4	2	2
43311616-1c38-4ca2-bf9f-157abc063486	chr7	8952743	9183482	5	3	2
43311616-1c38-4ca2-bf9f-157abc063486	chr7	9183838	109793741	4	2	2
43311616-1c38-4ca2-bf9f-157abc063486	chr7	109797035	109813853	1	1	0
43311616-1c38-4ca2-bf9f-157abc063486	chr7	109813925	159334314	4	2	2
43311616-1c38-4ca2-bf9f-157abc063486	chr8	81254	28815900	2	2	0
43311616-1c38-4ca2-bf9f-157abc063486	chr8	28821177	29341609	1	1	0
43311616-1c38-4ca2-bf9f-157abc063486	chr8	29342039	62097784	2	2	0
43311616-1c38-4ca2-bf9f-157abc063486	chr8	62098251	62104376	4	4	0
43311616-1c38-4ca2-bf9f-157abc063486	chr8	62108666	145072769	2	2	0
43311616-1c38-4ca2-bf9f-157abc063486	chr9	46587	73627239	2	2	0
43311616-1c38-4ca2-bf9f-157abc063486	chr9	73630220	74348085	0	0	0
43311616-1c38-4ca2-bf9f-157abc063486	chr9	74350319	138200944	2	2	0
43311616-1c38-4ca2-bf9f-157abc063486	chr10	45792	8667375	4	2	2
43311616-1c38-4ca2-bf9f-157abc063486	chr10	8669723	8685505	6	3	3
43311616-1c38-4ca2-bf9f-157abc063486	chr10	8686456	55494902	4	2	2
43311616-1c38-4ca2-bf9f-157abc063486	chr10	55494922	57101745	2	2	0
43311616-1c38-4ca2-bf9f-157abc063486	chr10	57101837	83941523	4	2	2
43311616-1c38-4ca2-bf9f-157abc063486	chr10	83945405	99003322	2	2	0
43311616-1c38-4ca2-bf9f-157abc063486	chr10	99003603	99564520	4	2	2
43311616-1c38-4ca2-bf9f-157abc063486	chr10	99564608	104753424	2	2	0
43311616-1c38-4ca2-bf9f-157abc063486	chr10	104756222	105673865	4	2	2
43311616-1c38-4ca2-bf9f-157abc063486	chr10	105676176	133654968	2	2	0
43311616-1c38-4ca2-bf9f-157abc063486	chr11	198510	135074876	2	2	0
43311616-1c38-4ca2-bf9f-157abc063486	chr12	51460	9467109	4	2	2
43311616-1c38-4ca2-bf9f-157abc063486	chr12	9467513	9590690	1	1	0
43311616-1c38-4ca2-bf9f-157abc063486	chr12	9590931	26145687	4	2	2
43311616-1c38-4ca2-bf9f-157abc063486	chr12	26146337	26433170	3	2	1
43311616-1c38-4ca2-bf9f-157abc063486	chr12	26434504	52526630	4	2	2
43311616-1c38-4ca2-bf9f-157abc063486	chr12	52527431	52531875	10	6	4
43311616-1c38-4ca2-bf9f-157abc063486	chr12	52532185	133201603	4	2	2
43311616-1c38-4ca2-bf9f-157abc063486	chr13	18452809	20312249	3	2	1
43311616-1c38-4ca2-bf9f-157abc063486	chr13	20312409	114342922	4	2	2
43311616-1c38-4ca2-bf9f-157abc063486	chr14	18239283	22632004	3	2	1
43311616-1c38-4ca2-bf9f-157abc063486	chr14	22633534	99551024	4	2	2
43311616-1c38-4ca2-bf9f-157abc063486	chr14	99551085	99556527	2	1	1
43311616-1c38-4ca2-bf9f-157abc063486	chr14	99557059	106877229	4	2	2
43311616-1c38-4ca2-bf9f-157abc063486	chr15	19811075	45943616	4	2	2
43311616-1c38-4ca2-bf9f-157abc063486	chr15	45943633	45950067	1	1	0
43311616-1c38-4ca2-bf9f-157abc063486	chr15	45950082	101928837	4	2	2
43311616-1c38-4ca2-bf9f-157abc063486	chr16	10777	1904299	3	2	1
43311616-1c38-4ca2-bf9f-157abc063486	chr16	1904507	36048855	4	2	2
43311616-1c38-4ca2-bf9f-157abc063486	chr16	46441986	48859355	2	1	1
43311616-1c38-4ca2-bf9f-157abc063486	chr16	48860135	50393643	3	2	1
43311616-1c38-4ca2-bf9f-157abc063486	chr16	50394007	87975500	4	2	2
43311616-1c38-4ca2-bf9f-157abc063486	chr16	87976051	90096867	3	2	1
43311616-1c38-4ca2-bf9f-157abc063486	chr17	150733	83091923	2	2	0
43311616-1c38-4ca2-bf9f-157abc063486	chr18	48133	14028167	4	2	2
43311616-1c38-4ca2-bf9f-157abc063486	chr18	14028536	15402409	5	3	2
43311616-1c38-4ca2-bf9f-157abc063486	chr18	20949392	80257174	4	2	2
43311616-1c38-4ca2-bf9f-157abc063486	chr19	90910	7199330	3	2	1
43311616-1c38-4ca2-bf9f-157abc063486	chr19	7199792	20541093	4	2	2
43311616-1c38-4ca2-bf9f-157abc063486	chr19	20542173	20577052	3	2	1
43311616-1c38-4ca2-bf9f-157abc063486	chr19	20582324	22389849	4	2	2
43311616-1c38-4ca2-bf9f-157abc063486	chr19	22390092	29804726	3	2	1
43311616-1c38-4ca2-bf9f-157abc063486	chr19	29808602	58586487	4	2	2
43311616-1c38-4ca2-bf9f-157abc063486	chr20	80664	62136019	4	2	2
43311616-1c38-4ca2-bf9f-157abc063486	chr20	62136161	64324800	3	2	1
43311616-1c38-4ca2-bf9f-157abc063486	chr21	12973348	16665812	3	2	1
43311616-1c38-4ca2-bf9f-157abc063486	chr21	16668982	46677045	4	2	2
43311616-1c38-4ca2-bf9f-157abc063486	chr22	16392123	50796027	3	2	1
43311616-1c38-4ca2-bf9f-157abc063486	chrX	251810	689797	4	2	2
43311616-1c38-4ca2-bf9f-157abc063486	chrX	689999	1478856	3	2	1
43311616-1c38-4ca2-bf9f-157abc063486	chrX	1479705	1731702	5	3	2
43311616-1c38-4ca2-bf9f-157abc063486	chrX	1731860	2387078	4	2	2
43311616-1c38-4ca2-bf9f-157abc063486	chrX	2395507	2446094	3	2	1
43311616-1c38-4ca2-bf9f-157abc063486	chrX	2450101	2467531	6	3	3
43311616-1c38-4ca2-bf9f-157abc063486	chrX	2467555	2770918	4	2	2
43311616-1c38-4ca2-bf9f-157abc063486	chrX	2771493	2776199	5	3	2
43311616-1c38-4ca2-bf9f-157abc063486	chrX	2785350	153923670	1	1	0
43311616-1c38-4ca2-bf9f-157abc063486	chrX	153924366	155733777	2	1	1
43311616-1c38-4ca2-bf9f-157abc063486	chrX	155734393	156004181	4	2	2
43311616-1c38-4ca2-bf9f-157abc063486	chrY	2782397	5177888	2	2	0
43311616-1c38-4ca2-bf9f-157abc063486	chrY	5178748	25614692	4	2	2
43311616-1c38-4ca2-bf9f-157abc063486	chrY	25692892	26466176	2	1	1
43311616-1c38-4ca2-bf9f-157abc063486	chrY	26466743	26653788	2	2	0
43311616-1c38-4ca2-bf9f-157abc063486	chrY	56872112	56872112	0	0	0
3091a325-344e-4338-a769-7268a7ba654a	chr1	62920	25256850	2	1	1
3091a325-344e-4338-a769-7268a7ba654a	chr1	25266637	25336853	0	0	0
3091a325-344e-4338-a769-7268a7ba654a	chr1	25346663	73062569	2	1	1
3091a325-344e-4338-a769-7268a7ba654a	chr1	73067011	73148843	3	2	1
3091a325-344e-4338-a769-7268a7ba654a	chr1	73150784	103560608	2	1	1
3091a325-344e-4338-a769-7268a7ba654a	chr1	103566616	103765540	5	5	0
3091a325-344e-4338-a769-7268a7ba654a	chr1	103765752	112167720	2	1	1
3091a325-344e-4338-a769-7268a7ba654a	chr1	112167902	112179797	1	1	0
3091a325-344e-4338-a769-7268a7ba654a	chr1	112180842	248930189	2	1	1
3091a325-344e-4338-a769-7268a7ba654a	chr2	12784	50009481	2	1	1
3091a325-344e-4338-a769-7268a7ba654a	chr2	50010041	50131702	3	2	1
3091a325-344e-4338-a769-7268a7ba654a	chr2	50132132	102498481	2	1	1
3091a325-344e-4338-a769-7268a7ba654a	chr2	102499401	102503910	1	1	0
3091a325-344e-4338-a769-7268a7ba654a	chr2	102503941	205557416	2	1	1
3091a325-344e-4338-a769-7268a7ba654a	chr2	205558272	205574559	3	2	1
3091a325-344e-4338-a769-7268a7ba654a	chr2	205574954	241841244	2	1	1
3091a325-344e-4338-a769-7268a7ba654a	chr2	241973315	242081742	1	1	0
3091a325-344e-4338-a769-7268a7ba654a	chr2	242081892	242147305	2	1	1
3091a325-344e-4338-a769-7268a7ba654a	chr3	20930	3918349	2	1	1
3091a325-344e-4338-a769-7268a7ba654a	chr3	3918387	3956282	1	1	0
3091a325-344e-4338-a769-7268a7ba654a	chr3	3957986	35762283	2	1	1
3091a325-344e-4338-a769-7268a7ba654a	chr3	35762590	35953208	3	2	1
3091a325-344e-4338-a769-7268a7ba654a	chr3	35953517	36889320	2	1	1
3091a325-344e-4338-a769-7268a7ba654a	chr3	36890183	36924539	1	1	0
3091a325-344e-4338-a769-7268a7ba654a	chr3	36924576	120561929	2	1	1
3091a325-344e-4338-a769-7268a7ba654a	chr3	120563403	120657548	3	2	1
3091a325-344e-4338-a769-7268a7ba654a	chr3	120658603	198169247	2	1	1
3091a325-344e-4338-a769-7268a7ba654a	chr4	68929	34777432	2	1	1
3091a325-344e-4338-a769-7268a7ba654a	chr4	34784878	34823103	0	0	0
3091a325-344e-4338-a769-7268a7ba654a	chr4	34828250	184155550	2	1	1
3091a325-344e-4338-a769-7268a7ba654a	chr4	184155948	184216338	3	2	1
3091a325-344e-4338-a769-7268a7ba654a	chr4	184216802	190106768	2	1	1
3091a325-344e-4338-a769-7268a7ba654a	chr5	15532	169089951	2	1	1
3091a325-344e-4338-a769-7268a7ba654a	chr5	169090017	169114837	3	2	1
3091a325-344e-4338-a769-7268a7ba654a	chr5	169116390	181363319	2	1	1
3091a325-344e-4338-a769-7268a7ba654a	chr6	149661	254283	2	1	1
3091a325-344e-4338-a769-7268a7ba654a	chr6	257353	378703	1	1	0
3091a325-344e-4338-a769-7268a7ba654a	chr6	378970	45896089	2	1	1
3091a325-344e-4338-a769-7268a7ba654a	chr6	45896768	45935047	3	2	1
3091a325-344e-4338-a769-7268a7ba654a	chr6	45935788	170741917	2	1	1
3091a325-344e-4338-a769-7268a7ba654a	chr7	43259	107854213	2	1	1
3091a325-344e-4338-a769-7268a7ba654a	chr7	107854646	107857774	1	1	0
3091a325-344e-4338-a769-7268a7ba654a	chr7	107857797	154889200	2	1	1
3091a325-344e-4338-a769-7268a7ba654a	chr7	154889340	154895247	4	2	2
3091a325-344e-4338-a769-7268a7ba654a	chr7	154898158	159334314	2	1	1
3091a325-344e-4338-a769-7268a7ba654a	chr8	81254	4218274	2	1	1
3091a325-344e-4338-a769-7268a7ba654a	chr8	4218559	4224214	5	3	2
3091a325-344e-4338-a769-7268a7ba654a	chr8	4226515	145072769	2	1	1
3091a325-344e-4338-a769-7268a7ba654a	chr9	46587	3125664	2	1	1
3091a325-344e-4338-a769-7268a7ba654a	chr9	3125843	3135193	1	1	0
3091a325-344e-4338-a769-7268a7ba654a	chr9	3137759	78754554	2	1	1
3091a325-344e-4338-a769-7268a7ba654a	chr9	78755547	78757603	1	1	0
3091a325-344e-4338-a769-7268a7ba654a	chr9	78758028	127755957	2	1	1
3091a325-344e-4338-a769-7268a7ba654a	chr9	127756335	138200944	2	2	0
3091a325-344e-4338-a769-7268a7ba654a	chr10	45792	26640304	2	1	1
3091a325-344e-4338-a769-7268a7ba654a	chr10	26640799	26698769	1	1	0
3091a325-344e-4338-a769-7268a7ba654a	chr10	26699329	133420688	2	1	1
3091a325-344e-4338-a769-7268a7ba654a	chr10	133429369	133582780	3	2	1
3091a325-344e-4338-a769-7268a7ba654a	chr10	133586746	133654968	2	1	1
3091a325-344e-4338-a769-7268a7ba654a	chr11	198510	79500962	2	1	1
3091a325-344e-4338-a769-7268a7ba654a	chr11	79501488	79624236	3	2	1
3091a325-344e-4338-a769-7268a7ba654a	chr11	79624306	135074876	2	1	1
3091a325-344e-4338-a769-7268a7ba654a	chr12	51460	133201603	2	1	1
3091a325-344e-4338-a769-7268a7ba654a	chr13	18452809	70562050	2	1	1
3091a325-344e-4338-a769-7268a7ba654a	chr13	70562267	70564932	1	1	0
3091a325-344e-4338-a769-7268a7ba654a	chr13	70568082	114342922	2	1	1
3091a325-344e-4338-a769-7268a7ba654a	chr14	18239283	25925951	2	1	1
3091a325-344e-4338-a769-7268a7ba654a	chr14	25926360	25930160	1	1	0
3091a325-344e-4338-a769-7268a7ba654a	chr14	25931348	91928482	2	1	1
3091a325-344e-4338-a769-7268a7ba654a	chr14	91930256	92104523	1	1	0
3091a325-344e-4338-a769-7268a7ba654a	chr14	92105635	99551024	2	1	1
3091a325-344e-4338-a769-7268a7ba654a	chr14	99551085	99556527	1	1	0
3091a325-344e-4338-a769-7268a7ba654a	chr14	99557059	106877229	2	1	1
3091a325-344e-4338-a769-7268a7ba654a	chr15	19811075	45911031	2	1	1
3091a325-344e-4338-a769-7268a7ba654a	chr15	45911254	45950067	1	1	0
3091a325-344e-4338-a769-7268a7ba654a	chr15	45950082	54662666	2	1	1
3091a325-344e-4338-a769-7268a7ba654a	chr15	54662942	54692475	1	1	0
3091a325-344e-4338-a769-7268a7ba654a	chr15	54692912	101928837	2	1	1
3091a325-344e-4338-a769-7268a7ba654a	chr16	10777	76200286	2	1	1
3091a325-344e-4338-a769-7268a7ba654a	chr16	76201036	76201965	1	1	0
3091a325-344e-4338-a769-7268a7ba654a	chr16	76202164	90096867	2	1	1
3091a325-344e-4338-a769-7268a7ba654a	chr17	150733	46085732	2	1	1
3091a325-344e-4338-a769-7268a7ba654a	chr17	46088437	46274563	3	2	1
3091a325-344e-4338-a769-7268a7ba654a	chr17	46275506	83091923	2	1	1
3091a325-344e-4338-a769-7268a7ba654a	chr18	48133	1723387	2	1	1
3091a325-344e-4338-a769-7268a7ba654a	chr18	1725757	1838111	1	1	0
3091a325-344e-4338-a769-7268a7ba654a	chr18	1841468	69528205	2	1	1
3091a325-344e-4338-a769-7268a7ba654a	chr18	69528705	69550591	1	1	0
3091a325-344e-4338-a769-7268a7ba654a	chr18	69552795	80257174	2	1	1
3091a325-344e-4338-a769-7268a7ba654a	chr19	90910	58586487	2	1	1
3091a325-344e-4338-a769-7268a7ba654a	chr20	80664	64324800	2	1	1
3091a325-344e-4338-a769-7268a7ba654a	chr21	12973348	46677045	2	1	1
3091a325-344e-4338-a769-7268a7ba654a	chr22	16392123	50796027	2	1	1
3091a325-344e-4338-a769-7268a7ba654a	chrX	251810	1479705	2	1	1
3091a325-344e-4338-a769-7268a7ba654a	chrX	1480942	1738376	3	2	1
3091a325-344e-4338-a769-7268a7ba654a	chrX	1743143	2553080	2	1	1
3091a325-344e-4338-a769-7268a7ba654a	chrX	2553682	2627552	1	1	0
3091a325-344e-4338-a769-7268a7ba654a	chrX	2627862	2735872	2	1	1
3091a325-344e-4338-a769-7268a7ba654a	chrX	2738809	2775583	3	2	1
3091a325-344e-4338-a769-7268a7ba654a	chrX	2776199	156004181	1	1	0
3091a325-344e-4338-a769-7268a7ba654a	chrY	2782397	26653788	3	2	1
3091a325-344e-4338-a769-7268a7ba654a	chrY	56872112	56872112	1	1	0
6866eaea-ed01-4a17-a5a8-7a426a50927c	chr1	62920	111285127	1	1	0
6866eaea-ed01-4a17-a5a8-7a426a50927c	chr1	111285194	111292876	0	0	0
6866eaea-ed01-4a17-a5a8-7a426a50927c	chr1	111297256	212867176	1	1	0
6866eaea-ed01-4a17-a5a8-7a426a50927c	chr1	212867587	212920308	0	0	0
6866eaea-ed01-4a17-a5a8-7a426a50927c	chr1	212921215	248930189	1	1	0
6866eaea-ed01-4a17-a5a8-7a426a50927c	chr2	12784	242147305	1	1	0
6866eaea-ed01-4a17-a5a8-7a426a50927c	chr3	20930	3924226	2	1	1
6866eaea-ed01-4a17-a5a8-7a426a50927c	chr3	3925767	3930284	1	1	0
6866eaea-ed01-4a17-a5a8-7a426a50927c	chr3	3930434	17279108	2	1	1
6866eaea-ed01-4a17-a5a8-7a426a50927c	chr3	17279296	17315137	1	1	0
6866eaea-ed01-4a17-a5a8-7a426a50927c	chr3	17315462	198169247	2	1	1
6866eaea-ed01-4a17-a5a8-7a426a50927c	chr4	68929	89833002	2	1	1
6866eaea-ed01-4a17-a5a8-7a426a50927c	chr4	89833141	89849225	1	1	0
6866eaea-ed01-4a17-a5a8-7a426a50927c	chr4	89849257	153800185	2	1	1
6866eaea-ed01-4a17-a5a8-7a426a50927c	chr4	153805482	153838051	1	1	0
6866eaea-ed01-4a17-a5a8-7a426a50927c	chr4	153839682	190106768	2	1	1
6866eaea-ed01-4a17-a5a8-7a426a50927c	chr5	15532	124375641	1	1	0
6866eaea-ed01-4a17-a5a8-7a426a50927c	chr5	124377210	124425381	2	2	0
6866eaea-ed01-4a17-a5a8-7a426a50927c	chr5	124428960	178809561	1	1	0
6866eaea-ed01-4a17-a5a8-7a426a50927c	chr5	178812122	178841925	0	0	0
6866eaea-ed01-4a17-a5a8-7a426a50927c	chr5	178843809	181363319	1	1	0
6866eaea-ed01-4a17-a5a8-7a426a50927c	chr6	149661	252772	1	1	0
6866eaea-ed01-4a17-a5a8-7a426a50927c	chr6	253272	328357	0	0	0
6866eaea-ed01-4a17-a5a8-7a426a50927c	chr6	329869	30467511	1	1	0
6866eaea-ed01-4a17-a5a8-7a426a50927c	chr6	30470449	30509499	0	0	0
6866eaea-ed01-4a17-a5a8-7a426a50927c	chr6	30515216	103286954	1	1	0
6866eaea-ed01-4a17-a5a8-7a426a50927c	chr6	103290101	103323069	0	0	0
6866eaea-ed01-4a17-a5a8-7a426a50927c	chr6	103326915	170741917	1	1	0
6866eaea-ed01-4a17-a5a8-7a426a50927c	chr7	43259	18779052	2	1	1
6866eaea-ed01-4a17-a5a8-7a426a50927c	chr7	18779183	18785119	4	2	2
6866eaea-ed01-4a17-a5a8-7a426a50927c	chr7	18785830	116220426	2	1	1
6866eaea-ed01-4a17-a5a8-7a426a50927c	chr7	116220910	116278530	1	1	0
6866eaea-ed01-4a17-a5a8-7a426a50927c	chr7	116278553	159334314	2	1	1
6866eaea-ed01-4a17-a5a8-7a426a50927c	chr8	81254	17707010	2	1	1
6866eaea-ed01-4a17-a5a8-7a426a50927c	chr8	17707122	17719890	3	2	1
6866eaea-ed01-4a17-a5a8-7a426a50927c	chr8	17721247	19284131	2	1	1
6866eaea-ed01-4a17-a5a8-7a426a50927c	chr8	19285866	19356203	1	1	0
6866eaea-ed01-4a17-a5a8-7a426a50927c	chr8	19357392	31951520	2	1	1
6866eaea-ed01-4a17-a5a8-7a426a50927c	chr8	31951636	31967765	3	2	1
6866eaea-ed01-4a17-a5a8-7a426a50927c	chr8	31967970	145072769	2	1	1
6866eaea-ed01-4a17-a5a8-7a426a50927c	chr9	46587	138200944	2	1	1
6866eaea-ed01-4a17-a5a8-7a426a50927c	chr10	45792	44564457	2	1	1
6866eaea-ed01-4a17-a5a8-7a426a50927c	chr10	44564856	44568975	4	2	2
6866eaea-ed01-4a17-a5a8-7a426a50927c	chr10	44569316	133654968	2	1	1
6866eaea-ed01-4a17-a5a8-7a426a50927c	chr11	198510	69993211	2	1	1
6866eaea-ed01-4a17-a5a8-7a426a50927c	chr11	69995642	70003258	1	1	0
6866eaea-ed01-4a17-a5a8-7a426a50927c	chr11	70003328	135074876	2	1	1
6866eaea-ed01-4a17-a5a8-7a426a50927c	chr12	51460	26414684	2	1	1
6866eaea-ed01-4a17-a5a8-7a426a50927c	chr12	26418370	26433170	1	1	0
6866eaea-ed01-4a17-a5a8-7a426a50927c	chr12	26434504	33141726	2	1	1
6866eaea-ed01-4a17-a5a8-7a426a50927c	chr12	33146857	33154440	0	0	0
6866eaea-ed01-4a17-a5a8-7a426a50927c	chr12	33155426	101655764	2	1	1
6866eaea-ed01-4a17-a5a8-7a426a50927c	chr12	101656343	101669603	1	1	0
6866eaea-ed01-4a17-a5a8-7a426a50927c	chr12	101670740	133201603	2	1	1
6866eaea-ed01-4a17-a5a8-7a426a50927c	chr13	18452809	107431146	1	1	0
6866eaea-ed01-4a17-a5a8-7a426a50927c	chr13	107431317	107481176	2	2	0
6866eaea-ed01-4a17-a5a8-7a426a50927c	chr13	107481745	114342922	1	1	0
6866eaea-ed01-4a17-a5a8-7a426a50927c	chr14	18239283	33004918	2	1	1
6866eaea-ed01-4a17-a5a8-7a426a50927c	chr14	33005692	33009493	4	2	2
6866eaea-ed01-4a17-a5a8-7a426a50927c	chr14	33011076	85714481	2	1	1
6866eaea-ed01-4a17-a5a8-7a426a50927c	chr14	85716223	85719389	1	1	0
6866eaea-ed01-4a17-a5a8-7a426a50927c	chr14	85724245	99551024	2	1	1
6866eaea-ed01-4a17-a5a8-7a426a50927c	chr14	99551085	99556527	1	1	0
6866eaea-ed01-4a17-a5a8-7a426a50927c	chr14	99557059	106877229	2	1	1
6866eaea-ed01-4a17-a5a8-7a426a50927c	chr15	19811075	25054112	2	1	1
6866eaea-ed01-4a17-a5a8-7a426a50927c	chr15	25055911	25081548	5	3	2
6866eaea-ed01-4a17-a5a8-7a426a50927c	chr15	25081683	45223505	2	1	1
6866eaea-ed01-4a17-a5a8-7a426a50927c	chr15	45224975	45282390	1	1	0
6866eaea-ed01-4a17-a5a8-7a426a50927c	chr15	45283584	101928837	2	1	1
6866eaea-ed01-4a17-a5a8-7a426a50927c	chr16	10777	12663015	2	1	1
6866eaea-ed01-4a17-a5a8-7a426a50927c	chr16	12665458	12683937	3	2	1
6866eaea-ed01-4a17-a5a8-7a426a50927c	chr16	12684114	90096867	2	1	1
6866eaea-ed01-4a17-a5a8-7a426a50927c	chr17	150733	83091923	1	1	0
6866eaea-ed01-4a17-a5a8-7a426a50927c	chr18	48133	78657571	2	1	1
6866eaea-ed01-4a17-a5a8-7a426a50927c	chr18	78657793	78666188	4	2	2
6866eaea-ed01-4a17-a5a8-7a426a50927c	chr18	78666578	80257174	2	1	1
6866eaea-ed01-4a17-a5a8-7a426a50927c	chr19	90910	42816985	2	1	1
6866eaea-ed01-4a17-a5a8-7a426a50927c	chr19	42819162	43020178	1	1	0
6866eaea-ed01-4a17-a5a8-7a426a50927c	chr19	43025248	58586487	2	1	1
6866eaea-ed01-4a17-a5a8-7a426a50927c	chr20	80664	64324800	2	1	1
6866eaea-ed01-4a17-a5a8-7a426a50927c	chr21	12973348	45903608	2	1	1
6866eaea-ed01-4a17-a5a8-7a426a50927c	chr21	45903828	45946440	3	2	1
6866eaea-ed01-4a17-a5a8-7a426a50927c	chr21	45949276	46677045	2	1	1
6866eaea-ed01-4a17-a5a8-7a426a50927c	chr22	16392123	16704678	3	2	1
6866eaea-ed01-4a17-a5a8-7a426a50927c	chr22	16706386	50796027	2	1	1
6866eaea-ed01-4a17-a5a8-7a426a50927c	chrX	251810	95141627	1	1	0
6866eaea-ed01-4a17-a5a8-7a426a50927c	chrX	95141864	95159272	2	2	0
6866eaea-ed01-4a17-a5a8-7a426a50927c	chrX	95160023	156004181	1	1	0
6866eaea-ed01-4a17-a5a8-7a426a50927c	chrY	2782397	56872112	0	0	0
96d8e245-a0f1-4132-ab23-b778008654ba	chr1	61735	248930189	2	2	0
96d8e245-a0f1-4132-ab23-b778008654ba	chr2	12784	242147305	2	2	0
96d8e245-a0f1-4132-ab23-b778008654ba	chr3	18667	198169247	4	2	2
96d8e245-a0f1-4132-ab23-b778008654ba	chr4	12281	190106768	4	2	2
96d8e245-a0f1-4132-ab23-b778008654ba	chr5	15532	181363319	4	2	2
96d8e245-a0f1-4132-ab23-b778008654ba	chr6	149661	170741917	2	2	0
96d8e245-a0f1-4132-ab23-b778008654ba	chr7	43259	159334314	4	2	2
96d8e245-a0f1-4132-ab23-b778008654ba	chr8	81254	29231386	3	2	1
96d8e245-a0f1-4132-ab23-b778008654ba	chr8	29234118	145072769	4	2	2
96d8e245-a0f1-4132-ab23-b778008654ba	chr9	46587	138200944	4	2	2
96d8e245-a0f1-4132-ab23-b778008654ba	chr10	26823	133769379	2	2	0
96d8e245-a0f1-4132-ab23-b778008654ba	chr11	198572	135074876	4	2	2
96d8e245-a0f1-4132-ab23-b778008654ba	chr12	51460	133201603	4	2	2
96d8e245-a0f1-4132-ab23-b778008654ba	chr13	18452809	114342922	3	2	1
96d8e245-a0f1-4132-ab23-b778008654ba	chr14	18225647	106877229	4	2	2
96d8e245-a0f1-4132-ab23-b778008654ba	chr15	19811075	101928837	4	2	2
96d8e245-a0f1-4132-ab23-b778008654ba	chr16	10777	29223217	4	2	2
96d8e245-a0f1-4132-ab23-b778008654ba	chr16	29230110	36048855	3	2	1
96d8e245-a0f1-4132-ab23-b778008654ba	chr16	46429870	70805254	4	2	2
96d8e245-a0f1-4132-ab23-b778008654ba	chr16	70805434	71168894	3	2	1
96d8e245-a0f1-4132-ab23-b778008654ba	chr16	71171291	90221127	4	2	2
96d8e245-a0f1-4132-ab23-b778008654ba	chr17	150733	83090856	2	2	0
96d8e245-a0f1-4132-ab23-b778008654ba	chr18	48133	15402409	4	2	2
96d8e245-a0f1-4132-ab23-b778008654ba	chr18	20949392	80257174	3	2	1
96d8e245-a0f1-4132-ab23-b778008654ba	chr19	90910	58586487	4	2	2
96d8e245-a0f1-4132-ab23-b778008654ba	chr20	80664	64324800	4	2	2
96d8e245-a0f1-4132-ab23-b778008654ba	chr21	10336543	46677045	2	2	0
96d8e245-a0f1-4132-ab23-b778008654ba	chr22	15294545	50796027	4	2	2
96d8e245-a0f1-4132-ab23-b778008654ba	chrX	251810	156004181	4	2	2
66e92798-ce96-4edf-b299-c0a85f937666	chr1	61735	248930189	1	1	0
66e92798-ce96-4edf-b299-c0a85f937666	chr2	12784	242147305	1	1	0
66e92798-ce96-4edf-b299-c0a85f937666	chr3	18667	198169247	2	1	1
66e92798-ce96-4edf-b299-c0a85f937666	chr4	12281	154594021	2	1	1
66e92798-ce96-4edf-b299-c0a85f937666	chr4	154602694	190106768	1	1	0
66e92798-ce96-4edf-b299-c0a85f937666	chr5	15532	181363319	2	1	1
66e92798-ce96-4edf-b299-c0a85f937666	chr6	149661	9767232	1	1	0
66e92798-ce96-4edf-b299-c0a85f937666	chr6	9769040	9873679	0	0	0
66e92798-ce96-4edf-b299-c0a85f937666	chr6	9873718	129242183	1	1	0
66e92798-ce96-4edf-b299-c0a85f937666	chr6	129248542	129553210	0	0	0
66e92798-ce96-4edf-b299-c0a85f937666	chr6	129555390	170741917	1	1	0
66e92798-ce96-4edf-b299-c0a85f937666	chr7	43259	85611409	2	1	1
66e92798-ce96-4edf-b299-c0a85f937666	chr7	85614753	159334314	3	2	1
66e92798-ce96-4edf-b299-c0a85f937666	chr8	81254	145072769	2	1	1
66e92798-ce96-4edf-b299-c0a85f937666	chr9	46587	42995504	2	1	1
66e92798-ce96-4edf-b299-c0a85f937666	chr9	60840363	138200944	1	1	0
66e92798-ce96-4edf-b299-c0a85f937666	chr10	26823	133769379	1	1	0
66e92798-ce96-4edf-b299-c0a85f937666	chr11	198572	135074876	2	1	1
66e92798-ce96-4edf-b299-c0a85f937666	chr12	51460	33068071	1	1	0
66e92798-ce96-4edf-b299-c0a85f937666	chr12	33068557	74607335	2	1	1
66e92798-ce96-4edf-b299-c0a85f937666	chr12	74613069	77579849	1	1	0
66e92798-ce96-4edf-b299-c0a85f937666	chr12	77582423	133201603	2	1	1
66e92798-ce96-4edf-b299-c0a85f937666	chr13	18452809	114342922	1	1	0
66e92798-ce96-4edf-b299-c0a85f937666	chr14	18225647	43897787	2	1	1
66e92798-ce96-4edf-b299-c0a85f937666	chr14	43903946	44095478	1	1	0
66e92798-ce96-4edf-b299-c0a85f937666	chr14	44095537	47808248	2	1	1
66e92798-ce96-4edf-b299-c0a85f937666	chr14	47817385	47914042	1	1	0
66e92798-ce96-4edf-b299-c0a85f937666	chr14	47914844	106877229	2	1	1
66e92798-ce96-4edf-b299-c0a85f937666	chr15	19811075	101928837	2	1	1
66e92798-ce96-4edf-b299-c0a85f937666	chr16	10777	90221127	1	1	0
66e92798-ce96-4edf-b299-c0a85f937666	chr17	150733	83090856	1	1	0
66e92798-ce96-4edf-b299-c0a85f937666	chr18	48133	80257174	2	1	1
66e92798-ce96-4edf-b299-c0a85f937666	chr19	90910	58586487	2	1	1
66e92798-ce96-4edf-b299-c0a85f937666	chr20	80664	15723031	2	1	1
66e92798-ce96-4edf-b299-c0a85f937666	chr20	15723610	15859501	1	1	0
66e92798-ce96-4edf-b299-c0a85f937666	chr20	15866036	64324800	2	1	1
66e92798-ce96-4edf-b299-c0a85f937666	chr21	10336543	46677045	1	1	0
66e92798-ce96-4edf-b299-c0a85f937666	chr22	15294545	50796027	2	1	1
66e92798-ce96-4edf-b299-c0a85f937666	chrX	251810	2785350	2	1	1
66e92798-ce96-4edf-b299-c0a85f937666	chrX	2785592	156004181	1	1	0
d9caf923-ac47-4d22-af70-9d6b653714d5	chr1	62920	248930189	2	2	0
d9caf923-ac47-4d22-af70-9d6b653714d5	chr2	12784	29852145	2	2	0
d9caf923-ac47-4d22-af70-9d6b653714d5	chr2	29852185	29860870	3	3	0
d9caf923-ac47-4d22-af70-9d6b653714d5	chr2	29864203	242147305	2	2	0
d9caf923-ac47-4d22-af70-9d6b653714d5	chr3	20930	146538692	4	2	2
d9caf923-ac47-4d22-af70-9d6b653714d5	chr3	146539520	146586810	3	2	1
d9caf923-ac47-4d22-af70-9d6b653714d5	chr3	146587106	176162962	4	2	2
d9caf923-ac47-4d22-af70-9d6b653714d5	chr3	176165167	176196691	1	1	0
d9caf923-ac47-4d22-af70-9d6b653714d5	chr3	176198433	198169247	4	2	2
d9caf923-ac47-4d22-af70-9d6b653714d5	chr4	68929	46892510	4	2	2
d9caf923-ac47-4d22-af70-9d6b653714d5	chr4	46894885	46905001	8	5	3
d9caf923-ac47-4d22-af70-9d6b653714d5	chr4	46905132	65495527	4	2	2
d9caf923-ac47-4d22-af70-9d6b653714d5	chr4	65496769	65561926	6	3	3
d9caf923-ac47-4d22-af70-9d6b653714d5	chr4	65565217	153821103	4	2	2
d9caf923-ac47-4d22-af70-9d6b653714d5	chr4	153822039	153841993	2	1	1
d9caf923-ac47-4d22-af70-9d6b653714d5	chr4	153842620	190106768	4	2	2
d9caf923-ac47-4d22-af70-9d6b653714d5	chr5	15532	181363319	4	2	2
d9caf923-ac47-4d22-af70-9d6b653714d5	chr6	149661	77528187	2	2	0
d9caf923-ac47-4d22-af70-9d6b653714d5	chr6	77536799	77559199	3	3	0
d9caf923-ac47-4d22-af70-9d6b653714d5	chr6	77559214	134149765	2	2	0
d9caf923-ac47-4d22-af70-9d6b653714d5	chr6	134154196	134201942	4	4	0
d9caf923-ac47-4d22-af70-9d6b653714d5	chr6	134205067	170741917	2	2	0
d9caf923-ac47-4d22-af70-9d6b653714d5	chr7	43259	2573790	3	2	1
d9caf923-ac47-4d22-af70-9d6b653714d5	chr7	2573935	18778774	4	2	2
d9caf923-ac47-4d22-af70-9d6b653714d5	chr7	18779052	18790841	7	4	3
d9caf923-ac47-4d22-af70-9d6b653714d5	chr7	18790866	157963771	4	2	2
d9caf923-ac47-4d22-af70-9d6b653714d5	chr7	157965328	157996157	6	3	3
d9caf923-ac47-4d22-af70-9d6b653714d5	chr7	157996635	159334314	4	2	2
d9caf923-ac47-4d22-af70-9d6b653714d5	chr8	81254	69152633	4	2	2
d9caf923-ac47-4d22-af70-9d6b653714d5	chr8	69152771	69167279	7	4	3
d9caf923-ac47-4d22-af70-9d6b653714d5	chr8	69169295	145072769	4	2	2
d9caf923-ac47-4d22-af70-9d6b653714d5	chr9	46587	78096689	4	2	2
d9caf923-ac47-4d22-af70-9d6b653714d5	chr9	78097328	78123455	2	1	1
d9caf923-ac47-4d22-af70-9d6b653714d5	chr9	78123812	138200944	4	2	2
d9caf923-ac47-4d22-af70-9d6b653714d5	chr10	45792	133654968	2	2	0
d9caf923-ac47-4d22-af70-9d6b653714d5	chr11	198510	79500962	4	2	2
d9caf923-ac47-4d22-af70-9d6b653714d5	chr11	79501488	79734729	5	3	2
d9caf923-ac47-4d22-af70-9d6b653714d5	chr11	79735378	135074876	4	2	2
d9caf923-ac47-4d22-af70-9d6b653714d5	chr12	51460	7870297	4	2	2
d9caf923-ac47-4d22-af70-9d6b653714d5	chr12	7870619	7990042	7	4	3
d9caf923-ac47-4d22-af70-9d6b653714d5	chr12	7990870	133201603	4	2	2
d9caf923-ac47-4d22-af70-9d6b653714d5	chr13	18452809	23055048	2	2	0
d9caf923-ac47-4d22-af70-9d6b653714d5	chr13	23055071	23059376	0	0	0
d9caf923-ac47-4d22-af70-9d6b653714d5	chr13	23064056	114342922	2	2	0
d9caf923-ac47-4d22-af70-9d6b653714d5	chr14	18239283	73468540	4	2	2
d9caf923-ac47-4d22-af70-9d6b653714d5	chr14	73469892	75968034	3	2	1
d9caf923-ac47-4d22-af70-9d6b653714d5	chr14	75969602	77326087	4	2	2
d9caf923-ac47-4d22-af70-9d6b653714d5	chr14	77326404	81647954	3	2	1
d9caf923-ac47-4d22-af70-9d6b653714d5	chr14	81648068	99551024	4	2	2
d9caf923-ac47-4d22-af70-9d6b653714d5	chr14	99551085	99556527	2	1	1
d9caf923-ac47-4d22-af70-9d6b653714d5	chr14	99557059	105733039	4	2	2
d9caf923-ac47-4d22-af70-9d6b653714d5	chr14	105752248	106346115	9	9	0
d9caf923-ac47-4d22-af70-9d6b653714d5	chr14	106346129	106877229	4	2	2
d9caf923-ac47-4d22-af70-9d6b653714d5	chr15	19811075	101928837	4	2	2
d9caf923-ac47-4d22-af70-9d6b653714d5	chr16	10777	5221208	3	2	1
d9caf923-ac47-4d22-af70-9d6b653714d5	chr16	5223193	54134888	4	2	2
d9caf923-ac47-4d22-af70-9d6b653714d5	chr16	54134981	54400844	5	3	2
d9caf923-ac47-4d22-af70-9d6b653714d5	chr16	54403018	78879218	4	2	2
d9caf923-ac47-4d22-af70-9d6b653714d5	chr16	78879267	78892801	8	4	4
d9caf923-ac47-4d22-af70-9d6b653714d5	chr16	78896319	88594219	4	2	2
d9caf923-ac47-4d22-af70-9d6b653714d5	chr16	88594428	89546361	3	2	1
d9caf923-ac47-4d22-af70-9d6b653714d5	chr16	89547004	90096867	4	3	1
d9caf923-ac47-4d22-af70-9d6b653714d5	chr17	150733	83091923	2	2	0
d9caf923-ac47-4d22-af70-9d6b653714d5	chr18	48133	9416874	4	2	2
d9caf923-ac47-4d22-af70-9d6b653714d5	chr18	9417237	9463900	3	2	1
d9caf923-ac47-4d22-af70-9d6b653714d5	chr18	9464921	80257174	4	2	2
d9caf923-ac47-4d22-af70-9d6b653714d5	chr19	90910	4552400	3	2	1
d9caf923-ac47-4d22-af70-9d6b653714d5	chr19	4555774	15688466	4	2	2
d9caf923-ac47-4d22-af70-9d6b653714d5	chr19	15688533	15689942	2	1	1
d9caf923-ac47-4d22-af70-9d6b653714d5	chr19	15690557	19151814	3	2	1
d9caf923-ac47-4d22-af70-9d6b653714d5	chr19	19152825	58586487	4	2	2
d9caf923-ac47-4d22-af70-9d6b653714d5	chr20	80664	62030792	4	2	2
d9caf923-ac47-4d22-af70-9d6b653714d5	chr20	62032371	64324800	3	2	1
d9caf923-ac47-4d22-af70-9d6b653714d5	chr21	12973348	13913132	3	2	1
d9caf923-ac47-4d22-af70-9d6b653714d5	chr21	13913533	16439076	4	2	2
d9caf923-ac47-4d22-af70-9d6b653714d5	chr21	16439545	24628688	3	2	1
d9caf923-ac47-4d22-af70-9d6b653714d5	chr21	24629169	46677045	4	2	2
d9caf923-ac47-4d22-af70-9d6b653714d5	chr22	16392123	49200735	4	2	2
d9caf923-ac47-4d22-af70-9d6b653714d5	chr22	49201096	50796027	3	2	1
d9caf923-ac47-4d22-af70-9d6b653714d5	chrX	251810	102022222	2	2	0
d9caf923-ac47-4d22-af70-9d6b653714d5	chrX	102022245	102030833	4	4	0
d9caf923-ac47-4d22-af70-9d6b653714d5	chrX	102030982	156004181	2	2	0
d9caf923-ac47-4d22-af70-9d6b653714d5	chrY	2782397	56872112	0	0	0
7f6de1dc-897c-4ecb-bc0a-d2aa76b38150	chr1	62920	152583051	1	1	0
7f6de1dc-897c-4ecb-bc0a-d2aa76b38150	chr1	152583230	152613762	0	0	0
7f6de1dc-897c-4ecb-bc0a-d2aa76b38150	chr1	152613802	152785214	1	1	0
7f6de1dc-897c-4ecb-bc0a-d2aa76b38150	chr1	152787202	152795783	0	0	0
7f6de1dc-897c-4ecb-bc0a-d2aa76b38150	chr1	152795805	248930189	1	1	0
7f6de1dc-897c-4ecb-bc0a-d2aa76b38150	chr2	12784	154361936	1	1	0
7f6de1dc-897c-4ecb-bc0a-d2aa76b38150	chr2	154366359	154375911	2	2	0
7f6de1dc-897c-4ecb-bc0a-d2aa76b38150	chr2	154377766	205557416	1	1	0
7f6de1dc-897c-4ecb-bc0a-d2aa76b38150	chr2	205558272	205566683	2	2	0
7f6de1dc-897c-4ecb-bc0a-d2aa76b38150	chr2	205568012	242147305	1	1	0
7f6de1dc-897c-4ecb-bc0a-d2aa76b38150	chr3	20930	37467060	1	1	0
7f6de1dc-897c-4ecb-bc0a-d2aa76b38150	chr3	37467187	37474715	2	2	0
7f6de1dc-897c-4ecb-bc0a-d2aa76b38150	chr3	37475538	198169247	1	1	0
7f6de1dc-897c-4ecb-bc0a-d2aa76b38150	chr4	68929	10208766	2	1	1
7f6de1dc-897c-4ecb-bc0a-d2aa76b38150	chr4	10212536	10229874	0	0	0
7f6de1dc-897c-4ecb-bc0a-d2aa76b38150	chr4	10232590	95807704	2	1	1
7f6de1dc-897c-4ecb-bc0a-d2aa76b38150	chr4	95811765	95813429	4	2	2
7f6de1dc-897c-4ecb-bc0a-d2aa76b38150	chr4	95813470	114252544	2	1	1
7f6de1dc-897c-4ecb-bc0a-d2aa76b38150	chr4	114254167	114261019	0	0	0
7f6de1dc-897c-4ecb-bc0a-d2aa76b38150	chr4	114263073	115349542	2	1	1
7f6de1dc-897c-4ecb-bc0a-d2aa76b38150	chr4	115349716	115794750	3	2	1
7f6de1dc-897c-4ecb-bc0a-d2aa76b38150	chr4	115798490	158292214	2	1	1
7f6de1dc-897c-4ecb-bc0a-d2aa76b38150	chr4	158292764	163026998	1	1	0
7f6de1dc-897c-4ecb-bc0a-d2aa76b38150	chr4	163030258	190106768	2	1	1
7f6de1dc-897c-4ecb-bc0a-d2aa76b38150	chr5	15532	181363319	1	1	0
7f6de1dc-897c-4ecb-bc0a-d2aa76b38150	chr6	149661	170741917	1	1	0
7f6de1dc-897c-4ecb-bc0a-d2aa76b38150	chr7	43259	18779052	2	1	1
7f6de1dc-897c-4ecb-bc0a-d2aa76b38150	chr7	18779183	18785119	4	2	2
7f6de1dc-897c-4ecb-bc0a-d2aa76b38150	chr7	18785830	159334314	2	1	1
7f6de1dc-897c-4ecb-bc0a-d2aa76b38150	chr8	81254	12177488	2	1	1
7f6de1dc-897c-4ecb-bc0a-d2aa76b38150	chr8	12323772	12389977	0	0	0
7f6de1dc-897c-4ecb-bc0a-d2aa76b38150	chr8	12418301	93156748	2	1	1
7f6de1dc-897c-4ecb-bc0a-d2aa76b38150	chr8	93157121	93173695	3	2	1
7f6de1dc-897c-4ecb-bc0a-d2aa76b38150	chr8	93174204	145072769	2	1	1
7f6de1dc-897c-4ecb-bc0a-d2aa76b38150	chr9	46587	138200944	1	1	0
7f6de1dc-897c-4ecb-bc0a-d2aa76b38150	chr10	45792	15263659	2	1	1
7f6de1dc-897c-4ecb-bc0a-d2aa76b38150	chr10	15264348	15295841	3	2	1
7f6de1dc-897c-4ecb-bc0a-d2aa76b38150	chr10	15296613	133654968	2	1	1
7f6de1dc-897c-4ecb-bc0a-d2aa76b38150	chr11	198510	135074876	2	1	1
7f6de1dc-897c-4ecb-bc0a-d2aa76b38150	chr12	51460	128531689	2	1	1
7f6de1dc-897c-4ecb-bc0a-d2aa76b38150	chr12	128531946	128540898	1	1	0
7f6de1dc-897c-4ecb-bc0a-d2aa76b38150	chr12	128541526	133201603	2	1	1
7f6de1dc-897c-4ecb-bc0a-d2aa76b38150	chr13	18452809	68677517	1	1	0
7f6de1dc-897c-4ecb-bc0a-d2aa76b38150	chr13	68677848	68694110	0	0	0
7f6de1dc-897c-4ecb-bc0a-d2aa76b38150	chr13	68694987	114342922	1	1	0
7f6de1dc-897c-4ecb-bc0a-d2aa76b38150	chr14	18239283	99555297	2	1	1
7f6de1dc-897c-4ecb-bc0a-d2aa76b38150	chr14	99555787	99556527	1	1	0
7f6de1dc-897c-4ecb-bc0a-d2aa76b38150	chr14	99557059	105733039	2	1	1
7f6de1dc-897c-4ecb-bc0a-d2aa76b38150	chr14	105752248	106321086	4	4	0
7f6de1dc-897c-4ecb-bc0a-d2aa76b38150	chr14	106340102	106877229	2	1	1
7f6de1dc-897c-4ecb-bc0a-d2aa76b38150	chr15	19811075	45943633	2	1	1
7f6de1dc-897c-4ecb-bc0a-d2aa76b38150	chr15	45943946	45950067	1	1	0
7f6de1dc-897c-4ecb-bc0a-d2aa76b38150	chr15	45950082	101928837	2	1	1
7f6de1dc-897c-4ecb-bc0a-d2aa76b38150	chr16	10777	90096867	2	1	1
7f6de1dc-897c-4ecb-bc0a-d2aa76b38150	chr17	150733	83091923	1	1	0
7f6de1dc-897c-4ecb-bc0a-d2aa76b38150	chr18	48133	1738664	2	1	1
7f6de1dc-897c-4ecb-bc0a-d2aa76b38150	chr18	1739979	1810964	1	1	0
7f6de1dc-897c-4ecb-bc0a-d2aa76b38150	chr18	1811416	27818976	2	1	1
7f6de1dc-897c-4ecb-bc0a-d2aa76b38150	chr18	27821303	27914450	3	2	1
7f6de1dc-897c-4ecb-bc0a-d2aa76b38150	chr18	27915048	80257174	2	1	1
7f6de1dc-897c-4ecb-bc0a-d2aa76b38150	chr19	90910	15613287	2	1	1
7f6de1dc-897c-4ecb-bc0a-d2aa76b38150	chr19	15613392	15642613	3	2	1
7f6de1dc-897c-4ecb-bc0a-d2aa76b38150	chr19	15644582	51628560	2	1	1
7f6de1dc-897c-4ecb-bc0a-d2aa76b38150	chr19	51639099	51644944	0	0	0
7f6de1dc-897c-4ecb-bc0a-d2aa76b38150	chr19	51651652	58586487	2	1	1
7f6de1dc-897c-4ecb-bc0a-d2aa76b38150	chr20	80664	64324800	2	1	1
7f6de1dc-897c-4ecb-bc0a-d2aa76b38150	chr21	12973348	46677045	1	1	0
7f6de1dc-897c-4ecb-bc0a-d2aa76b38150	chr22	16392123	50796027	2	1	1
7f6de1dc-897c-4ecb-bc0a-d2aa76b38150	chrX	251810	95141627	1	1	0
7f6de1dc-897c-4ecb-bc0a-d2aa76b38150	chrX	95141864	95159272	2	2	0
7f6de1dc-897c-4ecb-bc0a-d2aa76b38150	chrX	95160023	156004181	1	1	0
7f6de1dc-897c-4ecb-bc0a-d2aa76b38150	chrY	2782397	26653788	0	0	0
7f6de1dc-897c-4ecb-bc0a-d2aa76b38150	chrY	56872112	56872112	1	1	0
eeb8de18-ddb8-4a4a-aaff-081d3d725c05	chr1	61735	248930189	2	2	0
eeb8de18-ddb8-4a4a-aaff-081d3d725c05	chr2	12784	242147305	2	2	0
eeb8de18-ddb8-4a4a-aaff-081d3d725c05	chr3	18667	198169247	2	2	0
eeb8de18-ddb8-4a4a-aaff-081d3d725c05	chr4	12281	14566147	3	2	1
eeb8de18-ddb8-4a4a-aaff-081d3d725c05	chr4	14566590	26153838	5	3	2
eeb8de18-ddb8-4a4a-aaff-081d3d725c05	chr4	26155275	28152617	4	2	2
eeb8de18-ddb8-4a4a-aaff-081d3d725c05	chr4	28155806	33408340	5	3	2
eeb8de18-ddb8-4a4a-aaff-081d3d725c05	chr4	33409619	190106768	4	2	2
eeb8de18-ddb8-4a4a-aaff-081d3d725c05	chr5	15532	181363319	4	2	2
eeb8de18-ddb8-4a4a-aaff-081d3d725c05	chr6	149661	170741917	2	2	0
eeb8de18-ddb8-4a4a-aaff-081d3d725c05	chr7	43259	68659	2	1	1
eeb8de18-ddb8-4a4a-aaff-081d3d725c05	chr7	71276	65697209	4	2	2
eeb8de18-ddb8-4a4a-aaff-081d3d725c05	chr7	65708754	138682259	6	4	2
eeb8de18-ddb8-4a4a-aaff-081d3d725c05	chr7	138682613	145364140	4	2	2
eeb8de18-ddb8-4a4a-aaff-081d3d725c05	chr7	145367649	154818806	2	2	0
eeb8de18-ddb8-4a4a-aaff-081d3d725c05	chr7	154822789	159334314	4	2	2
eeb8de18-ddb8-4a4a-aaff-081d3d725c05	chr8	81254	45935912	2	2	0
eeb8de18-ddb8-4a4a-aaff-081d3d725c05	chr8	45951913	100595169	8	6	2
eeb8de18-ddb8-4a4a-aaff-081d3d725c05	chr8	100595731	110169156	9	7	2
eeb8de18-ddb8-4a4a-aaff-081d3d725c05	chr8	110169239	145072769	8	6	2
eeb8de18-ddb8-4a4a-aaff-081d3d725c05	chr9	46587	138200944	2	2	0
eeb8de18-ddb8-4a4a-aaff-081d3d725c05	chr10	26823	133769379	2	2	0
eeb8de18-ddb8-4a4a-aaff-081d3d725c05	chr11	198572	41951129	2	2	0
eeb8de18-ddb8-4a4a-aaff-081d3d725c05	chr11	41953238	43720927	4	2	2
eeb8de18-ddb8-4a4a-aaff-081d3d725c05	chr11	43721280	43816029	2	1	1
eeb8de18-ddb8-4a4a-aaff-081d3d725c05	chr11	43816491	135074876	4	2	2
eeb8de18-ddb8-4a4a-aaff-081d3d725c05	chr12	51460	1933725	4	2	2
eeb8de18-ddb8-4a4a-aaff-081d3d725c05	chr12	1935919	13538033	3	2	1
eeb8de18-ddb8-4a4a-aaff-081d3d725c05	chr12	13538406	115250869	4	2	2
eeb8de18-ddb8-4a4a-aaff-081d3d725c05	chr12	115253079	120365980	3	2	1
eeb8de18-ddb8-4a4a-aaff-081d3d725c05	chr12	120371388	129617225	4	2	2
eeb8de18-ddb8-4a4a-aaff-081d3d725c05	chr12	129619009	131256510	3	2	1
eeb8de18-ddb8-4a4a-aaff-081d3d725c05	chr12	131263515	133201603	4	2	2
eeb8de18-ddb8-4a4a-aaff-081d3d725c05	chr13	18452809	114342922	2	2	0
eeb8de18-ddb8-4a4a-aaff-081d3d725c05	chr14	18225647	106877229	4	2	2
eeb8de18-ddb8-4a4a-aaff-081d3d725c05	chr15	19811075	101928837	4	2	2
eeb8de18-ddb8-4a4a-aaff-081d3d725c05	chr16	10777	90221127	4	2	2
eeb8de18-ddb8-4a4a-aaff-081d3d725c05	chr17	150733	83090856	2	2	0
eeb8de18-ddb8-4a4a-aaff-081d3d725c05	chr18	48133	27872429	3	2	1
eeb8de18-ddb8-4a4a-aaff-081d3d725c05	chr18	27872942	46015701	4	2	2
eeb8de18-ddb8-4a4a-aaff-081d3d725c05	chr18	46020305	80257174	3	2	1
eeb8de18-ddb8-4a4a-aaff-081d3d725c05	chr19	90910	58586487	3	2	1
eeb8de18-ddb8-4a4a-aaff-081d3d725c05	chr20	80664	64324800	2	2	0
eeb8de18-ddb8-4a4a-aaff-081d3d725c05	chr21	10336543	46677045	2	2	0
eeb8de18-ddb8-4a4a-aaff-081d3d725c05	chr22	15294545	35855021	4	2	2
eeb8de18-ddb8-4a4a-aaff-081d3d725c05	chr22	35856220	50796027	3	2	1
eeb8de18-ddb8-4a4a-aaff-081d3d725c05	chrX	251810	156004181	2	2	0
99a420df-628b-4bcc-a05b-7a15f2cc4b33	chr1	61735	50622520	1	1	0
99a420df-628b-4bcc-a05b-7a15f2cc4b33	chr1	50624797	51009929	0	0	0
99a420df-628b-4bcc-a05b-7a15f2cc4b33	chr1	51010331	248930189	1	1	0
99a420df-628b-4bcc-a05b-7a15f2cc4b33	chr2	12784	124307732	1	1	0
99a420df-628b-4bcc-a05b-7a15f2cc4b33	chr2	124308054	124460919	0	0	0
99a420df-628b-4bcc-a05b-7a15f2cc4b33	chr2	124467215	242147305	1	1	0
99a420df-628b-4bcc-a05b-7a15f2cc4b33	chr3	18667	198169247	2	1	1
99a420df-628b-4bcc-a05b-7a15f2cc4b33	chr4	12281	190106768	2	1	1
99a420df-628b-4bcc-a05b-7a15f2cc4b33	chr5	15532	149149	3	2	1
99a420df-628b-4bcc-a05b-7a15f2cc4b33	chr5	149271	161279	1	1	0
99a420df-628b-4bcc-a05b-7a15f2cc4b33	chr5	163654	269852	3	2	1
99a420df-628b-4bcc-a05b-7a15f2cc4b33	chr5	274199	551328	1	1	0
99a420df-628b-4bcc-a05b-7a15f2cc4b33	chr5	559453	761010	3	2	1
99a420df-628b-4bcc-a05b-7a15f2cc4b33	chr5	772967	1040379	1	1	0
99a420df-628b-4bcc-a05b-7a15f2cc4b33	chr5	1049424	1601289	3	2	1
99a420df-628b-4bcc-a05b-7a15f2cc4b33	chr5	1605998	2835951	1	1	0
99a420df-628b-4bcc-a05b-7a15f2cc4b33	chr5	2839817	3254634	2	1	1
99a420df-628b-4bcc-a05b-7a15f2cc4b33	chr5	3257925	4965468	1	1	0
99a420df-628b-4bcc-a05b-7a15f2cc4b33	chr5	4966904	5009626	4	3	1
99a420df-628b-4bcc-a05b-7a15f2cc4b33	chr5	5010019	5061092	1	1	0
99a420df-628b-4bcc-a05b-7a15f2cc4b33	chr5	5062244	5112576	4	3	1
99a420df-628b-4bcc-a05b-7a15f2cc4b33	chr5	5112814	5357089	1	1	0
99a420df-628b-4bcc-a05b-7a15f2cc4b33	chr5	5357462	6097930	2	1	1
99a420df-628b-4bcc-a05b-7a15f2cc4b33	chr5	6107136	6384170	3	2	1
99a420df-628b-4bcc-a05b-7a15f2cc4b33	chr5	6386688	6789840	2	1	1
99a420df-628b-4bcc-a05b-7a15f2cc4b33	chr5	6790157	6829269	3	2	1
99a420df-628b-4bcc-a05b-7a15f2cc4b33	chr5	6831545	7216167	1	1	0
99a420df-628b-4bcc-a05b-7a15f2cc4b33	chr5	7217427	7261084	3	2	1
99a420df-628b-4bcc-a05b-7a15f2cc4b33	chr5	7262996	7262996	3	3	0
99a420df-628b-4bcc-a05b-7a15f2cc4b33	chr5	7263505	7516834	3	2	1
99a420df-628b-4bcc-a05b-7a15f2cc4b33	chr5	7516901	7568986	1	1	0
99a420df-628b-4bcc-a05b-7a15f2cc4b33	chr5	7569296	7737909	3	2	1
99a420df-628b-4bcc-a05b-7a15f2cc4b33	chr5	7743159	9542919	2	1	1
99a420df-628b-4bcc-a05b-7a15f2cc4b33	chr5	9553770	9931622	1	1	0
99a420df-628b-4bcc-a05b-7a15f2cc4b33	chr5	9931786	10382361	3	2	1
99a420df-628b-4bcc-a05b-7a15f2cc4b33	chr5	10385648	11629887	2	1	1
99a420df-628b-4bcc-a05b-7a15f2cc4b33	chr5	11632054	18006312	3	2	1
99a420df-628b-4bcc-a05b-7a15f2cc4b33	chr5	18007277	18151947	2	1	1
99a420df-628b-4bcc-a05b-7a15f2cc4b33	chr5	18155909	19136582	1	1	0
99a420df-628b-4bcc-a05b-7a15f2cc4b33	chr5	19136597	19151424	2	2	0
99a420df-628b-4bcc-a05b-7a15f2cc4b33	chr5	19151623	19627917	3	2	1
99a420df-628b-4bcc-a05b-7a15f2cc4b33	chr5	19633945	20066923	5	4	1
99a420df-628b-4bcc-a05b-7a15f2cc4b33	chr5	20077672	20432649	2	1	1
99a420df-628b-4bcc-a05b-7a15f2cc4b33	chr5	20436787	20951711	3	2	1
99a420df-628b-4bcc-a05b-7a15f2cc4b33	chr5	20953320	25358239	1	1	0
99a420df-628b-4bcc-a05b-7a15f2cc4b33	chr5	25368540	25452076	3	3	0
99a420df-628b-4bcc-a05b-7a15f2cc4b33	chr5	25452178	25821918	1	1	0
99a420df-628b-4bcc-a05b-7a15f2cc4b33	chr5	25824379	25964091	3	2	1
99a420df-628b-4bcc-a05b-7a15f2cc4b33	chr5	25964140	26310230	1	1	0
99a420df-628b-4bcc-a05b-7a15f2cc4b33	chr5	26312427	26422341	3	3	0
99a420df-628b-4bcc-a05b-7a15f2cc4b33	chr5	26422717	26980793	1	1	0
99a420df-628b-4bcc-a05b-7a15f2cc4b33	chr5	26985419	27619363	2	2	0
99a420df-628b-4bcc-a05b-7a15f2cc4b33	chr5	27620267	28271645	1	1	0
99a420df-628b-4bcc-a05b-7a15f2cc4b33	chr5	28280236	28517495	3	3	0
99a420df-628b-4bcc-a05b-7a15f2cc4b33	chr5	28525989	33487214	1	1	0
99a420df-628b-4bcc-a05b-7a15f2cc4b33	chr5	33493692	181363319	2	1	1
99a420df-628b-4bcc-a05b-7a15f2cc4b33	chr6	149661	170741917	1	1	0
99a420df-628b-4bcc-a05b-7a15f2cc4b33	chr7	43259	159334314	2	1	1
99a420df-628b-4bcc-a05b-7a15f2cc4b33	chr8	81254	53075397	1	1	0
99a420df-628b-4bcc-a05b-7a15f2cc4b33	chr8	53075447	136888490	2	2	0
99a420df-628b-4bcc-a05b-7a15f2cc4b33	chr8	136889228	137003578	1	1	0
99a420df-628b-4bcc-a05b-7a15f2cc4b33	chr8	137004627	145072769	2	2	0
99a420df-628b-4bcc-a05b-7a15f2cc4b33	chr9	46587	138200944	2	1	1
99a420df-628b-4bcc-a05b-7a15f2cc4b33	chr10	26823	133769379	1	1	0
99a420df-628b-4bcc-a05b-7a15f2cc4b33	chr11	198572	135074876	2	1	1
99a420df-628b-4bcc-a05b-7a15f2cc4b33	chr12	51460	133201603	2	1	1
99a420df-628b-4bcc-a05b-7a15f2cc4b33	chr13	18452809	114342922	1	1	0
99a420df-628b-4bcc-a05b-7a15f2cc4b33	chr14	18225647	106877229	2	1	1
99a420df-628b-4bcc-a05b-7a15f2cc4b33	chr15	19811075	101928837	2	1	1
99a420df-628b-4bcc-a05b-7a15f2cc4b33	chr16	10777	90221127	2	1	1
99a420df-628b-4bcc-a05b-7a15f2cc4b33	chr17	150733	83090856	1	1	0
99a420df-628b-4bcc-a05b-7a15f2cc4b33	chr18	48133	80257174	2	1	1
99a420df-628b-4bcc-a05b-7a15f2cc4b33	chr19	90910	58586487	2	1	1
99a420df-628b-4bcc-a05b-7a15f2cc4b33	chr20	80664	14062870	2	1	1
99a420df-628b-4bcc-a05b-7a15f2cc4b33	chr20	14065095	14643381	1	1	0
99a420df-628b-4bcc-a05b-7a15f2cc4b33	chr20	14647016	64324800	2	1	1
99a420df-628b-4bcc-a05b-7a15f2cc4b33	chr21	10336543	46677045	2	1	1
99a420df-628b-4bcc-a05b-7a15f2cc4b33	chr22	15294545	39053920	2	1	1
99a420df-628b-4bcc-a05b-7a15f2cc4b33	chr22	39056162	39323143	1	1	0
99a420df-628b-4bcc-a05b-7a15f2cc4b33	chr22	39323254	43665129	2	2	0
99a420df-628b-4bcc-a05b-7a15f2cc4b33	chr22	43667058	44913773	1	1	0
99a420df-628b-4bcc-a05b-7a15f2cc4b33	chr22	44916011	50796027	2	1	1
99a420df-628b-4bcc-a05b-7a15f2cc4b33	chrX	251810	2776199	2	1	1
99a420df-628b-4bcc-a05b-7a15f2cc4b33	chrX	2785350	155699647	1	1	0
99a420df-628b-4bcc-a05b-7a15f2cc4b33	chrX	155699837	156004181	2	1	1
83d7b393-b246-435b-b989-484fd9df4d58	chr1	62920	15581487	1	1	0
83d7b393-b246-435b-b989-484fd9df4d58	chr1	15581908	15608813	2	2	0
83d7b393-b246-435b-b989-484fd9df4d58	chr1	15608889	19445640	1	1	0
83d7b393-b246-435b-b989-484fd9df4d58	chr1	19446353	19457152	0	0	0
83d7b393-b246-435b-b989-484fd9df4d58	chr1	19461281	248930189	1	1	0
83d7b393-b246-435b-b989-484fd9df4d58	chr2	12784	10577680	1	1	0
83d7b393-b246-435b-b989-484fd9df4d58	chr2	10579928	10606819	0	0	0
83d7b393-b246-435b-b989-484fd9df4d58	chr2	10606887	34492601	1	1	0
83d7b393-b246-435b-b989-484fd9df4d58	chr2	34492775	34511990	0	0	0
83d7b393-b246-435b-b989-484fd9df4d58	chr2	34512096	120520632	1	1	0
83d7b393-b246-435b-b989-484fd9df4d58	chr2	120520881	120529529	2	2	0
83d7b393-b246-435b-b989-484fd9df4d58	chr2	120529836	211984238	1	1	0
83d7b393-b246-435b-b989-484fd9df4d58	chr2	211985007	212252479	0	0	0
83d7b393-b246-435b-b989-484fd9df4d58	chr2	212252999	242147305	1	1	0
83d7b393-b246-435b-b989-484fd9df4d58	chr3	20930	162794951	2	1	1
83d7b393-b246-435b-b989-484fd9df4d58	chr3	162795304	162898127	6	6	0
83d7b393-b246-435b-b989-484fd9df4d58	chr3	162906054	198169247	2	1	1
83d7b393-b246-435b-b989-484fd9df4d58	chr4	68929	34784878	2	1	1
83d7b393-b246-435b-b989-484fd9df4d58	chr4	34785333	34823103	1	1	0
83d7b393-b246-435b-b989-484fd9df4d58	chr4	34828250	68506285	2	1	1
83d7b393-b246-435b-b989-484fd9df4d58	chr4	68509223	68591984	4	4	0
83d7b393-b246-435b-b989-484fd9df4d58	chr4	68592087	190106768	2	1	1
83d7b393-b246-435b-b989-484fd9df4d58	chr5	15532	80102164	2	1	1
83d7b393-b246-435b-b989-484fd9df4d58	chr5	80102193	80117579	4	2	2
83d7b393-b246-435b-b989-484fd9df4d58	chr5	80125460	178827246	2	1	1
83d7b393-b246-435b-b989-484fd9df4d58	chr5	178827320	178853270	1	1	0
83d7b393-b246-435b-b989-484fd9df4d58	chr5	178853333	181363319	2	1	1
83d7b393-b246-435b-b989-484fd9df4d58	chr6	149661	76726815	1	1	0
83d7b393-b246-435b-b989-484fd9df4d58	chr6	76730151	76743087	0	0	0
83d7b393-b246-435b-b989-484fd9df4d58	chr6	76751356	158622895	1	1	0
83d7b393-b246-435b-b989-484fd9df4d58	chr6	158623012	158746253	0	0	0
83d7b393-b246-435b-b989-484fd9df4d58	chr6	158750310	170741917	1	1	0
83d7b393-b246-435b-b989-484fd9df4d58	chr7	43259	148765888	2	1	1
83d7b393-b246-435b-b989-484fd9df4d58	chr7	148767519	148790237	1	1	0
83d7b393-b246-435b-b989-484fd9df4d58	chr7	148790303	159334314	2	1	1
83d7b393-b246-435b-b989-484fd9df4d58	chr8	81254	24520581	2	1	1
83d7b393-b246-435b-b989-484fd9df4d58	chr8	24523862	24539071	3	2	1
83d7b393-b246-435b-b989-484fd9df4d58	chr8	24540692	41154421	2	1	1
83d7b393-b246-435b-b989-484fd9df4d58	chr8	41157281	41174182	3	2	1
83d7b393-b246-435b-b989-484fd9df4d58	chr8	41177163	69152771	2	1	1
83d7b393-b246-435b-b989-484fd9df4d58	chr8	69153124	69166138	4	2	2
83d7b393-b246-435b-b989-484fd9df4d58	chr8	69166802	74174970	2	1	1
83d7b393-b246-435b-b989-484fd9df4d58	chr8	74175031	74200423	1	1	0
83d7b393-b246-435b-b989-484fd9df4d58	chr8	74200535	145072769	2	1	1
83d7b393-b246-435b-b989-484fd9df4d58	chr9	46587	3125664	2	1	1
83d7b393-b246-435b-b989-484fd9df4d58	chr9	3125843	3139301	1	1	0
83d7b393-b246-435b-b989-484fd9df4d58	chr9	3139596	138200944	2	1	1
83d7b393-b246-435b-b989-484fd9df4d58	chr10	45792	133654968	1	1	0
83d7b393-b246-435b-b989-484fd9df4d58	chr11	198510	69996418	2	1	1
83d7b393-b246-435b-b989-484fd9df4d58	chr11	69996715	70070163	1	1	0
83d7b393-b246-435b-b989-484fd9df4d58	chr11	70070687	135074876	2	1	1
83d7b393-b246-435b-b989-484fd9df4d58	chr12	51460	52526630	2	1	1
83d7b393-b246-435b-b989-484fd9df4d58	chr12	52527431	52531875	5	3	2
83d7b393-b246-435b-b989-484fd9df4d58	chr12	52532185	69630746	2	1	1
83d7b393-b246-435b-b989-484fd9df4d58	chr12	69634273	69667236	3	2	1
83d7b393-b246-435b-b989-484fd9df4d58	chr12	69667612	133201603	2	1	1
83d7b393-b246-435b-b989-484fd9df4d58	chr13	18452809	55268023	1	1	0
83d7b393-b246-435b-b989-484fd9df4d58	chr13	55268456	55310133	0	0	0
83d7b393-b246-435b-b989-484fd9df4d58	chr13	55310215	114342922	1	1	0
83d7b393-b246-435b-b989-484fd9df4d58	chr14	18239283	25992539	2	1	1
83d7b393-b246-435b-b989-484fd9df4d58	chr14	25992661	26010897	3	2	1
83d7b393-b246-435b-b989-484fd9df4d58	chr14	26015068	106877229	2	1	1
83d7b393-b246-435b-b989-484fd9df4d58	chr15	19811075	101928837	2	1	1
83d7b393-b246-435b-b989-484fd9df4d58	chr16	10777	78343037	2	1	1
83d7b393-b246-435b-b989-484fd9df4d58	chr16	78343264	78350868	0	0	0
83d7b393-b246-435b-b989-484fd9df4d58	chr16	78351104	90096867	2	1	1
83d7b393-b246-435b-b989-484fd9df4d58	chr17	150733	83091923	1	1	0
83d7b393-b246-435b-b989-484fd9df4d58	chr18	48133	4971660	2	1	1
83d7b393-b246-435b-b989-484fd9df4d58	chr18	4973590	4989684	0	0	0
83d7b393-b246-435b-b989-484fd9df4d58	chr18	4990805	8458372	2	1	1
83d7b393-b246-435b-b989-484fd9df4d58	chr18	8458486	8476959	1	1	0
83d7b393-b246-435b-b989-484fd9df4d58	chr18	8477169	80257174	2	1	1
83d7b393-b246-435b-b989-484fd9df4d58	chr19	90910	15612717	2	1	1
83d7b393-b246-435b-b989-484fd9df4d58	chr19	15613287	15638088	3	2	1
83d7b393-b246-435b-b989-484fd9df4d58	chr19	15638194	36956446	2	1	1
83d7b393-b246-435b-b989-484fd9df4d58	chr19	36963095	37161671	3	2	1
83d7b393-b246-435b-b989-484fd9df4d58	chr19	37162402	58586487	2	1	1
83d7b393-b246-435b-b989-484fd9df4d58	chr20	80664	64324800	2	1	1
83d7b393-b246-435b-b989-484fd9df4d58	chr21	12973348	46677045	2	1	1
83d7b393-b246-435b-b989-484fd9df4d58	chr22	16392123	50796027	2	1	1
83d7b393-b246-435b-b989-484fd9df4d58	chrX	251810	156004181	1	1	0
83d7b393-b246-435b-b989-484fd9df4d58	chrY	2782397	56872112	0	0	0
29ec5cb8-d238-4f97-8a01-5ac23ce15c66	chr1	61735	248930189	2	2	0
29ec5cb8-d238-4f97-8a01-5ac23ce15c66	chr2	12784	242147305	2	2	0
29ec5cb8-d238-4f97-8a01-5ac23ce15c66	chr3	18667	198169247	4	2	2
29ec5cb8-d238-4f97-8a01-5ac23ce15c66	chr4	12281	190106768	4	2	2
29ec5cb8-d238-4f97-8a01-5ac23ce15c66	chr5	15532	181363319	4	2	2
29ec5cb8-d238-4f97-8a01-5ac23ce15c66	chr6	149661	170741917	2	2	0
29ec5cb8-d238-4f97-8a01-5ac23ce15c66	chr7	43259	159334314	4	2	2
29ec5cb8-d238-4f97-8a01-5ac23ce15c66	chr8	81254	145072769	4	2	2
29ec5cb8-d238-4f97-8a01-5ac23ce15c66	chr9	46587	138200944	2	2	0
29ec5cb8-d238-4f97-8a01-5ac23ce15c66	chr10	26823	133769379	2	2	0
29ec5cb8-d238-4f97-8a01-5ac23ce15c66	chr11	198572	135074876	4	2	2
29ec5cb8-d238-4f97-8a01-5ac23ce15c66	chr12	51460	133201603	4	2	2
29ec5cb8-d238-4f97-8a01-5ac23ce15c66	chr13	18452809	114342922	4	2	2
29ec5cb8-d238-4f97-8a01-5ac23ce15c66	chr14	18225647	106877229	4	2	2
29ec5cb8-d238-4f97-8a01-5ac23ce15c66	chr15	19811075	101928837	4	2	2
29ec5cb8-d238-4f97-8a01-5ac23ce15c66	chr16	10777	70802467	4	2	2
29ec5cb8-d238-4f97-8a01-5ac23ce15c66	chr16	70804300	71333018	3	2	1
29ec5cb8-d238-4f97-8a01-5ac23ce15c66	chr16	71338580	90221127	4	2	2
29ec5cb8-d238-4f97-8a01-5ac23ce15c66	chr17	150733	83090856	2	2	0
29ec5cb8-d238-4f97-8a01-5ac23ce15c66	chr18	48133	80257174	4	2	2
29ec5cb8-d238-4f97-8a01-5ac23ce15c66	chr19	90910	58586487	4	2	2
29ec5cb8-d238-4f97-8a01-5ac23ce15c66	chr20	80664	64324800	4	2	2
29ec5cb8-d238-4f97-8a01-5ac23ce15c66	chr21	10336543	46677045	2	2	0
29ec5cb8-d238-4f97-8a01-5ac23ce15c66	chr22	15294545	50796027	4	2	2
29ec5cb8-d238-4f97-8a01-5ac23ce15c66	chrX	251810	156004181	4	2	2
55303303-8fdf-487e-b25e-2557909ed34e	chr1	62920	62025882	2	2	0
55303303-8fdf-487e-b25e-2557909ed34e	chr1	62026382	62044482	1	1	0
55303303-8fdf-487e-b25e-2557909ed34e	chr1	62044500	67585340	2	2	0
55303303-8fdf-487e-b25e-2557909ed34e	chr1	67585547	67672089	1	1	0
55303303-8fdf-487e-b25e-2557909ed34e	chr1	67672180	248930189	2	2	0
55303303-8fdf-487e-b25e-2557909ed34e	chr2	12784	31023383	2	2	0
55303303-8fdf-487e-b25e-2557909ed34e	chr2	31024619	31027855	1	1	0
55303303-8fdf-487e-b25e-2557909ed34e	chr2	31029795	102498481	2	2	0
55303303-8fdf-487e-b25e-2557909ed34e	chr2	102499401	102505827	1	1	0
55303303-8fdf-487e-b25e-2557909ed34e	chr2	102506572	242147305	2	2	0
55303303-8fdf-487e-b25e-2557909ed34e	chr3	20930	45166279	4	2	2
55303303-8fdf-487e-b25e-2557909ed34e	chr3	45168686	45178788	3	2	1
55303303-8fdf-487e-b25e-2557909ed34e	chr3	45180082	53842191	4	2	2
55303303-8fdf-487e-b25e-2557909ed34e	chr3	53843122	53858693	3	2	1
55303303-8fdf-487e-b25e-2557909ed34e	chr3	53859813	198169247	4	2	2
55303303-8fdf-487e-b25e-2557909ed34e	chr4	68929	953186	4	2	2
55303303-8fdf-487e-b25e-2557909ed34e	chr4	962259	2342647	3	2	1
55303303-8fdf-487e-b25e-2557909ed34e	chr4	2342965	68506285	4	2	2
55303303-8fdf-487e-b25e-2557909ed34e	chr4	68509223	68655691	9	9	0
55303303-8fdf-487e-b25e-2557909ed34e	chr4	68663241	180905328	4	2	2
55303303-8fdf-487e-b25e-2557909ed34e	chr4	180908539	181101587	3	2	1
55303303-8fdf-487e-b25e-2557909ed34e	chr4	181102514	190106768	4	2	2
55303303-8fdf-487e-b25e-2557909ed34e	chr5	15532	66623536	4	2	2
55303303-8fdf-487e-b25e-2557909ed34e	chr5	66624480	115660099	3	2	1
55303303-8fdf-487e-b25e-2557909ed34e	chr5	115663033	178738549	4	2	2
55303303-8fdf-487e-b25e-2557909ed34e	chr5	178738859	178853270	3	2	1
55303303-8fdf-487e-b25e-2557909ed34e	chr5	178853333	181363319	4	2	2
55303303-8fdf-487e-b25e-2557909ed34e	chr6	149661	30266923	2	2	0
55303303-8fdf-487e-b25e-2557909ed34e	chr6	30266944	30795855	1	1	0
55303303-8fdf-487e-b25e-2557909ed34e	chr6	30795979	78253172	2	2	0
55303303-8fdf-487e-b25e-2557909ed34e	chr6	78259348	78316871	0	0	0
55303303-8fdf-487e-b25e-2557909ed34e	chr6	78316969	170741917	2	2	0
55303303-8fdf-487e-b25e-2557909ed34e	chr7	43259	2654709	3	2	1
55303303-8fdf-487e-b25e-2557909ed34e	chr7	2655983	159334314	4	2	2
55303303-8fdf-487e-b25e-2557909ed34e	chr8	81254	27452263	4	2	2
55303303-8fdf-487e-b25e-2557909ed34e	chr8	27452605	27561230	5	3	2
55303303-8fdf-487e-b25e-2557909ed34e	chr8	27561803	62890266	4	2	2
55303303-8fdf-487e-b25e-2557909ed34e	chr8	62895841	62915756	7	4	3
55303303-8fdf-487e-b25e-2557909ed34e	chr8	62918050	145072769	4	2	2
55303303-8fdf-487e-b25e-2557909ed34e	chr9	46587	104578219	4	2	2
55303303-8fdf-487e-b25e-2557909ed34e	chr9	104578775	104597669	2	1	1
55303303-8fdf-487e-b25e-2557909ed34e	chr9	104597685	138200944	4	2	2
55303303-8fdf-487e-b25e-2557909ed34e	chr10	45792	31682851	2	2	0
55303303-8fdf-487e-b25e-2557909ed34e	chr10	31685731	32014716	1	1	0
55303303-8fdf-487e-b25e-2557909ed34e	chr10	32017944	82287990	2	2	0
55303303-8fdf-487e-b25e-2557909ed34e	chr10	82288101	82569511	1	1	0
55303303-8fdf-487e-b25e-2557909ed34e	chr10	82569606	133654968	2	2	0
55303303-8fdf-487e-b25e-2557909ed34e	chr11	198510	1680873	1	1	0
55303303-8fdf-487e-b25e-2557909ed34e	chr11	1682573	80245418	2	2	0
55303303-8fdf-487e-b25e-2557909ed34e	chr11	80248206	80752668	0	0	0
55303303-8fdf-487e-b25e-2557909ed34e	chr11	80765032	135074876	2	2	0
55303303-8fdf-487e-b25e-2557909ed34e	chr12	51460	52291988	4	2	2
55303303-8fdf-487e-b25e-2557909ed34e	chr12	52294900	52387679	6	4	2
55303303-8fdf-487e-b25e-2557909ed34e	chr12	52387804	115247884	4	2	2
55303303-8fdf-487e-b25e-2557909ed34e	chr12	115248278	115254001	2	1	1
55303303-8fdf-487e-b25e-2557909ed34e	chr12	115254059	115340364	5	3	2
55303303-8fdf-487e-b25e-2557909ed34e	chr12	115342120	133201603	4	2	2
55303303-8fdf-487e-b25e-2557909ed34e	chr13	18452809	57192766	2	2	0
55303303-8fdf-487e-b25e-2557909ed34e	chr13	57193049	57204246	0	0	0
55303303-8fdf-487e-b25e-2557909ed34e	chr13	57215580	114342922	2	2	0
55303303-8fdf-487e-b25e-2557909ed34e	chr14	18239283	106877229	4	2	2
55303303-8fdf-487e-b25e-2557909ed34e	chr15	19811075	25055911	4	2	2
55303303-8fdf-487e-b25e-2557909ed34e	chr15	25058012	25079530	8	4	4
55303303-8fdf-487e-b25e-2557909ed34e	chr15	25081548	38869180	4	2	2
55303303-8fdf-487e-b25e-2557909ed34e	chr15	38870043	38887225	6	3	3
55303303-8fdf-487e-b25e-2557909ed34e	chr15	38887457	45943633	4	2	2
55303303-8fdf-487e-b25e-2557909ed34e	chr15	45943946	45950393	2	1	1
55303303-8fdf-487e-b25e-2557909ed34e	chr15	45950456	101928837	4	2	2
55303303-8fdf-487e-b25e-2557909ed34e	chr16	10777	5102861	3	2	1
55303303-8fdf-487e-b25e-2557909ed34e	chr16	5109479	6614053	4	2	2
55303303-8fdf-487e-b25e-2557909ed34e	chr16	6614719	6785389	3	2	1
55303303-8fdf-487e-b25e-2557909ed34e	chr16	6785413	6935150	2	2	0
55303303-8fdf-487e-b25e-2557909ed34e	chr16	6935303	7002358	3	2	1
55303303-8fdf-487e-b25e-2557909ed34e	chr16	7002373	7046135	1	1	0
55303303-8fdf-487e-b25e-2557909ed34e	chr16	7051388	7106682	4	3	1
55303303-8fdf-487e-b25e-2557909ed34e	chr16	7106699	7227946	2	2	0
55303303-8fdf-487e-b25e-2557909ed34e	chr16	7228711	87612172	4	2	2
55303303-8fdf-487e-b25e-2557909ed34e	chr16	87619372	90096867	3	2	1
55303303-8fdf-487e-b25e-2557909ed34e	chr17	150733	83091923	2	2	0
55303303-8fdf-487e-b25e-2557909ed34e	chr18	48133	50738288	2	2	0
55303303-8fdf-487e-b25e-2557909ed34e	chr18	50738377	50746921	4	4	0
55303303-8fdf-487e-b25e-2557909ed34e	chr18	50748035	80257174	2	2	0
55303303-8fdf-487e-b25e-2557909ed34e	chr19	90910	6958123	3	2	1
55303303-8fdf-487e-b25e-2557909ed34e	chr19	6958625	16826191	4	2	2
55303303-8fdf-487e-b25e-2557909ed34e	chr19	16826382	19151814	3	2	1
55303303-8fdf-487e-b25e-2557909ed34e	chr19	19152825	58586487	4	2	2
55303303-8fdf-487e-b25e-2557909ed34e	chr20	80664	3456975	6	4	2
55303303-8fdf-487e-b25e-2557909ed34e	chr20	3457749	4258684	8	4	4
55303303-8fdf-487e-b25e-2557909ed34e	chr20	4258856	14521504	6	4	2
55303303-8fdf-487e-b25e-2557909ed34e	chr20	14526964	14722256	7	4	3
55303303-8fdf-487e-b25e-2557909ed34e	chr20	14722269	14751667	6	6	0
55303303-8fdf-487e-b25e-2557909ed34e	chr20	14753714	15001931	4	4	0
55303303-8fdf-487e-b25e-2557909ed34e	chr20	15003218	15064766	0	0	0
55303303-8fdf-487e-b25e-2557909ed34e	chr20	15071800	15088335	1	1	0
55303303-8fdf-487e-b25e-2557909ed34e	chr20	15089390	61844200	4	2	2
55303303-8fdf-487e-b25e-2557909ed34e	chr20	61846113	64324800	3	2	1
55303303-8fdf-487e-b25e-2557909ed34e	chr21	12973348	46677045	2	2	0
55303303-8fdf-487e-b25e-2557909ed34e	chr22	16392123	49240242	4	2	2
55303303-8fdf-487e-b25e-2557909ed34e	chr22	49244859	50796027	3	2	1
55303303-8fdf-487e-b25e-2557909ed34e	chrX	251810	890806	2	2	0
55303303-8fdf-487e-b25e-2557909ed34e	chrX	891904	980073	1	1	0
55303303-8fdf-487e-b25e-2557909ed34e	chrX	983433	1059510	2	2	0
55303303-8fdf-487e-b25e-2557909ed34e	chrX	1059715	1478856	1	1	0
55303303-8fdf-487e-b25e-2557909ed34e	chrX	1479705	5370162	2	2	0
55303303-8fdf-487e-b25e-2557909ed34e	chrX	5372028	156004181	1	1	0
55303303-8fdf-487e-b25e-2557909ed34e	chrY	2782397	56872112	0	0	0
530e5b42-4700-4ccd-8fc7-438d53904bcf	chr1	61735	248930189	2	1	1
530e5b42-4700-4ccd-8fc7-438d53904bcf	chr2	12784	242147305	2	1	1
530e5b42-4700-4ccd-8fc7-438d53904bcf	chr3	18667	198169247	2	1	1
530e5b42-4700-4ccd-8fc7-438d53904bcf	chr4	12281	190106768	2	1	1
530e5b42-4700-4ccd-8fc7-438d53904bcf	chr5	15532	153204201	2	1	1
530e5b42-4700-4ccd-8fc7-438d53904bcf	chr5	153206449	163954060	2	2	0
530e5b42-4700-4ccd-8fc7-438d53904bcf	chr5	163956273	181363319	2	1	1
530e5b42-4700-4ccd-8fc7-438d53904bcf	chr6	149661	170741917	2	1	1
530e5b42-4700-4ccd-8fc7-438d53904bcf	chr7	43259	159334314	2	1	1
530e5b42-4700-4ccd-8fc7-438d53904bcf	chr8	81254	145072769	2	1	1
530e5b42-4700-4ccd-8fc7-438d53904bcf	chr9	46587	138200944	2	1	1
530e5b42-4700-4ccd-8fc7-438d53904bcf	chr10	26823	133769379	2	1	1
530e5b42-4700-4ccd-8fc7-438d53904bcf	chr11	198572	135074876	2	1	1
530e5b42-4700-4ccd-8fc7-438d53904bcf	chr12	51460	133201603	2	1	1
530e5b42-4700-4ccd-8fc7-438d53904bcf	chr13	18452809	114342922	2	1	1
530e5b42-4700-4ccd-8fc7-438d53904bcf	chr14	18225647	106877229	2	1	1
530e5b42-4700-4ccd-8fc7-438d53904bcf	chr15	19811075	101928837	2	1	1
530e5b42-4700-4ccd-8fc7-438d53904bcf	chr16	10777	90221127	2	1	1
530e5b42-4700-4ccd-8fc7-438d53904bcf	chr17	150733	83090856	2	1	1
530e5b42-4700-4ccd-8fc7-438d53904bcf	chr18	48133	80257174	2	1	1
530e5b42-4700-4ccd-8fc7-438d53904bcf	chr19	90910	58586487	2	1	1
530e5b42-4700-4ccd-8fc7-438d53904bcf	chr20	80664	64324800	2	1	1
530e5b42-4700-4ccd-8fc7-438d53904bcf	chr21	10336543	46677045	2	1	1
530e5b42-4700-4ccd-8fc7-438d53904bcf	chr22	15294545	50796027	2	1	1
530e5b42-4700-4ccd-8fc7-438d53904bcf	chrX	251810	2785350	2	1	1
530e5b42-4700-4ccd-8fc7-438d53904bcf	chrX	2785592	156004181	1	1	0
2b4fa791-2a7f-4db4-b570-127c68153542	chr1	62920	73062569	2	1	1
2b4fa791-2a7f-4db4-b570-127c68153542	chr1	73067011	73148457	3	2	1
2b4fa791-2a7f-4db4-b570-127c68153542	chr1	73148843	196740630	2	1	1
2b4fa791-2a7f-4db4-b570-127c68153542	chr1	196741937	196829534	5	5	0
2b4fa791-2a7f-4db4-b570-127c68153542	chr1	196829693	248930189	2	1	1
2b4fa791-2a7f-4db4-b570-127c68153542	chr2	12784	29851200	2	2	0
2b4fa791-2a7f-4db4-b570-127c68153542	chr2	29852027	29865157	4	4	0
2b4fa791-2a7f-4db4-b570-127c68153542	chr2	29867475	76698773	2	2	0
2b4fa791-2a7f-4db4-b570-127c68153542	chr2	76701007	76722438	4	4	0
2b4fa791-2a7f-4db4-b570-127c68153542	chr2	76729368	242147305	2	2	0
2b4fa791-2a7f-4db4-b570-127c68153542	chr3	20930	4132155	3	2	1
2b4fa791-2a7f-4db4-b570-127c68153542	chr3	4139721	4244197	1	1	0
2b4fa791-2a7f-4db4-b570-127c68153542	chr3	4247657	15787516	3	2	1
2b4fa791-2a7f-4db4-b570-127c68153542	chr3	15787620	15828259	2	1	1
2b4fa791-2a7f-4db4-b570-127c68153542	chr3	15831900	198169247	3	2	1
2b4fa791-2a7f-4db4-b570-127c68153542	chr4	68929	190106768	4	2	2
2b4fa791-2a7f-4db4-b570-127c68153542	chr5	15532	169131798	4	2	2
2b4fa791-2a7f-4db4-b570-127c68153542	chr5	169132162	169428003	5	3	2
2b4fa791-2a7f-4db4-b570-127c68153542	chr5	169434227	181363319	4	2	2
2b4fa791-2a7f-4db4-b570-127c68153542	chr6	149661	118300293	2	1	1
2b4fa791-2a7f-4db4-b570-127c68153542	chr6	118304062	118372629	3	2	1
2b4fa791-2a7f-4db4-b570-127c68153542	chr6	118377006	170741917	2	1	1
2b4fa791-2a7f-4db4-b570-127c68153542	chr7	43259	154855066	4	2	2
2b4fa791-2a7f-4db4-b570-127c68153542	chr7	154855234	154902982	6	3	3
2b4fa791-2a7f-4db4-b570-127c68153542	chr7	154903024	159334314	4	2	2
2b4fa791-2a7f-4db4-b570-127c68153542	chr8	81254	27452263	2	2	0
2b4fa791-2a7f-4db4-b570-127c68153542	chr8	27452605	27561230	3	3	0
2b4fa791-2a7f-4db4-b570-127c68153542	chr8	27561803	61917519	2	2	0
2b4fa791-2a7f-4db4-b570-127c68153542	chr8	61918958	61928067	1	1	0
2b4fa791-2a7f-4db4-b570-127c68153542	chr8	61931167	145072769	2	2	0
2b4fa791-2a7f-4db4-b570-127c68153542	chr9	46587	11326312	4	2	2
2b4fa791-2a7f-4db4-b570-127c68153542	chr9	11326457	11975492	4	3	1
2b4fa791-2a7f-4db4-b570-127c68153542	chr9	11978913	12008947	1	1	0
2b4fa791-2a7f-4db4-b570-127c68153542	chr9	12010394	12078174	2	2	0
2b4fa791-2a7f-4db4-b570-127c68153542	chr9	12078499	12092193	3	2	1
2b4fa791-2a7f-4db4-b570-127c68153542	chr9	12092356	138200944	4	2	2
2b4fa791-2a7f-4db4-b570-127c68153542	chr10	45792	93893240	2	1	1
2b4fa791-2a7f-4db4-b570-127c68153542	chr10	93893392	94046602	3	2	1
2b4fa791-2a7f-4db4-b570-127c68153542	chr10	94047224	95102662	2	1	1
2b4fa791-2a7f-4db4-b570-127c68153542	chr10	95105336	95109346	8	8	0
2b4fa791-2a7f-4db4-b570-127c68153542	chr10	95109349	133654968	2	1	1
2b4fa791-2a7f-4db4-b570-127c68153542	chr11	198510	79500962	3	2	1
2b4fa791-2a7f-4db4-b570-127c68153542	chr11	79501488	79775028	4	3	1
2b4fa791-2a7f-4db4-b570-127c68153542	chr11	79776806	135074876	3	2	1
2b4fa791-2a7f-4db4-b570-127c68153542	chr12	51460	128240944	4	2	2
2b4fa791-2a7f-4db4-b570-127c68153542	chr12	128242570	128246219	8	4	4
2b4fa791-2a7f-4db4-b570-127c68153542	chr12	128246357	133201603	4	2	2
2b4fa791-2a7f-4db4-b570-127c68153542	chr13	18452809	114342922	2	2	0
2b4fa791-2a7f-4db4-b570-127c68153542	chr14	18239283	106877229	4	2	2
2b4fa791-2a7f-4db4-b570-127c68153542	chr15	19811075	24240681	4	2	2
2b4fa791-2a7f-4db4-b570-127c68153542	chr15	24247869	24473026	2	1	1
2b4fa791-2a7f-4db4-b570-127c68153542	chr15	24473449	101928837	4	2	2
2b4fa791-2a7f-4db4-b570-127c68153542	chr16	10777	26083515	4	2	2
2b4fa791-2a7f-4db4-b570-127c68153542	chr16	26083979	26114311	7	4	3
2b4fa791-2a7f-4db4-b570-127c68153542	chr16	26114682	77482393	4	2	2
2b4fa791-2a7f-4db4-b570-127c68153542	chr16	77483546	80374842	5	3	2
2b4fa791-2a7f-4db4-b570-127c68153542	chr16	80375486	87715835	4	2	2
2b4fa791-2a7f-4db4-b570-127c68153542	chr16	87716028	89596014	3	2	1
2b4fa791-2a7f-4db4-b570-127c68153542	chr16	89596467	90096867	4	2	2
2b4fa791-2a7f-4db4-b570-127c68153542	chr17	150733	57748152	2	2	0
2b4fa791-2a7f-4db4-b570-127c68153542	chr17	57748275	57762288	3	3	0
2b4fa791-2a7f-4db4-b570-127c68153542	chr17	57763000	83091923	2	2	0
2b4fa791-2a7f-4db4-b570-127c68153542	chr18	48133	4971660	4	2	2
2b4fa791-2a7f-4db4-b570-127c68153542	chr18	4973590	4985483	1	1	0
2b4fa791-2a7f-4db4-b570-127c68153542	chr18	4987699	38532880	4	2	2
2b4fa791-2a7f-4db4-b570-127c68153542	chr18	38533483	38574592	7	4	3
2b4fa791-2a7f-4db4-b570-127c68153542	chr18	38582618	80257174	4	2	2
2b4fa791-2a7f-4db4-b570-127c68153542	chr19	90910	7083618	3	2	1
2b4fa791-2a7f-4db4-b570-127c68153542	chr19	7083750	7112165	2	1	1
2b4fa791-2a7f-4db4-b570-127c68153542	chr19	7112254	17660204	3	2	1
2b4fa791-2a7f-4db4-b570-127c68153542	chr19	17660393	17691775	1	1	0
2b4fa791-2a7f-4db4-b570-127c68153542	chr19	17698189	29576946	3	2	1
2b4fa791-2a7f-4db4-b570-127c68153542	chr19	29577270	29599620	1	1	0
2b4fa791-2a7f-4db4-b570-127c68153542	chr19	29599742	58586487	3	2	1
2b4fa791-2a7f-4db4-b570-127c68153542	chr20	80664	64324800	4	2	2
2b4fa791-2a7f-4db4-b570-127c68153542	chr21	12973348	46677045	3	2	1
2b4fa791-2a7f-4db4-b570-127c68153542	chr22	16392123	50796027	4	2	2
2b4fa791-2a7f-4db4-b570-127c68153542	chrX	251810	56781150	3	2	1
2b4fa791-2a7f-4db4-b570-127c68153542	chrX	56781658	56812518	6	3	3
2b4fa791-2a7f-4db4-b570-127c68153542	chrX	56812558	156004181	3	2	1
2b4fa791-2a7f-4db4-b570-127c68153542	chrY	2782397	56872112	0	0	0
0735a0d0-e624-4148-ac31-4df71dda6b76	chr1	61735	248930189	2	2	0
0735a0d0-e624-4148-ac31-4df71dda6b76	chr2	12784	242147305	2	2	0
0735a0d0-e624-4148-ac31-4df71dda6b76	chr3	18667	198169247	3	2	1
0735a0d0-e624-4148-ac31-4df71dda6b76	chr4	12281	190106768	4	2	2
0735a0d0-e624-4148-ac31-4df71dda6b76	chr5	15532	1288579	2	2	0
0735a0d0-e624-4148-ac31-4df71dda6b76	chr5	1299214	1340343	0	0	0
0735a0d0-e624-4148-ac31-4df71dda6b76	chr5	1344240	181363319	2	2	0
0735a0d0-e624-4148-ac31-4df71dda6b76	chr6	149661	170741917	2	2	0
0735a0d0-e624-4148-ac31-4df71dda6b76	chr7	43259	159334314	4	2	2
0735a0d0-e624-4148-ac31-4df71dda6b76	chr8	81254	48806762	4	2	2
0735a0d0-e624-4148-ac31-4df71dda6b76	chr8	48810883	51061964	4	3	1
0735a0d0-e624-4148-ac31-4df71dda6b76	chr8	51067089	145072769	4	2	2
0735a0d0-e624-4148-ac31-4df71dda6b76	chr9	46587	42995504	4	2	2
0735a0d0-e624-4148-ac31-4df71dda6b76	chr9	60840363	68703111	4	3	1
0735a0d0-e624-4148-ac31-4df71dda6b76	chr9	68703212	138200944	4	2	2
0735a0d0-e624-4148-ac31-4df71dda6b76	chr10	26823	133769379	3	2	1
0735a0d0-e624-4148-ac31-4df71dda6b76	chr11	198572	135074876	4	2	2
0735a0d0-e624-4148-ac31-4df71dda6b76	chr12	51460	133201603	4	2	2
0735a0d0-e624-4148-ac31-4df71dda6b76	chr13	18452809	114342922	2	2	0
0735a0d0-e624-4148-ac31-4df71dda6b76	chr14	18225647	106877229	4	2	2
0735a0d0-e624-4148-ac31-4df71dda6b76	chr15	19811075	101928837	4	2	2
0735a0d0-e624-4148-ac31-4df71dda6b76	chr16	10777	36048855	4	2	2
0735a0d0-e624-4148-ac31-4df71dda6b76	chr16	46429870	48391478	4	3	1
0735a0d0-e624-4148-ac31-4df71dda6b76	chr16	48392838	70821299	4	2	2
0735a0d0-e624-4148-ac31-4df71dda6b76	chr16	70821576	71168586	3	2	1
0735a0d0-e624-4148-ac31-4df71dda6b76	chr16	71168894	90221127	4	2	2
0735a0d0-e624-4148-ac31-4df71dda6b76	chr17	150733	83090856	2	2	0
0735a0d0-e624-4148-ac31-4df71dda6b76	chr18	48133	80257174	4	2	2
0735a0d0-e624-4148-ac31-4df71dda6b76	chr19	90910	58586487	4	2	2
0735a0d0-e624-4148-ac31-4df71dda6b76	chr20	80664	64324800	4	2	2
0735a0d0-e624-4148-ac31-4df71dda6b76	chr21	10336543	13959104	3	3	0
0735a0d0-e624-4148-ac31-4df71dda6b76	chr21	13959157	46677045	4	2	2
0735a0d0-e624-4148-ac31-4df71dda6b76	chr22	15294545	50796027	2	2	0
0735a0d0-e624-4148-ac31-4df71dda6b76	chrX	251810	156004181	2	2	0
a52e6be3-5960-46d9-bed2-dedaf0d2a6db	chr1	62920	192609633	1	1	0
a52e6be3-5960-46d9-bed2-dedaf0d2a6db	chr1	192609862	192758699	0	0	0
a52e6be3-5960-46d9-bed2-dedaf0d2a6db	chr1	192758983	248930189	1	1	0
a52e6be3-5960-46d9-bed2-dedaf0d2a6db	chr2	12784	76708905	2	1	1
a52e6be3-5960-46d9-bed2-dedaf0d2a6db	chr2	76713587	76722438	6	3	3
a52e6be3-5960-46d9-bed2-dedaf0d2a6db	chr2	76729368	146104517	2	1	1
a52e6be3-5960-46d9-bed2-dedaf0d2a6db	chr2	146106836	146109366	0	0	0
a52e6be3-5960-46d9-bed2-dedaf0d2a6db	chr2	146120238	205557416	2	1	1
a52e6be3-5960-46d9-bed2-dedaf0d2a6db	chr2	205558272	205580391	4	2	2
a52e6be3-5960-46d9-bed2-dedaf0d2a6db	chr2	205582051	223560070	2	1	1
a52e6be3-5960-46d9-bed2-dedaf0d2a6db	chr2	223560190	242147305	1	1	0
a52e6be3-5960-46d9-bed2-dedaf0d2a6db	chr3	20930	60240526	1	1	0
a52e6be3-5960-46d9-bed2-dedaf0d2a6db	chr3	60241327	60291411	0	0	0
a52e6be3-5960-46d9-bed2-dedaf0d2a6db	chr3	60291980	90224641	1	1	0
a52e6be3-5960-46d9-bed2-dedaf0d2a6db	chr3	90230647	165687141	2	1	1
a52e6be3-5960-46d9-bed2-dedaf0d2a6db	chr3	165687703	165706220	0	0	0
a52e6be3-5960-46d9-bed2-dedaf0d2a6db	chr3	165708197	198169247	2	1	1
a52e6be3-5960-46d9-bed2-dedaf0d2a6db	chr4	68929	34784878	2	1	1
a52e6be3-5960-46d9-bed2-dedaf0d2a6db	chr4	34785333	34823103	0	0	0
a52e6be3-5960-46d9-bed2-dedaf0d2a6db	chr4	34828250	54631000	2	1	1
a52e6be3-5960-46d9-bed2-dedaf0d2a6db	chr4	54631279	54747560	3	2	1
a52e6be3-5960-46d9-bed2-dedaf0d2a6db	chr4	54747872	190106768	2	1	1
a52e6be3-5960-46d9-bed2-dedaf0d2a6db	chr5	15532	178815846	2	1	1
a52e6be3-5960-46d9-bed2-dedaf0d2a6db	chr5	178815876	178879002	1	1	0
a52e6be3-5960-46d9-bed2-dedaf0d2a6db	chr5	178879352	181363319	2	1	1
a52e6be3-5960-46d9-bed2-dedaf0d2a6db	chr6	149661	170741917	1	1	0
a52e6be3-5960-46d9-bed2-dedaf0d2a6db	chr7	43259	159334314	2	1	1
a52e6be3-5960-46d9-bed2-dedaf0d2a6db	chr8	81254	40326706	2	1	1
a52e6be3-5960-46d9-bed2-dedaf0d2a6db	chr8	40326806	40331992	0	0	0
a52e6be3-5960-46d9-bed2-dedaf0d2a6db	chr8	40335391	145072769	2	1	1
a52e6be3-5960-46d9-bed2-dedaf0d2a6db	chr9	46587	138200944	2	1	1
a52e6be3-5960-46d9-bed2-dedaf0d2a6db	chr10	45792	133654968	1	1	0
a52e6be3-5960-46d9-bed2-dedaf0d2a6db	chr11	198510	69999896	2	1	1
a52e6be3-5960-46d9-bed2-dedaf0d2a6db	chr11	70000098	70003258	0	0	0
a52e6be3-5960-46d9-bed2-dedaf0d2a6db	chr11	70003328	135074876	2	1	1
a52e6be3-5960-46d9-bed2-dedaf0d2a6db	chr12	51460	101655135	2	1	1
a52e6be3-5960-46d9-bed2-dedaf0d2a6db	chr12	101655309	101669603	0	0	0
a52e6be3-5960-46d9-bed2-dedaf0d2a6db	chr12	101670740	133201603	2	1	1
a52e6be3-5960-46d9-bed2-dedaf0d2a6db	chr13	18452809	55268023	2	1	1
a52e6be3-5960-46d9-bed2-dedaf0d2a6db	chr13	55268456	55310133	0	0	0
a52e6be3-5960-46d9-bed2-dedaf0d2a6db	chr13	55310215	108687538	2	1	1
a52e6be3-5960-46d9-bed2-dedaf0d2a6db	chr13	108687955	108700433	3	2	1
a52e6be3-5960-46d9-bed2-dedaf0d2a6db	chr13	108702531	114342922	2	1	1
a52e6be3-5960-46d9-bed2-dedaf0d2a6db	chr14	18239283	106877229	2	1	1
a52e6be3-5960-46d9-bed2-dedaf0d2a6db	chr15	19811075	20293430	4	2	2
a52e6be3-5960-46d9-bed2-dedaf0d2a6db	chr15	20305901	22294951	6	3	3
a52e6be3-5960-46d9-bed2-dedaf0d2a6db	chr15	22296480	34379885	2	1	1
a52e6be3-5960-46d9-bed2-dedaf0d2a6db	chr15	34386576	34508394	0	0	0
a52e6be3-5960-46d9-bed2-dedaf0d2a6db	chr15	34517887	101928837	2	1	1
a52e6be3-5960-46d9-bed2-dedaf0d2a6db	chr16	10777	4550644	1	1	0
a52e6be3-5960-46d9-bed2-dedaf0d2a6db	chr16	4552166	87975500	2	1	1
a52e6be3-5960-46d9-bed2-dedaf0d2a6db	chr16	87976051	89596014	1	1	0
a52e6be3-5960-46d9-bed2-dedaf0d2a6db	chr16	89596467	90096867	2	1	1
a52e6be3-5960-46d9-bed2-dedaf0d2a6db	chr17	150733	27745030	2	1	1
a52e6be3-5960-46d9-bed2-dedaf0d2a6db	chr17	27747965	27782391	1	1	0
a52e6be3-5960-46d9-bed2-dedaf0d2a6db	chr17	27784200	33330590	2	1	1
a52e6be3-5960-46d9-bed2-dedaf0d2a6db	chr17	33330657	33382772	3	2	1
a52e6be3-5960-46d9-bed2-dedaf0d2a6db	chr17	33383350	83091923	2	1	1
a52e6be3-5960-46d9-bed2-dedaf0d2a6db	chr18	48133	50174998	2	1	1
a52e6be3-5960-46d9-bed2-dedaf0d2a6db	chr18	50175395	50208122	1	1	0
a52e6be3-5960-46d9-bed2-dedaf0d2a6db	chr18	50209185	80257174	2	1	1
a52e6be3-5960-46d9-bed2-dedaf0d2a6db	chr19	90910	58586487	2	1	1
a52e6be3-5960-46d9-bed2-dedaf0d2a6db	chr20	80664	61941222	2	1	1
a52e6be3-5960-46d9-bed2-dedaf0d2a6db	chr20	61951813	64324800	1	1	0
a52e6be3-5960-46d9-bed2-dedaf0d2a6db	chr21	12973348	46677045	2	1	1
a52e6be3-5960-46d9-bed2-dedaf0d2a6db	chr22	16392123	50796027	2	1	1
a52e6be3-5960-46d9-bed2-dedaf0d2a6db	chrX	251810	1401237	2	1	1
a52e6be3-5960-46d9-bed2-dedaf0d2a6db	chrX	1420810	1479705	0	0	0
a52e6be3-5960-46d9-bed2-dedaf0d2a6db	chrX	1480942	1738376	3	2	1
a52e6be3-5960-46d9-bed2-dedaf0d2a6db	chrX	1743143	2775583	2	1	1
a52e6be3-5960-46d9-bed2-dedaf0d2a6db	chrX	2776199	156004181	0	0	0
a52e6be3-5960-46d9-bed2-dedaf0d2a6db	chrY	2782397	26653788	2	1	1
a52e6be3-5960-46d9-bed2-dedaf0d2a6db	chrY	56872112	56872112	0	0	0
eeb8de18-ddb8-4a4a-aaff-081d3d725c05	chr1	62920	4348271	2	2	0
eeb8de18-ddb8-4a4a-aaff-081d3d725c05	chr1	4349436	4360664	5	5	0
eeb8de18-ddb8-4a4a-aaff-081d3d725c05	chr1	4361012	25256850	2	2	0
eeb8de18-ddb8-4a4a-aaff-081d3d725c05	chr1	25266637	25336853	0	0	0
eeb8de18-ddb8-4a4a-aaff-081d3d725c05	chr1	25346663	152583230	2	2	0
eeb8de18-ddb8-4a4a-aaff-081d3d725c05	chr1	152583291	152613762	0	0	0
eeb8de18-ddb8-4a4a-aaff-081d3d725c05	chr1	152613802	248930189	2	2	0
eeb8de18-ddb8-4a4a-aaff-081d3d725c05	chr2	12784	8378320	2	1	1
eeb8de18-ddb8-4a4a-aaff-081d3d725c05	chr2	8378569	125389354	2	2	0
eeb8de18-ddb8-4a4a-aaff-081d3d725c05	chr2	125390176	125400045	4	4	0
eeb8de18-ddb8-4a4a-aaff-081d3d725c05	chr2	125400568	242147305	2	2	0
eeb8de18-ddb8-4a4a-aaff-081d3d725c05	chr3	20930	3842775	2	2	0
eeb8de18-ddb8-4a4a-aaff-081d3d725c05	chr3	3843108	3954414	1	1	0
eeb8de18-ddb8-4a4a-aaff-081d3d725c05	chr3	3955088	130057833	2	2	0
eeb8de18-ddb8-4a4a-aaff-081d3d725c05	chr3	130062033	130079892	0	0	0
eeb8de18-ddb8-4a4a-aaff-081d3d725c05	chr3	130079938	198169247	2	2	0
eeb8de18-ddb8-4a4a-aaff-081d3d725c05	chr4	68929	12502342	3	2	1
eeb8de18-ddb8-4a4a-aaff-081d3d725c05	chr4	12506828	14564101	4	2	2
eeb8de18-ddb8-4a4a-aaff-081d3d725c05	chr4	14564123	25991751	5	3	2
eeb8de18-ddb8-4a4a-aaff-081d3d725c05	chr4	25991928	28107186	4	2	2
eeb8de18-ddb8-4a4a-aaff-081d3d725c05	chr4	28107726	33285662	5	3	2
eeb8de18-ddb8-4a4a-aaff-081d3d725c05	chr4	33285824	34784878	4	2	2
eeb8de18-ddb8-4a4a-aaff-081d3d725c05	chr4	34785333	34819718	1	1	0
eeb8de18-ddb8-4a4a-aaff-081d3d725c05	chr4	34822561	56226480	4	2	2
eeb8de18-ddb8-4a4a-aaff-081d3d725c05	chr4	56227038	56282008	5	3	2
eeb8de18-ddb8-4a4a-aaff-081d3d725c05	chr4	56282860	153824066	4	2	2
eeb8de18-ddb8-4a4a-aaff-081d3d725c05	chr4	153824644	153838051	2	1	1
eeb8de18-ddb8-4a4a-aaff-081d3d725c05	chr4	153839682	190106768	4	2	2
eeb8de18-ddb8-4a4a-aaff-081d3d725c05	chr5	15532	42552671	4	2	2
eeb8de18-ddb8-4a4a-aaff-081d3d725c05	chr5	42556843	53199281	3	2	1
eeb8de18-ddb8-4a4a-aaff-081d3d725c05	chr5	53199425	80097118	4	2	2
eeb8de18-ddb8-4a4a-aaff-081d3d725c05	chr5	80097321	80117579	7	4	3
eeb8de18-ddb8-4a4a-aaff-081d3d725c05	chr5	80125460	181363319	4	2	2
eeb8de18-ddb8-4a4a-aaff-081d3d725c05	chr6	149661	30448127	2	2	0
eeb8de18-ddb8-4a4a-aaff-081d3d725c05	chr6	30448990	30509499	1	1	0
eeb8de18-ddb8-4a4a-aaff-081d3d725c05	chr6	30515216	51722560	2	2	0
eeb8de18-ddb8-4a4a-aaff-081d3d725c05	chr6	51723307	52121207	1	1	0
eeb8de18-ddb8-4a4a-aaff-081d3d725c05	chr6	52121438	65873237	2	2	0
eeb8de18-ddb8-4a4a-aaff-081d3d725c05	chr6	65873435	65881554	3	3	0
eeb8de18-ddb8-4a4a-aaff-081d3d725c05	chr6	65881898	77525862	2	2	0
eeb8de18-ddb8-4a4a-aaff-081d3d725c05	chr6	77526212	77583601	3	3	0
eeb8de18-ddb8-4a4a-aaff-081d3d725c05	chr6	77588859	103286954	2	2	0
eeb8de18-ddb8-4a4a-aaff-081d3d725c05	chr6	103290101	103314186	5	5	0
eeb8de18-ddb8-4a4a-aaff-081d3d725c05	chr6	103317795	170741917	2	2	0
eeb8de18-ddb8-4a4a-aaff-081d3d725c05	chr7	43259	65626378	4	2	2
eeb8de18-ddb8-4a4a-aaff-081d3d725c05	chr7	65626711	71211320	6	4	2
eeb8de18-ddb8-4a4a-aaff-081d3d725c05	chr7	71211776	71225629	4	3	1
eeb8de18-ddb8-4a4a-aaff-081d3d725c05	chr7	71225732	109793741	6	4	2
eeb8de18-ddb8-4a4a-aaff-081d3d725c05	chr7	109797035	109813853	0	0	0
eeb8de18-ddb8-4a4a-aaff-081d3d725c05	chr7	109813925	138673711	6	4	2
eeb8de18-ddb8-4a4a-aaff-081d3d725c05	chr7	138680036	145364140	4	2	2
eeb8de18-ddb8-4a4a-aaff-081d3d725c05	chr7	145367649	154842186	2	2	0
eeb8de18-ddb8-4a4a-aaff-081d3d725c05	chr7	154842227	159334314	4	2	2
eeb8de18-ddb8-4a4a-aaff-081d3d725c05	chr8	81254	27452263	2	2	0
eeb8de18-ddb8-4a4a-aaff-081d3d725c05	chr8	27452605	27467535	4	4	0
eeb8de18-ddb8-4a4a-aaff-081d3d725c05	chr8	27467674	43931659	2	2	0
eeb8de18-ddb8-4a4a-aaff-081d3d725c05	chr8	45951913	101245973	8	6	2
eeb8de18-ddb8-4a4a-aaff-081d3d725c05	chr8	101247457	108248496	9	7	2
eeb8de18-ddb8-4a4a-aaff-081d3d725c05	chr8	108249089	132206539	8	6	2
eeb8de18-ddb8-4a4a-aaff-081d3d725c05	chr8	132207740	132246747	12	9	3
eeb8de18-ddb8-4a4a-aaff-081d3d725c05	chr8	132248101	145072769	8	6	2
eeb8de18-ddb8-4a4a-aaff-081d3d725c05	chr9	46587	138200944	2	2	0
eeb8de18-ddb8-4a4a-aaff-081d3d725c05	chr10	45792	66743548	2	2	0
eeb8de18-ddb8-4a4a-aaff-081d3d725c05	chr10	66746172	66805110	0	0	0
eeb8de18-ddb8-4a4a-aaff-081d3d725c05	chr10	66811364	133654968	2	2	0
eeb8de18-ddb8-4a4a-aaff-081d3d725c05	chr11	198510	41951129	2	2	0
eeb8de18-ddb8-4a4a-aaff-081d3d725c05	chr11	41953238	43732175	4	2	2
eeb8de18-ddb8-4a4a-aaff-081d3d725c05	chr11	43732369	43811410	2	1	1
eeb8de18-ddb8-4a4a-aaff-081d3d725c05	chr11	43811689	79507562	4	2	2
eeb8de18-ddb8-4a4a-aaff-081d3d725c05	chr11	79508058	79516467	6	4	2
eeb8de18-ddb8-4a4a-aaff-081d3d725c05	chr11	79517664	131273976	4	2	2
eeb8de18-ddb8-4a4a-aaff-081d3d725c05	chr11	131275967	131286846	3	2	1
eeb8de18-ddb8-4a4a-aaff-081d3d725c05	chr11	131288050	135074876	4	2	2
eeb8de18-ddb8-4a4a-aaff-081d3d725c05	chr12	51460	1910879	4	2	2
eeb8de18-ddb8-4a4a-aaff-081d3d725c05	chr12	1912229	15008899	3	2	1
eeb8de18-ddb8-4a4a-aaff-081d3d725c05	chr12	15011879	52526608	4	2	2
eeb8de18-ddb8-4a4a-aaff-081d3d725c05	chr12	52526630	52531875	8	4	4
eeb8de18-ddb8-4a4a-aaff-081d3d725c05	chr12	52532185	115247884	4	2	2
eeb8de18-ddb8-4a4a-aaff-081d3d725c05	chr12	115248278	120457499	3	2	1
eeb8de18-ddb8-4a4a-aaff-081d3d725c05	chr12	120459371	129624248	4	2	2
eeb8de18-ddb8-4a4a-aaff-081d3d725c05	chr12	129627134	131139969	3	2	1
eeb8de18-ddb8-4a4a-aaff-081d3d725c05	chr12	131140515	133201603	4	2	2
eeb8de18-ddb8-4a4a-aaff-081d3d725c05	chr13	18452809	55030925	2	2	0
eeb8de18-ddb8-4a4a-aaff-081d3d725c05	chr13	55031046	55065231	4	4	0
eeb8de18-ddb8-4a4a-aaff-081d3d725c05	chr13	55070789	101210474	2	2	0
eeb8de18-ddb8-4a4a-aaff-081d3d725c05	chr13	101210544	101398859	1	1	0
eeb8de18-ddb8-4a4a-aaff-081d3d725c05	chr13	101400667	114342922	2	2	0
eeb8de18-ddb8-4a4a-aaff-081d3d725c05	chr14	18239283	99551024	4	2	2
eeb8de18-ddb8-4a4a-aaff-081d3d725c05	chr14	99551085	99556527	2	1	1
eeb8de18-ddb8-4a4a-aaff-081d3d725c05	chr14	99557059	106877229	4	2	2
eeb8de18-ddb8-4a4a-aaff-081d3d725c05	chr15	19811075	36994988	4	2	2
eeb8de18-ddb8-4a4a-aaff-081d3d725c05	chr15	36995319	37177766	5	3	2
eeb8de18-ddb8-4a4a-aaff-081d3d725c05	chr15	37178259	45943616	4	2	2
eeb8de18-ddb8-4a4a-aaff-081d3d725c05	chr15	45943633	45950393	2	1	1
eeb8de18-ddb8-4a4a-aaff-081d3d725c05	chr15	45950456	76598900	4	2	2
eeb8de18-ddb8-4a4a-aaff-081d3d725c05	chr15	76599170	76603434	0	0	0
eeb8de18-ddb8-4a4a-aaff-081d3d725c05	chr15	76609838	101928837	4	2	2
eeb8de18-ddb8-4a4a-aaff-081d3d725c05	chr16	10777	26083515	4	2	2
eeb8de18-ddb8-4a4a-aaff-081d3d725c05	chr16	26083979	26114311	6	3	3
eeb8de18-ddb8-4a4a-aaff-081d3d725c05	chr16	26114682	54560462	4	2	2
eeb8de18-ddb8-4a4a-aaff-081d3d725c05	chr16	54560626	55125012	5	3	2
eeb8de18-ddb8-4a4a-aaff-081d3d725c05	chr16	55125631	57278997	4	2	2
eeb8de18-ddb8-4a4a-aaff-081d3d725c05	chr16	57279672	57322046	3	2	1
eeb8de18-ddb8-4a4a-aaff-081d3d725c05	chr16	57325499	77547465	4	2	2
eeb8de18-ddb8-4a4a-aaff-081d3d725c05	chr16	77547579	77562655	6	4	2
eeb8de18-ddb8-4a4a-aaff-081d3d725c05	chr16	77562850	83587254	4	2	2
eeb8de18-ddb8-4a4a-aaff-081d3d725c05	chr16	83587468	83605594	8	5	3
eeb8de18-ddb8-4a4a-aaff-081d3d725c05	chr16	83605706	90096867	4	2	2
eeb8de18-ddb8-4a4a-aaff-081d3d725c05	chr17	150733	19594577	2	2	0
eeb8de18-ddb8-4a4a-aaff-081d3d725c05	chr17	19596423	19634157	0	0	0
eeb8de18-ddb8-4a4a-aaff-081d3d725c05	chr17	19635134	83034962	2	2	0
eeb8de18-ddb8-4a4a-aaff-081d3d725c05	chr17	83035056	83091923	1	1	0
eeb8de18-ddb8-4a4a-aaff-081d3d725c05	chr18	48133	27839759	3	2	1
eeb8de18-ddb8-4a4a-aaff-081d3d725c05	chr18	27841654	45883694	4	2	2
eeb8de18-ddb8-4a4a-aaff-081d3d725c05	chr18	45884211	80257174	3	2	1
eeb8de18-ddb8-4a4a-aaff-081d3d725c05	chr19	90910	15612717	3	2	1
eeb8de18-ddb8-4a4a-aaff-081d3d725c05	chr19	15613287	15624556	5	3	2
eeb8de18-ddb8-4a4a-aaff-081d3d725c05	chr19	15625995	31381364	3	2	1
eeb8de18-ddb8-4a4a-aaff-081d3d725c05	chr19	31381832	31442638	4	3	1
eeb8de18-ddb8-4a4a-aaff-081d3d725c05	chr19	31445505	58586487	3	2	1
eeb8de18-ddb8-4a4a-aaff-081d3d725c05	chr20	80664	15917110	2	2	0
eeb8de18-ddb8-4a4a-aaff-081d3d725c05	chr20	15917123	15941563	0	0	0
eeb8de18-ddb8-4a4a-aaff-081d3d725c05	chr20	15941859	64324800	2	2	0
eeb8de18-ddb8-4a4a-aaff-081d3d725c05	chr21	12973348	46677045	2	2	0
eeb8de18-ddb8-4a4a-aaff-081d3d725c05	chr22	16392123	35709935	4	2	2
eeb8de18-ddb8-4a4a-aaff-081d3d725c05	chr22	35712343	50796027	3	2	1
eeb8de18-ddb8-4a4a-aaff-081d3d725c05	chrX	251810	490407	1	1	0
eeb8de18-ddb8-4a4a-aaff-081d3d725c05	chrX	507629	701944	2	2	0
eeb8de18-ddb8-4a4a-aaff-081d3d725c05	chrX	702474	721274	1	1	0
eeb8de18-ddb8-4a4a-aaff-081d3d725c05	chrX	721352	842006	2	2	0
eeb8de18-ddb8-4a4a-aaff-081d3d725c05	chrX	842560	920377	1	1	0
eeb8de18-ddb8-4a4a-aaff-081d3d725c05	chrX	956301	1059510	2	2	0
eeb8de18-ddb8-4a4a-aaff-081d3d725c05	chrX	1059715	1478856	1	1	0
eeb8de18-ddb8-4a4a-aaff-081d3d725c05	chrX	1479705	2473305	2	2	0
eeb8de18-ddb8-4a4a-aaff-081d3d725c05	chrX	2474297	2553080	3	3	0
eeb8de18-ddb8-4a4a-aaff-081d3d725c05	chrX	2553682	2775134	2	2	0
eeb8de18-ddb8-4a4a-aaff-081d3d725c05	chrX	2775583	156004181	1	1	0
eeb8de18-ddb8-4a4a-aaff-081d3d725c05	chrY	2782397	56872112	0	0	0
9a324743-63f9-40ca-b0a3-97cb229d256f	chr1	61735	248930189	2	2	0
9a324743-63f9-40ca-b0a3-97cb229d256f	chr2	12784	242147305	2	2	0
9a324743-63f9-40ca-b0a3-97cb229d256f	chr3	18667	198169247	2	2	0
9a324743-63f9-40ca-b0a3-97cb229d256f	chr4	12281	190106768	4	2	2
9a324743-63f9-40ca-b0a3-97cb229d256f	chr5	15532	181363319	2	2	0
9a324743-63f9-40ca-b0a3-97cb229d256f	chr6	149661	378703	3	2	1
9a324743-63f9-40ca-b0a3-97cb229d256f	chr6	378970	78253172	2	2	0
9a324743-63f9-40ca-b0a3-97cb229d256f	chr6	78259348	78316784	0	0	0
9a324743-63f9-40ca-b0a3-97cb229d256f	chr6	78316871	170741917	2	2	0
9a324743-63f9-40ca-b0a3-97cb229d256f	chr7	43259	159334314	4	2	2
9a324743-63f9-40ca-b0a3-97cb229d256f	chr8	81254	145072769	4	2	2
9a324743-63f9-40ca-b0a3-97cb229d256f	chr9	46587	138200944	2	2	0
9a324743-63f9-40ca-b0a3-97cb229d256f	chr10	26823	133769379	2	2	0
9a324743-63f9-40ca-b0a3-97cb229d256f	chr11	198572	135074876	4	2	2
9a324743-63f9-40ca-b0a3-97cb229d256f	chr12	51460	133201603	4	2	2
9a324743-63f9-40ca-b0a3-97cb229d256f	chr13	18452809	114342922	2	2	0
9a324743-63f9-40ca-b0a3-97cb229d256f	chr14	18225647	106877229	4	2	2
9a324743-63f9-40ca-b0a3-97cb229d256f	chr15	19811075	101928837	2	2	0
9a324743-63f9-40ca-b0a3-97cb229d256f	chr16	10777	70805254	4	2	2
9a324743-63f9-40ca-b0a3-97cb229d256f	chr16	70805434	71168586	3	2	1
9a324743-63f9-40ca-b0a3-97cb229d256f	chr16	71168894	90221127	4	2	2
9a324743-63f9-40ca-b0a3-97cb229d256f	chr17	150733	83090856	2	2	0
9a324743-63f9-40ca-b0a3-97cb229d256f	chr18	48133	80257174	4	2	2
9a324743-63f9-40ca-b0a3-97cb229d256f	chr19	90910	58586487	4	2	2
9a324743-63f9-40ca-b0a3-97cb229d256f	chr20	80664	64324800	4	2	2
9a324743-63f9-40ca-b0a3-97cb229d256f	chr21	10336543	46677045	2	2	0
9a324743-63f9-40ca-b0a3-97cb229d256f	chr22	15294545	50796027	4	2	2
9a324743-63f9-40ca-b0a3-97cb229d256f	chrX	251810	156004181	2	2	0
36b7145c-b071-49af-9abc-d1227f1d3837	chr1	62920	19445640	2	1	1
36b7145c-b071-49af-9abc-d1227f1d3837	chr1	19446353	19465462	1	1	0
36b7145c-b071-49af-9abc-d1227f1d3837	chr1	19466033	248930189	2	1	1
36b7145c-b071-49af-9abc-d1227f1d3837	chr2	12784	152030293	2	1	1
36b7145c-b071-49af-9abc-d1227f1d3837	chr2	152031276	152081921	1	1	0
36b7145c-b071-49af-9abc-d1227f1d3837	chr2	152083033	168153055	2	1	1
36b7145c-b071-49af-9abc-d1227f1d3837	chr2	168153671	168171592	1	1	0
36b7145c-b071-49af-9abc-d1227f1d3837	chr2	168173254	242147305	2	1	1
36b7145c-b071-49af-9abc-d1227f1d3837	chr3	20930	3928744	2	1	1
36b7145c-b071-49af-9abc-d1227f1d3837	chr3	3929695	3930544	1	1	0
36b7145c-b071-49af-9abc-d1227f1d3837	chr3	3931990	146538692	2	1	1
36b7145c-b071-49af-9abc-d1227f1d3837	chr3	146539520	146559345	1	1	0
36b7145c-b071-49af-9abc-d1227f1d3837	chr3	146560829	156442595	2	1	1
36b7145c-b071-49af-9abc-d1227f1d3837	chr3	156444957	156454966	3	2	1
36b7145c-b071-49af-9abc-d1227f1d3837	chr3	156457795	191067963	2	1	1
36b7145c-b071-49af-9abc-d1227f1d3837	chr3	191068076	191100773	1	1	0
36b7145c-b071-49af-9abc-d1227f1d3837	chr3	191101305	198169247	2	1	1
36b7145c-b071-49af-9abc-d1227f1d3837	chr4	68929	140930868	2	1	1
36b7145c-b071-49af-9abc-d1227f1d3837	chr4	140931528	140974422	3	2	1
36b7145c-b071-49af-9abc-d1227f1d3837	chr4	140974758	190106768	2	1	1
36b7145c-b071-49af-9abc-d1227f1d3837	chr5	15532	9982854	2	1	1
36b7145c-b071-49af-9abc-d1227f1d3837	chr5	9982952	9997519	1	1	0
36b7145c-b071-49af-9abc-d1227f1d3837	chr5	9997673	97714396	2	1	1
36b7145c-b071-49af-9abc-d1227f1d3837	chr5	97714657	97735251	1	1	0
36b7145c-b071-49af-9abc-d1227f1d3837	chr5	97736836	169086645	2	1	1
36b7145c-b071-49af-9abc-d1227f1d3837	chr5	169086848	169166473	3	2	1
36b7145c-b071-49af-9abc-d1227f1d3837	chr5	169168661	178827246	2	1	1
36b7145c-b071-49af-9abc-d1227f1d3837	chr5	178827320	178864122	1	1	0
36b7145c-b071-49af-9abc-d1227f1d3837	chr5	178864478	180947523	2	1	1
36b7145c-b071-49af-9abc-d1227f1d3837	chr5	180951710	180991103	0	0	0
36b7145c-b071-49af-9abc-d1227f1d3837	chr5	181006225	181363319	2	1	1
36b7145c-b071-49af-9abc-d1227f1d3837	chr6	149661	379015	1	1	0
36b7145c-b071-49af-9abc-d1227f1d3837	chr6	380821	30499918	2	1	1
36b7145c-b071-49af-9abc-d1227f1d3837	chr6	30507638	30515216	1	1	0
36b7145c-b071-49af-9abc-d1227f1d3837	chr6	30544386	76701806	2	1	1
36b7145c-b071-49af-9abc-d1227f1d3837	chr6	76702349	76742675	1	1	0
36b7145c-b071-49af-9abc-d1227f1d3837	chr6	76742729	76743087	0	0	0
36b7145c-b071-49af-9abc-d1227f1d3837	chr6	76751356	76763086	1	1	0
36b7145c-b071-49af-9abc-d1227f1d3837	chr6	76763966	118299703	2	1	1
36b7145c-b071-49af-9abc-d1227f1d3837	chr6	118300293	118372629	3	2	1
36b7145c-b071-49af-9abc-d1227f1d3837	chr6	118377006	170741917	2	1	1
36b7145c-b071-49af-9abc-d1227f1d3837	chr7	43259	8140025	2	1	1
36b7145c-b071-49af-9abc-d1227f1d3837	chr7	8140152	8495856	3	2	1
36b7145c-b071-49af-9abc-d1227f1d3837	chr7	8496254	97756658	2	1	1
36b7145c-b071-49af-9abc-d1227f1d3837	chr7	97766148	97773163	0	0	0
36b7145c-b071-49af-9abc-d1227f1d3837	chr7	97774928	159334314	2	1	1
36b7145c-b071-49af-9abc-d1227f1d3837	chr8	81254	27452263	2	1	1
36b7145c-b071-49af-9abc-d1227f1d3837	chr8	27452605	27467674	3	2	1
36b7145c-b071-49af-9abc-d1227f1d3837	chr8	27468423	145072769	2	1	1
36b7145c-b071-49af-9abc-d1227f1d3837	chr9	46587	11378699	2	1	1
36b7145c-b071-49af-9abc-d1227f1d3837	chr9	11379022	11471955	1	1	0
36b7145c-b071-49af-9abc-d1227f1d3837	chr9	11474334	133721819	2	1	1
36b7145c-b071-49af-9abc-d1227f1d3837	chr9	133721832	133753192	3	2	1
36b7145c-b071-49af-9abc-d1227f1d3837	chr9	133753594	138200944	2	1	1
36b7145c-b071-49af-9abc-d1227f1d3837	chr10	45792	3010244	2	1	1
36b7145c-b071-49af-9abc-d1227f1d3837	chr10	3012303	3013819	3	2	1
36b7145c-b071-49af-9abc-d1227f1d3837	chr10	3013852	21101369	2	1	1
36b7145c-b071-49af-9abc-d1227f1d3837	chr10	21101384	21125264	3	2	1
36b7145c-b071-49af-9abc-d1227f1d3837	chr10	21125963	29977992	2	1	1
36b7145c-b071-49af-9abc-d1227f1d3837	chr10	29978040	29987726	1	1	0
36b7145c-b071-49af-9abc-d1227f1d3837	chr10	29989510	79892510	2	1	1
36b7145c-b071-49af-9abc-d1227f1d3837	chr10	79892613	80221626	1	1	0
36b7145c-b071-49af-9abc-d1227f1d3837	chr10	80224365	133654968	2	1	1
36b7145c-b071-49af-9abc-d1227f1d3837	chr11	198510	115073338	2	1	1
36b7145c-b071-49af-9abc-d1227f1d3837	chr11	115073363	115090372	1	1	0
36b7145c-b071-49af-9abc-d1227f1d3837	chr11	115092863	126825938	2	1	1
36b7145c-b071-49af-9abc-d1227f1d3837	chr11	126831642	126839505	3	2	1
36b7145c-b071-49af-9abc-d1227f1d3837	chr11	126839534	130892314	2	1	1
36b7145c-b071-49af-9abc-d1227f1d3837	chr11	130893559	130905793	3	2	1
36b7145c-b071-49af-9abc-d1227f1d3837	chr11	130905887	135074876	2	1	1
36b7145c-b071-49af-9abc-d1227f1d3837	chr12	51460	7806672	2	1	1
36b7145c-b071-49af-9abc-d1227f1d3837	chr12	7807020	7971304	3	2	1
36b7145c-b071-49af-9abc-d1227f1d3837	chr12	7978362	133201603	2	1	1
36b7145c-b071-49af-9abc-d1227f1d3837	chr13	18452809	114342922	2	1	1
36b7145c-b071-49af-9abc-d1227f1d3837	chr14	18239283	19958545	3	2	1
36b7145c-b071-49af-9abc-d1227f1d3837	chr14	19958583	106877229	2	1	1
36b7145c-b071-49af-9abc-d1227f1d3837	chr15	19811075	25034715	2	1	1
36b7145c-b071-49af-9abc-d1227f1d3837	chr15	25035480	25252170	3	2	1
36b7145c-b071-49af-9abc-d1227f1d3837	chr15	25254781	101928837	2	1	1
36b7145c-b071-49af-9abc-d1227f1d3837	chr16	10777	90096867	2	1	1
36b7145c-b071-49af-9abc-d1227f1d3837	chr17	150733	34130922	2	1	1
36b7145c-b071-49af-9abc-d1227f1d3837	chr17	34131221	34137651	1	1	0
36b7145c-b071-49af-9abc-d1227f1d3837	chr17	34138024	41266762	2	1	1
36b7145c-b071-49af-9abc-d1227f1d3837	chr17	41266774	41274279	1	1	0
36b7145c-b071-49af-9abc-d1227f1d3837	chr17	41276472	70645068	2	1	1
36b7145c-b071-49af-9abc-d1227f1d3837	chr17	70645127	70670842	1	1	0
36b7145c-b071-49af-9abc-d1227f1d3837	chr17	70671113	83091923	2	1	1
36b7145c-b071-49af-9abc-d1227f1d3837	chr18	48133	4971660	2	1	1
36b7145c-b071-49af-9abc-d1227f1d3837	chr18	4973590	4989684	1	1	0
36b7145c-b071-49af-9abc-d1227f1d3837	chr18	4990805	8456959	2	1	1
36b7145c-b071-49af-9abc-d1227f1d3837	chr18	8458192	8476959	1	1	0
36b7145c-b071-49af-9abc-d1227f1d3837	chr18	8477169	80257174	2	1	1
36b7145c-b071-49af-9abc-d1227f1d3837	chr19	90910	58586487	2	1	1
36b7145c-b071-49af-9abc-d1227f1d3837	chr20	80664	9611691	2	1	1
36b7145c-b071-49af-9abc-d1227f1d3837	chr20	9611951	9643504	1	1	0
36b7145c-b071-49af-9abc-d1227f1d3837	chr20	9644979	64324800	2	1	1
36b7145c-b071-49af-9abc-d1227f1d3837	chr21	12973348	46677045	2	1	1
36b7145c-b071-49af-9abc-d1227f1d3837	chr22	16392123	28012456	2	1	1
36b7145c-b071-49af-9abc-d1227f1d3837	chr22	28014378	28027856	3	2	1
36b7145c-b071-49af-9abc-d1227f1d3837	chr22	28030034	28425215	1	1	0
36b7145c-b071-49af-9abc-d1227f1d3837	chr22	28425551	50796027	2	1	1
36b7145c-b071-49af-9abc-d1227f1d3837	chrX	251810	102020755	2	1	1
36b7145c-b071-49af-9abc-d1227f1d3837	chrX	102021361	102030833	3	2	1
36b7145c-b071-49af-9abc-d1227f1d3837	chrX	102030982	153022316	2	1	1
36b7145c-b071-49af-9abc-d1227f1d3837	chrX	153022615	153025870	1	1	0
36b7145c-b071-49af-9abc-d1227f1d3837	chrX	153031078	156004181	2	1	1
36b7145c-b071-49af-9abc-d1227f1d3837	chrY	2782397	26653788	0	0	0
36b7145c-b071-49af-9abc-d1227f1d3837	chrY	56872112	56872112	1	1	0
e5dc7276-d08c-468d-b088-83b8768cfa06	chr1	62920	2876236	1	1	0
e5dc7276-d08c-468d-b088-83b8768cfa06	chr1	2876667	99120887	2	2	0
e5dc7276-d08c-468d-b088-83b8768cfa06	chr1	99120960	99145803	3	3	0
e5dc7276-d08c-468d-b088-83b8768cfa06	chr1	99148759	99885660	1	1	0
e5dc7276-d08c-468d-b088-83b8768cfa06	chr1	99886079	190884663	2	2	0
e5dc7276-d08c-468d-b088-83b8768cfa06	chr1	190884930	192919215	1	1	0
e5dc7276-d08c-468d-b088-83b8768cfa06	chr1	192920036	218814477	2	2	0
e5dc7276-d08c-468d-b088-83b8768cfa06	chr1	218814860	218850693	3	3	0
e5dc7276-d08c-468d-b088-83b8768cfa06	chr1	218850800	248930189	2	2	0
e5dc7276-d08c-468d-b088-83b8768cfa06	chr2	12784	152054658	2	2	0
e5dc7276-d08c-468d-b088-83b8768cfa06	chr2	152054824	152083988	1	1	0
e5dc7276-d08c-468d-b088-83b8768cfa06	chr2	152084037	240806962	2	2	0
e5dc7276-d08c-468d-b088-83b8768cfa06	chr2	240807531	242147305	1	1	0
e5dc7276-d08c-468d-b088-83b8768cfa06	chr3	20930	100631901	4	2	2
e5dc7276-d08c-468d-b088-83b8768cfa06	chr3	100632350	100723542	6	4	2
e5dc7276-d08c-468d-b088-83b8768cfa06	chr3	100723634	198169247	4	2	2
e5dc7276-d08c-468d-b088-83b8768cfa06	chr4	68929	3622609	3	2	1
e5dc7276-d08c-468d-b088-83b8768cfa06	chr4	3623837	57322328	4	2	2
e5dc7276-d08c-468d-b088-83b8768cfa06	chr4	57322390	57813348	5	3	2
e5dc7276-d08c-468d-b088-83b8768cfa06	chr4	57818485	132600722	4	2	2
e5dc7276-d08c-468d-b088-83b8768cfa06	chr4	132605407	132671914	2	1	1
e5dc7276-d08c-468d-b088-83b8768cfa06	chr4	132672609	190106768	4	2	2
e5dc7276-d08c-468d-b088-83b8768cfa06	chr5	15532	1125484	1	1	0
e5dc7276-d08c-468d-b088-83b8768cfa06	chr5	1128607	1287276	3	3	0
e5dc7276-d08c-468d-b088-83b8768cfa06	chr5	1287425	7835061	2	2	0
e5dc7276-d08c-468d-b088-83b8768cfa06	chr5	7835442	7848844	4	4	0
e5dc7276-d08c-468d-b088-83b8768cfa06	chr5	7849197	132326260	2	2	0
e5dc7276-d08c-468d-b088-83b8768cfa06	chr5	132329685	132719435	1	1	0
e5dc7276-d08c-468d-b088-83b8768cfa06	chr5	132719812	178780287	2	2	0
e5dc7276-d08c-468d-b088-83b8768cfa06	chr5	178780608	178853270	1	1	0
e5dc7276-d08c-468d-b088-83b8768cfa06	chr5	178853333	181363319	2	2	0
e5dc7276-d08c-468d-b088-83b8768cfa06	chr6	149661	3307390	2	2	0
e5dc7276-d08c-468d-b088-83b8768cfa06	chr6	3307629	3484563	1	1	0
e5dc7276-d08c-468d-b088-83b8768cfa06	chr6	3484900	30507638	2	2	0
e5dc7276-d08c-468d-b088-83b8768cfa06	chr6	30507940	30544386	0	0	0
e5dc7276-d08c-468d-b088-83b8768cfa06	chr6	30559068	45896089	2	2	0
e5dc7276-d08c-468d-b088-83b8768cfa06	chr6	45896768	45931284	3	3	0
e5dc7276-d08c-468d-b088-83b8768cfa06	chr6	45932086	170741917	2	2	0
e5dc7276-d08c-468d-b088-83b8768cfa06	chr7	43259	2553044	3	2	1
e5dc7276-d08c-468d-b088-83b8768cfa06	chr7	2553410	29881136	4	2	2
e5dc7276-d08c-468d-b088-83b8768cfa06	chr7	29881213	29921588	3	2	1
e5dc7276-d08c-468d-b088-83b8768cfa06	chr7	29921682	40318801	4	2	2
e5dc7276-d08c-468d-b088-83b8768cfa06	chr7	40320851	40356701	6	3	3
e5dc7276-d08c-468d-b088-83b8768cfa06	chr7	40357974	98496531	4	2	2
e5dc7276-d08c-468d-b088-83b8768cfa06	chr7	98496795	102116315	3	2	1
e5dc7276-d08c-468d-b088-83b8768cfa06	chr7	102117470	127245959	4	2	2
e5dc7276-d08c-468d-b088-83b8768cfa06	chr7	127247079	127264033	7	4	3
e5dc7276-d08c-468d-b088-83b8768cfa06	chr7	127264726	159334314	4	2	2
e5dc7276-d08c-468d-b088-83b8768cfa06	chr8	81254	4102075	4	2	2
e5dc7276-d08c-468d-b088-83b8768cfa06	chr8	4102206	4109467	3	2	1
e5dc7276-d08c-468d-b088-83b8768cfa06	chr8	4110674	39373140	4	2	2
e5dc7276-d08c-468d-b088-83b8768cfa06	chr8	39378084	39663114	1	1	0
e5dc7276-d08c-468d-b088-83b8768cfa06	chr8	39663225	140113304	4	2	2
e5dc7276-d08c-468d-b088-83b8768cfa06	chr8	140113657	145072769	3	2	1
e5dc7276-d08c-468d-b088-83b8768cfa06	chr9	46587	135987038	2	2	0
e5dc7276-d08c-468d-b088-83b8768cfa06	chr9	135988897	137425269	1	1	0
e5dc7276-d08c-468d-b088-83b8768cfa06	chr9	137427153	138200944	2	2	0
e5dc7276-d08c-468d-b088-83b8768cfa06	chr10	45792	20767658	2	2	0
e5dc7276-d08c-468d-b088-83b8768cfa06	chr10	20768616	20771236	4	4	0
e5dc7276-d08c-468d-b088-83b8768cfa06	chr10	20771889	71840398	2	2	0
e5dc7276-d08c-468d-b088-83b8768cfa06	chr10	71840463	73607270	1	1	0
e5dc7276-d08c-468d-b088-83b8768cfa06	chr10	73610607	104846683	2	2	0
e5dc7276-d08c-468d-b088-83b8768cfa06	chr10	104848022	104872484	3	3	0
e5dc7276-d08c-468d-b088-83b8768cfa06	chr10	104872720	131787097	2	2	0
e5dc7276-d08c-468d-b088-83b8768cfa06	chr10	131792203	133654968	1	1	0
e5dc7276-d08c-468d-b088-83b8768cfa06	chr11	198510	36137177	1	1	0
e5dc7276-d08c-468d-b088-83b8768cfa06	chr11	36138604	44018438	2	2	0
e5dc7276-d08c-468d-b088-83b8768cfa06	chr11	44020082	44268086	4	2	2
e5dc7276-d08c-468d-b088-83b8768cfa06	chr11	44268753	48221982	3	2	1
e5dc7276-d08c-468d-b088-83b8768cfa06	chr11	48224784	58385060	4	2	2
e5dc7276-d08c-468d-b088-83b8768cfa06	chr11	58385114	75740298	3	2	1
e5dc7276-d08c-468d-b088-83b8768cfa06	chr11	75740366	75745522	2	1	1
e5dc7276-d08c-468d-b088-83b8768cfa06	chr11	75748307	82581366	4	2	2
e5dc7276-d08c-468d-b088-83b8768cfa06	chr11	82582644	87329219	2	2	0
e5dc7276-d08c-468d-b088-83b8768cfa06	chr11	87332209	126764494	1	1	0
e5dc7276-d08c-468d-b088-83b8768cfa06	chr11	126765765	126835762	2	2	0
e5dc7276-d08c-468d-b088-83b8768cfa06	chr11	126836196	135074876	1	1	0
e5dc7276-d08c-468d-b088-83b8768cfa06	chr12	51460	5808488	4	2	2
e5dc7276-d08c-468d-b088-83b8768cfa06	chr12	5808990	7103881	3	2	1
e5dc7276-d08c-468d-b088-83b8768cfa06	chr12	7104043	23593496	4	2	2
e5dc7276-d08c-468d-b088-83b8768cfa06	chr12	23593548	23617419	5	3	2
e5dc7276-d08c-468d-b088-83b8768cfa06	chr12	23617526	53512648	4	2	2
e5dc7276-d08c-468d-b088-83b8768cfa06	chr12	53515055	53716413	3	2	1
e5dc7276-d08c-468d-b088-83b8768cfa06	chr12	53717367	119598404	4	2	2
e5dc7276-d08c-468d-b088-83b8768cfa06	chr12	119598430	125377091	3	2	1
e5dc7276-d08c-468d-b088-83b8768cfa06	chr12	125377296	131460522	4	2	2
e5dc7276-d08c-468d-b088-83b8768cfa06	chr12	131460584	133201603	3	2	1
e5dc7276-d08c-468d-b088-83b8768cfa06	chr13	18452809	106766502	2	2	0
e5dc7276-d08c-468d-b088-83b8768cfa06	chr13	106767166	106788306	3	3	0
e5dc7276-d08c-468d-b088-83b8768cfa06	chr13	106792247	114342922	2	2	0
e5dc7276-d08c-468d-b088-83b8768cfa06	chr14	18239283	99363536	4	2	2
e5dc7276-d08c-468d-b088-83b8768cfa06	chr14	99363702	99841701	3	2	1
e5dc7276-d08c-468d-b088-83b8768cfa06	chr14	99848279	101343516	4	2	2
e5dc7276-d08c-468d-b088-83b8768cfa06	chr14	101343992	105733039	3	2	1
e5dc7276-d08c-468d-b088-83b8768cfa06	chr14	105752248	106462169	8	8	0
e5dc7276-d08c-468d-b088-83b8768cfa06	chr14	106462183	106877229	4	2	2
e5dc7276-d08c-468d-b088-83b8768cfa06	chr15	19811075	89078208	4	2	2
e5dc7276-d08c-468d-b088-83b8768cfa06	chr15	89084165	91056370	3	2	1
e5dc7276-d08c-468d-b088-83b8768cfa06	chr15	91056728	101928837	4	2	2
e5dc7276-d08c-468d-b088-83b8768cfa06	chr16	10777	5072783	3	2	1
e5dc7276-d08c-468d-b088-83b8768cfa06	chr16	5073611	78879218	4	2	2
e5dc7276-d08c-468d-b088-83b8768cfa06	chr16	78879267	78892801	7	4	3
e5dc7276-d08c-468d-b088-83b8768cfa06	chr16	78896319	80520006	4	2	2
e5dc7276-d08c-468d-b088-83b8768cfa06	chr16	80521051	81899260	3	2	1
e5dc7276-d08c-468d-b088-83b8768cfa06	chr16	81899580	87655955	4	2	2
e5dc7276-d08c-468d-b088-83b8768cfa06	chr16	87656797	90096867	3	2	1
e5dc7276-d08c-468d-b088-83b8768cfa06	chr17	150733	1005396	2	2	0
e5dc7276-d08c-468d-b088-83b8768cfa06	chr17	1005555	2011885	1	1	0
e5dc7276-d08c-468d-b088-83b8768cfa06	chr17	2015729	11300260	2	2	0
e5dc7276-d08c-468d-b088-83b8768cfa06	chr17	11303558	11329218	3	3	0
e5dc7276-d08c-468d-b088-83b8768cfa06	chr17	11330718	72695072	2	2	0
e5dc7276-d08c-468d-b088-83b8768cfa06	chr17	72696556	83091923	1	1	0
e5dc7276-d08c-468d-b088-83b8768cfa06	chr18	48133	32713477	4	2	2
e5dc7276-d08c-468d-b088-83b8768cfa06	chr18	32719287	32721153	2	1	1
e5dc7276-d08c-468d-b088-83b8768cfa06	chr18	32721182	80257174	4	2	2
e5dc7276-d08c-468d-b088-83b8768cfa06	chr19	90910	8569059	3	2	1
e5dc7276-d08c-468d-b088-83b8768cfa06	chr19	8569882	9404537	4	2	2
e5dc7276-d08c-468d-b088-83b8768cfa06	chr19	9408733	19533841	3	2	1
e5dc7276-d08c-468d-b088-83b8768cfa06	chr19	19538939	47821465	4	2	2
e5dc7276-d08c-468d-b088-83b8768cfa06	chr19	47823121	51081153	3	2	1
e5dc7276-d08c-468d-b088-83b8768cfa06	chr19	51081341	58586487	4	2	2
e5dc7276-d08c-468d-b088-83b8768cfa06	chr20	80664	21795899	4	2	2
e5dc7276-d08c-468d-b088-83b8768cfa06	chr20	21801518	21841021	6	3	3
e5dc7276-d08c-468d-b088-83b8768cfa06	chr20	21841272	49513169	4	2	2
e5dc7276-d08c-468d-b088-83b8768cfa06	chr20	49513450	52266678	3	2	1
e5dc7276-d08c-468d-b088-83b8768cfa06	chr20	52268444	61866795	4	2	2
e5dc7276-d08c-468d-b088-83b8768cfa06	chr20	61866825	64324800	3	2	1
e5dc7276-d08c-468d-b088-83b8768cfa06	chr21	12973348	14121040	2	2	0
e5dc7276-d08c-468d-b088-83b8768cfa06	chr21	14121229	14518073	1	1	0
e5dc7276-d08c-468d-b088-83b8768cfa06	chr21	14518150	41706656	2	2	0
e5dc7276-d08c-468d-b088-83b8768cfa06	chr21	41707156	45903608	1	1	0
e5dc7276-d08c-468d-b088-83b8768cfa06	chr21	45903828	45922202	3	3	0
e5dc7276-d08c-468d-b088-83b8768cfa06	chr21	45922608	46677045	2	2	0
e5dc7276-d08c-468d-b088-83b8768cfa06	chr22	16392123	36814663	4	2	2
e5dc7276-d08c-468d-b088-83b8768cfa06	chr22	36814977	47228455	3	2	1
e5dc7276-d08c-468d-b088-83b8768cfa06	chr22	47229214	49287847	4	2	2
e5dc7276-d08c-468d-b088-83b8768cfa06	chr22	49287927	50796027	3	2	1
e5dc7276-d08c-468d-b088-83b8768cfa06	chrX	251810	776893	4	2	2
e5dc7276-d08c-468d-b088-83b8768cfa06	chrX	786390	959750	3	2	1
e5dc7276-d08c-468d-b088-83b8768cfa06	chrX	960081	1507275	4	2	2
e5dc7276-d08c-468d-b088-83b8768cfa06	chrX	1507351	1584673	6	3	3
e5dc7276-d08c-468d-b088-83b8768cfa06	chrX	1629688	1882751	4	2	2
e5dc7276-d08c-468d-b088-83b8768cfa06	chrX	1892047	2450101	3	2	1
e5dc7276-d08c-468d-b088-83b8768cfa06	chrX	2452743	2553080	4	2	2
e5dc7276-d08c-468d-b088-83b8768cfa06	chrX	2553682	2634737	3	2	1
e5dc7276-d08c-468d-b088-83b8768cfa06	chrX	2639107	2775583	4	2	2
e5dc7276-d08c-468d-b088-83b8768cfa06	chrX	2776199	156004181	1	1	0
e5dc7276-d08c-468d-b088-83b8768cfa06	chrY	2782397	26653788	3	3	0
e5dc7276-d08c-468d-b088-83b8768cfa06	chrY	56872112	56872112	0	0	0
3f1f256d-e80f-4925-a023-e71d2386c133	chr1	62920	99120887	1	1	0
3f1f256d-e80f-4925-a023-e71d2386c133	chr1	99120960	99149917	2	2	0
3f1f256d-e80f-4925-a023-e71d2386c133	chr1	99152529	112147704	1	1	0
3f1f256d-e80f-4925-a023-e71d2386c133	chr1	112153052	112154768	0	0	0
3f1f256d-e80f-4925-a023-e71d2386c133	chr1	112163334	121705338	1	1	0
3f1f256d-e80f-4925-a023-e71d2386c133	chr1	143541857	155123178	2	1	1
3f1f256d-e80f-4925-a023-e71d2386c133	chr1	155123250	170603600	1	1	0
3f1f256d-e80f-4925-a023-e71d2386c133	chr1	170608094	186301689	2	1	1
3f1f256d-e80f-4925-a023-e71d2386c133	chr1	186312300	186347067	3	2	1
3f1f256d-e80f-4925-a023-e71d2386c133	chr1	186347356	248930189	2	1	1
3f1f256d-e80f-4925-a023-e71d2386c133	chr2	12784	29852145	1	1	0
3f1f256d-e80f-4925-a023-e71d2386c133	chr2	29852185	29867763	2	2	0
3f1f256d-e80f-4925-a023-e71d2386c133	chr2	29868729	76698773	1	1	0
3f1f256d-e80f-4925-a023-e71d2386c133	chr2	76701007	76729697	2	2	0
3f1f256d-e80f-4925-a023-e71d2386c133	chr2	76729962	212321626	1	1	0
3f1f256d-e80f-4925-a023-e71d2386c133	chr2	212321824	212327101	0	0	0
3f1f256d-e80f-4925-a023-e71d2386c133	chr2	212327402	240670162	1	1	0
3f1f256d-e80f-4925-a023-e71d2386c133	chr2	240670864	240796187	2	2	0
3f1f256d-e80f-4925-a023-e71d2386c133	chr2	240796243	242147305	1	1	0
3f1f256d-e80f-4925-a023-e71d2386c133	chr3	20930	98170504	1	1	0
3f1f256d-e80f-4925-a023-e71d2386c133	chr3	98170614	98213209	0	0	0
3f1f256d-e80f-4925-a023-e71d2386c133	chr3	98215397	100607461	1	1	0
3f1f256d-e80f-4925-a023-e71d2386c133	chr3	100621224	100723665	2	2	0
3f1f256d-e80f-4925-a023-e71d2386c133	chr3	100727772	198169247	1	1	0
3f1f256d-e80f-4925-a023-e71d2386c133	chr4	68929	68478894	2	1	1
3f1f256d-e80f-4925-a023-e71d2386c133	chr4	68494770	68639397	4	4	0
3f1f256d-e80f-4925-a023-e71d2386c133	chr4	68640616	114252544	2	1	1
3f1f256d-e80f-4925-a023-e71d2386c133	chr4	114254167	114261019	0	0	0
3f1f256d-e80f-4925-a023-e71d2386c133	chr4	114263073	190106768	2	1	1
3f1f256d-e80f-4925-a023-e71d2386c133	chr5	15532	181363319	2	1	1
3f1f256d-e80f-4925-a023-e71d2386c133	chr6	149661	170741917	1	1	0
3f1f256d-e80f-4925-a023-e71d2386c133	chr7	43259	64999173	2	1	1
3f1f256d-e80f-4925-a023-e71d2386c133	chr7	64999952	65799537	1	1	0
3f1f256d-e80f-4925-a023-e71d2386c133	chr7	65800023	159334314	2	1	1
3f1f256d-e80f-4925-a023-e71d2386c133	chr8	81254	145072769	1	1	0
3f1f256d-e80f-4925-a023-e71d2386c133	chr9	46587	3134738	2	1	1
3f1f256d-e80f-4925-a023-e71d2386c133	chr9	3135046	3139802	1	1	0
3f1f256d-e80f-4925-a023-e71d2386c133	chr9	3139855	138200944	2	1	1
3f1f256d-e80f-4925-a023-e71d2386c133	chr10	45792	133654968	1	1	0
3f1f256d-e80f-4925-a023-e71d2386c133	chr11	198510	78035072	2	1	1
3f1f256d-e80f-4925-a023-e71d2386c133	chr11	78035139	78050814	1	1	0
3f1f256d-e80f-4925-a023-e71d2386c133	chr11	78057815	135074876	2	1	1
3f1f256d-e80f-4925-a023-e71d2386c133	chr12	51460	133201603	2	1	1
3f1f256d-e80f-4925-a023-e71d2386c133	chr13	18452809	114342922	1	1	0
3f1f256d-e80f-4925-a023-e71d2386c133	chr14	18239283	87340858	2	1	1
3f1f256d-e80f-4925-a023-e71d2386c133	chr14	87341274	87346663	1	1	0
3f1f256d-e80f-4925-a023-e71d2386c133	chr14	87346968	103244654	2	1	1
3f1f256d-e80f-4925-a023-e71d2386c133	chr14	103245000	103259355	1	1	0
3f1f256d-e80f-4925-a023-e71d2386c133	chr14	103259633	106877229	2	1	1
3f1f256d-e80f-4925-a023-e71d2386c133	chr15	19811075	101928837	2	1	1
3f1f256d-e80f-4925-a023-e71d2386c133	chr16	10777	90096867	2	1	1
3f1f256d-e80f-4925-a023-e71d2386c133	chr17	150733	57203934	1	1	0
3f1f256d-e80f-4925-a023-e71d2386c133	chr17	57204004	57223776	0	0	0
3f1f256d-e80f-4925-a023-e71d2386c133	chr17	57225177	83091923	1	1	0
3f1f256d-e80f-4925-a023-e71d2386c133	chr18	48133	8458372	2	1	1
3f1f256d-e80f-4925-a023-e71d2386c133	chr18	8458486	8476959	1	1	0
3f1f256d-e80f-4925-a023-e71d2386c133	chr18	8477169	27794789	2	1	1
3f1f256d-e80f-4925-a023-e71d2386c133	chr18	27795507	27860345	3	2	1
3f1f256d-e80f-4925-a023-e71d2386c133	chr18	27862337	80257174	2	1	1
3f1f256d-e80f-4925-a023-e71d2386c133	chr19	90910	33266685	2	1	1
3f1f256d-e80f-4925-a023-e71d2386c133	chr19	33271351	33278637	4	2	2
3f1f256d-e80f-4925-a023-e71d2386c133	chr19	33284962	58586487	2	1	1
3f1f256d-e80f-4925-a023-e71d2386c133	chr20	80664	64324800	2	1	1
3f1f256d-e80f-4925-a023-e71d2386c133	chr21	12973348	46677045	1	1	0
3f1f256d-e80f-4925-a023-e71d2386c133	chr22	16392123	25330822	2	1	1
3f1f256d-e80f-4925-a023-e71d2386c133	chr22	25330992	25522742	1	1	0
3f1f256d-e80f-4925-a023-e71d2386c133	chr22	25526375	50796027	2	1	1
3f1f256d-e80f-4925-a023-e71d2386c133	chrX	251810	6531725	1	1	0
3f1f256d-e80f-4925-a023-e71d2386c133	chrX	6537122	8167616	2	2	0
3f1f256d-e80f-4925-a023-e71d2386c133	chrX	8173048	38531403	1	1	0
3f1f256d-e80f-4925-a023-e71d2386c133	chrX	38531520	38538064	2	2	0
3f1f256d-e80f-4925-a023-e71d2386c133	chrX	38539778	156004181	1	1	0
3f1f256d-e80f-4925-a023-e71d2386c133	chrY	2782397	26653788	0	0	0
3f1f256d-e80f-4925-a023-e71d2386c133	chrY	56872112	56872112	1	1	0
9a324743-63f9-40ca-b0a3-97cb229d256f	chr1	62920	3595777	1	1	0
9a324743-63f9-40ca-b0a3-97cb229d256f	chr1	3595952	25256850	2	2	0
9a324743-63f9-40ca-b0a3-97cb229d256f	chr1	25266637	25336853	0	0	0
9a324743-63f9-40ca-b0a3-97cb229d256f	chr1	25346663	83747331	2	2	0
9a324743-63f9-40ca-b0a3-97cb229d256f	chr1	83747508	83754452	4	4	0
9a324743-63f9-40ca-b0a3-97cb229d256f	chr1	83754553	175732888	2	2	0
9a324743-63f9-40ca-b0a3-97cb229d256f	chr1	175733315	175744826	4	4	0
9a324743-63f9-40ca-b0a3-97cb229d256f	chr1	175745134	212867176	2	2	0
9a324743-63f9-40ca-b0a3-97cb229d256f	chr1	212867587	212920308	1	1	0
9a324743-63f9-40ca-b0a3-97cb229d256f	chr1	212921215	248930189	2	2	0
9a324743-63f9-40ca-b0a3-97cb229d256f	chr2	12784	18094487	2	2	0
9a324743-63f9-40ca-b0a3-97cb229d256f	chr2	18094731	18187474	1	1	0
9a324743-63f9-40ca-b0a3-97cb229d256f	chr2	18194503	29852185	2	2	0
9a324743-63f9-40ca-b0a3-97cb229d256f	chr2	29852371	29865157	3	3	0
9a324743-63f9-40ca-b0a3-97cb229d256f	chr2	29867475	88834118	2	2	0
9a324743-63f9-40ca-b0a3-97cb229d256f	chr2	88836539	89118119	6	6	0
9a324743-63f9-40ca-b0a3-97cb229d256f	chr2	89119438	128880504	2	2	0
9a324743-63f9-40ca-b0a3-97cb229d256f	chr2	128880904	128882741	0	0	0
9a324743-63f9-40ca-b0a3-97cb229d256f	chr2	128882755	151191523	2	2	0
9a324743-63f9-40ca-b0a3-97cb229d256f	chr2	151192877	151203008	1	1	0
9a324743-63f9-40ca-b0a3-97cb229d256f	chr2	151203458	151235279	3	3	0
9a324743-63f9-40ca-b0a3-97cb229d256f	chr2	151235642	154366572	2	2	0
9a324743-63f9-40ca-b0a3-97cb229d256f	chr2	154368523	154401022	3	3	0
9a324743-63f9-40ca-b0a3-97cb229d256f	chr2	154405807	242147305	2	2	0
9a324743-63f9-40ca-b0a3-97cb229d256f	chr3	20930	3922084	2	2	0
9a324743-63f9-40ca-b0a3-97cb229d256f	chr3	3922120	3929854	1	1	0
9a324743-63f9-40ca-b0a3-97cb229d256f	chr3	3929919	198169247	2	2	0
9a324743-63f9-40ca-b0a3-97cb229d256f	chr4	68929	10208766	4	2	2
9a324743-63f9-40ca-b0a3-97cb229d256f	chr4	10212536	10227178	0	0	0
9a324743-63f9-40ca-b0a3-97cb229d256f	chr4	10227193	18656611	4	2	2
9a324743-63f9-40ca-b0a3-97cb229d256f	chr4	18662071	18668705	2	1	1
9a324743-63f9-40ca-b0a3-97cb229d256f	chr4	18668821	18919072	5	3	2
9a324743-63f9-40ca-b0a3-97cb229d256f	chr4	18920212	18922334	2	1	1
9a324743-63f9-40ca-b0a3-97cb229d256f	chr4	18923059	24053632	4	2	2
9a324743-63f9-40ca-b0a3-97cb229d256f	chr4	24054395	24062554	7	4	3
9a324743-63f9-40ca-b0a3-97cb229d256f	chr4	24062918	78344338	4	2	2
9a324743-63f9-40ca-b0a3-97cb229d256f	chr4	78344414	78374156	2	1	1
9a324743-63f9-40ca-b0a3-97cb229d256f	chr4	78374168	91443366	4	2	2
9a324743-63f9-40ca-b0a3-97cb229d256f	chr4	91444031	91447765	2	1	1
9a324743-63f9-40ca-b0a3-97cb229d256f	chr4	91451983	190106768	4	2	2
9a324743-63f9-40ca-b0a3-97cb229d256f	chr5	15532	180947523	2	2	0
9a324743-63f9-40ca-b0a3-97cb229d256f	chr5	180951710	180991103	0	0	0
9a324743-63f9-40ca-b0a3-97cb229d256f	chr5	181006225	181363319	2	2	0
9a324743-63f9-40ca-b0a3-97cb229d256f	chr6	149661	364982	3	2	1
9a324743-63f9-40ca-b0a3-97cb229d256f	chr6	365138	381149	4	3	1
9a324743-63f9-40ca-b0a3-97cb229d256f	chr6	382559	29869295	2	2	0
9a324743-63f9-40ca-b0a3-97cb229d256f	chr6	29869410	29949926	4	4	0
9a324743-63f9-40ca-b0a3-97cb229d256f	chr6	29950659	30499918	2	2	0
9a324743-63f9-40ca-b0a3-97cb229d256f	chr6	30507638	30515216	0	0	0
9a324743-63f9-40ca-b0a3-97cb229d256f	chr6	30544386	45919684	2	2	0
9a324743-63f9-40ca-b0a3-97cb229d256f	chr6	45920166	45935047	3	3	0
9a324743-63f9-40ca-b0a3-97cb229d256f	chr6	45935788	68831336	2	2	0
9a324743-63f9-40ca-b0a3-97cb229d256f	chr6	68831439	68850681	1	1	0
9a324743-63f9-40ca-b0a3-97cb229d256f	chr6	68850888	78253172	2	2	0
9a324743-63f9-40ca-b0a3-97cb229d256f	chr6	78259348	78293324	0	0	0
9a324743-63f9-40ca-b0a3-97cb229d256f	chr6	78293764	103286954	2	2	0
9a324743-63f9-40ca-b0a3-97cb229d256f	chr6	103290101	103314186	4	4	0
9a324743-63f9-40ca-b0a3-97cb229d256f	chr6	103317795	108756689	2	2	0
9a324743-63f9-40ca-b0a3-97cb229d256f	chr6	108756737	108765224	3	3	0
9a324743-63f9-40ca-b0a3-97cb229d256f	chr6	108765875	164036589	2	2	0
9a324743-63f9-40ca-b0a3-97cb229d256f	chr6	164039749	164057542	1	1	0
9a324743-63f9-40ca-b0a3-97cb229d256f	chr6	164057884	170741917	2	2	0
9a324743-63f9-40ca-b0a3-97cb229d256f	chr7	43259	2379657	3	2	1
9a324743-63f9-40ca-b0a3-97cb229d256f	chr7	2381818	86517693	4	2	2
9a324743-63f9-40ca-b0a3-97cb229d256f	chr7	86520759	86556174	3	2	1
9a324743-63f9-40ca-b0a3-97cb229d256f	chr7	86557217	159334314	4	2	2
9a324743-63f9-40ca-b0a3-97cb229d256f	chr8	81254	34996980	4	2	2
9a324743-63f9-40ca-b0a3-97cb229d256f	chr8	34997908	35009117	3	2	1
9a324743-63f9-40ca-b0a3-97cb229d256f	chr8	35011683	74173035	4	2	2
9a324743-63f9-40ca-b0a3-97cb229d256f	chr8	74174970	74188153	1	1	0
9a324743-63f9-40ca-b0a3-97cb229d256f	chr8	74194295	95712999	4	2	2
9a324743-63f9-40ca-b0a3-97cb229d256f	chr8	95713222	95739146	6	3	3
9a324743-63f9-40ca-b0a3-97cb229d256f	chr8	95739575	134009599	4	2	2
9a324743-63f9-40ca-b0a3-97cb229d256f	chr8	134009724	134068916	3	2	1
9a324743-63f9-40ca-b0a3-97cb229d256f	chr8	134078334	139950981	4	2	2
9a324743-63f9-40ca-b0a3-97cb229d256f	chr8	139951286	145072769	3	2	1
9a324743-63f9-40ca-b0a3-97cb229d256f	chr9	46587	133753192	2	2	0
9a324743-63f9-40ca-b0a3-97cb229d256f	chr9	133753594	137679372	1	1	0
9a324743-63f9-40ca-b0a3-97cb229d256f	chr9	137687248	138200944	2	2	0
9a324743-63f9-40ca-b0a3-97cb229d256f	chr10	45792	698099	2	2	0
9a324743-63f9-40ca-b0a3-97cb229d256f	chr10	701070	732522	1	1	0
9a324743-63f9-40ca-b0a3-97cb229d256f	chr10	733717	111844429	2	2	0
9a324743-63f9-40ca-b0a3-97cb229d256f	chr10	111845164	111863012	3	3	0
9a324743-63f9-40ca-b0a3-97cb229d256f	chr10	111863984	131363880	2	2	0
9a324743-63f9-40ca-b0a3-97cb229d256f	chr10	131364048	133654968	1	1	0
9a324743-63f9-40ca-b0a3-97cb229d256f	chr11	198510	3144325	3	2	1
9a324743-63f9-40ca-b0a3-97cb229d256f	chr11	3149636	11570886	4	2	2
9a324743-63f9-40ca-b0a3-97cb229d256f	chr11	11571364	11576825	7	4	3
9a324743-63f9-40ca-b0a3-97cb229d256f	chr11	11576892	63898533	4	2	2
9a324743-63f9-40ca-b0a3-97cb229d256f	chr11	63899472	65717649	3	2	1
9a324743-63f9-40ca-b0a3-97cb229d256f	chr11	65717747	70545611	4	2	2
9a324743-63f9-40ca-b0a3-97cb229d256f	chr11	70546243	70553041	7	4	3
9a324743-63f9-40ca-b0a3-97cb229d256f	chr11	70553754	135074876	4	2	2
9a324743-63f9-40ca-b0a3-97cb229d256f	chr12	51460	9477960	4	2	2
9a324743-63f9-40ca-b0a3-97cb229d256f	chr12	9481274	9575696	0	0	0
9a324743-63f9-40ca-b0a3-97cb229d256f	chr12	9582373	23591716	4	2	2
9a324743-63f9-40ca-b0a3-97cb229d256f	chr12	23592671	23617526	5	3	2
9a324743-63f9-40ca-b0a3-97cb229d256f	chr12	23618001	52526608	4	2	2
9a324743-63f9-40ca-b0a3-97cb229d256f	chr12	52526630	52531875	8	4	4
9a324743-63f9-40ca-b0a3-97cb229d256f	chr12	52532185	131460522	4	2	2
9a324743-63f9-40ca-b0a3-97cb229d256f	chr12	131460584	133201603	3	2	1
9a324743-63f9-40ca-b0a3-97cb229d256f	chr13	18452809	73756556	2	2	0
9a324743-63f9-40ca-b0a3-97cb229d256f	chr13	73756599	73765207	4	4	0
9a324743-63f9-40ca-b0a3-97cb229d256f	chr13	73765421	106767514	2	2	0
9a324743-63f9-40ca-b0a3-97cb229d256f	chr13	106769638	106775303	4	4	0
9a324743-63f9-40ca-b0a3-97cb229d256f	chr13	106775817	108700433	2	2	0
9a324743-63f9-40ca-b0a3-97cb229d256f	chr13	108702531	108758921	1	1	0
9a324743-63f9-40ca-b0a3-97cb229d256f	chr13	108760198	114342922	2	2	0
9a324743-63f9-40ca-b0a3-97cb229d256f	chr14	18239283	19955213	10	7	3
9a324743-63f9-40ca-b0a3-97cb229d256f	chr14	19956767	106877229	4	2	2
9a324743-63f9-40ca-b0a3-97cb229d256f	chr15	19811075	25053401	2	2	0
9a324743-63f9-40ca-b0a3-97cb229d256f	chr15	25054112	25081548	4	4	0
9a324743-63f9-40ca-b0a3-97cb229d256f	chr15	25081683	45223505	2	2	0
9a324743-63f9-40ca-b0a3-97cb229d256f	chr15	45224975	45237451	1	1	0
9a324743-63f9-40ca-b0a3-97cb229d256f	chr15	45237569	63857387	2	2	0
9a324743-63f9-40ca-b0a3-97cb229d256f	chr15	63857450	63923770	1	1	0
9a324743-63f9-40ca-b0a3-97cb229d256f	chr15	63924048	97666658	2	2	0
9a324743-63f9-40ca-b0a3-97cb229d256f	chr15	97669271	97705508	3	3	0
9a324743-63f9-40ca-b0a3-97cb229d256f	chr15	97707193	101928837	2	2	0
9a324743-63f9-40ca-b0a3-97cb229d256f	chr16	10777	5221208	3	2	1
9a324743-63f9-40ca-b0a3-97cb229d256f	chr16	5223193	27069912	4	2	2
9a324743-63f9-40ca-b0a3-97cb229d256f	chr16	27070593	27102605	2	1	1
9a324743-63f9-40ca-b0a3-97cb229d256f	chr16	27102953	55761136	4	2	2
9a324743-63f9-40ca-b0a3-97cb229d256f	chr16	55762477	55788532	0	0	0
9a324743-63f9-40ca-b0a3-97cb229d256f	chr16	55808442	57285567	4	2	2
9a324743-63f9-40ca-b0a3-97cb229d256f	chr16	57290158	57556641	3	2	1
9a324743-63f9-40ca-b0a3-97cb229d256f	chr16	57556768	83701086	4	2	2
9a324743-63f9-40ca-b0a3-97cb229d256f	chr16	83701214	90096867	3	2	1
9a324743-63f9-40ca-b0a3-97cb229d256f	chr17	150733	47260155	2	2	0
9a324743-63f9-40ca-b0a3-97cb229d256f	chr17	47260583	47281478	1	1	0
9a324743-63f9-40ca-b0a3-97cb229d256f	chr17	47283314	65647108	2	2	0
9a324743-63f9-40ca-b0a3-97cb229d256f	chr17	65647870	65657388	1	1	0
9a324743-63f9-40ca-b0a3-97cb229d256f	chr17	65659384	79314382	2	2	0
9a324743-63f9-40ca-b0a3-97cb229d256f	chr17	79314413	83091923	1	1	0
9a324743-63f9-40ca-b0a3-97cb229d256f	chr18	48133	1948681	4	2	2
9a324743-63f9-40ca-b0a3-97cb229d256f	chr18	1951871	1980786	1	1	0
9a324743-63f9-40ca-b0a3-97cb229d256f	chr18	1986213	80257174	4	2	2
9a324743-63f9-40ca-b0a3-97cb229d256f	chr19	90910	2592252	2	1	1
9a324743-63f9-40ca-b0a3-97cb229d256f	chr19	2596033	8227619	3	2	1
9a324743-63f9-40ca-b0a3-97cb229d256f	chr19	8230157	16948003	4	2	2
9a324743-63f9-40ca-b0a3-97cb229d256f	chr19	16948399	19040354	3	2	1
9a324743-63f9-40ca-b0a3-97cb229d256f	chr19	19041889	22225736	4	2	2
9a324743-63f9-40ca-b0a3-97cb229d256f	chr19	22231138	22259093	6	3	3
9a324743-63f9-40ca-b0a3-97cb229d256f	chr19	22259548	31381364	4	2	2
9a324743-63f9-40ca-b0a3-97cb229d256f	chr19	31381832	31445643	6	3	3
9a324743-63f9-40ca-b0a3-97cb229d256f	chr19	31445834	32194244	4	2	2
9a324743-63f9-40ca-b0a3-97cb229d256f	chr19	32195089	51675100	3	2	1
9a324743-63f9-40ca-b0a3-97cb229d256f	chr19	51675297	58586487	4	2	2
9a324743-63f9-40ca-b0a3-97cb229d256f	chr20	80664	12680986	4	2	2
9a324743-63f9-40ca-b0a3-97cb229d256f	chr20	12681297	12685666	2	1	1
9a324743-63f9-40ca-b0a3-97cb229d256f	chr20	12688747	61936132	4	2	2
9a324743-63f9-40ca-b0a3-97cb229d256f	chr20	61940219	64324800	3	2	1
9a324743-63f9-40ca-b0a3-97cb229d256f	chr21	12973348	41706656	2	2	0
9a324743-63f9-40ca-b0a3-97cb229d256f	chr21	41707156	46677045	1	1	0
9a324743-63f9-40ca-b0a3-97cb229d256f	chr22	16392123	17982911	4	2	2
9a324743-63f9-40ca-b0a3-97cb229d256f	chr22	17987264	21699797	3	2	1
9a324743-63f9-40ca-b0a3-97cb229d256f	chr22	21700062	32767316	4	2	2
9a324743-63f9-40ca-b0a3-97cb229d256f	chr22	32767362	32772896	8	4	4
9a324743-63f9-40ca-b0a3-97cb229d256f	chr22	32774870	35527058	4	2	2
9a324743-63f9-40ca-b0a3-97cb229d256f	chr22	35527145	47228455	3	2	1
9a324743-63f9-40ca-b0a3-97cb229d256f	chr22	47229214	48649851	4	2	2
9a324743-63f9-40ca-b0a3-97cb229d256f	chr22	48649916	50796027	3	2	1
9a324743-63f9-40ca-b0a3-97cb229d256f	chrX	251810	359845	1	1	0
9a324743-63f9-40ca-b0a3-97cb229d256f	chrX	372540	718786	2	2	0
9a324743-63f9-40ca-b0a3-97cb229d256f	chrX	718862	1456048	1	1	0
9a324743-63f9-40ca-b0a3-97cb229d256f	chrX	1464647	2377218	2	2	0
9a324743-63f9-40ca-b0a3-97cb229d256f	chrX	2387078	2432545	1	1	0
9a324743-63f9-40ca-b0a3-97cb229d256f	chrX	2440099	2775134	2	2	0
9a324743-63f9-40ca-b0a3-97cb229d256f	chrX	2775583	156004181	1	1	0
9a324743-63f9-40ca-b0a3-97cb229d256f	chrY	2782397	56872112	0	0	0
bc4d8b8c-a165-4900-aa5f-a76ef9f2dbcc	chr1	62920	15574022	1	1	0
bc4d8b8c-a165-4900-aa5f-a76ef9f2dbcc	chr1	15574042	15592181	2	2	0
bc4d8b8c-a165-4900-aa5f-a76ef9f2dbcc	chr1	15592244	75243991	1	1	0
bc4d8b8c-a165-4900-aa5f-a76ef9f2dbcc	chr1	75244224	75248869	0	0	0
bc4d8b8c-a165-4900-aa5f-a76ef9f2dbcc	chr1	75249570	152583051	1	1	0
bc4d8b8c-a165-4900-aa5f-a76ef9f2dbcc	chr1	152583230	152613762	0	0	0
bc4d8b8c-a165-4900-aa5f-a76ef9f2dbcc	chr1	152613802	152785214	1	1	0
bc4d8b8c-a165-4900-aa5f-a76ef9f2dbcc	chr1	152787202	152795783	0	0	0
bc4d8b8c-a165-4900-aa5f-a76ef9f2dbcc	chr1	152795805	210539954	1	1	0
bc4d8b8c-a165-4900-aa5f-a76ef9f2dbcc	chr1	210540270	210610832	2	2	0
bc4d8b8c-a165-4900-aa5f-a76ef9f2dbcc	chr1	210613399	217349149	1	1	0
bc4d8b8c-a165-4900-aa5f-a76ef9f2dbcc	chr1	217350098	217372998	2	2	0
bc4d8b8c-a165-4900-aa5f-a76ef9f2dbcc	chr1	217373993	234128151	1	1	0
bc4d8b8c-a165-4900-aa5f-a76ef9f2dbcc	chr1	234128332	234135171	2	2	0
bc4d8b8c-a165-4900-aa5f-a76ef9f2dbcc	chr1	234135234	236206574	1	1	0
bc4d8b8c-a165-4900-aa5f-a76ef9f2dbcc	chr1	236215409	236224142	2	2	0
bc4d8b8c-a165-4900-aa5f-a76ef9f2dbcc	chr1	236224198	248930189	1	1	0
bc4d8b8c-a165-4900-aa5f-a76ef9f2dbcc	chr2	12784	4158097	1	1	0
bc4d8b8c-a165-4900-aa5f-a76ef9f2dbcc	chr2	4166274	4176429	0	0	0
bc4d8b8c-a165-4900-aa5f-a76ef9f2dbcc	chr2	4182472	88834118	1	1	0
bc4d8b8c-a165-4900-aa5f-a76ef9f2dbcc	chr2	88836539	89118119	3	3	0
bc4d8b8c-a165-4900-aa5f-a76ef9f2dbcc	chr2	89119438	154361936	1	1	0
bc4d8b8c-a165-4900-aa5f-a76ef9f2dbcc	chr2	154366359	154412156	2	2	0
bc4d8b8c-a165-4900-aa5f-a76ef9f2dbcc	chr2	154415877	198244598	1	1	0
bc4d8b8c-a165-4900-aa5f-a76ef9f2dbcc	chr2	198245417	198262844	2	2	0
bc4d8b8c-a165-4900-aa5f-a76ef9f2dbcc	chr2	198265701	242147305	1	1	0
bc4d8b8c-a165-4900-aa5f-a76ef9f2dbcc	chr3	20930	3925783	2	1	1
bc4d8b8c-a165-4900-aa5f-a76ef9f2dbcc	chr3	3928744	3930544	1	1	0
bc4d8b8c-a165-4900-aa5f-a76ef9f2dbcc	chr3	3931990	113529901	2	1	1
bc4d8b8c-a165-4900-aa5f-a76ef9f2dbcc	chr3	113533195	113538366	1	1	0
bc4d8b8c-a165-4900-aa5f-a76ef9f2dbcc	chr3	113539167	198169247	2	1	1
bc4d8b8c-a165-4900-aa5f-a76ef9f2dbcc	chr4	68929	137171041	2	1	1
bc4d8b8c-a165-4900-aa5f-a76ef9f2dbcc	chr4	137171085	137173967	0	0	0
bc4d8b8c-a165-4900-aa5f-a76ef9f2dbcc	chr4	137187209	190106768	2	1	1
bc4d8b8c-a165-4900-aa5f-a76ef9f2dbcc	chr5	15532	124189469	2	1	1
bc4d8b8c-a165-4900-aa5f-a76ef9f2dbcc	chr5	124198211	124212396	1	1	0
bc4d8b8c-a165-4900-aa5f-a76ef9f2dbcc	chr5	124212462	178827246	2	1	1
bc4d8b8c-a165-4900-aa5f-a76ef9f2dbcc	chr5	178827320	178853270	1	1	0
bc4d8b8c-a165-4900-aa5f-a76ef9f2dbcc	chr5	178853333	181363319	2	1	1
bc4d8b8c-a165-4900-aa5f-a76ef9f2dbcc	chr6	149661	29869295	1	1	0
bc4d8b8c-a165-4900-aa5f-a76ef9f2dbcc	chr6	29869410	29968530	2	2	0
bc4d8b8c-a165-4900-aa5f-a76ef9f2dbcc	chr6	29969327	143356694	1	1	0
bc4d8b8c-a165-4900-aa5f-a76ef9f2dbcc	chr6	143356998	143373083	2	2	0
bc4d8b8c-a165-4900-aa5f-a76ef9f2dbcc	chr6	143373165	170741917	1	1	0
bc4d8b8c-a165-4900-aa5f-a76ef9f2dbcc	chr7	43259	8833660	2	1	1
bc4d8b8c-a165-4900-aa5f-a76ef9f2dbcc	chr7	8834125	8893989	1	1	0
bc4d8b8c-a165-4900-aa5f-a76ef9f2dbcc	chr7	8898697	159334314	2	1	1
bc4d8b8c-a165-4900-aa5f-a76ef9f2dbcc	chr8	81254	16968788	1	1	0
bc4d8b8c-a165-4900-aa5f-a76ef9f2dbcc	chr8	16968916	16973801	0	0	0
bc4d8b8c-a165-4900-aa5f-a76ef9f2dbcc	chr8	16980783	145072769	1	1	0
bc4d8b8c-a165-4900-aa5f-a76ef9f2dbcc	chr9	46587	83287003	2	1	1
bc4d8b8c-a165-4900-aa5f-a76ef9f2dbcc	chr9	83288468	83291351	1	1	0
bc4d8b8c-a165-4900-aa5f-a76ef9f2dbcc	chr9	83292601	138200944	2	1	1
bc4d8b8c-a165-4900-aa5f-a76ef9f2dbcc	chr10	45792	133654968	1	1	0
bc4d8b8c-a165-4900-aa5f-a76ef9f2dbcc	chr11	198510	5766175	2	1	1
bc4d8b8c-a165-4900-aa5f-a76ef9f2dbcc	chr11	5766850	5787909	0	0	0
bc4d8b8c-a165-4900-aa5f-a76ef9f2dbcc	chr11	5788108	70533026	2	1	1
bc4d8b8c-a165-4900-aa5f-a76ef9f2dbcc	chr11	70533159	70550933	3	2	1
bc4d8b8c-a165-4900-aa5f-a76ef9f2dbcc	chr11	70550964	135074876	2	1	1
bc4d8b8c-a165-4900-aa5f-a76ef9f2dbcc	chr12	51460	9477960	2	1	1
bc4d8b8c-a165-4900-aa5f-a76ef9f2dbcc	chr12	9481274	9575696	0	0	0
bc4d8b8c-a165-4900-aa5f-a76ef9f2dbcc	chr12	9582373	31138652	2	1	1
bc4d8b8c-a165-4900-aa5f-a76ef9f2dbcc	chr12	31144937	31258280	3	2	1
bc4d8b8c-a165-4900-aa5f-a76ef9f2dbcc	chr12	31258820	52526630	2	1	1
bc4d8b8c-a165-4900-aa5f-a76ef9f2dbcc	chr12	52527431	52531875	4	2	2
bc4d8b8c-a165-4900-aa5f-a76ef9f2dbcc	chr12	52532185	114959143	2	1	1
bc4d8b8c-a165-4900-aa5f-a76ef9f2dbcc	chr12	114960659	114982435	3	2	1
bc4d8b8c-a165-4900-aa5f-a76ef9f2dbcc	chr12	114985076	133201603	2	1	1
bc4d8b8c-a165-4900-aa5f-a76ef9f2dbcc	chr13	18452809	55030925	1	1	0
bc4d8b8c-a165-4900-aa5f-a76ef9f2dbcc	chr13	55031046	55065231	2	2	0
bc4d8b8c-a165-4900-aa5f-a76ef9f2dbcc	chr13	55070789	106767514	1	1	0
bc4d8b8c-a165-4900-aa5f-a76ef9f2dbcc	chr13	106769638	106788306	2	2	0
bc4d8b8c-a165-4900-aa5f-a76ef9f2dbcc	chr13	106792247	114342922	1	1	0
bc4d8b8c-a165-4900-aa5f-a76ef9f2dbcc	chr14	18239283	99551024	2	1	1
bc4d8b8c-a165-4900-aa5f-a76ef9f2dbcc	chr14	99551085	99560380	1	1	0
bc4d8b8c-a165-4900-aa5f-a76ef9f2dbcc	chr14	99561643	105752248	2	1	1
bc4d8b8c-a165-4900-aa5f-a76ef9f2dbcc	chr14	105757263	106346129	5	5	0
bc4d8b8c-a165-4900-aa5f-a76ef9f2dbcc	chr14	106360014	106877229	2	1	1
bc4d8b8c-a165-4900-aa5f-a76ef9f2dbcc	chr15	19811075	101928837	2	1	1
bc4d8b8c-a165-4900-aa5f-a76ef9f2dbcc	chr16	10777	73318032	2	1	1
bc4d8b8c-a165-4900-aa5f-a76ef9f2dbcc	chr16	73321563	73527099	3	2	1
bc4d8b8c-a165-4900-aa5f-a76ef9f2dbcc	chr16	73528692	90096867	2	1	1
bc4d8b8c-a165-4900-aa5f-a76ef9f2dbcc	chr17	150733	83091923	1	1	0
bc4d8b8c-a165-4900-aa5f-a76ef9f2dbcc	chr18	48133	40678763	2	1	1
bc4d8b8c-a165-4900-aa5f-a76ef9f2dbcc	chr18	40680456	40685425	0	0	0
bc4d8b8c-a165-4900-aa5f-a76ef9f2dbcc	chr18	40688060	78337184	2	1	1
bc4d8b8c-a165-4900-aa5f-a76ef9f2dbcc	chr18	78337610	78395894	3	2	1
bc4d8b8c-a165-4900-aa5f-a76ef9f2dbcc	chr18	78396397	80257174	2	1	1
bc4d8b8c-a165-4900-aa5f-a76ef9f2dbcc	chr19	90910	30335791	2	1	1
bc4d8b8c-a165-4900-aa5f-a76ef9f2dbcc	chr19	30336185	30350376	3	2	1
bc4d8b8c-a165-4900-aa5f-a76ef9f2dbcc	chr19	30351078	58586487	2	1	1
bc4d8b8c-a165-4900-aa5f-a76ef9f2dbcc	chr20	80664	64324800	2	1	1
bc4d8b8c-a165-4900-aa5f-a76ef9f2dbcc	chr21	12973348	46677045	1	1	0
bc4d8b8c-a165-4900-aa5f-a76ef9f2dbcc	chr22	16392123	50796027	2	1	1
bc4d8b8c-a165-4900-aa5f-a76ef9f2dbcc	chrX	251810	156004181	1	1	0
bc4d8b8c-a165-4900-aa5f-a76ef9f2dbcc	chrY	2782397	56872112	0	0	0
5849a782-86d6-4eca-98e6-c29c312be2e1	chr1	61735	248930189	1	1	0
5849a782-86d6-4eca-98e6-c29c312be2e1	chr2	12784	242147305	1	1	0
5849a782-86d6-4eca-98e6-c29c312be2e1	chr3	18667	198169247	2	1	1
5849a782-86d6-4eca-98e6-c29c312be2e1	chr4	12281	190106768	2	1	1
5849a782-86d6-4eca-98e6-c29c312be2e1	chr5	15532	7866987	3	2	1
5849a782-86d6-4eca-98e6-c29c312be2e1	chr5	7867507	10539044	1	1	0
5849a782-86d6-4eca-98e6-c29c312be2e1	chr5	10543796	27912693	3	2	1
5849a782-86d6-4eca-98e6-c29c312be2e1	chr5	27915284	27993795	6	5	1
5849a782-86d6-4eca-98e6-c29c312be2e1	chr5	27996645	28044278	1	1	0
5849a782-86d6-4eca-98e6-c29c312be2e1	chr5	28044891	92600707	3	2	1
5849a782-86d6-4eca-98e6-c29c312be2e1	chr5	92602683	181363319	2	1	1
5849a782-86d6-4eca-98e6-c29c312be2e1	chr6	149661	36631438	1	1	0
5849a782-86d6-4eca-98e6-c29c312be2e1	chr6	36632394	36693812	0	0	0
5849a782-86d6-4eca-98e6-c29c312be2e1	chr6	36694394	170741917	1	1	0
5849a782-86d6-4eca-98e6-c29c312be2e1	chr7	43259	133877477	2	1	1
5849a782-86d6-4eca-98e6-c29c312be2e1	chr7	133878105	159334314	3	2	1
5849a782-86d6-4eca-98e6-c29c312be2e1	chr8	81254	8783749	1	1	0
5849a782-86d6-4eca-98e6-c29c312be2e1	chr8	8783956	145072769	2	1	1
5849a782-86d6-4eca-98e6-c29c312be2e1	chr9	46587	10330209	2	2	0
5849a782-86d6-4eca-98e6-c29c312be2e1	chr9	10330364	24827283	2	1	1
5849a782-86d6-4eca-98e6-c29c312be2e1	chr9	24828169	73348698	2	2	0
5849a782-86d6-4eca-98e6-c29c312be2e1	chr9	73348914	138200944	2	1	1
5849a782-86d6-4eca-98e6-c29c312be2e1	chr10	26823	133769379	1	1	0
5849a782-86d6-4eca-98e6-c29c312be2e1	chr11	198572	135074876	2	1	1
5849a782-86d6-4eca-98e6-c29c312be2e1	chr12	51460	133201603	2	1	1
5849a782-86d6-4eca-98e6-c29c312be2e1	chr13	18452809	114342922	1	1	0
5849a782-86d6-4eca-98e6-c29c312be2e1	chr14	18225647	106877229	2	1	1
5849a782-86d6-4eca-98e6-c29c312be2e1	chr15	19811075	101928837	2	1	1
5849a782-86d6-4eca-98e6-c29c312be2e1	chr16	10777	14660341	1	1	0
5849a782-86d6-4eca-98e6-c29c312be2e1	chr16	14662430	90221127	2	1	1
5849a782-86d6-4eca-98e6-c29c312be2e1	chr17	150733	83090856	1	1	0
5849a782-86d6-4eca-98e6-c29c312be2e1	chr18	48133	80257174	2	1	1
5849a782-86d6-4eca-98e6-c29c312be2e1	chr19	90910	27900167	2	1	1
5849a782-86d6-4eca-98e6-c29c312be2e1	chr19	27901038	27965622	1	1	0
5849a782-86d6-4eca-98e6-c29c312be2e1	chr19	27969356	58586487	2	1	1
5849a782-86d6-4eca-98e6-c29c312be2e1	chr20	80664	33001967	2	1	1
5849a782-86d6-4eca-98e6-c29c312be2e1	chr20	33002939	56492079	2	2	0
5849a782-86d6-4eca-98e6-c29c312be2e1	chr20	56492115	64324800	2	1	1
5849a782-86d6-4eca-98e6-c29c312be2e1	chr21	10336543	46677045	1	1	0
5849a782-86d6-4eca-98e6-c29c312be2e1	chr22	15294545	16758662	1	1	0
5849a782-86d6-4eca-98e6-c29c312be2e1	chr22	16761726	50796027	3	2	1
5849a782-86d6-4eca-98e6-c29c312be2e1	chrX	251810	156004181	2	1	1
bc760b0d-854a-4749-bb7d-16d7f32ba174	chr1	61735	248930189	3	3	0
bc760b0d-854a-4749-bb7d-16d7f32ba174	chr2	12784	76022496	3	3	0
bc760b0d-854a-4749-bb7d-16d7f32ba174	chr2	76022819	84341900	2	2	0
bc760b0d-854a-4749-bb7d-16d7f32ba174	chr2	84346116	122250301	3	3	0
bc760b0d-854a-4749-bb7d-16d7f32ba174	chr2	122250314	126599529	2	2	0
bc760b0d-854a-4749-bb7d-16d7f32ba174	chr2	126601237	242147305	3	3	0
bc760b0d-854a-4749-bb7d-16d7f32ba174	chr3	18667	198169247	6	3	3
bc760b0d-854a-4749-bb7d-16d7f32ba174	chr4	12281	190106768	6	3	3
bc760b0d-854a-4749-bb7d-16d7f32ba174	chr5	15532	2828011	6	3	3
bc760b0d-854a-4749-bb7d-16d7f32ba174	chr5	2828624	9401494	5	3	2
bc760b0d-854a-4749-bb7d-16d7f32ba174	chr5	9402334	181363319	6	3	3
bc760b0d-854a-4749-bb7d-16d7f32ba174	chr6	149661	170741917	3	3	0
bc760b0d-854a-4749-bb7d-16d7f32ba174	chr7	43259	157923478	6	3	3
bc760b0d-854a-4749-bb7d-16d7f32ba174	chr7	157923642	159334314	7	4	3
bc760b0d-854a-4749-bb7d-16d7f32ba174	chr8	81254	145072769	6	3	3
bc760b0d-854a-4749-bb7d-16d7f32ba174	chr9	46587	138200944	6	3	3
bc760b0d-854a-4749-bb7d-16d7f32ba174	chr10	26823	133769379	3	3	0
bc760b0d-854a-4749-bb7d-16d7f32ba174	chr11	198572	135074876	3	3	0
bc760b0d-854a-4749-bb7d-16d7f32ba174	chr12	51460	823871	4	3	1
bc760b0d-854a-4749-bb7d-16d7f32ba174	chr12	827302	133201603	6	3	3
bc760b0d-854a-4749-bb7d-16d7f32ba174	chr13	18452809	114342922	3	3	0
bc760b0d-854a-4749-bb7d-16d7f32ba174	chr14	18225647	106877229	6	3	3
bc760b0d-854a-4749-bb7d-16d7f32ba174	chr15	19811075	101928837	6	3	3
bc760b0d-854a-4749-bb7d-16d7f32ba174	chr16	10777	70805172	6	3	3
bc760b0d-854a-4749-bb7d-16d7f32ba174	chr16	70805254	71167170	5	3	2
bc760b0d-854a-4749-bb7d-16d7f32ba174	chr16	71168586	90221127	6	3	3
bc760b0d-854a-4749-bb7d-16d7f32ba174	chr17	150733	83090856	3	3	0
bc760b0d-854a-4749-bb7d-16d7f32ba174	chr18	48133	7359687	6	3	3
bc760b0d-854a-4749-bb7d-16d7f32ba174	chr18	7365704	80257174	4	3	1
bc760b0d-854a-4749-bb7d-16d7f32ba174	chr19	90910	58586487	6	3	3
bc760b0d-854a-4749-bb7d-16d7f32ba174	chr20	80664	64324800	6	3	3
bc760b0d-854a-4749-bb7d-16d7f32ba174	chr21	10336543	46677045	3	3	0
bc760b0d-854a-4749-bb7d-16d7f32ba174	chr22	15294545	50796027	4	3	1
bc760b0d-854a-4749-bb7d-16d7f32ba174	chrX	251810	156004181	6	3	3
49daa67b-65ab-44b6-b54e-5fba76a2e988	chr1	61735	248930189	2	2	0
49daa67b-65ab-44b6-b54e-5fba76a2e988	chr2	12784	242147305	2	2	0
49daa67b-65ab-44b6-b54e-5fba76a2e988	chr3	18667	16622937	4	2	2
49daa67b-65ab-44b6-b54e-5fba76a2e988	chr3	16623002	32458090	3	2	1
49daa67b-65ab-44b6-b54e-5fba76a2e988	chr3	32458325	198169247	4	2	2
49daa67b-65ab-44b6-b54e-5fba76a2e988	chr4	12281	190106768	4	2	2
49daa67b-65ab-44b6-b54e-5fba76a2e988	chr5	15532	181363319	2	2	0
49daa67b-65ab-44b6-b54e-5fba76a2e988	chr6	149661	170741917	2	2	0
49daa67b-65ab-44b6-b54e-5fba76a2e988	chr7	43259	131499020	4	2	2
49daa67b-65ab-44b6-b54e-5fba76a2e988	chr7	131504353	138125190	3	2	1
49daa67b-65ab-44b6-b54e-5fba76a2e988	chr7	138126281	159334314	4	2	2
49daa67b-65ab-44b6-b54e-5fba76a2e988	chr8	81254	145072769	4	2	2
49daa67b-65ab-44b6-b54e-5fba76a2e988	chr9	46587	11704593	2	2	0
49daa67b-65ab-44b6-b54e-5fba76a2e988	chr9	11704697	12061339	4	3	1
49daa67b-65ab-44b6-b54e-5fba76a2e988	chr9	12061706	138200944	2	2	0
49daa67b-65ab-44b6-b54e-5fba76a2e988	chr10	26823	133769379	2	2	0
49daa67b-65ab-44b6-b54e-5fba76a2e988	chr11	198572	135074876	4	2	2
49daa67b-65ab-44b6-b54e-5fba76a2e988	chr12	51460	130422910	4	2	2
49daa67b-65ab-44b6-b54e-5fba76a2e988	chr12	130423350	133201603	3	2	1
49daa67b-65ab-44b6-b54e-5fba76a2e988	chr13	18452809	114342922	2	2	0
49daa67b-65ab-44b6-b54e-5fba76a2e988	chr14	18225647	106877229	4	2	2
49daa67b-65ab-44b6-b54e-5fba76a2e988	chr15	19811075	101928837	4	2	2
49daa67b-65ab-44b6-b54e-5fba76a2e988	chr16	10777	90221127	4	2	2
49daa67b-65ab-44b6-b54e-5fba76a2e988	chr17	150733	83090856	2	2	0
49daa67b-65ab-44b6-b54e-5fba76a2e988	chr18	48133	80257174	2	2	0
49daa67b-65ab-44b6-b54e-5fba76a2e988	chr19	90910	58586487	4	2	2
49daa67b-65ab-44b6-b54e-5fba76a2e988	chr20	80664	64324800	4	2	2
49daa67b-65ab-44b6-b54e-5fba76a2e988	chr21	10336543	46677045	2	2	0
49daa67b-65ab-44b6-b54e-5fba76a2e988	chr22	15294545	50796027	2	2	0
49daa67b-65ab-44b6-b54e-5fba76a2e988	chrX	251810	8423678	2	2	0
49daa67b-65ab-44b6-b54e-5fba76a2e988	chrX	8425347	8495247	0	0	0
49daa67b-65ab-44b6-b54e-5fba76a2e988	chrX	8497940	156004181	2	2	0
c5189609-9335-4560-a5d8-084fd8f6190d	chr1	62920	73062569	2	2	0
c5189609-9335-4560-a5d8-084fd8f6190d	chr1	73067011	73148457	3	3	0
c5189609-9335-4560-a5d8-084fd8f6190d	chr1	73148843	201169584	2	2	0
c5189609-9335-4560-a5d8-084fd8f6190d	chr1	201170189	201223756	3	3	0
c5189609-9335-4560-a5d8-084fd8f6190d	chr1	201224540	248930189	2	2	0
c5189609-9335-4560-a5d8-084fd8f6190d	chr2	12784	154368523	2	2	0
c5189609-9335-4560-a5d8-084fd8f6190d	chr2	154368996	154383187	3	3	0
c5189609-9335-4560-a5d8-084fd8f6190d	chr2	154385329	205557416	2	2	0
c5189609-9335-4560-a5d8-084fd8f6190d	chr2	205558272	205574559	3	3	0
c5189609-9335-4560-a5d8-084fd8f6190d	chr2	205574954	242147305	2	2	0
c5189609-9335-4560-a5d8-084fd8f6190d	chr3	20930	198169247	4	2	2
c5189609-9335-4560-a5d8-084fd8f6190d	chr4	68929	74487900	4	2	2
c5189609-9335-4560-a5d8-084fd8f6190d	chr4	74490422	74536146	7	4	3
c5189609-9335-4560-a5d8-084fd8f6190d	chr4	74537334	190106768	4	2	2
c5189609-9335-4560-a5d8-084fd8f6190d	chr5	15532	6353702	3	2	1
c5189609-9335-4560-a5d8-084fd8f6190d	chr5	6354019	6572245	4	2	2
c5189609-9335-4560-a5d8-084fd8f6190d	chr5	6573975	9094183	3	2	1
c5189609-9335-4560-a5d8-084fd8f6190d	chr5	9094634	9320511	4	2	2
c5189609-9335-4560-a5d8-084fd8f6190d	chr5	9320824	9633922	3	2	1
c5189609-9335-4560-a5d8-084fd8f6190d	chr5	9639299	9779587	5	3	2
c5189609-9335-4560-a5d8-084fd8f6190d	chr5	9783873	12342226	3	2	1
c5189609-9335-4560-a5d8-084fd8f6190d	chr5	12345917	12678426	4	2	2
c5189609-9335-4560-a5d8-084fd8f6190d	chr5	12686516	35198360	3	2	1
c5189609-9335-4560-a5d8-084fd8f6190d	chr5	35199331	35789361	4	2	2
c5189609-9335-4560-a5d8-084fd8f6190d	chr5	35789931	50747607	3	2	1
c5189609-9335-4560-a5d8-084fd8f6190d	chr5	50749339	51265129	4	2	2
c5189609-9335-4560-a5d8-084fd8f6190d	chr5	51265425	56600431	3	2	1
c5189609-9335-4560-a5d8-084fd8f6190d	chr5	56601123	56850838	4	2	2
c5189609-9335-4560-a5d8-084fd8f6190d	chr5	56853459	57185147	3	2	1
c5189609-9335-4560-a5d8-084fd8f6190d	chr5	57185184	57414139	4	2	2
c5189609-9335-4560-a5d8-084fd8f6190d	chr5	57414782	65454395	3	2	1
c5189609-9335-4560-a5d8-084fd8f6190d	chr5	65460769	65912050	4	2	2
c5189609-9335-4560-a5d8-084fd8f6190d	chr5	65916941	81286280	3	2	1
c5189609-9335-4560-a5d8-084fd8f6190d	chr5	81290873	81803102	4	2	2
c5189609-9335-4560-a5d8-084fd8f6190d	chr5	81803200	83767572	3	2	1
c5189609-9335-4560-a5d8-084fd8f6190d	chr5	83768888	84603543	4	2	2
c5189609-9335-4560-a5d8-084fd8f6190d	chr5	84610012	86116808	3	2	1
c5189609-9335-4560-a5d8-084fd8f6190d	chr5	86116822	86505972	4	2	2
c5189609-9335-4560-a5d8-084fd8f6190d	chr5	86523557	87376399	3	2	1
c5189609-9335-4560-a5d8-084fd8f6190d	chr5	87376818	87607761	4	2	2
c5189609-9335-4560-a5d8-084fd8f6190d	chr5	87609246	89593871	3	2	1
c5189609-9335-4560-a5d8-084fd8f6190d	chr5	89594138	89716057	4	2	2
c5189609-9335-4560-a5d8-084fd8f6190d	chr5	89718722	94987900	3	2	1
c5189609-9335-4560-a5d8-084fd8f6190d	chr5	94991099	95899812	4	2	2
c5189609-9335-4560-a5d8-084fd8f6190d	chr5	95900711	96277030	3	2	1
c5189609-9335-4560-a5d8-084fd8f6190d	chr5	96279156	96938900	4	2	2
c5189609-9335-4560-a5d8-084fd8f6190d	chr5	96940257	101970916	3	2	1
c5189609-9335-4560-a5d8-084fd8f6190d	chr5	101971102	102654038	4	2	2
c5189609-9335-4560-a5d8-084fd8f6190d	chr5	102659866	111069631	3	2	1
c5189609-9335-4560-a5d8-084fd8f6190d	chr5	111069977	112659055	4	2	2
c5189609-9335-4560-a5d8-084fd8f6190d	chr5	112663536	114990615	3	2	1
c5189609-9335-4560-a5d8-084fd8f6190d	chr5	115003061	115423470	4	2	2
c5189609-9335-4560-a5d8-084fd8f6190d	chr5	115423498	119291576	3	2	1
c5189609-9335-4560-a5d8-084fd8f6190d	chr5	119291624	119395713	4	2	2
c5189609-9335-4560-a5d8-084fd8f6190d	chr5	119396492	122421189	3	2	1
c5189609-9335-4560-a5d8-084fd8f6190d	chr5	122422045	122608336	4	2	2
c5189609-9335-4560-a5d8-084fd8f6190d	chr5	122612989	123559620	3	2	1
c5189609-9335-4560-a5d8-084fd8f6190d	chr5	123569466	123875597	4	2	2
c5189609-9335-4560-a5d8-084fd8f6190d	chr5	123875931	125030702	3	2	1
c5189609-9335-4560-a5d8-084fd8f6190d	chr5	125030882	125488643	4	2	2
c5189609-9335-4560-a5d8-084fd8f6190d	chr5	125491624	141658635	3	2	1
c5189609-9335-4560-a5d8-084fd8f6190d	chr5	141660971	141745425	4	2	2
c5189609-9335-4560-a5d8-084fd8f6190d	chr5	141747085	144203667	3	2	1
c5189609-9335-4560-a5d8-084fd8f6190d	chr5	144206387	144765637	4	2	2
c5189609-9335-4560-a5d8-084fd8f6190d	chr5	144765750	149764400	3	2	1
c5189609-9335-4560-a5d8-084fd8f6190d	chr5	149764851	150108378	4	2	2
c5189609-9335-4560-a5d8-084fd8f6190d	chr5	150109547	151172153	3	2	1
c5189609-9335-4560-a5d8-084fd8f6190d	chr5	151172266	151397246	4	2	2
c5189609-9335-4560-a5d8-084fd8f6190d	chr5	151397487	160989593	3	2	1
c5189609-9335-4560-a5d8-084fd8f6190d	chr5	160996445	161553908	4	2	2
c5189609-9335-4560-a5d8-084fd8f6190d	chr5	161554924	166685319	3	2	1
c5189609-9335-4560-a5d8-084fd8f6190d	chr5	166685387	166850386	5	3	2
c5189609-9335-4560-a5d8-084fd8f6190d	chr5	166852758	181363319	3	2	1
c5189609-9335-4560-a5d8-084fd8f6190d	chr6	149661	237279	2	2	0
c5189609-9335-4560-a5d8-084fd8f6190d	chr6	237332	381149	3	2	1
c5189609-9335-4560-a5d8-084fd8f6190d	chr6	382559	167917136	2	2	0
c5189609-9335-4560-a5d8-084fd8f6190d	chr6	167917156	168192300	4	3	1
c5189609-9335-4560-a5d8-084fd8f6190d	chr6	168192830	170741917	2	2	0
c5189609-9335-4560-a5d8-084fd8f6190d	chr7	43259	2573790	3	2	1
c5189609-9335-4560-a5d8-084fd8f6190d	chr7	2573935	157950773	4	2	2
c5189609-9335-4560-a5d8-084fd8f6190d	chr7	157951365	158010307	7	5	2
c5189609-9335-4560-a5d8-084fd8f6190d	chr7	158010372	159334314	4	2	2
c5189609-9335-4560-a5d8-084fd8f6190d	chr8	81254	16093390	4	2	2
c5189609-9335-4560-a5d8-084fd8f6190d	chr8	16093540	16166875	2	1	1
c5189609-9335-4560-a5d8-084fd8f6190d	chr8	16167255	39372806	4	2	2
c5189609-9335-4560-a5d8-084fd8f6190d	chr8	39373140	39663114	1	1	0
c5189609-9335-4560-a5d8-084fd8f6190d	chr8	39663225	145072769	4	2	2
c5189609-9335-4560-a5d8-084fd8f6190d	chr9	46587	83288468	4	2	2
c5189609-9335-4560-a5d8-084fd8f6190d	chr9	83289863	83293307	2	1	1
c5189609-9335-4560-a5d8-084fd8f6190d	chr9	83293553	135970387	4	2	2
c5189609-9335-4560-a5d8-084fd8f6190d	chr9	135970871	137691818	3	2	1
c5189609-9335-4560-a5d8-084fd8f6190d	chr9	137692080	138200944	4	2	2
c5189609-9335-4560-a5d8-084fd8f6190d	chr10	45792	93893488	2	2	0
c5189609-9335-4560-a5d8-084fd8f6190d	chr10	93895170	93908570	4	4	0
c5189609-9335-4560-a5d8-084fd8f6190d	chr10	93910136	133654968	2	2	0
c5189609-9335-4560-a5d8-084fd8f6190d	chr11	198510	135074876	2	2	0
c5189609-9335-4560-a5d8-084fd8f6190d	chr12	51460	133201603	4	2	2
c5189609-9335-4560-a5d8-084fd8f6190d	chr13	18452809	19836416	2	2	0
c5189609-9335-4560-a5d8-084fd8f6190d	chr13	19844601	20218045	3	2	1
c5189609-9335-4560-a5d8-084fd8f6190d	chr13	20218279	22894646	2	2	0
c5189609-9335-4560-a5d8-084fd8f6190d	chr13	22899071	23177285	3	2	1
c5189609-9335-4560-a5d8-084fd8f6190d	chr13	23177961	25033831	2	2	0
c5189609-9335-4560-a5d8-084fd8f6190d	chr13	25034487	25102583	3	2	1
c5189609-9335-4560-a5d8-084fd8f6190d	chr13	25106552	27747444	2	2	0
c5189609-9335-4560-a5d8-084fd8f6190d	chr13	27751713	27955136	3	2	1
c5189609-9335-4560-a5d8-084fd8f6190d	chr13	27963798	37020346	2	2	0
c5189609-9335-4560-a5d8-084fd8f6190d	chr13	37023603	37087732	3	2	1
c5189609-9335-4560-a5d8-084fd8f6190d	chr13	37092523	37977359	2	2	0
c5189609-9335-4560-a5d8-084fd8f6190d	chr13	37984467	38151925	3	2	1
c5189609-9335-4560-a5d8-084fd8f6190d	chr13	38152883	38240693	2	2	0
c5189609-9335-4560-a5d8-084fd8f6190d	chr13	38241202	38271900	3	2	1
c5189609-9335-4560-a5d8-084fd8f6190d	chr13	38272500	40661829	2	2	0
c5189609-9335-4560-a5d8-084fd8f6190d	chr13	40672621	40918208	3	2	1
c5189609-9335-4560-a5d8-084fd8f6190d	chr13	40926215	41523896	2	2	0
c5189609-9335-4560-a5d8-084fd8f6190d	chr13	41528484	41794015	3	2	1
c5189609-9335-4560-a5d8-084fd8f6190d	chr13	41795680	42098843	2	2	0
c5189609-9335-4560-a5d8-084fd8f6190d	chr13	42099041	42589663	3	2	1
c5189609-9335-4560-a5d8-084fd8f6190d	chr13	42591332	44737835	2	2	0
c5189609-9335-4560-a5d8-084fd8f6190d	chr13	44744774	45581046	3	2	1
c5189609-9335-4560-a5d8-084fd8f6190d	chr13	45586892	48012947	2	2	0
c5189609-9335-4560-a5d8-084fd8f6190d	chr13	48013103	48194613	3	2	1
c5189609-9335-4560-a5d8-084fd8f6190d	chr13	48195336	48629302	2	2	0
c5189609-9335-4560-a5d8-084fd8f6190d	chr13	48632178	48669532	3	2	1
c5189609-9335-4560-a5d8-084fd8f6190d	chr13	48676861	48788445	2	2	0
c5189609-9335-4560-a5d8-084fd8f6190d	chr13	48790018	49130612	3	2	1
c5189609-9335-4560-a5d8-084fd8f6190d	chr13	49136850	50076814	2	2	0
c5189609-9335-4560-a5d8-084fd8f6190d	chr13	50082446	50465391	3	2	1
c5189609-9335-4560-a5d8-084fd8f6190d	chr13	50465615	53489949	2	2	0
c5189609-9335-4560-a5d8-084fd8f6190d	chr13	53490538	53591929	3	2	1
c5189609-9335-4560-a5d8-084fd8f6190d	chr13	53595000	53879789	2	2	0
c5189609-9335-4560-a5d8-084fd8f6190d	chr13	53880200	54055868	3	2	1
c5189609-9335-4560-a5d8-084fd8f6190d	chr13	54056890	54492667	2	2	0
c5189609-9335-4560-a5d8-084fd8f6190d	chr13	54493831	55022552	3	2	1
c5189609-9335-4560-a5d8-084fd8f6190d	chr13	55023678	55708713	4	2	2
c5189609-9335-4560-a5d8-084fd8f6190d	chr13	55708817	56143535	2	2	0
c5189609-9335-4560-a5d8-084fd8f6190d	chr13	56148154	56309733	3	2	1
c5189609-9335-4560-a5d8-084fd8f6190d	chr13	56316854	57129929	2	2	0
c5189609-9335-4560-a5d8-084fd8f6190d	chr13	57138666	57441147	3	2	1
c5189609-9335-4560-a5d8-084fd8f6190d	chr13	57441859	58647172	2	2	0
c5189609-9335-4560-a5d8-084fd8f6190d	chr13	58647532	58860838	3	2	1
c5189609-9335-4560-a5d8-084fd8f6190d	chr13	58861430	59488103	2	2	0
c5189609-9335-4560-a5d8-084fd8f6190d	chr13	59490091	59667299	3	2	1
c5189609-9335-4560-a5d8-084fd8f6190d	chr13	59669290	60491515	2	2	0
c5189609-9335-4560-a5d8-084fd8f6190d	chr13	60501632	60672612	3	2	1
c5189609-9335-4560-a5d8-084fd8f6190d	chr13	60672692	62646753	2	2	0
c5189609-9335-4560-a5d8-084fd8f6190d	chr13	62647565	64108547	3	2	1
c5189609-9335-4560-a5d8-084fd8f6190d	chr13	64108707	64558988	2	2	0
c5189609-9335-4560-a5d8-084fd8f6190d	chr13	64559208	64811502	3	2	1
c5189609-9335-4560-a5d8-084fd8f6190d	chr13	64813340	66096099	2	2	0
c5189609-9335-4560-a5d8-084fd8f6190d	chr13	66096311	66591533	3	2	1
c5189609-9335-4560-a5d8-084fd8f6190d	chr13	66591941	71765009	2	2	0
c5189609-9335-4560-a5d8-084fd8f6190d	chr13	71768304	72744943	3	2	1
c5189609-9335-4560-a5d8-084fd8f6190d	chr13	72745772	73917320	2	2	0
c5189609-9335-4560-a5d8-084fd8f6190d	chr13	73919072	74892334	3	2	1
c5189609-9335-4560-a5d8-084fd8f6190d	chr13	74893010	75708027	2	2	0
c5189609-9335-4560-a5d8-084fd8f6190d	chr13	75708627	75859496	3	2	1
c5189609-9335-4560-a5d8-084fd8f6190d	chr13	75861039	80461600	2	2	0
c5189609-9335-4560-a5d8-084fd8f6190d	chr13	80464651	80553707	3	2	1
c5189609-9335-4560-a5d8-084fd8f6190d	chr13	80556069	82490611	2	2	0
c5189609-9335-4560-a5d8-084fd8f6190d	chr13	82492762	82610909	3	2	1
c5189609-9335-4560-a5d8-084fd8f6190d	chr13	82611185	85972367	2	2	0
c5189609-9335-4560-a5d8-084fd8f6190d	chr13	85976207	86058407	3	2	1
c5189609-9335-4560-a5d8-084fd8f6190d	chr13	86058462	87546137	2	2	0
c5189609-9335-4560-a5d8-084fd8f6190d	chr13	87547782	87656320	3	2	1
c5189609-9335-4560-a5d8-084fd8f6190d	chr13	87656451	90110772	2	2	0
c5189609-9335-4560-a5d8-084fd8f6190d	chr13	90111425	91428178	3	2	1
c5189609-9335-4560-a5d8-084fd8f6190d	chr13	91431225	97343211	2	2	0
c5189609-9335-4560-a5d8-084fd8f6190d	chr13	97344369	97659878	3	2	1
c5189609-9335-4560-a5d8-084fd8f6190d	chr13	97660783	101109008	2	2	0
c5189609-9335-4560-a5d8-084fd8f6190d	chr13	101109035	101673622	3	2	1
c5189609-9335-4560-a5d8-084fd8f6190d	chr13	101673697	102033248	2	2	0
c5189609-9335-4560-a5d8-084fd8f6190d	chr13	102036995	102229572	3	2	1
c5189609-9335-4560-a5d8-084fd8f6190d	chr13	102229736	104505513	2	2	0
c5189609-9335-4560-a5d8-084fd8f6190d	chr13	104507051	104643241	3	2	1
c5189609-9335-4560-a5d8-084fd8f6190d	chr13	104643314	107038430	2	2	0
c5189609-9335-4560-a5d8-084fd8f6190d	chr13	107046798	107193471	3	2	1
c5189609-9335-4560-a5d8-084fd8f6190d	chr13	107194183	110183697	2	2	0
c5189609-9335-4560-a5d8-084fd8f6190d	chr13	110184463	110272929	3	2	1
c5189609-9335-4560-a5d8-084fd8f6190d	chr13	110273462	111004852	2	2	0
c5189609-9335-4560-a5d8-084fd8f6190d	chr13	111005720	112027071	3	2	1
c5189609-9335-4560-a5d8-084fd8f6190d	chr13	112031088	114342922	2	2	0
c5189609-9335-4560-a5d8-084fd8f6190d	chr14	18239283	103161697	4	2	2
c5189609-9335-4560-a5d8-084fd8f6190d	chr14	103161744	105728964	3	2	1
c5189609-9335-4560-a5d8-084fd8f6190d	chr14	105730778	106447137	8	8	0
c5189609-9335-4560-a5d8-084fd8f6190d	chr14	106447162	106877229	4	2	2
c5189609-9335-4560-a5d8-084fd8f6190d	chr15	19811075	25054112	4	2	2
c5189609-9335-4560-a5d8-084fd8f6190d	chr15	25055911	25081548	8	4	4
c5189609-9335-4560-a5d8-084fd8f6190d	chr15	25081683	101928837	4	2	2
c5189609-9335-4560-a5d8-084fd8f6190d	chr16	10777	5232860	3	2	1
c5189609-9335-4560-a5d8-084fd8f6190d	chr16	5233257	13450836	4	2	2
c5189609-9335-4560-a5d8-084fd8f6190d	chr16	13450853	13456003	7	4	3
c5189609-9335-4560-a5d8-084fd8f6190d	chr16	13456092	26088829	4	2	2
c5189609-9335-4560-a5d8-084fd8f6190d	chr16	26089170	26120774	6	3	3
c5189609-9335-4560-a5d8-084fd8f6190d	chr16	26120957	79704898	4	2	2
c5189609-9335-4560-a5d8-084fd8f6190d	chr16	79704937	79714637	3	2	1
c5189609-9335-4560-a5d8-084fd8f6190d	chr16	79715108	87654962	4	2	2
c5189609-9335-4560-a5d8-084fd8f6190d	chr16	87655730	90096867	3	2	1
c5189609-9335-4560-a5d8-084fd8f6190d	chr17	150733	18414080	2	2	0
c5189609-9335-4560-a5d8-084fd8f6190d	chr17	18452078	18561272	0	0	0
c5189609-9335-4560-a5d8-084fd8f6190d	chr17	18561907	33341293	2	2	0
c5189609-9335-4560-a5d8-084fd8f6190d	chr17	33342525	33382772	3	3	0
c5189609-9335-4560-a5d8-084fd8f6190d	chr17	33383350	83091923	2	2	0
c5189609-9335-4560-a5d8-084fd8f6190d	chr18	48133	4971660	3	2	1
c5189609-9335-4560-a5d8-084fd8f6190d	chr18	4973590	4985483	1	1	0
c5189609-9335-4560-a5d8-084fd8f6190d	chr18	4987699	78337184	3	2	1
c5189609-9335-4560-a5d8-084fd8f6190d	chr18	78337610	78395894	4	3	1
c5189609-9335-4560-a5d8-084fd8f6190d	chr18	78396397	80257174	3	2	1
c5189609-9335-4560-a5d8-084fd8f6190d	chr19	90910	2997792	3	2	1
c5189609-9335-4560-a5d8-084fd8f6190d	chr19	2997899	15572918	4	2	2
c5189609-9335-4560-a5d8-084fd8f6190d	chr19	15573976	15624556	5	3	2
c5189609-9335-4560-a5d8-084fd8f6190d	chr19	15625995	36892992	4	2	2
c5189609-9335-4560-a5d8-084fd8f6190d	chr19	36893875	37107410	5	3	2
c5189609-9335-4560-a5d8-084fd8f6190d	chr19	37115015	47637051	4	2	2
c5189609-9335-4560-a5d8-084fd8f6190d	chr19	47637600	47809570	5	3	2
c5189609-9335-4560-a5d8-084fd8f6190d	chr19	47821465	58586487	4	2	2
c5189609-9335-4560-a5d8-084fd8f6190d	chr20	80664	61928981	4	2	2
c5189609-9335-4560-a5d8-084fd8f6190d	chr20	61929031	64324800	3	2	1
c5189609-9335-4560-a5d8-084fd8f6190d	chr21	12973348	45903608	2	2	0
c5189609-9335-4560-a5d8-084fd8f6190d	chr21	45903828	45920391	4	4	0
c5189609-9335-4560-a5d8-084fd8f6190d	chr21	45921314	46677045	2	2	0
c5189609-9335-4560-a5d8-084fd8f6190d	chr22	16392123	17826190	4	2	2
c5189609-9335-4560-a5d8-084fd8f6190d	chr22	17826830	17833760	6	3	3
c5189609-9335-4560-a5d8-084fd8f6190d	chr22	17833854	50796027	4	2	2
c5189609-9335-4560-a5d8-084fd8f6190d	chrX	251810	701944	2	2	0
c5189609-9335-4560-a5d8-084fd8f6190d	chrX	702474	721514	1	1	0
c5189609-9335-4560-a5d8-084fd8f6190d	chrX	722123	809468	2	2	0
c5189609-9335-4560-a5d8-084fd8f6190d	chrX	842006	959750	1	1	0
c5189609-9335-4560-a5d8-084fd8f6190d	chrX	960081	1400981	2	2	0
c5189609-9335-4560-a5d8-084fd8f6190d	chrX	1401031	1478856	1	1	0
c5189609-9335-4560-a5d8-084fd8f6190d	chrX	1479705	1731702	3	3	0
c5189609-9335-4560-a5d8-084fd8f6190d	chrX	1731860	2377218	2	2	0
c5189609-9335-4560-a5d8-084fd8f6190d	chrX	2387078	2446094	1	1	0
c5189609-9335-4560-a5d8-084fd8f6190d	chrX	2450101	129186789	2	2	0
c5189609-9335-4560-a5d8-084fd8f6190d	chrX	129187740	129194201	0	0	0
c5189609-9335-4560-a5d8-084fd8f6190d	chrX	129194708	156004181	2	2	0
c5189609-9335-4560-a5d8-084fd8f6190d	chrY	2782397	56872112	0	0	0
feb55812-7c23-45c3-bd87-6391bd5857e6	chr1	61735	248930189	2	2	0
feb55812-7c23-45c3-bd87-6391bd5857e6	chr2	12784	242147305	2	2	0
feb55812-7c23-45c3-bd87-6391bd5857e6	chr3	18667	198169247	4	2	2
feb55812-7c23-45c3-bd87-6391bd5857e6	chr4	12281	190106768	4	2	2
feb55812-7c23-45c3-bd87-6391bd5857e6	chr5	15532	181363319	4	2	2
feb55812-7c23-45c3-bd87-6391bd5857e6	chr6	149661	170741917	2	2	0
feb55812-7c23-45c3-bd87-6391bd5857e6	chr7	43259	159334314	4	2	2
feb55812-7c23-45c3-bd87-6391bd5857e6	chr8	81254	145072769	4	2	2
feb55812-7c23-45c3-bd87-6391bd5857e6	chr9	46587	138200944	4	2	2
feb55812-7c23-45c3-bd87-6391bd5857e6	chr10	26823	133769379	2	2	0
feb55812-7c23-45c3-bd87-6391bd5857e6	chr11	198572	135074876	4	2	2
feb55812-7c23-45c3-bd87-6391bd5857e6	chr12	51460	133201603	4	2	2
feb55812-7c23-45c3-bd87-6391bd5857e6	chr13	18452809	114342922	2	2	0
feb55812-7c23-45c3-bd87-6391bd5857e6	chr14	18225647	106877229	4	2	2
feb55812-7c23-45c3-bd87-6391bd5857e6	chr15	19811075	101928837	4	2	2
feb55812-7c23-45c3-bd87-6391bd5857e6	chr16	10777	70793985	4	2	2
feb55812-7c23-45c3-bd87-6391bd5857e6	chr16	70799996	71245630	3	2	1
feb55812-7c23-45c3-bd87-6391bd5857e6	chr16	71246083	90221127	4	2	2
feb55812-7c23-45c3-bd87-6391bd5857e6	chr17	150733	83090856	2	2	0
feb55812-7c23-45c3-bd87-6391bd5857e6	chr18	48133	80257174	4	2	2
feb55812-7c23-45c3-bd87-6391bd5857e6	chr19	90910	58586487	4	2	2
feb55812-7c23-45c3-bd87-6391bd5857e6	chr20	80664	64324800	4	2	2
feb55812-7c23-45c3-bd87-6391bd5857e6	chr21	10336543	46677045	2	2	0
feb55812-7c23-45c3-bd87-6391bd5857e6	chr22	15294545	50796027	4	2	2
feb55812-7c23-45c3-bd87-6391bd5857e6	chrX	251810	2785350	4	2	2
feb55812-7c23-45c3-bd87-6391bd5857e6	chrX	2785592	155557906	2	2	0
feb55812-7c23-45c3-bd87-6391bd5857e6	chrX	155559522	156004181	3	2	1
ca7255eb-b694-4a60-8d02-4893dc8630c2	chr1	61735	248930189	2	2	0
ca7255eb-b694-4a60-8d02-4893dc8630c2	chr2	12784	242147305	2	2	0
ca7255eb-b694-4a60-8d02-4893dc8630c2	chr3	18667	198169247	2	2	0
ca7255eb-b694-4a60-8d02-4893dc8630c2	chr4	12281	190106768	4	2	2
ca7255eb-b694-4a60-8d02-4893dc8630c2	chr5	15532	181363319	4	2	2
ca7255eb-b694-4a60-8d02-4893dc8630c2	chr6	149661	170741917	2	2	0
ca7255eb-b694-4a60-8d02-4893dc8630c2	chr7	43259	159334314	4	2	2
ca7255eb-b694-4a60-8d02-4893dc8630c2	chr8	81254	145072769	4	2	2
ca7255eb-b694-4a60-8d02-4893dc8630c2	chr9	46587	138200944	2	2	0
ca7255eb-b694-4a60-8d02-4893dc8630c2	chr10	26823	133769379	2	2	0
ca7255eb-b694-4a60-8d02-4893dc8630c2	chr11	198572	135074876	4	2	2
ca7255eb-b694-4a60-8d02-4893dc8630c2	chr12	51460	133201603	4	2	2
ca7255eb-b694-4a60-8d02-4893dc8630c2	chr13	18452809	114342922	4	2	2
ca7255eb-b694-4a60-8d02-4893dc8630c2	chr14	18225647	106877229	4	2	2
ca7255eb-b694-4a60-8d02-4893dc8630c2	chr15	19811075	63472306	4	2	2
ca7255eb-b694-4a60-8d02-4893dc8630c2	chr15	63473297	63968150	6	4	2
ca7255eb-b694-4a60-8d02-4893dc8630c2	chr15	63968745	101928837	4	2	2
ca7255eb-b694-4a60-8d02-4893dc8630c2	chr16	10777	90221127	4	2	2
ca7255eb-b694-4a60-8d02-4893dc8630c2	chr17	150733	83090856	2	2	0
ca7255eb-b694-4a60-8d02-4893dc8630c2	chr18	48133	80257174	4	2	2
ca7255eb-b694-4a60-8d02-4893dc8630c2	chr19	90910	58586487	3	2	1
ca7255eb-b694-4a60-8d02-4893dc8630c2	chr20	80664	64324800	4	2	2
ca7255eb-b694-4a60-8d02-4893dc8630c2	chr21	10336543	46677045	2	2	0
ca7255eb-b694-4a60-8d02-4893dc8630c2	chr22	15294545	50796027	3	2	1
ca7255eb-b694-4a60-8d02-4893dc8630c2	chrX	251810	156004181	2	2	0
36e25dca-e56d-44b6-9bc4-6ee3997ef9e5	chr1	62920	248930189	1	1	0
36e25dca-e56d-44b6-9bc4-6ee3997ef9e5	chr2	12784	52527330	1	1	0
36e25dca-e56d-44b6-9bc4-6ee3997ef9e5	chr2	52527342	52554404	0	0	0
36e25dca-e56d-44b6-9bc4-6ee3997ef9e5	chr2	52560811	242147305	1	1	0
36e25dca-e56d-44b6-9bc4-6ee3997ef9e5	chr3	20930	146538692	2	1	1
36e25dca-e56d-44b6-9bc4-6ee3997ef9e5	chr3	146539520	146543309	1	1	0
36e25dca-e56d-44b6-9bc4-6ee3997ef9e5	chr3	146543340	162822702	2	1	1
36e25dca-e56d-44b6-9bc4-6ee3997ef9e5	chr3	162827928	162898127	5	5	0
36e25dca-e56d-44b6-9bc4-6ee3997ef9e5	chr3	162906054	198169247	2	1	1
36e25dca-e56d-44b6-9bc4-6ee3997ef9e5	chr4	68929	10208766	2	1	1
36e25dca-e56d-44b6-9bc4-6ee3997ef9e5	chr4	10212536	10227178	0	0	0
36e25dca-e56d-44b6-9bc4-6ee3997ef9e5	chr4	10227193	20944555	2	1	1
36e25dca-e56d-44b6-9bc4-6ee3997ef9e5	chr4	20944896	20952173	1	1	0
36e25dca-e56d-44b6-9bc4-6ee3997ef9e5	chr4	20953339	68506285	2	1	1
36e25dca-e56d-44b6-9bc4-6ee3997ef9e5	chr4	68509223	68591984	4	4	0
36e25dca-e56d-44b6-9bc4-6ee3997ef9e5	chr4	68592087	190106768	2	1	1
36e25dca-e56d-44b6-9bc4-6ee3997ef9e5	chr5	15532	54736999	2	1	1
36e25dca-e56d-44b6-9bc4-6ee3997ef9e5	chr5	54737454	54753025	3	2	1
36e25dca-e56d-44b6-9bc4-6ee3997ef9e5	chr5	54753088	145114255	2	1	1
36e25dca-e56d-44b6-9bc4-6ee3997ef9e5	chr5	145114612	145115279	1	1	0
36e25dca-e56d-44b6-9bc4-6ee3997ef9e5	chr5	145115412	181363319	2	1	1
36e25dca-e56d-44b6-9bc4-6ee3997ef9e5	chr6	149661	34746509	1	1	0
36e25dca-e56d-44b6-9bc4-6ee3997ef9e5	chr6	34746545	34919539	2	2	0
36e25dca-e56d-44b6-9bc4-6ee3997ef9e5	chr6	34922451	45919684	1	1	0
36e25dca-e56d-44b6-9bc4-6ee3997ef9e5	chr6	45920166	45930577	2	2	0
36e25dca-e56d-44b6-9bc4-6ee3997ef9e5	chr6	45931284	66298918	1	1	0
36e25dca-e56d-44b6-9bc4-6ee3997ef9e5	chr6	66299130	66338664	0	0	0
36e25dca-e56d-44b6-9bc4-6ee3997ef9e5	chr6	66338736	170741917	1	1	0
36e25dca-e56d-44b6-9bc4-6ee3997ef9e5	chr7	43259	109797035	2	1	1
36e25dca-e56d-44b6-9bc4-6ee3997ef9e5	chr7	109797036	109813853	0	0	0
36e25dca-e56d-44b6-9bc4-6ee3997ef9e5	chr7	109813925	159334314	2	1	1
36e25dca-e56d-44b6-9bc4-6ee3997ef9e5	chr8	81254	145072769	1	1	0
36e25dca-e56d-44b6-9bc4-6ee3997ef9e5	chr9	46587	78754554	2	1	1
36e25dca-e56d-44b6-9bc4-6ee3997ef9e5	chr9	78755547	78757603	1	1	0
36e25dca-e56d-44b6-9bc4-6ee3997ef9e5	chr9	78758028	138200944	2	1	1
36e25dca-e56d-44b6-9bc4-6ee3997ef9e5	chr10	45792	95105336	1	1	0
36e25dca-e56d-44b6-9bc4-6ee3997ef9e5	chr10	95105427	95109349	4	4	0
36e25dca-e56d-44b6-9bc4-6ee3997ef9e5	chr10	95109949	133654968	1	1	0
36e25dca-e56d-44b6-9bc4-6ee3997ef9e5	chr11	198510	55608804	2	1	1
36e25dca-e56d-44b6-9bc4-6ee3997ef9e5	chr11	55609022	55654863	0	0	0
36e25dca-e56d-44b6-9bc4-6ee3997ef9e5	chr11	55661931	135074876	2	1	1
36e25dca-e56d-44b6-9bc4-6ee3997ef9e5	chr12	51460	133201603	2	1	1
36e25dca-e56d-44b6-9bc4-6ee3997ef9e5	chr13	18452809	114342922	1	1	0
36e25dca-e56d-44b6-9bc4-6ee3997ef9e5	chr14	18239283	67547089	2	1	1
36e25dca-e56d-44b6-9bc4-6ee3997ef9e5	chr14	67548755	67666814	3	2	1
36e25dca-e56d-44b6-9bc4-6ee3997ef9e5	chr14	67670384	89289708	2	1	1
36e25dca-e56d-44b6-9bc4-6ee3997ef9e5	chr14	89290152	89298586	1	1	0
36e25dca-e56d-44b6-9bc4-6ee3997ef9e5	chr14	89305004	90247591	2	1	1
36e25dca-e56d-44b6-9bc4-6ee3997ef9e5	chr14	90247659	90267062	1	1	0
36e25dca-e56d-44b6-9bc4-6ee3997ef9e5	chr14	90268034	106877229	2	1	1
36e25dca-e56d-44b6-9bc4-6ee3997ef9e5	chr15	19811075	101928837	2	1	1
36e25dca-e56d-44b6-9bc4-6ee3997ef9e5	chr16	10777	2290602	1	1	0
36e25dca-e56d-44b6-9bc4-6ee3997ef9e5	chr16	2295387	88038968	2	1	1
36e25dca-e56d-44b6-9bc4-6ee3997ef9e5	chr16	88040927	89596467	1	1	0
36e25dca-e56d-44b6-9bc4-6ee3997ef9e5	chr16	89596664	90096867	2	1	1
36e25dca-e56d-44b6-9bc4-6ee3997ef9e5	chr17	150733	83091923	1	1	0
36e25dca-e56d-44b6-9bc4-6ee3997ef9e5	chr18	48133	4971660	2	1	1
36e25dca-e56d-44b6-9bc4-6ee3997ef9e5	chr18	4973590	4989684	1	1	0
36e25dca-e56d-44b6-9bc4-6ee3997ef9e5	chr18	4990805	69076108	2	1	1
36e25dca-e56d-44b6-9bc4-6ee3997ef9e5	chr18	69078869	69086089	0	0	0
36e25dca-e56d-44b6-9bc4-6ee3997ef9e5	chr18	69090459	80257174	2	1	1
36e25dca-e56d-44b6-9bc4-6ee3997ef9e5	chr19	90910	4412209	1	1	0
36e25dca-e56d-44b6-9bc4-6ee3997ef9e5	chr19	4414597	20415964	2	1	1
36e25dca-e56d-44b6-9bc4-6ee3997ef9e5	chr19	20420524	20503973	1	1	0
36e25dca-e56d-44b6-9bc4-6ee3997ef9e5	chr19	20508711	58586487	2	1	1
36e25dca-e56d-44b6-9bc4-6ee3997ef9e5	chr20	80664	61841816	2	1	1
36e25dca-e56d-44b6-9bc4-6ee3997ef9e5	chr20	61843987	64324800	1	1	0
36e25dca-e56d-44b6-9bc4-6ee3997ef9e5	chr21	12973348	46677045	2	1	1
36e25dca-e56d-44b6-9bc4-6ee3997ef9e5	chr22	16392123	50796027	2	1	1
36e25dca-e56d-44b6-9bc4-6ee3997ef9e5	chrX	251810	103928776	1	1	0
36e25dca-e56d-44b6-9bc4-6ee3997ef9e5	chrX	103928867	104127234	2	2	0
36e25dca-e56d-44b6-9bc4-6ee3997ef9e5	chrX	104128132	156004181	1	1	0
36e25dca-e56d-44b6-9bc4-6ee3997ef9e5	chrY	2782397	56872112	0	0	0
469ed921-dbe1-441e-9756-9ee090d45b48	chr1	62920	12759180	2	2	0
469ed921-dbe1-441e-9756-9ee090d45b48	chr1	12761142	13529289	1	1	0
469ed921-dbe1-441e-9756-9ee090d45b48	chr1	13531933	76021817	2	2	0
469ed921-dbe1-441e-9756-9ee090d45b48	chr1	76021859	76025194	0	0	0
469ed921-dbe1-441e-9756-9ee090d45b48	chr1	76025356	152583051	2	2	0
469ed921-dbe1-441e-9756-9ee090d45b48	chr1	152583230	152613802	0	0	0
469ed921-dbe1-441e-9756-9ee090d45b48	chr1	152614064	157228584	2	2	0
469ed921-dbe1-441e-9756-9ee090d45b48	chr1	157228642	157290091	3	3	0
469ed921-dbe1-441e-9756-9ee090d45b48	chr1	157290969	248930189	2	2	0
469ed921-dbe1-441e-9756-9ee090d45b48	chr2	12784	88834118	4	2	2
469ed921-dbe1-441e-9756-9ee090d45b48	chr2	88836539	89069842	12	12	0
469ed921-dbe1-441e-9756-9ee090d45b48	chr2	89085826	140989724	4	2	2
469ed921-dbe1-441e-9756-9ee090d45b48	chr2	140990392	141006595	3	2	1
469ed921-dbe1-441e-9756-9ee090d45b48	chr2	141007124	152056443	4	2	2
469ed921-dbe1-441e-9756-9ee090d45b48	chr2	152060288	152081921	2	1	1
469ed921-dbe1-441e-9756-9ee090d45b48	chr2	152083033	242147305	4	2	2
469ed921-dbe1-441e-9756-9ee090d45b48	chr3	20930	162822702	2	2	0
469ed921-dbe1-441e-9756-9ee090d45b48	chr3	162827928	162898127	5	5	0
469ed921-dbe1-441e-9756-9ee090d45b48	chr3	162906054	198169247	2	2	0
469ed921-dbe1-441e-9756-9ee090d45b48	chr4	68929	190106768	4	2	2
469ed921-dbe1-441e-9756-9ee090d45b48	chr5	15532	145113584	2	2	0
469ed921-dbe1-441e-9756-9ee090d45b48	chr5	145113624	145115279	0	0	0
469ed921-dbe1-441e-9756-9ee090d45b48	chr5	145115412	169089951	2	2	0
469ed921-dbe1-441e-9756-9ee090d45b48	chr5	169090017	169155335	3	3	0
469ed921-dbe1-441e-9756-9ee090d45b48	chr5	169156488	181363319	2	2	0
469ed921-dbe1-441e-9756-9ee090d45b48	chr6	149661	328357	2	2	0
469ed921-dbe1-441e-9756-9ee090d45b48	chr6	329869	381149	5	4	1
469ed921-dbe1-441e-9756-9ee090d45b48	chr6	382559	76702394	2	2	0
469ed921-dbe1-441e-9756-9ee090d45b48	chr6	76702482	76751356	0	0	0
469ed921-dbe1-441e-9756-9ee090d45b48	chr6	76758214	170741917	2	2	0
469ed921-dbe1-441e-9756-9ee090d45b48	chr7	43259	2674049	1	1	0
469ed921-dbe1-441e-9756-9ee090d45b48	chr7	2674701	50475229	2	2	0
469ed921-dbe1-441e-9756-9ee090d45b48	chr7	50477395	50479292	1	1	0
469ed921-dbe1-441e-9756-9ee090d45b48	chr7	50479871	71211776	2	2	0
469ed921-dbe1-441e-9756-9ee090d45b48	chr7	71215383	71225599	1	1	0
469ed921-dbe1-441e-9756-9ee090d45b48	chr7	71225629	97756658	2	2	0
469ed921-dbe1-441e-9756-9ee090d45b48	chr7	97766148	97773163	0	0	0
469ed921-dbe1-441e-9756-9ee090d45b48	chr7	97774928	159334314	2	2	0
469ed921-dbe1-441e-9756-9ee090d45b48	chr8	81254	12177488	4	2	2
469ed921-dbe1-441e-9756-9ee090d45b48	chr8	12323772	12389977	0	0	0
469ed921-dbe1-441e-9756-9ee090d45b48	chr8	12418301	74174970	4	2	2
469ed921-dbe1-441e-9756-9ee090d45b48	chr8	74175031	74186209	2	1	1
469ed921-dbe1-441e-9756-9ee090d45b48	chr8	74186776	140128916	4	2	2
469ed921-dbe1-441e-9756-9ee090d45b48	chr8	140129623	145072769	3	2	1
469ed921-dbe1-441e-9756-9ee090d45b48	chr9	46587	113359291	2	2	0
469ed921-dbe1-441e-9756-9ee090d45b48	chr9	113360046	113361974	1	1	0
469ed921-dbe1-441e-9756-9ee090d45b48	chr9	113362045	138200944	2	2	0
469ed921-dbe1-441e-9756-9ee090d45b48	chr10	45792	133654968	2	2	0
469ed921-dbe1-441e-9756-9ee090d45b48	chr11	198510	3623869	3	2	1
469ed921-dbe1-441e-9756-9ee090d45b48	chr11	3623903	7464691	4	2	2
469ed921-dbe1-441e-9756-9ee090d45b48	chr11	7467110	7480553	9	5	4
469ed921-dbe1-441e-9756-9ee090d45b48	chr11	7481032	135074876	4	2	2
469ed921-dbe1-441e-9756-9ee090d45b48	chr12	51460	11887447	4	2	2
469ed921-dbe1-441e-9756-9ee090d45b48	chr12	11889168	11904471	7	4	3
469ed921-dbe1-441e-9756-9ee090d45b48	chr12	11905122	32969881	4	2	2
469ed921-dbe1-441e-9756-9ee090d45b48	chr12	32970116	33141726	4	3	1
469ed921-dbe1-441e-9756-9ee090d45b48	chr12	33146857	33148627	0	0	0
469ed921-dbe1-441e-9756-9ee090d45b48	chr12	33148706	33186437	1	1	0
469ed921-dbe1-441e-9756-9ee090d45b48	chr12	33187415	33190401	3	2	1
469ed921-dbe1-441e-9756-9ee090d45b48	chr12	33190658	52526630	4	2	2
469ed921-dbe1-441e-9756-9ee090d45b48	chr12	52527431	52534131	7	4	3
469ed921-dbe1-441e-9756-9ee090d45b48	chr12	52534709	133201603	4	2	2
469ed921-dbe1-441e-9756-9ee090d45b48	chr13	18452809	114342922	2	2	0
469ed921-dbe1-441e-9756-9ee090d45b48	chr14	18239283	103244654	4	2	2
469ed921-dbe1-441e-9756-9ee090d45b48	chr14	103245000	103259355	2	1	1
469ed921-dbe1-441e-9756-9ee090d45b48	chr14	103259633	106877229	4	2	2
469ed921-dbe1-441e-9756-9ee090d45b48	chr15	19811075	101928837	2	2	0
469ed921-dbe1-441e-9756-9ee090d45b48	chr16	10777	5032230	3	2	1
469ed921-dbe1-441e-9756-9ee090d45b48	chr16	5032288	23942807	4	2	2
469ed921-dbe1-441e-9756-9ee090d45b48	chr16	23943189	23952893	2	1	1
469ed921-dbe1-441e-9756-9ee090d45b48	chr16	23954476	55761136	4	2	2
469ed921-dbe1-441e-9756-9ee090d45b48	chr16	55762477	55788532	0	0	0
469ed921-dbe1-441e-9756-9ee090d45b48	chr16	55808442	88287355	4	2	2
469ed921-dbe1-441e-9756-9ee090d45b48	chr16	88287385	89596014	3	2	1
469ed921-dbe1-441e-9756-9ee090d45b48	chr16	89596467	90096867	4	2	2
469ed921-dbe1-441e-9756-9ee090d45b48	chr17	150733	16510898	2	2	0
469ed921-dbe1-441e-9756-9ee090d45b48	chr17	16511116	16678690	1	1	0
469ed921-dbe1-441e-9756-9ee090d45b48	chr17	16684748	45040809	2	2	0
469ed921-dbe1-441e-9756-9ee090d45b48	chr17	45043709	45074707	1	1	0
469ed921-dbe1-441e-9756-9ee090d45b48	chr17	45074926	83091923	2	2	0
469ed921-dbe1-441e-9756-9ee090d45b48	chr18	48133	80257174	4	2	2
469ed921-dbe1-441e-9756-9ee090d45b48	chr19	90910	4414597	3	2	1
469ed921-dbe1-441e-9756-9ee090d45b48	chr19	4416414	28001049	4	2	2
469ed921-dbe1-441e-9756-9ee090d45b48	chr19	28001431	28214543	1	1	0
469ed921-dbe1-441e-9756-9ee090d45b48	chr19	28215249	28231225	5	3	2
469ed921-dbe1-441e-9756-9ee090d45b48	chr19	28231295	28231628	4	4	0
469ed921-dbe1-441e-9756-9ee090d45b48	chr19	28239804	33379418	4	2	2
469ed921-dbe1-441e-9756-9ee090d45b48	chr19	33379581	33394212	2	1	1
469ed921-dbe1-441e-9756-9ee090d45b48	chr19	33396254	58586487	4	2	2
469ed921-dbe1-441e-9756-9ee090d45b48	chr20	80664	61928981	4	2	2
469ed921-dbe1-441e-9756-9ee090d45b48	chr20	61929031	64324800	3	2	1
469ed921-dbe1-441e-9756-9ee090d45b48	chr21	12973348	46677045	2	2	0
469ed921-dbe1-441e-9756-9ee090d45b48	chr22	16392123	50796027	4	2	2
469ed921-dbe1-441e-9756-9ee090d45b48	chrX	251810	156004181	2	2	0
469ed921-dbe1-441e-9756-9ee090d45b48	chrY	2782397	56872112	0	0	0
0902d8cf-f32c-48c5-9183-acd96cdac552	chr1	61735	248930189	1	1	0
0902d8cf-f32c-48c5-9183-acd96cdac552	chr2	12784	75225039	1	1	0
0902d8cf-f32c-48c5-9183-acd96cdac552	chr2	75225340	76610830	0	0	0
0902d8cf-f32c-48c5-9183-acd96cdac552	chr2	76610889	242147305	1	1	0
0902d8cf-f32c-48c5-9183-acd96cdac552	chr3	18667	24377466	2	1	1
0902d8cf-f32c-48c5-9183-acd96cdac552	chr3	24377514	24500357	1	1	0
0902d8cf-f32c-48c5-9183-acd96cdac552	chr3	24502554	198169247	2	1	1
0902d8cf-f32c-48c5-9183-acd96cdac552	chr4	12281	190106768	2	1	1
0902d8cf-f32c-48c5-9183-acd96cdac552	chr5	15532	137417531	2	1	1
0902d8cf-f32c-48c5-9183-acd96cdac552	chr5	137418060	137702044	1	1	0
0902d8cf-f32c-48c5-9183-acd96cdac552	chr5	137705637	181363319	2	1	1
0902d8cf-f32c-48c5-9183-acd96cdac552	chr6	149661	158205300	1	1	0
0902d8cf-f32c-48c5-9183-acd96cdac552	chr6	158207173	158605652	0	0	0
0902d8cf-f32c-48c5-9183-acd96cdac552	chr6	158605724	170741917	1	1	0
0902d8cf-f32c-48c5-9183-acd96cdac552	chr7	43259	159334314	2	1	1
0902d8cf-f32c-48c5-9183-acd96cdac552	chr8	81254	145072769	2	1	1
0902d8cf-f32c-48c5-9183-acd96cdac552	chr9	46587	138200944	2	1	1
0902d8cf-f32c-48c5-9183-acd96cdac552	chr10	26823	133769379	1	1	0
0902d8cf-f32c-48c5-9183-acd96cdac552	chr11	198572	135074876	2	1	1
0902d8cf-f32c-48c5-9183-acd96cdac552	chr12	51460	133201603	2	1	1
0902d8cf-f32c-48c5-9183-acd96cdac552	chr13	18452809	114342922	1	1	0
0902d8cf-f32c-48c5-9183-acd96cdac552	chr14	18225647	106877229	2	1	1
0902d8cf-f32c-48c5-9183-acd96cdac552	chr15	19811075	101928837	2	1	1
0902d8cf-f32c-48c5-9183-acd96cdac552	chr16	10777	90221127	1	1	0
0902d8cf-f32c-48c5-9183-acd96cdac552	chr17	150733	83090856	1	1	0
0902d8cf-f32c-48c5-9183-acd96cdac552	chr18	48133	80257174	1	1	0
0902d8cf-f32c-48c5-9183-acd96cdac552	chr19	90910	2266822	2	1	1
0902d8cf-f32c-48c5-9183-acd96cdac552	chr19	2268056	8569882	1	1	0
0902d8cf-f32c-48c5-9183-acd96cdac552	chr19	8575632	58505229	2	1	1
0902d8cf-f32c-48c5-9183-acd96cdac552	chr19	58506067	58586487	1	1	0
0902d8cf-f32c-48c5-9183-acd96cdac552	chr20	80664	64324800	1	1	0
0902d8cf-f32c-48c5-9183-acd96cdac552	chr21	10336543	46677045	1	1	0
0902d8cf-f32c-48c5-9183-acd96cdac552	chr22	15294545	50796027	1	1	0
0902d8cf-f32c-48c5-9183-acd96cdac552	chrX	251810	156004181	1	1	0
53a0d58f-4b62-4ec8-9795-84a62e17487d	chr1	61735	71534238	2	2	0
53a0d58f-4b62-4ec8-9795-84a62e17487d	chr1	71534963	71864222	1	1	0
53a0d58f-4b62-4ec8-9795-84a62e17487d	chr1	71864741	121741181	2	2	0
53a0d58f-4b62-4ec8-9795-84a62e17487d	chr1	143285278	237831983	3	2	1
53a0d58f-4b62-4ec8-9795-84a62e17487d	chr1	237831999	241007781	4	3	1
53a0d58f-4b62-4ec8-9795-84a62e17487d	chr1	241007849	248930189	3	2	1
53a0d58f-4b62-4ec8-9795-84a62e17487d	chr2	12784	2580043	5	3	2
53a0d58f-4b62-4ec8-9795-84a62e17487d	chr2	2580118	4439125	4	2	2
53a0d58f-4b62-4ec8-9795-84a62e17487d	chr2	4442452	6008878	5	3	2
53a0d58f-4b62-4ec8-9795-84a62e17487d	chr2	6011439	48992698	4	2	2
53a0d58f-4b62-4ec8-9795-84a62e17487d	chr2	48992941	53336434	5	3	2
53a0d58f-4b62-4ec8-9795-84a62e17487d	chr2	53338348	76485722	4	2	2
53a0d58f-4b62-4ec8-9795-84a62e17487d	chr2	76487995	84283967	5	3	2
53a0d58f-4b62-4ec8-9795-84a62e17487d	chr2	84292539	114461398	4	2	2
53a0d58f-4b62-4ec8-9795-84a62e17487d	chr2	114461481	117491212	5	3	2
53a0d58f-4b62-4ec8-9795-84a62e17487d	chr2	117491353	123328771	4	2	2
53a0d58f-4b62-4ec8-9795-84a62e17487d	chr2	123332079	125002501	5	3	2
53a0d58f-4b62-4ec8-9795-84a62e17487d	chr2	125003321	188064778	4	2	2
53a0d58f-4b62-4ec8-9795-84a62e17487d	chr2	188069582	242147305	2	2	0
53a0d58f-4b62-4ec8-9795-84a62e17487d	chr3	18667	126977260	2	2	0
53a0d58f-4b62-4ec8-9795-84a62e17487d	chr3	126977600	145304496	4	2	2
53a0d58f-4b62-4ec8-9795-84a62e17487d	chr3	145304557	147884644	5	3	2
53a0d58f-4b62-4ec8-9795-84a62e17487d	chr3	147884697	198169247	4	2	2
53a0d58f-4b62-4ec8-9795-84a62e17487d	chr4	12281	190106768	2	2	0
53a0d58f-4b62-4ec8-9795-84a62e17487d	chr5	15532	181363319	3	2	1
53a0d58f-4b62-4ec8-9795-84a62e17487d	chr6	149661	61542203	3	2	1
53a0d58f-4b62-4ec8-9795-84a62e17487d	chr6	61542416	170741917	2	2	0
53a0d58f-4b62-4ec8-9795-84a62e17487d	chr7	43259	2374952	3	2	1
53a0d58f-4b62-4ec8-9795-84a62e17487d	chr7	2375122	2674049	2	1	1
53a0d58f-4b62-4ec8-9795-84a62e17487d	chr7	2674701	69794498	3	2	1
53a0d58f-4b62-4ec8-9795-84a62e17487d	chr7	69794627	70207707	1	1	0
53a0d58f-4b62-4ec8-9795-84a62e17487d	chr7	70208434	159334314	3	2	1
53a0d58f-4b62-4ec8-9795-84a62e17487d	chr8	81254	3438638	4	4	0
53a0d58f-4b62-4ec8-9795-84a62e17487d	chr8	3439198	6174124	5	5	0
53a0d58f-4b62-4ec8-9795-84a62e17487d	chr8	6174301	13101805	4	4	0
53a0d58f-4b62-4ec8-9795-84a62e17487d	chr8	13104990	17085472	5	5	0
53a0d58f-4b62-4ec8-9795-84a62e17487d	chr8	17086326	112033812	4	4	0
53a0d58f-4b62-4ec8-9795-84a62e17487d	chr8	112042229	122367260	7	7	0
53a0d58f-4b62-4ec8-9795-84a62e17487d	chr8	122371556	135459821	6	6	0
53a0d58f-4b62-4ec8-9795-84a62e17487d	chr8	135462603	137639964	7	7	0
53a0d58f-4b62-4ec8-9795-84a62e17487d	chr8	137643883	145072769	4	4	0
53a0d58f-4b62-4ec8-9795-84a62e17487d	chr9	46587	7446748	4	4	0
53a0d58f-4b62-4ec8-9795-84a62e17487d	chr9	7446763	8332307	5	5	0
53a0d58f-4b62-4ec8-9795-84a62e17487d	chr9	8332353	138200944	2	2	0
53a0d58f-4b62-4ec8-9795-84a62e17487d	chr10	26823	36044561	4	2	2
53a0d58f-4b62-4ec8-9795-84a62e17487d	chr10	36044720	37402713	5	3	2
53a0d58f-4b62-4ec8-9795-84a62e17487d	chr10	37404715	83224665	4	2	2
53a0d58f-4b62-4ec8-9795-84a62e17487d	chr10	83225317	84628421	4	3	1
53a0d58f-4b62-4ec8-9795-84a62e17487d	chr10	84629732	85783639	5	3	2
53a0d58f-4b62-4ec8-9795-84a62e17487d	chr10	85784153	115655804	4	2	2
53a0d58f-4b62-4ec8-9795-84a62e17487d	chr10	115655951	116687767	5	3	2
53a0d58f-4b62-4ec8-9795-84a62e17487d	chr10	116687864	126241887	4	2	2
53a0d58f-4b62-4ec8-9795-84a62e17487d	chr10	126242112	127833127	5	3	2
53a0d58f-4b62-4ec8-9795-84a62e17487d	chr10	127833274	133769379	4	2	2
53a0d58f-4b62-4ec8-9795-84a62e17487d	chr11	198572	135074876	2	2	0
53a0d58f-4b62-4ec8-9795-84a62e17487d	chr12	51460	8884843	4	2	2
53a0d58f-4b62-4ec8-9795-84a62e17487d	chr12	8885976	133201603	3	2	1
53a0d58f-4b62-4ec8-9795-84a62e17487d	chr13	18452809	93244786	2	2	0
53a0d58f-4b62-4ec8-9795-84a62e17487d	chr13	93248595	93412690	0	0	0
53a0d58f-4b62-4ec8-9795-84a62e17487d	chr13	93414389	114342922	2	2	0
53a0d58f-4b62-4ec8-9795-84a62e17487d	chr14	18225647	19955213	3	2	1
53a0d58f-4b62-4ec8-9795-84a62e17487d	chr14	19956767	51615796	2	2	0
53a0d58f-4b62-4ec8-9795-84a62e17487d	chr14	51616362	51722475	0	0	0
53a0d58f-4b62-4ec8-9795-84a62e17487d	chr14	51722981	106877229	2	2	0
53a0d58f-4b62-4ec8-9795-84a62e17487d	chr15	19811075	101928837	2	2	0
53a0d58f-4b62-4ec8-9795-84a62e17487d	chr16	10777	78562710	2	2	0
53a0d58f-4b62-4ec8-9795-84a62e17487d	chr16	78565255	78768798	1	1	0
53a0d58f-4b62-4ec8-9795-84a62e17487d	chr16	78769224	90221127	2	2	0
53a0d58f-4b62-4ec8-9795-84a62e17487d	chr17	150733	52186964	2	2	0
53a0d58f-4b62-4ec8-9795-84a62e17487d	chr17	52186964	54483497	3	2	1
53a0d58f-4b62-4ec8-9795-84a62e17487d	chr17	54486955	83090856	2	2	0
53a0d58f-4b62-4ec8-9795-84a62e17487d	chr18	48133	80257174	2	2	0
53a0d58f-4b62-4ec8-9795-84a62e17487d	chr19	90910	30510892	3	2	1
53a0d58f-4b62-4ec8-9795-84a62e17487d	chr19	30514592	58586487	2	1	1
53a0d58f-4b62-4ec8-9795-84a62e17487d	chr20	80664	64324800	4	2	2
53a0d58f-4b62-4ec8-9795-84a62e17487d	chr21	10336543	46677045	2	2	0
53a0d58f-4b62-4ec8-9795-84a62e17487d	chr22	15294545	50796027	3	2	1
53a0d58f-4b62-4ec8-9795-84a62e17487d	chrX	251810	155559522	1	1	0
53a0d58f-4b62-4ec8-9795-84a62e17487d	chrX	155559835	156004181	0	0	0
c744110f-1151-4691-b44f-4b0fde9ef4c2	chr1	62920	248930189	1	1	0
c744110f-1151-4691-b44f-4b0fde9ef4c2	chr2	12784	88834118	1	1	0
c744110f-1151-4691-b44f-4b0fde9ef4c2	chr2	88836539	89118119	3	3	0
c744110f-1151-4691-b44f-4b0fde9ef4c2	chr2	89119438	152054658	1	1	0
c744110f-1151-4691-b44f-4b0fde9ef4c2	chr2	152054824	152081921	0	0	0
c744110f-1151-4691-b44f-4b0fde9ef4c2	chr2	152083033	242147305	1	1	0
c744110f-1151-4691-b44f-4b0fde9ef4c2	chr3	20930	120388366	2	1	1
c744110f-1151-4691-b44f-4b0fde9ef4c2	chr3	120389157	120403648	1	1	0
c744110f-1151-4691-b44f-4b0fde9ef4c2	chr3	120403777	142239145	2	1	1
c744110f-1151-4691-b44f-4b0fde9ef4c2	chr3	142239803	142366687	4	2	2
c744110f-1151-4691-b44f-4b0fde9ef4c2	chr3	142366928	198169247	2	1	1
c744110f-1151-4691-b44f-4b0fde9ef4c2	chr4	68929	34755297	2	1	1
c744110f-1151-4691-b44f-4b0fde9ef4c2	chr4	34755317	34846054	0	0	0
c744110f-1151-4691-b44f-4b0fde9ef4c2	chr4	34846782	70263849	2	1	1
c744110f-1151-4691-b44f-4b0fde9ef4c2	chr4	70267583	70363945	3	2	1
c744110f-1151-4691-b44f-4b0fde9ef4c2	chr4	70364163	190106768	2	1	1
c744110f-1151-4691-b44f-4b0fde9ef4c2	chr5	15532	15679996	2	1	1
c744110f-1151-4691-b44f-4b0fde9ef4c2	chr5	15680635	15723237	0	0	0
c744110f-1151-4691-b44f-4b0fde9ef4c2	chr5	15723376	137269184	2	1	1
c744110f-1151-4691-b44f-4b0fde9ef4c2	chr5	137269415	137274303	1	1	0
c744110f-1151-4691-b44f-4b0fde9ef4c2	chr5	137274433	151349492	2	1	1
c744110f-1151-4691-b44f-4b0fde9ef4c2	chr5	151349717	151397487	3	2	1
c744110f-1151-4691-b44f-4b0fde9ef4c2	chr5	151398237	181363319	2	1	1
c744110f-1151-4691-b44f-4b0fde9ef4c2	chr6	149661	45888583	1	1	0
c744110f-1151-4691-b44f-4b0fde9ef4c2	chr6	45889867	45939624	2	2	0
c744110f-1151-4691-b44f-4b0fde9ef4c2	chr6	45940454	76708370	1	1	0
c744110f-1151-4691-b44f-4b0fde9ef4c2	chr6	76708490	76763966	0	0	0
c744110f-1151-4691-b44f-4b0fde9ef4c2	chr6	76765352	170741917	1	1	0
c744110f-1151-4691-b44f-4b0fde9ef4c2	chr7	43259	50474784	2	1	1
c744110f-1151-4691-b44f-4b0fde9ef4c2	chr7	50475181	50479292	1	1	0
c744110f-1151-4691-b44f-4b0fde9ef4c2	chr7	50479871	95210435	2	1	1
c744110f-1151-4691-b44f-4b0fde9ef4c2	chr7	95212089	95282845	3	2	1
c744110f-1151-4691-b44f-4b0fde9ef4c2	chr7	95283092	151659823	2	1	1
c744110f-1151-4691-b44f-4b0fde9ef4c2	chr7	151667178	151692235	1	1	0
c744110f-1151-4691-b44f-4b0fde9ef4c2	chr7	151692415	159334314	2	1	1
c744110f-1151-4691-b44f-4b0fde9ef4c2	chr8	81254	145072769	2	1	1
c744110f-1151-4691-b44f-4b0fde9ef4c2	chr9	46587	133714091	2	1	1
c744110f-1151-4691-b44f-4b0fde9ef4c2	chr9	133721141	133753192	4	2	2
c744110f-1151-4691-b44f-4b0fde9ef4c2	chr9	133753594	138200944	2	1	1
c744110f-1151-4691-b44f-4b0fde9ef4c2	chr10	45792	93893240	1	1	0
c744110f-1151-4691-b44f-4b0fde9ef4c2	chr10	93893392	93937411	2	2	0
c744110f-1151-4691-b44f-4b0fde9ef4c2	chr10	93942607	133654968	1	1	0
c744110f-1151-4691-b44f-4b0fde9ef4c2	chr11	198510	60078562	2	1	1
c744110f-1151-4691-b44f-4b0fde9ef4c2	chr11	60079011	60123896	1	1	0
c744110f-1151-4691-b44f-4b0fde9ef4c2	chr11	60126133	112473694	2	1	1
c744110f-1151-4691-b44f-4b0fde9ef4c2	chr11	112476388	112480812	4	2	2
c744110f-1151-4691-b44f-4b0fde9ef4c2	chr11	112482431	134837880	2	1	1
c744110f-1151-4691-b44f-4b0fde9ef4c2	chr11	134838634	134982384	3	2	1
c744110f-1151-4691-b44f-4b0fde9ef4c2	chr11	134983217	135074876	2	1	1
c744110f-1151-4691-b44f-4b0fde9ef4c2	chr12	51460	128235166	2	1	1
c744110f-1151-4691-b44f-4b0fde9ef4c2	chr12	128236698	128246219	4	2	2
c744110f-1151-4691-b44f-4b0fde9ef4c2	chr12	128246357	133201603	2	1	1
c744110f-1151-4691-b44f-4b0fde9ef4c2	chr13	18452809	101381335	1	1	0
c744110f-1151-4691-b44f-4b0fde9ef4c2	chr13	101381497	101398295	0	0	0
c744110f-1151-4691-b44f-4b0fde9ef4c2	chr13	101398309	106767514	1	1	0
c744110f-1151-4691-b44f-4b0fde9ef4c2	chr13	106769638	106775303	2	2	0
c744110f-1151-4691-b44f-4b0fde9ef4c2	chr13	106775817	107431146	1	1	0
c744110f-1151-4691-b44f-4b0fde9ef4c2	chr13	107431317	107484641	2	2	0
c744110f-1151-4691-b44f-4b0fde9ef4c2	chr13	107484657	114342922	1	1	0
c744110f-1151-4691-b44f-4b0fde9ef4c2	chr14	18239283	105757523	2	1	1
c744110f-1151-4691-b44f-4b0fde9ef4c2	chr14	105758017	106365807	5	5	0
c744110f-1151-4691-b44f-4b0fde9ef4c2	chr14	106369985	106877229	2	1	1
c744110f-1151-4691-b44f-4b0fde9ef4c2	chr15	19811075	45223505	2	1	1
c744110f-1151-4691-b44f-4b0fde9ef4c2	chr15	45224975	45237451	1	1	0
c744110f-1151-4691-b44f-4b0fde9ef4c2	chr15	45237569	101928837	2	1	1
c744110f-1151-4691-b44f-4b0fde9ef4c2	chr16	10777	90096867	2	1	1
c744110f-1151-4691-b44f-4b0fde9ef4c2	chr17	150733	14609286	1	1	0
c744110f-1151-4691-b44f-4b0fde9ef4c2	chr17	14609311	14619764	0	0	0
c744110f-1151-4691-b44f-4b0fde9ef4c2	chr17	14619980	18414080	1	1	0
c744110f-1151-4691-b44f-4b0fde9ef4c2	chr17	18452078	18543365	0	0	0
c744110f-1151-4691-b44f-4b0fde9ef4c2	chr17	18550123	41266838	1	1	0
c744110f-1151-4691-b44f-4b0fde9ef4c2	chr17	41266851	41274279	0	0	0
c744110f-1151-4691-b44f-4b0fde9ef4c2	chr17	41276472	83091923	1	1	0
c744110f-1151-4691-b44f-4b0fde9ef4c2	chr18	48133	2164641	2	1	1
c744110f-1151-4691-b44f-4b0fde9ef4c2	chr18	2166710	2168903	1	1	0
c744110f-1151-4691-b44f-4b0fde9ef4c2	chr18	2169924	80257174	2	1	1
c744110f-1151-4691-b44f-4b0fde9ef4c2	chr19	90910	31381364	2	1	1
c744110f-1151-4691-b44f-4b0fde9ef4c2	chr19	31381832	31445643	3	2	1
c744110f-1151-4691-b44f-4b0fde9ef4c2	chr19	31445834	58586487	2	1	1
c744110f-1151-4691-b44f-4b0fde9ef4c2	chr20	80664	64324800	2	1	1
c744110f-1151-4691-b44f-4b0fde9ef4c2	chr21	12973348	45894988	1	1	0
c744110f-1151-4691-b44f-4b0fde9ef4c2	chr21	45897554	45920391	2	2	0
c744110f-1151-4691-b44f-4b0fde9ef4c2	chr21	45921314	46677045	1	1	0
c744110f-1151-4691-b44f-4b0fde9ef4c2	chr22	16392123	50796027	2	1	1
c744110f-1151-4691-b44f-4b0fde9ef4c2	chrX	251810	10164183	2	1	1
c744110f-1151-4691-b44f-4b0fde9ef4c2	chrX	10166899	10196495	3	2	1
c744110f-1151-4691-b44f-4b0fde9ef4c2	chrX	10196687	80616929	2	1	1
c744110f-1151-4691-b44f-4b0fde9ef4c2	chrX	80617011	127291742	3	2	1
c744110f-1151-4691-b44f-4b0fde9ef4c2	chrX	127291847	127295336	7	5	2
c744110f-1151-4691-b44f-4b0fde9ef4c2	chrX	127295792	156004181	3	2	1
c744110f-1151-4691-b44f-4b0fde9ef4c2	chrY	2782397	56872112	0	0	0
385cabe2-ae00-47f9-8550-af70f504be4c	chr1	61735	248930189	1	1	0
385cabe2-ae00-47f9-8550-af70f504be4c	chr2	12784	242147305	1	1	0
385cabe2-ae00-47f9-8550-af70f504be4c	chr3	18667	496675	2	2	0
385cabe2-ae00-47f9-8550-af70f504be4c	chr3	496727	198169247	2	1	1
385cabe2-ae00-47f9-8550-af70f504be4c	chr4	12281	190106768	2	1	1
385cabe2-ae00-47f9-8550-af70f504be4c	chr5	15532	181363319	2	1	1
385cabe2-ae00-47f9-8550-af70f504be4c	chr6	149661	170741917	1	1	0
385cabe2-ae00-47f9-8550-af70f504be4c	chr7	43259	159334314	2	1	1
385cabe2-ae00-47f9-8550-af70f504be4c	chr8	81254	86008959	2	1	1
385cabe2-ae00-47f9-8550-af70f504be4c	chr8	86009432	87036061	1	1	0
385cabe2-ae00-47f9-8550-af70f504be4c	chr8	87036183	145072769	2	1	1
385cabe2-ae00-47f9-8550-af70f504be4c	chr9	46587	138200944	2	1	1
385cabe2-ae00-47f9-8550-af70f504be4c	chr10	26823	133769379	1	1	0
385cabe2-ae00-47f9-8550-af70f504be4c	chr11	198572	135074876	2	1	1
385cabe2-ae00-47f9-8550-af70f504be4c	chr12	51460	144962	1	1	0
385cabe2-ae00-47f9-8550-af70f504be4c	chr12	147054	133201603	2	1	1
385cabe2-ae00-47f9-8550-af70f504be4c	chr13	18452809	114342922	1	1	0
385cabe2-ae00-47f9-8550-af70f504be4c	chr14	18225647	106877229	2	1	1
385cabe2-ae00-47f9-8550-af70f504be4c	chr15	19811075	101928837	2	1	1
385cabe2-ae00-47f9-8550-af70f504be4c	chr16	10777	36048855	2	1	1
385cabe2-ae00-47f9-8550-af70f504be4c	chr16	46429870	46968728	2	2	0
385cabe2-ae00-47f9-8550-af70f504be4c	chr16	46969373	70865009	2	1	1
385cabe2-ae00-47f9-8550-af70f504be4c	chr16	70865289	71060273	1	1	0
385cabe2-ae00-47f9-8550-af70f504be4c	chr16	71061417	90221127	2	1	1
385cabe2-ae00-47f9-8550-af70f504be4c	chr17	150733	83090856	1	1	0
385cabe2-ae00-47f9-8550-af70f504be4c	chr18	48133	80257174	2	1	1
385cabe2-ae00-47f9-8550-af70f504be4c	chr19	90910	58586487	2	1	1
385cabe2-ae00-47f9-8550-af70f504be4c	chr20	80664	64324800	2	1	1
385cabe2-ae00-47f9-8550-af70f504be4c	chr21	10336543	46677045	1	1	0
385cabe2-ae00-47f9-8550-af70f504be4c	chr22	15294545	50796027	2	1	1
385cabe2-ae00-47f9-8550-af70f504be4c	chrX	251810	156004181	1	1	0
96c81f73-0399-4e44-9da1-a8d149912d5f	chr1	61735	111124496	3	3	0
96c81f73-0399-4e44-9da1-a8d149912d5f	chr1	111124808	196819927	2	2	0
96c81f73-0399-4e44-9da1-a8d149912d5f	chr1	196819952	196869965	1	1	0
96c81f73-0399-4e44-9da1-a8d149912d5f	chr1	196870033	248930189	2	2	0
96c81f73-0399-4e44-9da1-a8d149912d5f	chr2	12784	13368834	1	1	0
96c81f73-0399-4e44-9da1-a8d149912d5f	chr2	13370879	119388061	2	2	0
96c81f73-0399-4e44-9da1-a8d149912d5f	chr2	119388079	242147305	1	1	0
96c81f73-0399-4e44-9da1-a8d149912d5f	chr3	18667	25322685	4	2	2
96c81f73-0399-4e44-9da1-a8d149912d5f	chr3	25322782	25569840	3	2	1
96c81f73-0399-4e44-9da1-a8d149912d5f	chr3	25570200	174118994	5	3	2
96c81f73-0399-4e44-9da1-a8d149912d5f	chr3	174119543	175040512	2	2	0
96c81f73-0399-4e44-9da1-a8d149912d5f	chr3	175040849	175260962	5	4	1
96c81f73-0399-4e44-9da1-a8d149912d5f	chr3	175261227	198169247	2	2	0
96c81f73-0399-4e44-9da1-a8d149912d5f	chr4	12281	313612	2	2	0
96c81f73-0399-4e44-9da1-a8d149912d5f	chr4	313627	174282826	3	2	1
96c81f73-0399-4e44-9da1-a8d149912d5f	chr4	174287922	190106768	2	1	1
96c81f73-0399-4e44-9da1-a8d149912d5f	chr5	15532	2800629	3	2	1
96c81f73-0399-4e44-9da1-a8d149912d5f	chr5	2801643	59652664	5	3	2
96c81f73-0399-4e44-9da1-a8d149912d5f	chr5	59657716	180243528	3	2	1
96c81f73-0399-4e44-9da1-a8d149912d5f	chr5	180249661	181363319	1	1	0
96c81f73-0399-4e44-9da1-a8d149912d5f	chr6	149661	129084183	2	2	0
96c81f73-0399-4e44-9da1-a8d149912d5f	chr6	129084215	170741917	1	1	0
96c81f73-0399-4e44-9da1-a8d149912d5f	chr7	43259	158991533	4	2	2
96c81f73-0399-4e44-9da1-a8d149912d5f	chr7	158993155	159334314	3	2	1
96c81f73-0399-4e44-9da1-a8d149912d5f	chr8	81254	143876552	4	2	2
96c81f73-0399-4e44-9da1-a8d149912d5f	chr8	143882296	145072769	3	2	1
96c81f73-0399-4e44-9da1-a8d149912d5f	chr9	46587	42995504	4	2	2
96c81f73-0399-4e44-9da1-a8d149912d5f	chr9	60840363	138200944	3	2	1
96c81f73-0399-4e44-9da1-a8d149912d5f	chr10	26823	971974	0	0	0
96c81f73-0399-4e44-9da1-a8d149912d5f	chr10	973175	3560636	1	1	0
96c81f73-0399-4e44-9da1-a8d149912d5f	chr10	3565537	42409557	2	2	0
96c81f73-0399-4e44-9da1-a8d149912d5f	chr10	42409609	133769379	1	1	0
96c81f73-0399-4e44-9da1-a8d149912d5f	chr11	198572	1348770	3	2	1
96c81f73-0399-4e44-9da1-a8d149912d5f	chr11	1359534	1885797	2	1	1
96c81f73-0399-4e44-9da1-a8d149912d5f	chr11	1885854	40582035	3	2	1
96c81f73-0399-4e44-9da1-a8d149912d5f	chr11	40582411	40734790	2	1	1
96c81f73-0399-4e44-9da1-a8d149912d5f	chr11	40736377	50400965	3	2	1
96c81f73-0399-4e44-9da1-a8d149912d5f	chr11	50408188	63057154	4	2	2
96c81f73-0399-4e44-9da1-a8d149912d5f	chr11	63057692	79320154	3	2	1
96c81f73-0399-4e44-9da1-a8d149912d5f	chr11	79320185	80546925	2	1	1
96c81f73-0399-4e44-9da1-a8d149912d5f	chr11	80553160	134663450	3	2	1
96c81f73-0399-4e44-9da1-a8d149912d5f	chr11	134667838	135074876	2	1	1
96c81f73-0399-4e44-9da1-a8d149912d5f	chr12	51460	1322114	3	2	1
96c81f73-0399-4e44-9da1-a8d149912d5f	chr12	1324065	37714251	4	2	2
96c81f73-0399-4e44-9da1-a8d149912d5f	chr12	37767650	52759624	3	2	1
96c81f73-0399-4e44-9da1-a8d149912d5f	chr12	52761561	54517122	4	2	2
96c81f73-0399-4e44-9da1-a8d149912d5f	chr12	54522709	89377389	3	2	1
96c81f73-0399-4e44-9da1-a8d149912d5f	chr12	89381292	133201603	2	1	1
96c81f73-0399-4e44-9da1-a8d149912d5f	chr13	18452809	114342922	2	2	0
96c81f73-0399-4e44-9da1-a8d149912d5f	chr14	18225647	79220381	4	2	2
96c81f73-0399-4e44-9da1-a8d149912d5f	chr14	79222993	79419736	1	1	0
96c81f73-0399-4e44-9da1-a8d149912d5f	chr14	79420484	106877229	4	2	2
96c81f73-0399-4e44-9da1-a8d149912d5f	chr15	19811075	101928837	4	2	2
96c81f73-0399-4e44-9da1-a8d149912d5f	chr16	10777	36048855	3	2	1
96c81f73-0399-4e44-9da1-a8d149912d5f	chr16	46429870	58889958	2	2	0
96c81f73-0399-4e44-9da1-a8d149912d5f	chr16	58894054	90221127	1	1	0
96c81f73-0399-4e44-9da1-a8d149912d5f	chr17	150733	373984	1	1	0
96c81f73-0399-4e44-9da1-a8d149912d5f	chr17	376174	83090856	2	2	0
96c81f73-0399-4e44-9da1-a8d149912d5f	chr18	48133	79930431	4	2	2
96c81f73-0399-4e44-9da1-a8d149912d5f	chr18	79930746	80257174	3	2	1
96c81f73-0399-4e44-9da1-a8d149912d5f	chr19	90910	27507658	3	2	1
96c81f73-0399-4e44-9da1-a8d149912d5f	chr19	27509930	43190778	4	2	2
96c81f73-0399-4e44-9da1-a8d149912d5f	chr19	43192823	58586487	3	2	1
96c81f73-0399-4e44-9da1-a8d149912d5f	chr20	80664	240377	4	3	1
96c81f73-0399-4e44-9da1-a8d149912d5f	chr20	240377	14842673	4	2	2
96c81f73-0399-4e44-9da1-a8d149912d5f	chr20	14842788	16347180	3	2	1
96c81f73-0399-4e44-9da1-a8d149912d5f	chr20	16347198	34959861	4	2	2
96c81f73-0399-4e44-9da1-a8d149912d5f	chr20	34965259	64324800	3	2	1
96c81f73-0399-4e44-9da1-a8d149912d5f	chr21	10336543	46677045	2	2	0
96c81f73-0399-4e44-9da1-a8d149912d5f	chr22	15294545	50796027	4	2	2
96c81f73-0399-4e44-9da1-a8d149912d5f	chrX	251810	156004181	2	2	0
a52e6be3-5960-46d9-bed2-dedaf0d2a6db	chr1	61735	248930189	1	1	0
a52e6be3-5960-46d9-bed2-dedaf0d2a6db	chr2	12784	223560190	2	1	1
a52e6be3-5960-46d9-bed2-dedaf0d2a6db	chr2	223563967	242147305	1	1	0
a52e6be3-5960-46d9-bed2-dedaf0d2a6db	chr3	18667	90224641	1	1	0
a52e6be3-5960-46d9-bed2-dedaf0d2a6db	chr3	90230647	198169247	2	1	1
a52e6be3-5960-46d9-bed2-dedaf0d2a6db	chr4	12281	186955675	2	1	1
a52e6be3-5960-46d9-bed2-dedaf0d2a6db	chr4	186955747	190106768	3	2	1
a52e6be3-5960-46d9-bed2-dedaf0d2a6db	chr5	15532	181363319	2	1	1
a52e6be3-5960-46d9-bed2-dedaf0d2a6db	chr6	149661	170741917	1	1	0
a52e6be3-5960-46d9-bed2-dedaf0d2a6db	chr7	43259	159334314	2	1	1
a52e6be3-5960-46d9-bed2-dedaf0d2a6db	chr8	81254	145072769	2	1	1
a52e6be3-5960-46d9-bed2-dedaf0d2a6db	chr9	46587	138200944	2	1	1
a52e6be3-5960-46d9-bed2-dedaf0d2a6db	chr10	26823	133769379	1	1	0
a52e6be3-5960-46d9-bed2-dedaf0d2a6db	chr11	198572	135074876	2	1	1
a52e6be3-5960-46d9-bed2-dedaf0d2a6db	chr12	51460	133201603	2	1	1
a52e6be3-5960-46d9-bed2-dedaf0d2a6db	chr13	18452809	114342922	2	1	1
a52e6be3-5960-46d9-bed2-dedaf0d2a6db	chr14	18225647	106877229	2	1	1
a52e6be3-5960-46d9-bed2-dedaf0d2a6db	chr15	19811075	22255541	2	2	0
a52e6be3-5960-46d9-bed2-dedaf0d2a6db	chr15	22256018	101928837	2	1	1
a52e6be3-5960-46d9-bed2-dedaf0d2a6db	chr16	10777	90221127	2	1	1
a52e6be3-5960-46d9-bed2-dedaf0d2a6db	chr17	150733	83090856	2	1	1
a52e6be3-5960-46d9-bed2-dedaf0d2a6db	chr18	48133	80257174	2	1	1
a52e6be3-5960-46d9-bed2-dedaf0d2a6db	chr19	90910	58586487	2	1	1
a52e6be3-5960-46d9-bed2-dedaf0d2a6db	chr20	80664	64324800	2	1	1
a52e6be3-5960-46d9-bed2-dedaf0d2a6db	chr21	10336543	46677045	2	1	1
a52e6be3-5960-46d9-bed2-dedaf0d2a6db	chr22	15294545	50796027	2	1	1
a52e6be3-5960-46d9-bed2-dedaf0d2a6db	chrX	251810	2785350	2	1	1
a52e6be3-5960-46d9-bed2-dedaf0d2a6db	chrX	2785592	155699373	1	1	0
a52e6be3-5960-46d9-bed2-dedaf0d2a6db	chrX	155699444	156004181	3	2	1
abfe497c-2d8d-4761-ba6a-9b672d443553	chr1	61735	248930189	2	2	0
abfe497c-2d8d-4761-ba6a-9b672d443553	chr2	12784	242147305	2	2	0
abfe497c-2d8d-4761-ba6a-9b672d443553	chr3	18667	198169247	4	2	2
abfe497c-2d8d-4761-ba6a-9b672d443553	chr4	12281	190106768	4	2	2
abfe497c-2d8d-4761-ba6a-9b672d443553	chr5	15532	181363319	4	2	2
abfe497c-2d8d-4761-ba6a-9b672d443553	chr6	149661	170741917	2	2	0
abfe497c-2d8d-4761-ba6a-9b672d443553	chr7	43259	159334314	4	2	2
abfe497c-2d8d-4761-ba6a-9b672d443553	chr8	81254	145072769	4	2	2
abfe497c-2d8d-4761-ba6a-9b672d443553	chr9	46587	138200944	4	2	2
abfe497c-2d8d-4761-ba6a-9b672d443553	chr10	26823	133769379	2	2	0
abfe497c-2d8d-4761-ba6a-9b672d443553	chr11	198572	135074876	4	2	2
abfe497c-2d8d-4761-ba6a-9b672d443553	chr12	51460	133201603	4	2	2
abfe497c-2d8d-4761-ba6a-9b672d443553	chr13	18452809	114342922	2	2	0
abfe497c-2d8d-4761-ba6a-9b672d443553	chr14	18225647	22028961	4	2	2
abfe497c-2d8d-4761-ba6a-9b672d443553	chr14	22029022	22501577	5	3	2
abfe497c-2d8d-4761-ba6a-9b672d443553	chr14	22501590	106877229	4	2	2
abfe497c-2d8d-4761-ba6a-9b672d443553	chr15	19811075	101928837	4	2	2
abfe497c-2d8d-4761-ba6a-9b672d443553	chr16	10777	70865009	4	2	2
abfe497c-2d8d-4761-ba6a-9b672d443553	chr16	70865289	71168894	3	2	1
abfe497c-2d8d-4761-ba6a-9b672d443553	chr16	71171291	90221127	4	2	2
abfe497c-2d8d-4761-ba6a-9b672d443553	chr17	150733	83090856	2	2	0
abfe497c-2d8d-4761-ba6a-9b672d443553	chr18	48133	80257174	4	2	2
abfe497c-2d8d-4761-ba6a-9b672d443553	chr19	90910	58586487	4	2	2
abfe497c-2d8d-4761-ba6a-9b672d443553	chr20	80664	15852600	4	2	2
abfe497c-2d8d-4761-ba6a-9b672d443553	chr20	15854197	15951120	1	1	0
abfe497c-2d8d-4761-ba6a-9b672d443553	chr20	15951915	64324800	4	2	2
abfe497c-2d8d-4761-ba6a-9b672d443553	chr21	10336543	46677045	4	2	2
abfe497c-2d8d-4761-ba6a-9b672d443553	chr22	15294545	50796027	4	2	2
abfe497c-2d8d-4761-ba6a-9b672d443553	chrX	251810	156004181	2	2	0
ca7255eb-b694-4a60-8d02-4893dc8630c2	chr1	62920	112147704	2	2	0
ca7255eb-b694-4a60-8d02-4893dc8630c2	chr1	112153052	112154591	0	0	0
ca7255eb-b694-4a60-8d02-4893dc8630c2	chr1	112154619	152583051	2	2	0
ca7255eb-b694-4a60-8d02-4893dc8630c2	chr1	152583230	152613762	0	0	0
ca7255eb-b694-4a60-8d02-4893dc8630c2	chr1	152613802	248930189	2	2	0
ca7255eb-b694-4a60-8d02-4893dc8630c2	chr2	12784	100471135	2	2	0
ca7255eb-b694-4a60-8d02-4893dc8630c2	chr2	100471798	100490686	1	1	0
ca7255eb-b694-4a60-8d02-4893dc8630c2	chr2	100490891	105404502	2	2	0
ca7255eb-b694-4a60-8d02-4893dc8630c2	chr2	105405031	105430250	3	3	0
ca7255eb-b694-4a60-8d02-4893dc8630c2	chr2	105431199	141272553	2	2	0
ca7255eb-b694-4a60-8d02-4893dc8630c2	chr2	141273021	141317992	1	1	0
ca7255eb-b694-4a60-8d02-4893dc8630c2	chr2	141318147	141471932	0	0	0
ca7255eb-b694-4a60-8d02-4893dc8630c2	chr2	141472623	146104517	2	2	0
ca7255eb-b694-4a60-8d02-4893dc8630c2	chr2	146106836	146109366	0	0	0
ca7255eb-b694-4a60-8d02-4893dc8630c2	chr2	146120238	242147305	2	2	0
ca7255eb-b694-4a60-8d02-4893dc8630c2	chr3	20930	13608165	2	2	0
ca7255eb-b694-4a60-8d02-4893dc8630c2	chr3	13608262	13633102	4	4	0
ca7255eb-b694-4a60-8d02-4893dc8630c2	chr3	13633687	146538692	2	2	0
ca7255eb-b694-4a60-8d02-4893dc8630c2	chr3	146539520	146543309	1	1	0
ca7255eb-b694-4a60-8d02-4893dc8630c2	chr3	146543340	151791550	2	2	0
ca7255eb-b694-4a60-8d02-4893dc8630c2	chr3	151792254	151828091	0	0	0
ca7255eb-b694-4a60-8d02-4893dc8630c2	chr3	151830703	198169247	2	2	0
ca7255eb-b694-4a60-8d02-4893dc8630c2	chr4	68929	190106768	4	2	2
ca7255eb-b694-4a60-8d02-4893dc8630c2	chr5	15532	2631271	3	2	1
ca7255eb-b694-4a60-8d02-4893dc8630c2	chr5	2632227	181363319	4	2	2
ca7255eb-b694-4a60-8d02-4893dc8630c2	chr6	149661	122362105	2	2	0
ca7255eb-b694-4a60-8d02-4893dc8630c2	chr6	122362278	122365441	4	4	0
ca7255eb-b694-4a60-8d02-4893dc8630c2	chr6	122366265	158959352	2	2	0
ca7255eb-b694-4a60-8d02-4893dc8630c2	chr6	158959582	159004550	1	1	0
ca7255eb-b694-4a60-8d02-4893dc8630c2	chr6	159004675	170741917	2	2	0
ca7255eb-b694-4a60-8d02-4893dc8630c2	chr7	43259	8953569	4	2	2
ca7255eb-b694-4a60-8d02-4893dc8630c2	chr7	8953767	8967266	7	4	3
ca7255eb-b694-4a60-8d02-4893dc8630c2	chr7	8967332	9293438	4	2	2
ca7255eb-b694-4a60-8d02-4893dc8630c2	chr7	9294438	9311721	2	1	1
ca7255eb-b694-4a60-8d02-4893dc8630c2	chr7	9314343	18778774	4	2	2
ca7255eb-b694-4a60-8d02-4893dc8630c2	chr7	18779052	18790866	7	4	3
ca7255eb-b694-4a60-8d02-4893dc8630c2	chr7	18791642	91639846	4	2	2
ca7255eb-b694-4a60-8d02-4893dc8630c2	chr7	91640172	91678266	2	1	1
ca7255eb-b694-4a60-8d02-4893dc8630c2	chr7	91678284	121577512	4	2	2
ca7255eb-b694-4a60-8d02-4893dc8630c2	chr7	121577688	121607882	6	4	2
ca7255eb-b694-4a60-8d02-4893dc8630c2	chr7	121609539	159334314	4	2	2
ca7255eb-b694-4a60-8d02-4893dc8630c2	chr8	81254	39319634	4	2	2
ca7255eb-b694-4a60-8d02-4893dc8630c2	chr8	39319812	39531260	0	0	0
ca7255eb-b694-4a60-8d02-4893dc8630c2	chr8	39531496	39756323	3	2	1
ca7255eb-b694-4a60-8d02-4893dc8630c2	chr8	39756902	39758042	5	3	2
ca7255eb-b694-4a60-8d02-4893dc8630c2	chr8	39761031	143517008	4	2	2
ca7255eb-b694-4a60-8d02-4893dc8630c2	chr8	143517141	143601631	2	1	1
ca7255eb-b694-4a60-8d02-4893dc8630c2	chr8	143601764	145072769	4	2	2
ca7255eb-b694-4a60-8d02-4893dc8630c2	chr9	46587	138200944	2	2	0
ca7255eb-b694-4a60-8d02-4893dc8630c2	chr10	45792	117566105	2	2	0
ca7255eb-b694-4a60-8d02-4893dc8630c2	chr10	117566485	117590250	3	3	0
ca7255eb-b694-4a60-8d02-4893dc8630c2	chr10	117593041	133654968	2	2	0
ca7255eb-b694-4a60-8d02-4893dc8630c2	chr11	198510	135074876	4	2	2
ca7255eb-b694-4a60-8d02-4893dc8630c2	chr12	51460	9477960	4	2	2
ca7255eb-b694-4a60-8d02-4893dc8630c2	chr12	9481274	9575696	0	0	0
ca7255eb-b694-4a60-8d02-4893dc8630c2	chr12	9582373	132633007	4	2	2
ca7255eb-b694-4a60-8d02-4893dc8630c2	chr12	132639591	133201603	3	2	1
ca7255eb-b694-4a60-8d02-4893dc8630c2	chr13	18452809	107431146	4	2	2
ca7255eb-b694-4a60-8d02-4893dc8630c2	chr13	107431317	107458679	8	5	3
ca7255eb-b694-4a60-8d02-4893dc8630c2	chr13	107462962	114342922	4	2	2
ca7255eb-b694-4a60-8d02-4893dc8630c2	chr14	18239283	19958545	9	5	4
ca7255eb-b694-4a60-8d02-4893dc8630c2	chr14	19958583	46426233	4	2	2
ca7255eb-b694-4a60-8d02-4893dc8630c2	chr14	46426392	46448888	2	1	1
ca7255eb-b694-4a60-8d02-4893dc8630c2	chr14	46452747	87337820	4	2	2
ca7255eb-b694-4a60-8d02-4893dc8630c2	chr14	87339379	87346663	2	1	1
ca7255eb-b694-4a60-8d02-4893dc8630c2	chr14	87346968	106877229	4	2	2
ca7255eb-b694-4a60-8d02-4893dc8630c2	chr15	19811075	23459484	3	2	1
ca7255eb-b694-4a60-8d02-4893dc8630c2	chr15	23460397	45223505	4	2	2
ca7255eb-b694-4a60-8d02-4893dc8630c2	chr15	45224975	45250327	2	1	1
ca7255eb-b694-4a60-8d02-4893dc8630c2	chr15	45252708	45943633	4	2	2
ca7255eb-b694-4a60-8d02-4893dc8630c2	chr15	45943946	45950393	2	1	1
ca7255eb-b694-4a60-8d02-4893dc8630c2	chr15	45950456	63500879	4	2	2
ca7255eb-b694-4a60-8d02-4893dc8630c2	chr15	63501039	63955495	6	4	2
ca7255eb-b694-4a60-8d02-4893dc8630c2	chr15	63968150	101928837	4	2	2
ca7255eb-b694-4a60-8d02-4893dc8630c2	chr16	10777	90096867	4	2	2
ca7255eb-b694-4a60-8d02-4893dc8630c2	chr17	150733	83091923	2	2	0
ca7255eb-b694-4a60-8d02-4893dc8630c2	chr18	48133	80257174	4	2	2
ca7255eb-b694-4a60-8d02-4893dc8630c2	chr19	90910	42724021	3	2	1
ca7255eb-b694-4a60-8d02-4893dc8630c2	chr19	42733459	43099219	5	3	2
ca7255eb-b694-4a60-8d02-4893dc8630c2	chr19	43103053	58586487	3	2	1
ca7255eb-b694-4a60-8d02-4893dc8630c2	chr20	80664	42429185	4	2	2
ca7255eb-b694-4a60-8d02-4893dc8630c2	chr20	42429287	42465364	6	3	3
ca7255eb-b694-4a60-8d02-4893dc8630c2	chr20	42466909	61929031	4	2	2
ca7255eb-b694-4a60-8d02-4893dc8630c2	chr20	61929676	64324800	3	2	1
ca7255eb-b694-4a60-8d02-4893dc8630c2	chr21	12973348	46677045	2	2	0
ca7255eb-b694-4a60-8d02-4893dc8630c2	chr22	16392123	50796027	3	2	1
ca7255eb-b694-4a60-8d02-4893dc8630c2	chrX	251810	38530613	2	2	0
ca7255eb-b694-4a60-8d02-4893dc8630c2	chrX	38530755	38538064	3	3	0
ca7255eb-b694-4a60-8d02-4893dc8630c2	chrX	38539778	151709481	2	2	0
ca7255eb-b694-4a60-8d02-4893dc8630c2	chrX	151709740	151726605	4	4	0
ca7255eb-b694-4a60-8d02-4893dc8630c2	chrX	151728171	156004181	2	2	0
ca7255eb-b694-4a60-8d02-4893dc8630c2	chrY	2782397	26653788	0	0	0
ca7255eb-b694-4a60-8d02-4893dc8630c2	chrY	56872112	56872112	1	1	0
ba74ffea-38a1-4c60-9c92-977330df1385	chr1	62920	246536745	1	1	0
ba74ffea-38a1-4c60-9c92-977330df1385	chr1	246538398	246865041	2	2	0
ba74ffea-38a1-4c60-9c92-977330df1385	chr1	246869238	248930189	1	1	0
ba74ffea-38a1-4c60-9c92-977330df1385	chr2	12784	242147305	1	1	0
ba74ffea-38a1-4c60-9c92-977330df1385	chr3	20930	198169247	2	1	1
ba74ffea-38a1-4c60-9c92-977330df1385	chr4	68929	114252544	2	1	1
ba74ffea-38a1-4c60-9c92-977330df1385	chr4	114254167	114261019	0	0	0
ba74ffea-38a1-4c60-9c92-977330df1385	chr4	114263073	160952848	2	1	1
ba74ffea-38a1-4c60-9c92-977330df1385	chr4	160958866	160963756	0	0	0
ba74ffea-38a1-4c60-9c92-977330df1385	chr4	160963767	190106768	2	1	1
ba74ffea-38a1-4c60-9c92-977330df1385	chr5	15532	180947523	2	1	1
ba74ffea-38a1-4c60-9c92-977330df1385	chr5	180951710	180991103	0	0	0
ba74ffea-38a1-4c60-9c92-977330df1385	chr5	181006225	181363319	2	1	1
ba74ffea-38a1-4c60-9c92-977330df1385	chr6	149661	41227682	1	1	0
ba74ffea-38a1-4c60-9c92-977330df1385	chr6	41227702	41255933	0	0	0
ba74ffea-38a1-4c60-9c92-977330df1385	chr6	41256216	170741917	1	1	0
ba74ffea-38a1-4c60-9c92-977330df1385	chr7	43259	159334314	2	1	1
ba74ffea-38a1-4c60-9c92-977330df1385	chr8	81254	145072769	2	1	1
ba74ffea-38a1-4c60-9c92-977330df1385	chr9	46587	138200944	2	1	1
ba74ffea-38a1-4c60-9c92-977330df1385	chr10	45792	46170858	1	1	0
ba74ffea-38a1-4c60-9c92-977330df1385	chr10	46174452	46189243	0	0	0
ba74ffea-38a1-4c60-9c92-977330df1385	chr10	46195690	46195690	1	1	0
ba74ffea-38a1-4c60-9c92-977330df1385	chr10	46196488	46321709	0	0	0
ba74ffea-38a1-4c60-9c92-977330df1385	chr10	46324033	65532612	1	1	0
ba74ffea-38a1-4c60-9c92-977330df1385	chr10	65532739	65586200	0	0	0
ba74ffea-38a1-4c60-9c92-977330df1385	chr10	65586304	94665678	1	1	0
ba74ffea-38a1-4c60-9c92-977330df1385	chr10	94667346	94989663	0	0	0
ba74ffea-38a1-4c60-9c92-977330df1385	chr10	94989983	133654968	1	1	0
ba74ffea-38a1-4c60-9c92-977330df1385	chr11	198510	14385790	2	1	1
ba74ffea-38a1-4c60-9c92-977330df1385	chr11	14386594	14416061	1	1	0
ba74ffea-38a1-4c60-9c92-977330df1385	chr11	14416212	55608804	2	1	1
ba74ffea-38a1-4c60-9c92-977330df1385	chr11	55609022	55693207	0	0	0
ba74ffea-38a1-4c60-9c92-977330df1385	chr11	55693312	100934227	2	1	1
ba74ffea-38a1-4c60-9c92-977330df1385	chr11	100935738	100940098	4	2	2
ba74ffea-38a1-4c60-9c92-977330df1385	chr11	100940198	135074876	2	1	1
ba74ffea-38a1-4c60-9c92-977330df1385	chr12	51460	133201603	2	1	1
ba74ffea-38a1-4c60-9c92-977330df1385	chr13	18452809	37496998	2	1	1
ba74ffea-38a1-4c60-9c92-977330df1385	chr13	37497899	37510620	0	0	0
ba74ffea-38a1-4c60-9c92-977330df1385	chr13	37514193	55268023	2	1	1
ba74ffea-38a1-4c60-9c92-977330df1385	chr13	55268456	55310133	1	1	0
ba74ffea-38a1-4c60-9c92-977330df1385	chr13	55310215	114342922	2	1	1
ba74ffea-38a1-4c60-9c92-977330df1385	chr14	18239283	106877229	2	1	1
ba74ffea-38a1-4c60-9c92-977330df1385	chr15	19811075	45943616	2	1	1
ba74ffea-38a1-4c60-9c92-977330df1385	chr15	45943633	45950067	0	0	0
ba74ffea-38a1-4c60-9c92-977330df1385	chr15	45950082	54664404	2	1	1
ba74ffea-38a1-4c60-9c92-977330df1385	chr15	54664510	54682338	1	1	0
ba74ffea-38a1-4c60-9c92-977330df1385	chr15	54689340	101928837	2	1	1
ba74ffea-38a1-4c60-9c92-977330df1385	chr16	10777	90096867	2	1	1
ba74ffea-38a1-4c60-9c92-977330df1385	chr17	150733	83091923	1	1	0
ba74ffea-38a1-4c60-9c92-977330df1385	chr18	48133	78657571	2	1	1
ba74ffea-38a1-4c60-9c92-977330df1385	chr18	78657793	78666188	5	3	2
ba74ffea-38a1-4c60-9c92-977330df1385	chr18	78666578	80257174	2	1	1
ba74ffea-38a1-4c60-9c92-977330df1385	chr19	90910	43265681	2	1	1
ba74ffea-38a1-4c60-9c92-977330df1385	chr19	43266414	43362706	1	1	0
ba74ffea-38a1-4c60-9c92-977330df1385	chr19	43362801	43488722	3	2	1
ba74ffea-38a1-4c60-9c92-977330df1385	chr19	43490890	58586487	2	1	1
ba74ffea-38a1-4c60-9c92-977330df1385	chr20	80664	64324800	2	1	1
ba74ffea-38a1-4c60-9c92-977330df1385	chr21	12973348	45903608	2	1	1
ba74ffea-38a1-4c60-9c92-977330df1385	chr21	45903828	45922202	4	2	2
ba74ffea-38a1-4c60-9c92-977330df1385	chr21	45922608	46677045	2	1	1
ba74ffea-38a1-4c60-9c92-977330df1385	chr22	16392123	32179162	2	1	1
ba74ffea-38a1-4c60-9c92-977330df1385	chr22	32179227	32196133	1	1	0
ba74ffea-38a1-4c60-9c92-977330df1385	chr22	32196403	50796027	2	1	1
ba74ffea-38a1-4c60-9c92-977330df1385	chrX	251810	95141627	1	1	0
ba74ffea-38a1-4c60-9c92-977330df1385	chrX	95141864	95159272	2	2	0
ba74ffea-38a1-4c60-9c92-977330df1385	chrX	95160023	156004181	1	1	0
ba74ffea-38a1-4c60-9c92-977330df1385	chrY	2782397	56872112	0	0	0
