GDC_Aliquot	Chromosome	Start	End	Copy_Number	Major_Copy_Number	Minor_Copy_Number
5150963b-02e2-4715-bcfa-136a450b5547	chr1	62920	44770304	1	1	0
5150963b-02e2-4715-bcfa-136a450b5547	chr1	44781407	75245106	2	1	1
5150963b-02e2-4715-bcfa-136a450b5547	chr1	75245818	75249898	0	0	0
5150963b-02e2-4715-bcfa-136a450b5547	chr1	75251240	83747508	2	1	1
5150963b-02e2-4715-bcfa-136a450b5547	chr1	83748488	83753516	5	3	2
5150963b-02e2-4715-bcfa-136a450b5547	chr1	83754104	112167720	2	1	1
5150963b-02e2-4715-bcfa-136a450b5547	chr1	112167902	112178798	1	1	0
5150963b-02e2-4715-bcfa-136a450b5547	chr1	112179293	114041111	2	1	1
5150963b-02e2-4715-bcfa-136a450b5547	chr1	114043965	119579520	1	1	0
5150963b-02e2-4715-bcfa-136a450b5547	chr1	119580060	121705338	2	1	1
5150963b-02e2-4715-bcfa-136a450b5547	chr1	143541857	152583051	3	2	1
5150963b-02e2-4715-bcfa-136a450b5547	chr1	152583230	152614100	0	0	0
5150963b-02e2-4715-bcfa-136a450b5547	chr1	152614118	175617739	3	2	1
5150963b-02e2-4715-bcfa-136a450b5547	chr1	175618395	175625302	1	1	0
5150963b-02e2-4715-bcfa-136a450b5547	chr1	175627766	177985070	3	2	1
5150963b-02e2-4715-bcfa-136a450b5547	chr1	177993049	177999062	1	1	0
5150963b-02e2-4715-bcfa-136a450b5547	chr1	177999481	214790804	3	2	1
5150963b-02e2-4715-bcfa-136a450b5547	chr1	214791758	214800147	9	6	3
5150963b-02e2-4715-bcfa-136a450b5547	chr1	214801395	248930189	3	2	1
5150963b-02e2-4715-bcfa-136a450b5547	chr2	12784	16609212	2	1	1
5150963b-02e2-4715-bcfa-136a450b5547	chr2	16609481	16615946	0	0	0
5150963b-02e2-4715-bcfa-136a450b5547	chr2	16617195	64898013	2	1	1
5150963b-02e2-4715-bcfa-136a450b5547	chr2	64898283	64904445	5	3	2
5150963b-02e2-4715-bcfa-136a450b5547	chr2	64904598	88833611	2	1	1
5150963b-02e2-4715-bcfa-136a450b5547	chr2	88834118	89069842	7	7	0
5150963b-02e2-4715-bcfa-136a450b5547	chr2	89085826	126604482	2	1	1
5150963b-02e2-4715-bcfa-136a450b5547	chr2	126608179	126622311	0	0	0
5150963b-02e2-4715-bcfa-136a450b5547	chr2	126622793	127815872	2	1	1
5150963b-02e2-4715-bcfa-136a450b5547	chr2	127816469	127841355	1	1	0
5150963b-02e2-4715-bcfa-136a450b5547	chr2	127841769	146104517	2	1	1
5150963b-02e2-4715-bcfa-136a450b5547	chr2	146106836	146109366	0	0	0
5150963b-02e2-4715-bcfa-136a450b5547	chr2	146120238	152054824	2	1	1
5150963b-02e2-4715-bcfa-136a450b5547	chr2	152054916	152081921	1	1	0
5150963b-02e2-4715-bcfa-136a450b5547	chr2	152083033	154361936	2	1	1
5150963b-02e2-4715-bcfa-136a450b5547	chr2	154366359	154375911	7	4	3
5150963b-02e2-4715-bcfa-136a450b5547	chr2	154377766	168150331	2	1	1
5150963b-02e2-4715-bcfa-136a450b5547	chr2	168150983	168171029	1	1	0
5150963b-02e2-4715-bcfa-136a450b5547	chr2	168171045	242147305	2	1	1
5150963b-02e2-4715-bcfa-136a450b5547	chr3	20930	8982333	1	1	0
5150963b-02e2-4715-bcfa-136a450b5547	chr3	8982890	9166359	0	0	0
5150963b-02e2-4715-bcfa-136a450b5547	chr3	9166468	73612220	1	1	0
5150963b-02e2-4715-bcfa-136a450b5547	chr3	73618766	111848369	2	1	1
5150963b-02e2-4715-bcfa-136a450b5547	chr3	111848391	111876909	4	2	2
5150963b-02e2-4715-bcfa-136a450b5547	chr3	111882311	186709585	2	1	1
5150963b-02e2-4715-bcfa-136a450b5547	chr3	186709623	186721384	5	3	2
5150963b-02e2-4715-bcfa-136a450b5547	chr3	186722770	198169247	2	1	1
5150963b-02e2-4715-bcfa-136a450b5547	chr4	68929	27737342	2	1	1
5150963b-02e2-4715-bcfa-136a450b5547	chr4	27742197	70541227	1	1	0
5150963b-02e2-4715-bcfa-136a450b5547	chr4	70545831	93073485	2	1	1
5150963b-02e2-4715-bcfa-136a450b5547	chr4	93076272	102204063	1	1	0
5150963b-02e2-4715-bcfa-136a450b5547	chr4	102204226	102262061	0	0	0
5150963b-02e2-4715-bcfa-136a450b5547	chr4	102262778	190106768	1	1	0
5150963b-02e2-4715-bcfa-136a450b5547	chr5	15532	9982854	2	1	1
5150963b-02e2-4715-bcfa-136a450b5547	chr5	9982952	9990669	0	0	0
5150963b-02e2-4715-bcfa-136a450b5547	chr5	9997086	62751852	2	1	1
5150963b-02e2-4715-bcfa-136a450b5547	chr5	62752182	62769287	0	0	0
5150963b-02e2-4715-bcfa-136a450b5547	chr5	62769607	89075458	2	1	1
5150963b-02e2-4715-bcfa-136a450b5547	chr5	89076113	89657316	1	1	0
5150963b-02e2-4715-bcfa-136a450b5547	chr5	89657426	96545781	2	1	1
5150963b-02e2-4715-bcfa-136a450b5547	chr5	96546313	96562131	0	0	0
5150963b-02e2-4715-bcfa-136a450b5547	chr5	96562214	151380464	2	1	1
5150963b-02e2-4715-bcfa-136a450b5547	chr5	151380721	151398237	4	2	2
5150963b-02e2-4715-bcfa-136a450b5547	chr5	151398436	161126265	2	1	1
5150963b-02e2-4715-bcfa-136a450b5547	chr5	161126403	161164812	1	1	0
5150963b-02e2-4715-bcfa-136a450b5547	chr5	161165136	167201209	2	1	1
5150963b-02e2-4715-bcfa-136a450b5547	chr5	167208543	167218417	0	0	0
5150963b-02e2-4715-bcfa-136a450b5547	chr5	167220806	181363319	2	1	1
5150963b-02e2-4715-bcfa-136a450b5547	chr6	149661	45917517	2	1	1
5150963b-02e2-4715-bcfa-136a450b5547	chr6	45917905	45931284	4	2	2
5150963b-02e2-4715-bcfa-136a450b5547	chr6	45932086	90441576	2	1	1
5150963b-02e2-4715-bcfa-136a450b5547	chr6	90443123	90448972	0	0	0
5150963b-02e2-4715-bcfa-136a450b5547	chr6	90449791	103286954	2	1	1
5150963b-02e2-4715-bcfa-136a450b5547	chr6	103290101	103322942	0	0	0
5150963b-02e2-4715-bcfa-136a450b5547	chr6	103323069	170741917	2	1	1
5150963b-02e2-4715-bcfa-136a450b5547	chr7	43259	22407131	2	1	1
5150963b-02e2-4715-bcfa-136a450b5547	chr7	22407989	22417640	5	3	2
5150963b-02e2-4715-bcfa-136a450b5547	chr7	22417803	35349305	2	1	1
5150963b-02e2-4715-bcfa-136a450b5547	chr7	35349774	35366118	0	0	0
5150963b-02e2-4715-bcfa-136a450b5547	chr7	35367534	71546485	2	1	1
5150963b-02e2-4715-bcfa-136a450b5547	chr7	71548852	71575124	1	1	0
5150963b-02e2-4715-bcfa-136a450b5547	chr7	71575714	139876851	2	1	1
5150963b-02e2-4715-bcfa-136a450b5547	chr7	139880394	153301388	1	1	0
5150963b-02e2-4715-bcfa-136a450b5547	chr7	153304149	157965945	2	1	1
5150963b-02e2-4715-bcfa-136a450b5547	chr7	157966104	158004708	4	2	2
5150963b-02e2-4715-bcfa-136a450b5547	chr7	158008708	158017089	0	0	0
5150963b-02e2-4715-bcfa-136a450b5547	chr7	158018409	159334314	2	1	1
5150963b-02e2-4715-bcfa-136a450b5547	chr8	81254	12882762	2	1	1
5150963b-02e2-4715-bcfa-136a450b5547	chr8	12884026	12947706	3	2	1
5150963b-02e2-4715-bcfa-136a450b5547	chr8	12949552	24805826	2	1	1
5150963b-02e2-4715-bcfa-136a450b5547	chr8	24812096	33781791	1	1	0
5150963b-02e2-4715-bcfa-136a450b5547	chr8	33785933	34427690	2	1	1
5150963b-02e2-4715-bcfa-136a450b5547	chr8	34427739	35097589	3	2	1
5150963b-02e2-4715-bcfa-136a450b5547	chr8	35099620	35959370	2	1	1
5150963b-02e2-4715-bcfa-136a450b5547	chr8	35967775	39530780	1	1	0
5150963b-02e2-4715-bcfa-136a450b5547	chr8	39531260	40023846	2	1	1
5150963b-02e2-4715-bcfa-136a450b5547	chr8	40024129	40547379	1	1	0
5150963b-02e2-4715-bcfa-136a450b5547	chr8	40547917	62098402	2	1	1
5150963b-02e2-4715-bcfa-136a450b5547	chr8	62099868	62104376	6	3	3
5150963b-02e2-4715-bcfa-136a450b5547	chr8	62108666	127578701	3	2	1
5150963b-02e2-4715-bcfa-136a450b5547	chr8	127578717	127591195	1	1	0
5150963b-02e2-4715-bcfa-136a450b5547	chr8	127591361	132155393	2	1	1
5150963b-02e2-4715-bcfa-136a450b5547	chr8	132155500	139569771	3	2	1
5150963b-02e2-4715-bcfa-136a450b5547	chr8	139570777	139573160	0	0	0
5150963b-02e2-4715-bcfa-136a450b5547	chr8	139573283	145072769	3	2	1
5150963b-02e2-4715-bcfa-136a450b5547	chr9	46587	1709151	2	1	1
5150963b-02e2-4715-bcfa-136a450b5547	chr9	1709187	1712817	0	0	0
5150963b-02e2-4715-bcfa-136a450b5547	chr9	1713434	138200944	2	1	1
5150963b-02e2-4715-bcfa-136a450b5547	chr10	45792	44254306	2	1	1
5150963b-02e2-4715-bcfa-136a450b5547	chr10	44254400	44256882	0	0	0
5150963b-02e2-4715-bcfa-136a450b5547	chr10	44257528	93834258	2	1	1
5150963b-02e2-4715-bcfa-136a450b5547	chr10	93835407	93953388	3	2	1
5150963b-02e2-4715-bcfa-136a450b5547	chr10	93953765	109850183	2	1	1
5150963b-02e2-4715-bcfa-136a450b5547	chr10	109852592	133420688	1	1	0
5150963b-02e2-4715-bcfa-136a450b5547	chr10	133429369	133544019	3	2	1
5150963b-02e2-4715-bcfa-136a450b5547	chr10	133545160	133654968	2	2	0
5150963b-02e2-4715-bcfa-136a450b5547	chr11	198510	26652044	2	1	1
5150963b-02e2-4715-bcfa-136a450b5547	chr11	26652486	26653170	6	3	3
5150963b-02e2-4715-bcfa-136a450b5547	chr11	26653221	135074876	2	1	1
5150963b-02e2-4715-bcfa-136a450b5547	chr12	51460	30419468	2	1	1
5150963b-02e2-4715-bcfa-136a450b5547	chr12	30423744	30463113	3	2	1
5150963b-02e2-4715-bcfa-136a450b5547	chr12	30463660	92986564	2	1	1
5150963b-02e2-4715-bcfa-136a450b5547	chr12	92987058	93289331	1	1	0
5150963b-02e2-4715-bcfa-136a450b5547	chr12	93289939	133201603	2	1	1
5150963b-02e2-4715-bcfa-136a450b5547	chr13	18452809	23055038	1	1	0
5150963b-02e2-4715-bcfa-136a450b5547	chr13	23055048	23059376	0	0	0
5150963b-02e2-4715-bcfa-136a450b5547	chr13	23064056	70558492	1	1	0
5150963b-02e2-4715-bcfa-136a450b5547	chr13	70558673	70564932	0	0	0
5150963b-02e2-4715-bcfa-136a450b5547	chr13	70568082	114342922	1	1	0
5150963b-02e2-4715-bcfa-136a450b5547	chr14	18239283	19958388	3	2	1
5150963b-02e2-4715-bcfa-136a450b5547	chr14	19958545	22012710	2	1	1
5150963b-02e2-4715-bcfa-136a450b5547	chr14	22013212	22632004	1	1	0
5150963b-02e2-4715-bcfa-136a450b5547	chr14	22633534	22651327	4	2	2
5150963b-02e2-4715-bcfa-136a450b5547	chr14	22651420	54339145	2	1	1
5150963b-02e2-4715-bcfa-136a450b5547	chr14	54341735	106877229	1	1	0
5150963b-02e2-4715-bcfa-136a450b5547	chr15	19811075	25061109	2	1	1
5150963b-02e2-4715-bcfa-136a450b5547	chr15	25061499	25084673	5	3	2
5150963b-02e2-4715-bcfa-136a450b5547	chr15	25085155	27592226	2	1	1
5150963b-02e2-4715-bcfa-136a450b5547	chr15	27592568	27743004	3	2	1
5150963b-02e2-4715-bcfa-136a450b5547	chr15	27743151	91619866	2	1	1
5150963b-02e2-4715-bcfa-136a450b5547	chr15	91620365	91632026	5	3	2
5150963b-02e2-4715-bcfa-136a450b5547	chr15	91633047	101928837	2	1	1
5150963b-02e2-4715-bcfa-136a450b5547	chr16	10777	13741902	2	1	1
5150963b-02e2-4715-bcfa-136a450b5547	chr16	13742871	13764251	3	2	1
5150963b-02e2-4715-bcfa-136a450b5547	chr16	13765702	36048855	2	1	1
5150963b-02e2-4715-bcfa-136a450b5547	chr16	46441986	50295504	1	1	0
5150963b-02e2-4715-bcfa-136a450b5547	chr16	50295966	90096867	2	1	1
5150963b-02e2-4715-bcfa-136a450b5547	chr17	150733	19013924	1	1	0
5150963b-02e2-4715-bcfa-136a450b5547	chr17	19014200	33330590	2	1	1
5150963b-02e2-4715-bcfa-136a450b5547	chr17	33330657	33366600	4	2	2
5150963b-02e2-4715-bcfa-136a450b5547	chr17	33366829	34701671	2	1	1
5150963b-02e2-4715-bcfa-136a450b5547	chr17	34702551	34705079	5	3	2
5150963b-02e2-4715-bcfa-136a450b5547	chr17	34705221	83091923	2	1	1
5150963b-02e2-4715-bcfa-136a450b5547	chr18	48133	40680516	2	1	1
5150963b-02e2-4715-bcfa-136a450b5547	chr18	40680526	40688060	0	0	0
5150963b-02e2-4715-bcfa-136a450b5547	chr18	40689534	68118231	2	1	1
5150963b-02e2-4715-bcfa-136a450b5547	chr18	68124218	68126204	0	0	0
5150963b-02e2-4715-bcfa-136a450b5547	chr18	68126843	68280446	2	1	1
5150963b-02e2-4715-bcfa-136a450b5547	chr18	68280764	68281772	5	3	2
5150963b-02e2-4715-bcfa-136a450b5547	chr18	68284041	70387986	2	1	1
5150963b-02e2-4715-bcfa-136a450b5547	chr18	70388074	80031289	1	1	0
5150963b-02e2-4715-bcfa-136a450b5547	chr18	80034810	80043819	0	0	0
5150963b-02e2-4715-bcfa-136a450b5547	chr18	80044460	80257174	1	1	0
5150963b-02e2-4715-bcfa-136a450b5547	chr19	90910	31139524	2	1	1
5150963b-02e2-4715-bcfa-136a450b5547	chr19	31143328	35086439	1	1	0
5150963b-02e2-4715-bcfa-136a450b5547	chr19	35086966	35597044	2	1	1
5150963b-02e2-4715-bcfa-136a450b5547	chr19	35598908	38433387	1	1	0
5150963b-02e2-4715-bcfa-136a450b5547	chr19	38436272	44567153	2	1	1
5150963b-02e2-4715-bcfa-136a450b5547	chr19	44568432	48194438	1	1	0
5150963b-02e2-4715-bcfa-136a450b5547	chr19	48194525	48208362	0	0	0
5150963b-02e2-4715-bcfa-136a450b5547	chr19	48208692	58586487	1	1	0
5150963b-02e2-4715-bcfa-136a450b5547	chr20	80664	36023103	2	1	1
5150963b-02e2-4715-bcfa-136a450b5547	chr20	36023958	45422804	1	1	0
5150963b-02e2-4715-bcfa-136a450b5547	chr20	45424352	64324800	2	1	1
5150963b-02e2-4715-bcfa-136a450b5547	chr21	12973348	17279271	3	2	1
5150963b-02e2-4715-bcfa-136a450b5547	chr21	17279457	32537812	2	1	1
5150963b-02e2-4715-bcfa-136a450b5547	chr21	32537962	32556264	1	1	0
5150963b-02e2-4715-bcfa-136a450b5547	chr21	32556511	46677045	2	1	1
5150963b-02e2-4715-bcfa-136a450b5547	chr22	16392123	21602761	1	1	0
5150963b-02e2-4715-bcfa-136a450b5547	chr22	21603176	23458354	2	2	0
5150963b-02e2-4715-bcfa-136a450b5547	chr22	23462773	50796027	1	1	0
5150963b-02e2-4715-bcfa-136a450b5547	chrX	251810	3371684	2	1	1
5150963b-02e2-4715-bcfa-136a450b5547	chrX	3372967	3375841	0	0	0
5150963b-02e2-4715-bcfa-136a450b5547	chrX	3376472	35641862	2	1	1
5150963b-02e2-4715-bcfa-136a450b5547	chrX	35642003	35660274	5	3	2
5150963b-02e2-4715-bcfa-136a450b5547	chrX	35660622	117403034	2	1	1
5150963b-02e2-4715-bcfa-136a450b5547	chrX	117408203	117410827	5	3	2
5150963b-02e2-4715-bcfa-136a450b5547	chrX	117413962	117435174	1	1	0
5150963b-02e2-4715-bcfa-136a450b5547	chrX	117436158	124573888	2	1	1
5150963b-02e2-4715-bcfa-136a450b5547	chrX	124575218	124577193	0	0	0
5150963b-02e2-4715-bcfa-136a450b5547	chrX	124577895	127291742	2	1	1
5150963b-02e2-4715-bcfa-136a450b5547	chrX	127291847	127295792	5	3	2
5150963b-02e2-4715-bcfa-136a450b5547	chrX	127299472	156004181	2	1	1
5150963b-02e2-4715-bcfa-136a450b5547	chrY	2782397	26653788	0	0	0
5150963b-02e2-4715-bcfa-136a450b5547	chrY	56872112	56872112	10	10	0
ed3f3359-89a6-4479-8196-714779adc9ce	chr1	62920	27671883	1	1	0
ed3f3359-89a6-4479-8196-714779adc9ce	chr1	27680744	152785214	2	1	1
ed3f3359-89a6-4479-8196-714779adc9ce	chr1	152787202	152796224	0	0	0
ed3f3359-89a6-4479-8196-714779adc9ce	chr1	152801429	196705140	2	1	1
ed3f3359-89a6-4479-8196-714779adc9ce	chr1	196705584	197063913	3	2	1
ed3f3359-89a6-4479-8196-714779adc9ce	chr1	197066408	214790804	2	1	1
ed3f3359-89a6-4479-8196-714779adc9ce	chr1	214791758	214800147	5	3	2
ed3f3359-89a6-4479-8196-714779adc9ce	chr1	214801395	248930189	2	1	1
ed3f3359-89a6-4479-8196-714779adc9ce	chr2	12784	168150983	2	1	1
ed3f3359-89a6-4479-8196-714779adc9ce	chr2	168153055	168171029	1	1	0
ed3f3359-89a6-4479-8196-714779adc9ce	chr2	168171045	241973315	2	1	1
ed3f3359-89a6-4479-8196-714779adc9ce	chr2	241973401	242081742	1	1	0
ed3f3359-89a6-4479-8196-714779adc9ce	chr2	242081892	242147305	2	1	1
ed3f3359-89a6-4479-8196-714779adc9ce	chr3	20930	24955839	1	1	0
ed3f3359-89a6-4479-8196-714779adc9ce	chr3	24956021	24963313	2	2	0
ed3f3359-89a6-4479-8196-714779adc9ce	chr3	24965708	45176151	1	1	0
ed3f3359-89a6-4479-8196-714779adc9ce	chr3	45176163	45185609	0	0	0
ed3f3359-89a6-4479-8196-714779adc9ce	chr3	45186644	90316083	1	1	0
ed3f3359-89a6-4479-8196-714779adc9ce	chr3	90321148	122944757	2	2	0
ed3f3359-89a6-4479-8196-714779adc9ce	chr3	122945118	122954765	0	0	0
ed3f3359-89a6-4479-8196-714779adc9ce	chr3	122955193	155962679	2	2	0
ed3f3359-89a6-4479-8196-714779adc9ce	chr3	155962966	155979062	4	4	0
ed3f3359-89a6-4479-8196-714779adc9ce	chr3	155980226	162666549	2	2	0
ed3f3359-89a6-4479-8196-714779adc9ce	chr3	162667607	162720023	4	4	0
ed3f3359-89a6-4479-8196-714779adc9ce	chr3	162721407	175296284	2	2	0
ed3f3359-89a6-4479-8196-714779adc9ce	chr3	175296333	175310824	4	4	0
ed3f3359-89a6-4479-8196-714779adc9ce	chr3	175316846	195060592	2	2	0
ed3f3359-89a6-4479-8196-714779adc9ce	chr3	195061665	195134946	1	1	0
ed3f3359-89a6-4479-8196-714779adc9ce	chr3	195136857	198169247	2	2	0
ed3f3359-89a6-4479-8196-714779adc9ce	chr4	68929	183990116	1	1	0
ed3f3359-89a6-4479-8196-714779adc9ce	chr4	183990187	184016566	2	2	0
ed3f3359-89a6-4479-8196-714779adc9ce	chr4	184018755	190106768	1	1	0
ed3f3359-89a6-4479-8196-714779adc9ce	chr5	15532	80872854	2	1	1
ed3f3359-89a6-4479-8196-714779adc9ce	chr5	80873559	80921902	1	1	0
ed3f3359-89a6-4479-8196-714779adc9ce	chr5	80921943	107041756	2	1	1
ed3f3359-89a6-4479-8196-714779adc9ce	chr5	107043405	107790880	3	2	1
ed3f3359-89a6-4479-8196-714779adc9ce	chr5	107791015	115982721	2	1	1
ed3f3359-89a6-4479-8196-714779adc9ce	chr5	115984911	116087237	3	2	1
ed3f3359-89a6-4479-8196-714779adc9ce	chr5	116089332	151380464	2	1	1
ed3f3359-89a6-4479-8196-714779adc9ce	chr5	151380721	151397487	4	2	2
ed3f3359-89a6-4479-8196-714779adc9ce	chr5	151398237	163539098	2	1	1
ed3f3359-89a6-4479-8196-714779adc9ce	chr5	163539716	163550146	5	3	2
ed3f3359-89a6-4479-8196-714779adc9ce	chr5	163551277	178823121	2	1	1
ed3f3359-89a6-4479-8196-714779adc9ce	chr5	178827246	178849811	1	1	0
ed3f3359-89a6-4479-8196-714779adc9ce	chr5	178853270	181363319	2	1	1
ed3f3359-89a6-4479-8196-714779adc9ce	chr6	149661	544239	1	1	0
ed3f3359-89a6-4479-8196-714779adc9ce	chr6	544445	29552071	2	1	1
ed3f3359-89a6-4479-8196-714779adc9ce	chr6	29552687	30067680	1	1	0
ed3f3359-89a6-4479-8196-714779adc9ce	chr6	30068694	30832800	2	1	1
ed3f3359-89a6-4479-8196-714779adc9ce	chr6	30835477	30934118	3	2	1
ed3f3359-89a6-4479-8196-714779adc9ce	chr6	30936171	69319924	2	1	1
ed3f3359-89a6-4479-8196-714779adc9ce	chr6	69320088	69463404	2	2	0
ed3f3359-89a6-4479-8196-714779adc9ce	chr6	69468568	97894316	1	1	0
ed3f3359-89a6-4479-8196-714779adc9ce	chr6	97894957	99385316	2	1	1
ed3f3359-89a6-4479-8196-714779adc9ce	chr6	99386048	103286299	1	1	0
ed3f3359-89a6-4479-8196-714779adc9ce	chr6	103286770	103290313	4	4	0
ed3f3359-89a6-4479-8196-714779adc9ce	chr6	103290349	170741917	1	1	0
ed3f3359-89a6-4479-8196-714779adc9ce	chr7	43259	18774678	2	1	1
ed3f3359-89a6-4479-8196-714779adc9ce	chr7	18775529	18782572	5	3	2
ed3f3359-89a6-4479-8196-714779adc9ce	chr7	18784270	35357045	2	1	1
ed3f3359-89a6-4479-8196-714779adc9ce	chr7	35357957	35366118	0	0	0
ed3f3359-89a6-4479-8196-714779adc9ce	chr7	35367534	142378079	2	1	1
ed3f3359-89a6-4479-8196-714779adc9ce	chr7	142378284	142405350	1	1	0
ed3f3359-89a6-4479-8196-714779adc9ce	chr7	142406173	157947664	2	1	1
ed3f3359-89a6-4479-8196-714779adc9ce	chr7	157947749	157963123	1	1	0
ed3f3359-89a6-4479-8196-714779adc9ce	chr7	157963633	157975601	4	2	2
ed3f3359-89a6-4479-8196-714779adc9ce	chr7	157975705	159334314	2	1	1
ed3f3359-89a6-4479-8196-714779adc9ce	chr8	81254	29633765	2	1	1
ed3f3359-89a6-4479-8196-714779adc9ce	chr8	29634157	29717963	1	1	0
ed3f3359-89a6-4479-8196-714779adc9ce	chr8	29718860	94146930	2	1	1
ed3f3359-89a6-4479-8196-714779adc9ce	chr8	94147016	94398813	2	2	0
ed3f3359-89a6-4479-8196-714779adc9ce	chr8	94406560	145072769	2	1	1
ed3f3359-89a6-4479-8196-714779adc9ce	chr9	46587	138200944	1	1	0
ed3f3359-89a6-4479-8196-714779adc9ce	chr10	45792	23571145	2	1	1
ed3f3359-89a6-4479-8196-714779adc9ce	chr10	23575025	23608569	1	1	0
ed3f3359-89a6-4479-8196-714779adc9ce	chr10	23608844	68511518	2	1	1
ed3f3359-89a6-4479-8196-714779adc9ce	chr10	68511687	68808788	3	2	1
ed3f3359-89a6-4479-8196-714779adc9ce	chr10	68809328	93543295	2	1	1
ed3f3359-89a6-4479-8196-714779adc9ce	chr10	93543434	93557908	1	1	0
ed3f3359-89a6-4479-8196-714779adc9ce	chr10	93561034	133654968	2	1	1
ed3f3359-89a6-4479-8196-714779adc9ce	chr11	198510	4949013	2	1	1
ed3f3359-89a6-4479-8196-714779adc9ce	chr11	4949047	4955042	0	0	0
ed3f3359-89a6-4479-8196-714779adc9ce	chr11	4955781	42616284	2	1	1
ed3f3359-89a6-4479-8196-714779adc9ce	chr11	42616299	42628225	1	1	0
ed3f3359-89a6-4479-8196-714779adc9ce	chr11	42631890	91860926	2	1	1
ed3f3359-89a6-4479-8196-714779adc9ce	chr11	91863437	91881716	4	2	2
ed3f3359-89a6-4479-8196-714779adc9ce	chr11	91883836	135074876	2	1	1
ed3f3359-89a6-4479-8196-714779adc9ce	chr12	51460	9477960	2	1	1
ed3f3359-89a6-4479-8196-714779adc9ce	chr12	9481274	9583090	0	0	0
ed3f3359-89a6-4479-8196-714779adc9ce	chr12	9584060	15058280	2	1	1
ed3f3359-89a6-4479-8196-714779adc9ce	chr12	15058549	15117231	3	2	1
ed3f3359-89a6-4479-8196-714779adc9ce	chr12	15124179	23591716	2	1	1
ed3f3359-89a6-4479-8196-714779adc9ce	chr12	23592671	23617526	3	2	1
ed3f3359-89a6-4479-8196-714779adc9ce	chr12	23618001	26414684	2	1	1
ed3f3359-89a6-4479-8196-714779adc9ce	chr12	26418370	26433170	1	1	0
ed3f3359-89a6-4479-8196-714779adc9ce	chr12	26434504	52526630	2	1	1
ed3f3359-89a6-4479-8196-714779adc9ce	chr12	52527431	52531875	5	3	2
ed3f3359-89a6-4479-8196-714779adc9ce	chr12	52532185	67598917	2	1	1
ed3f3359-89a6-4479-8196-714779adc9ce	chr12	67599785	67609817	5	3	2
ed3f3359-89a6-4479-8196-714779adc9ce	chr12	67610106	77488227	2	1	1
ed3f3359-89a6-4479-8196-714779adc9ce	chr12	77490149	77495583	4	2	2
ed3f3359-89a6-4479-8196-714779adc9ce	chr12	77495625	133201603	2	1	1
ed3f3359-89a6-4479-8196-714779adc9ce	chr13	18452809	57192766	1	1	0
ed3f3359-89a6-4479-8196-714779adc9ce	chr13	57193049	57204246	0	0	0
ed3f3359-89a6-4479-8196-714779adc9ce	chr13	57215580	114342922	1	1	0
ed3f3359-89a6-4479-8196-714779adc9ce	chr14	18239283	25959495	1	1	0
ed3f3359-89a6-4479-8196-714779adc9ce	chr14	25959942	33172058	2	1	1
ed3f3359-89a6-4479-8196-714779adc9ce	chr14	33172854	36374343	1	1	0
ed3f3359-89a6-4479-8196-714779adc9ce	chr14	36376921	88509842	2	1	1
ed3f3359-89a6-4479-8196-714779adc9ce	chr14	88510071	96213058	1	1	0
ed3f3359-89a6-4479-8196-714779adc9ce	chr14	96213811	106877229	2	1	1
ed3f3359-89a6-4479-8196-714779adc9ce	chr15	19811075	44597460	1	1	0
ed3f3359-89a6-4479-8196-714779adc9ce	chr15	44597881	101928837	2	1	1
ed3f3359-89a6-4479-8196-714779adc9ce	chr16	10777	26530974	2	1	1
ed3f3359-89a6-4479-8196-714779adc9ce	chr16	26532727	26775858	1	1	0
ed3f3359-89a6-4479-8196-714779adc9ce	chr16	26777244	79704898	2	1	1
ed3f3359-89a6-4479-8196-714779adc9ce	chr16	79704937	90096867	1	1	0
ed3f3359-89a6-4479-8196-714779adc9ce	chr17	150733	18414080	1	1	0
ed3f3359-89a6-4479-8196-714779adc9ce	chr17	18452078	18543365	0	0	0
ed3f3359-89a6-4479-8196-714779adc9ce	chr17	18550123	31866682	1	1	0
ed3f3359-89a6-4479-8196-714779adc9ce	chr17	31866982	83091923	2	1	1
ed3f3359-89a6-4479-8196-714779adc9ce	chr18	48133	80257174	2	1	1
ed3f3359-89a6-4479-8196-714779adc9ce	chr19	90910	58586487	2	1	1
ed3f3359-89a6-4479-8196-714779adc9ce	chr20	80664	64324800	2	1	1
ed3f3359-89a6-4479-8196-714779adc9ce	chr21	12973348	18683769	2	1	1
ed3f3359-89a6-4479-8196-714779adc9ce	chr21	18685360	18755498	3	2	1
ed3f3359-89a6-4479-8196-714779adc9ce	chr21	18755513	36112777	2	1	1
ed3f3359-89a6-4479-8196-714779adc9ce	chr21	36114153	36229376	4	3	1
ed3f3359-89a6-4479-8196-714779adc9ce	chr21	36230416	46677045	2	1	1
ed3f3359-89a6-4479-8196-714779adc9ce	chr22	16392123	32178696	2	1	1
ed3f3359-89a6-4479-8196-714779adc9ce	chr22	32179162	32229244	1	1	0
ed3f3359-89a6-4479-8196-714779adc9ce	chr22	32230301	50796027	2	1	1
ed3f3359-89a6-4479-8196-714779adc9ce	chrX	251810	35640420	2	1	1
ed3f3359-89a6-4479-8196-714779adc9ce	chrX	35641321	35660274	5	3	2
ed3f3359-89a6-4479-8196-714779adc9ce	chrX	35660622	156004181	2	1	1
ed3f3359-89a6-4479-8196-714779adc9ce	chrY	2782397	26653788	0	0	0
ed3f3359-89a6-4479-8196-714779adc9ce	chrY	56872112	56872112	2	2	0
f490c8ff-9017-446a-ae6e-3b198e7a5095	chr1	61735	32188792	2	2	0
f490c8ff-9017-446a-ae6e-3b198e7a5095	chr1	32189489	117371418	4	2	2
f490c8ff-9017-446a-ae6e-3b198e7a5095	chr1	117372410	117524684	2	2	0
f490c8ff-9017-446a-ae6e-3b198e7a5095	chr1	117526312	183829035	4	2	2
f490c8ff-9017-446a-ae6e-3b198e7a5095	chr1	183829667	183890358	1	1	0
f490c8ff-9017-446a-ae6e-3b198e7a5095	chr1	183894034	248930189	4	2	2
f490c8ff-9017-446a-ae6e-3b198e7a5095	chr2	12784	242147305	3	2	1
f490c8ff-9017-446a-ae6e-3b198e7a5095	chr3	18667	70999878	2	2	0
f490c8ff-9017-446a-ae6e-3b198e7a5095	chr3	71000602	71301795	0	0	0
f490c8ff-9017-446a-ae6e-3b198e7a5095	chr3	71305276	82707024	2	2	0
f490c8ff-9017-446a-ae6e-3b198e7a5095	chr3	82707026	90369509	4	2	2
f490c8ff-9017-446a-ae6e-3b198e7a5095	chr3	90375879	102534209	2	2	0
f490c8ff-9017-446a-ae6e-3b198e7a5095	chr3	102540581	198169247	4	2	2
f490c8ff-9017-446a-ae6e-3b198e7a5095	chr4	12281	190106768	3	2	1
f490c8ff-9017-446a-ae6e-3b198e7a5095	chr5	15532	36775573	6	4	2
f490c8ff-9017-446a-ae6e-3b198e7a5095	chr5	36775735	181363319	4	2	2
f490c8ff-9017-446a-ae6e-3b198e7a5095	chr6	149661	65536991	4	2	2
f490c8ff-9017-446a-ae6e-3b198e7a5095	chr6	65545340	81224827	2	2	0
f490c8ff-9017-446a-ae6e-3b198e7a5095	chr6	81227983	83248023	4	2	2
f490c8ff-9017-446a-ae6e-3b198e7a5095	chr6	83253510	170741917	2	2	0
f490c8ff-9017-446a-ae6e-3b198e7a5095	chr7	43259	159334314	3	2	1
f490c8ff-9017-446a-ae6e-3b198e7a5095	chr8	81254	145072769	4	2	2
f490c8ff-9017-446a-ae6e-3b198e7a5095	chr9	46587	14100317	3	2	1
f490c8ff-9017-446a-ae6e-3b198e7a5095	chr9	14102613	14213300	2	2	0
f490c8ff-9017-446a-ae6e-3b198e7a5095	chr9	14214045	138200944	3	2	1
f490c8ff-9017-446a-ae6e-3b198e7a5095	chr10	26823	133769379	3	2	1
f490c8ff-9017-446a-ae6e-3b198e7a5095	chr11	198572	135074876	3	2	1
f490c8ff-9017-446a-ae6e-3b198e7a5095	chr12	51460	133201603	4	2	2
f490c8ff-9017-446a-ae6e-3b198e7a5095	chr13	18452809	114342922	3	2	1
f490c8ff-9017-446a-ae6e-3b198e7a5095	chr14	18225647	106877229	2	2	0
f490c8ff-9017-446a-ae6e-3b198e7a5095	chr15	19811075	101928837	3	2	1
f490c8ff-9017-446a-ae6e-3b198e7a5095	chr16	10777	7237579	4	2	2
f490c8ff-9017-446a-ae6e-3b198e7a5095	chr16	7238267	7264485	1	1	0
f490c8ff-9017-446a-ae6e-3b198e7a5095	chr16	7267929	90221127	4	2	2
f490c8ff-9017-446a-ae6e-3b198e7a5095	chr17	150733	83090856	3	2	1
f490c8ff-9017-446a-ae6e-3b198e7a5095	chr18	48133	80257174	4	2	2
f490c8ff-9017-446a-ae6e-3b198e7a5095	chr19	90910	58586487	3	2	1
f490c8ff-9017-446a-ae6e-3b198e7a5095	chr20	80664	64324800	4	2	2
f490c8ff-9017-446a-ae6e-3b198e7a5095	chr21	10336543	46677045	4	2	2
f490c8ff-9017-446a-ae6e-3b198e7a5095	chr22	15294545	23914745	4	2	2
f490c8ff-9017-446a-ae6e-3b198e7a5095	chr22	23915150	50796027	2	2	0
f490c8ff-9017-446a-ae6e-3b198e7a5095	chrX	251810	2785350	4	2	2
f490c8ff-9017-446a-ae6e-3b198e7a5095	chrX	2785592	156004181	2	2	0
3787a76c-f1bc-4c98-8497-6d9040cc1760	chr1	62920	31183236	2	2	0
3787a76c-f1bc-4c98-8497-6d9040cc1760	chr1	31186987	58062177	3	2	1
3787a76c-f1bc-4c98-8497-6d9040cc1760	chr1	58062337	58065178	5	3	2
3787a76c-f1bc-4c98-8497-6d9040cc1760	chr1	58065534	58085319	3	2	1
3787a76c-f1bc-4c98-8497-6d9040cc1760	chr1	58087249	72284165	6	3	3
3787a76c-f1bc-4c98-8497-6d9040cc1760	chr1	72284670	73952059	7	4	3
3787a76c-f1bc-4c98-8497-6d9040cc1760	chr1	73955378	101547449	6	3	3
3787a76c-f1bc-4c98-8497-6d9040cc1760	chr1	101547492	102142802	4	2	2
3787a76c-f1bc-4c98-8497-6d9040cc1760	chr1	102143021	105476583	6	3	3
3787a76c-f1bc-4c98-8497-6d9040cc1760	chr1	105476614	105479753	0	0	0
3787a76c-f1bc-4c98-8497-6d9040cc1760	chr1	105481433	108157474	6	3	3
3787a76c-f1bc-4c98-8497-6d9040cc1760	chr1	108168646	121705338	5	3	2
3787a76c-f1bc-4c98-8497-6d9040cc1760	chr1	143541857	155512253	8	6	2
3787a76c-f1bc-4c98-8497-6d9040cc1760	chr1	155513170	160132270	7	5	2
3787a76c-f1bc-4c98-8497-6d9040cc1760	chr1	160132466	164146085	8	6	2
3787a76c-f1bc-4c98-8497-6d9040cc1760	chr1	164148760	164774942	6	3	3
3787a76c-f1bc-4c98-8497-6d9040cc1760	chr1	164778331	165260658	4	2	2
3787a76c-f1bc-4c98-8497-6d9040cc1760	chr1	165267208	165614494	7	5	2
3787a76c-f1bc-4c98-8497-6d9040cc1760	chr1	165614631	169288963	9	7	2
3787a76c-f1bc-4c98-8497-6d9040cc1760	chr1	169289309	171201793	7	5	2
3787a76c-f1bc-4c98-8497-6d9040cc1760	chr1	171203008	172979544	8	6	2
3787a76c-f1bc-4c98-8497-6d9040cc1760	chr1	172979720	177512990	5	3	2
3787a76c-f1bc-4c98-8497-6d9040cc1760	chr1	177516533	177848289	8	6	2
3787a76c-f1bc-4c98-8497-6d9040cc1760	chr1	177850902	179017489	5	3	2
3787a76c-f1bc-4c98-8497-6d9040cc1760	chr1	179018282	180105371	7	5	2
3787a76c-f1bc-4c98-8497-6d9040cc1760	chr1	180111155	181410531	4	2	2
3787a76c-f1bc-4c98-8497-6d9040cc1760	chr1	181411471	190342475	6	3	3
3787a76c-f1bc-4c98-8497-6d9040cc1760	chr1	190343041	190367643	4	4	0
3787a76c-f1bc-4c98-8497-6d9040cc1760	chr1	190368023	248930189	3	2	1
3787a76c-f1bc-4c98-8497-6d9040cc1760	chr2	12784	47815090	4	2	2
3787a76c-f1bc-4c98-8497-6d9040cc1760	chr2	47815422	64438201	3	2	1
3787a76c-f1bc-4c98-8497-6d9040cc1760	chr2	64440674	64459805	1	1	0
3787a76c-f1bc-4c98-8497-6d9040cc1760	chr2	64460643	88810233	3	2	1
3787a76c-f1bc-4c98-8497-6d9040cc1760	chr2	88810258	135899682	4	2	2
3787a76c-f1bc-4c98-8497-6d9040cc1760	chr2	135900775	241975583	3	2	1
3787a76c-f1bc-4c98-8497-6d9040cc1760	chr2	241976006	242147305	0	0	0
3787a76c-f1bc-4c98-8497-6d9040cc1760	chr3	20930	3917326	2	2	0
3787a76c-f1bc-4c98-8497-6d9040cc1760	chr3	3917660	3956189	1	1	0
3787a76c-f1bc-4c98-8497-6d9040cc1760	chr3	3956282	79921767	2	2	0
3787a76c-f1bc-4c98-8497-6d9040cc1760	chr3	79926178	80941729	4	2	2
3787a76c-f1bc-4c98-8497-6d9040cc1760	chr3	80942173	87662177	2	2	0
3787a76c-f1bc-4c98-8497-6d9040cc1760	chr3	87662310	101860929	4	2	2
3787a76c-f1bc-4c98-8497-6d9040cc1760	chr3	101861761	101885285	2	1	1
3787a76c-f1bc-4c98-8497-6d9040cc1760	chr3	101887860	109385272	4	2	2
3787a76c-f1bc-4c98-8497-6d9040cc1760	chr3	109386129	109419085	10	5	5
3787a76c-f1bc-4c98-8497-6d9040cc1760	chr3	109421792	133508670	4	2	2
3787a76c-f1bc-4c98-8497-6d9040cc1760	chr3	133511487	140688963	4	3	1
3787a76c-f1bc-4c98-8497-6d9040cc1760	chr3	140692490	198169247	4	2	2
3787a76c-f1bc-4c98-8497-6d9040cc1760	chr4	68929	18459555	4	2	2
3787a76c-f1bc-4c98-8497-6d9040cc1760	chr4	18462349	18463819	8	4	4
3787a76c-f1bc-4c98-8497-6d9040cc1760	chr4	18464261	37836774	4	2	2
3787a76c-f1bc-4c98-8497-6d9040cc1760	chr4	37837530	42742216	2	2	0
3787a76c-f1bc-4c98-8497-6d9040cc1760	chr4	42746247	43268810	3	2	1
3787a76c-f1bc-4c98-8497-6d9040cc1760	chr4	43271201	49087357	2	2	0
3787a76c-f1bc-4c98-8497-6d9040cc1760	chr4	49091769	119328225	3	2	1
3787a76c-f1bc-4c98-8497-6d9040cc1760	chr4	119328344	119339998	1	1	0
3787a76c-f1bc-4c98-8497-6d9040cc1760	chr4	119340416	168579870	3	2	1
3787a76c-f1bc-4c98-8497-6d9040cc1760	chr4	168580589	168605860	2	1	1
3787a76c-f1bc-4c98-8497-6d9040cc1760	chr4	168607425	190106768	3	2	1
3787a76c-f1bc-4c98-8497-6d9040cc1760	chr5	15532	9982854	4	2	2
3787a76c-f1bc-4c98-8497-6d9040cc1760	chr5	9982952	9990669	1	1	0
3787a76c-f1bc-4c98-8497-6d9040cc1760	chr5	9997086	21732805	4	2	2
3787a76c-f1bc-4c98-8497-6d9040cc1760	chr5	21733222	21759858	8	4	4
3787a76c-f1bc-4c98-8497-6d9040cc1760	chr5	21760493	80890118	4	2	2
3787a76c-f1bc-4c98-8497-6d9040cc1760	chr5	80891771	80921902	2	1	1
3787a76c-f1bc-4c98-8497-6d9040cc1760	chr5	80921943	151380464	4	2	2
3787a76c-f1bc-4c98-8497-6d9040cc1760	chr5	151380721	151398237	7	4	3
3787a76c-f1bc-4c98-8497-6d9040cc1760	chr5	151398436	181363319	4	2	2
3787a76c-f1bc-4c98-8497-6d9040cc1760	chr6	149661	252772	4	2	2
3787a76c-f1bc-4c98-8497-6d9040cc1760	chr6	253272	328357	2	1	1
3787a76c-f1bc-4c98-8497-6d9040cc1760	chr6	329869	30341328	4	2	2
3787a76c-f1bc-4c98-8497-6d9040cc1760	chr6	30352153	30467511	3	2	1
3787a76c-f1bc-4c98-8497-6d9040cc1760	chr6	30470449	30509499	1	1	0
3787a76c-f1bc-4c98-8497-6d9040cc1760	chr6	30515216	66705939	4	2	2
3787a76c-f1bc-4c98-8497-6d9040cc1760	chr6	66706096	69709404	2	2	0
3787a76c-f1bc-4c98-8497-6d9040cc1760	chr6	69715878	70317536	4	2	2
3787a76c-f1bc-4c98-8497-6d9040cc1760	chr6	70323775	70416318	2	1	1
3787a76c-f1bc-4c98-8497-6d9040cc1760	chr6	70417299	72623813	4	2	2
3787a76c-f1bc-4c98-8497-6d9040cc1760	chr6	72624991	72786547	2	1	1
3787a76c-f1bc-4c98-8497-6d9040cc1760	chr6	72787573	72802932	3	2	1
3787a76c-f1bc-4c98-8497-6d9040cc1760	chr6	72803520	136707020	2	2	0
3787a76c-f1bc-4c98-8497-6d9040cc1760	chr6	136711319	136738789	3	3	0
3787a76c-f1bc-4c98-8497-6d9040cc1760	chr6	136738812	167397309	2	2	0
3787a76c-f1bc-4c98-8497-6d9040cc1760	chr6	167398262	167819149	4	3	1
3787a76c-f1bc-4c98-8497-6d9040cc1760	chr6	167823576	167839286	3	3	0
3787a76c-f1bc-4c98-8497-6d9040cc1760	chr6	167839869	170741917	2	2	0
3787a76c-f1bc-4c98-8497-6d9040cc1760	chr7	43259	63816794	4	2	2
3787a76c-f1bc-4c98-8497-6d9040cc1760	chr7	63818924	159334314	3	2	1
3787a76c-f1bc-4c98-8497-6d9040cc1760	chr8	81254	145072769	4	2	2
3787a76c-f1bc-4c98-8497-6d9040cc1760	chr9	46587	68690325	3	2	1
3787a76c-f1bc-4c98-8497-6d9040cc1760	chr9	68690936	89167843	2	2	0
3787a76c-f1bc-4c98-8497-6d9040cc1760	chr9	89171139	132710073	3	2	1
3787a76c-f1bc-4c98-8497-6d9040cc1760	chr9	132710214	132724799	8	4	4
3787a76c-f1bc-4c98-8497-6d9040cc1760	chr9	132727281	138200944	3	2	1
3787a76c-f1bc-4c98-8497-6d9040cc1760	chr10	45792	17478289	4	2	2
3787a76c-f1bc-4c98-8497-6d9040cc1760	chr10	17478443	17481042	10	5	5
3787a76c-f1bc-4c98-8497-6d9040cc1760	chr10	17484790	98666258	4	2	2
3787a76c-f1bc-4c98-8497-6d9040cc1760	chr10	98673406	98695021	3	2	1
3787a76c-f1bc-4c98-8497-6d9040cc1760	chr10	98695337	98709600	1	1	0
3787a76c-f1bc-4c98-8497-6d9040cc1760	chr10	98711031	133654968	4	2	2
3787a76c-f1bc-4c98-8497-6d9040cc1760	chr11	198510	4949013	4	2	2
3787a76c-f1bc-4c98-8497-6d9040cc1760	chr11	4949047	4952799	0	0	0
3787a76c-f1bc-4c98-8497-6d9040cc1760	chr11	4953934	69997781	4	2	2
3787a76c-f1bc-4c98-8497-6d9040cc1760	chr11	69997924	70003258	1	1	0
3787a76c-f1bc-4c98-8497-6d9040cc1760	chr11	70003328	135074876	4	2	2
3787a76c-f1bc-4c98-8497-6d9040cc1760	chr12	51460	31112123	4	2	2
3787a76c-f1bc-4c98-8497-6d9040cc1760	chr12	31116364	31253973	7	5	2
3787a76c-f1bc-4c98-8497-6d9040cc1760	chr12	31254189	46025131	4	2	2
3787a76c-f1bc-4c98-8497-6d9040cc1760	chr12	46025303	46093793	3	2	1
3787a76c-f1bc-4c98-8497-6d9040cc1760	chr12	46094132	88657418	4	2	2
3787a76c-f1bc-4c98-8497-6d9040cc1760	chr12	88658132	88958358	2	1	1
3787a76c-f1bc-4c98-8497-6d9040cc1760	chr12	88958507	91010735	4	2	2
3787a76c-f1bc-4c98-8497-6d9040cc1760	chr12	91016150	91193905	2	2	0
3787a76c-f1bc-4c98-8497-6d9040cc1760	chr12	91194146	91217446	3	2	1
3787a76c-f1bc-4c98-8497-6d9040cc1760	chr12	91219067	119314503	2	2	0
3787a76c-f1bc-4c98-8497-6d9040cc1760	chr12	119317093	133201603	4	2	2
3787a76c-f1bc-4c98-8497-6d9040cc1760	chr13	18452809	19021274	4	2	2
3787a76c-f1bc-4c98-8497-6d9040cc1760	chr13	19022192	19031270	11	6	5
3787a76c-f1bc-4c98-8497-6d9040cc1760	chr13	19036189	51833469	4	2	2
3787a76c-f1bc-4c98-8497-6d9040cc1760	chr13	51835084	68685586	5	3	2
3787a76c-f1bc-4c98-8497-6d9040cc1760	chr13	68685607	68694110	0	0	0
3787a76c-f1bc-4c98-8497-6d9040cc1760	chr13	68694987	110159735	4	2	2
3787a76c-f1bc-4c98-8497-6d9040cc1760	chr13	110159895	114342922	3	2	1
3787a76c-f1bc-4c98-8497-6d9040cc1760	chr14	18239283	99551009	3	2	1
3787a76c-f1bc-4c98-8497-6d9040cc1760	chr14	99551024	99556527	1	1	0
3787a76c-f1bc-4c98-8497-6d9040cc1760	chr14	99557059	106877229	3	2	1
3787a76c-f1bc-4c98-8497-6d9040cc1760	chr15	19811075	23417449	6	3	3
3787a76c-f1bc-4c98-8497-6d9040cc1760	chr15	23419666	23455445	8	8	0
3787a76c-f1bc-4c98-8497-6d9040cc1760	chr15	23455960	34421922	4	2	2
3787a76c-f1bc-4c98-8497-6d9040cc1760	chr15	34430601	34522159	2	2	0
3787a76c-f1bc-4c98-8497-6d9040cc1760	chr15	34522341	76575886	4	2	2
3787a76c-f1bc-4c98-8497-6d9040cc1760	chr15	76577448	76603003	0	0	0
3787a76c-f1bc-4c98-8497-6d9040cc1760	chr15	76603426	101928837	4	2	2
3787a76c-f1bc-4c98-8497-6d9040cc1760	chr16	10777	26087122	4	2	2
3787a76c-f1bc-4c98-8497-6d9040cc1760	chr16	26087284	26102964	10	5	5
3787a76c-f1bc-4c98-8497-6d9040cc1760	chr16	26104241	85911470	4	2	2
3787a76c-f1bc-4c98-8497-6d9040cc1760	chr16	85912122	85920076	2	1	1
3787a76c-f1bc-4c98-8497-6d9040cc1760	chr16	85920681	87458221	4	2	2
3787a76c-f1bc-4c98-8497-6d9040cc1760	chr16	87458843	90096867	2	2	0
3787a76c-f1bc-4c98-8497-6d9040cc1760	chr17	150733	47876372	3	2	1
3787a76c-f1bc-4c98-8497-6d9040cc1760	chr17	47880097	70790142	4	2	2
3787a76c-f1bc-4c98-8497-6d9040cc1760	chr17	70790167	71267352	5	3	2
3787a76c-f1bc-4c98-8497-6d9040cc1760	chr17	71267419	83091923	4	2	2
3787a76c-f1bc-4c98-8497-6d9040cc1760	chr18	48133	40678763	4	2	2
3787a76c-f1bc-4c98-8497-6d9040cc1760	chr18	40680456	40688060	0	0	0
3787a76c-f1bc-4c98-8497-6d9040cc1760	chr18	40689534	51382225	4	2	2
3787a76c-f1bc-4c98-8497-6d9040cc1760	chr18	51385772	53386516	2	2	0
3787a76c-f1bc-4c98-8497-6d9040cc1760	chr18	53388398	80257174	4	2	2
3787a76c-f1bc-4c98-8497-6d9040cc1760	chr19	90910	58586487	4	2	2
3787a76c-f1bc-4c98-8497-6d9040cc1760	chr20	80664	10199622	4	2	2
3787a76c-f1bc-4c98-8497-6d9040cc1760	chr20	10200790	10226269	7	4	3
3787a76c-f1bc-4c98-8497-6d9040cc1760	chr20	10228100	15536757	4	2	2
3787a76c-f1bc-4c98-8497-6d9040cc1760	chr20	15537925	15552102	8	4	4
3787a76c-f1bc-4c98-8497-6d9040cc1760	chr20	15552682	34941457	4	2	2
3787a76c-f1bc-4c98-8497-6d9040cc1760	chr20	34941963	35314883	2	1	1
3787a76c-f1bc-4c98-8497-6d9040cc1760	chr20	35317523	64324800	4	2	2
3787a76c-f1bc-4c98-8497-6d9040cc1760	chr21	12973348	45903608	3	2	1
3787a76c-f1bc-4c98-8497-6d9040cc1760	chr21	45903828	45922202	7	5	2
3787a76c-f1bc-4c98-8497-6d9040cc1760	chr21	45922608	46677045	3	2	1
3787a76c-f1bc-4c98-8497-6d9040cc1760	chr22	16392123	50796027	4	2	2
3787a76c-f1bc-4c98-8497-6d9040cc1760	chrX	251810	56781150	4	2	2
3787a76c-f1bc-4c98-8497-6d9040cc1760	chrX	56781658	56867921	6	3	3
3787a76c-f1bc-4c98-8497-6d9040cc1760	chrX	56868085	156004181	4	2	2
3787a76c-f1bc-4c98-8497-6d9040cc1760	chrY	2782397	26653788	0	0	0
3787a76c-f1bc-4c98-8497-6d9040cc1760	chrY	56872112	56872112	3	3	0
df8d6b25-985f-476f-a4b3-5d3decf0ea61	chr1	62920	25256850	1	1	0
df8d6b25-985f-476f-a4b3-5d3decf0ea61	chr1	25266637	25320455	0	0	0
df8d6b25-985f-476f-a4b3-5d3decf0ea61	chr1	25336819	28816074	1	1	0
df8d6b25-985f-476f-a4b3-5d3decf0ea61	chr1	28816480	43639979	2	2	0
df8d6b25-985f-476f-a4b3-5d3decf0ea61	chr1	43645854	57903887	1	1	0
df8d6b25-985f-476f-a4b3-5d3decf0ea61	chr1	57903990	92221736	2	1	1
df8d6b25-985f-476f-a4b3-5d3decf0ea61	chr1	92224486	97941528	1	1	0
df8d6b25-985f-476f-a4b3-5d3decf0ea61	chr1	97943397	175156996	2	1	1
df8d6b25-985f-476f-a4b3-5d3decf0ea61	chr1	175157508	175159643	1	1	0
df8d6b25-985f-476f-a4b3-5d3decf0ea61	chr1	175161018	248930189	2	1	1
df8d6b25-985f-476f-a4b3-5d3decf0ea61	chr2	12784	27778184	2	1	1
df8d6b25-985f-476f-a4b3-5d3decf0ea61	chr2	27780307	27882770	3	2	1
df8d6b25-985f-476f-a4b3-5d3decf0ea61	chr2	27885523	28312194	1	1	0
df8d6b25-985f-476f-a4b3-5d3decf0ea61	chr2	28312835	29319257	2	1	1
df8d6b25-985f-476f-a4b3-5d3decf0ea61	chr2	29320082	29407535	1	1	0
df8d6b25-985f-476f-a4b3-5d3decf0ea61	chr2	29409706	29852145	2	1	1
df8d6b25-985f-476f-a4b3-5d3decf0ea61	chr2	29852185	29867763	5	3	2
df8d6b25-985f-476f-a4b3-5d3decf0ea61	chr2	29868729	64368349	2	1	1
df8d6b25-985f-476f-a4b3-5d3decf0ea61	chr2	64368388	64498846	1	1	0
df8d6b25-985f-476f-a4b3-5d3decf0ea61	chr2	64499667	82591536	2	1	1
df8d6b25-985f-476f-a4b3-5d3decf0ea61	chr2	82592760	84026287	1	1	0
df8d6b25-985f-476f-a4b3-5d3decf0ea61	chr2	84026734	105422134	2	1	1
df8d6b25-985f-476f-a4b3-5d3decf0ea61	chr2	105422288	105430250	5	3	2
df8d6b25-985f-476f-a4b3-5d3decf0ea61	chr2	105431199	154361936	2	1	1
df8d6b25-985f-476f-a4b3-5d3decf0ea61	chr2	154366359	154375911	6	3	3
df8d6b25-985f-476f-a4b3-5d3decf0ea61	chr2	154377766	186932695	2	1	1
df8d6b25-985f-476f-a4b3-5d3decf0ea61	chr2	186933728	186976331	3	2	1
df8d6b25-985f-476f-a4b3-5d3decf0ea61	chr2	186978667	197357930	2	1	1
df8d6b25-985f-476f-a4b3-5d3decf0ea61	chr2	197364889	197607955	1	1	0
df8d6b25-985f-476f-a4b3-5d3decf0ea61	chr2	197608734	242147305	2	1	1
df8d6b25-985f-476f-a4b3-5d3decf0ea61	chr3	20930	22678829	1	1	0
df8d6b25-985f-476f-a4b3-5d3decf0ea61	chr3	22679137	22682504	0	0	0
df8d6b25-985f-476f-a4b3-5d3decf0ea61	chr3	22682659	136030500	1	1	0
df8d6b25-985f-476f-a4b3-5d3decf0ea61	chr3	136039026	162790404	2	1	1
df8d6b25-985f-476f-a4b3-5d3decf0ea61	chr3	162790480	162898127	5	5	0
df8d6b25-985f-476f-a4b3-5d3decf0ea61	chr3	162906054	198169247	2	1	1
df8d6b25-985f-476f-a4b3-5d3decf0ea61	chr4	68929	144992689	2	1	1
df8d6b25-985f-476f-a4b3-5d3decf0ea61	chr4	144995761	157894053	1	1	0
df8d6b25-985f-476f-a4b3-5d3decf0ea61	chr4	157895895	175666778	2	1	1
df8d6b25-985f-476f-a4b3-5d3decf0ea61	chr4	175673332	180977717	1	1	0
df8d6b25-985f-476f-a4b3-5d3decf0ea61	chr4	180977894	190106768	2	1	1
df8d6b25-985f-476f-a4b3-5d3decf0ea61	chr5	15532	2558800	2	1	1
df8d6b25-985f-476f-a4b3-5d3decf0ea61	chr5	2560550	2578439	3	2	1
df8d6b25-985f-476f-a4b3-5d3decf0ea61	chr5	2578739	125138960	2	1	1
df8d6b25-985f-476f-a4b3-5d3decf0ea61	chr5	125141683	125147790	1	1	0
df8d6b25-985f-476f-a4b3-5d3decf0ea61	chr5	125148575	133574461	2	1	1
df8d6b25-985f-476f-a4b3-5d3decf0ea61	chr5	133574890	133590972	1	1	0
df8d6b25-985f-476f-a4b3-5d3decf0ea61	chr5	133591169	153739869	2	1	1
df8d6b25-985f-476f-a4b3-5d3decf0ea61	chr5	153740488	153743928	1	1	0
df8d6b25-985f-476f-a4b3-5d3decf0ea61	chr5	153752746	181363319	2	1	1
df8d6b25-985f-476f-a4b3-5d3decf0ea61	chr6	149661	6157375	3	2	1
df8d6b25-985f-476f-a4b3-5d3decf0ea61	chr6	6157724	6176811	4	3	1
df8d6b25-985f-476f-a4b3-5d3decf0ea61	chr6	6177850	20753888	3	2	1
df8d6b25-985f-476f-a4b3-5d3decf0ea61	chr6	20754530	20837345	3	3	0
df8d6b25-985f-476f-a4b3-5d3decf0ea61	chr6	20843920	21228372	1	1	0
df8d6b25-985f-476f-a4b3-5d3decf0ea61	chr6	21230605	46690119	3	2	1
df8d6b25-985f-476f-a4b3-5d3decf0ea61	chr6	46690471	47224509	1	1	0
df8d6b25-985f-476f-a4b3-5d3decf0ea61	chr6	47224702	74933135	2	1	1
df8d6b25-985f-476f-a4b3-5d3decf0ea61	chr6	74937583	153684741	1	1	0
df8d6b25-985f-476f-a4b3-5d3decf0ea61	chr6	153684778	153686471	0	0	0
df8d6b25-985f-476f-a4b3-5d3decf0ea61	chr6	153686484	170741917	1	1	0
df8d6b25-985f-476f-a4b3-5d3decf0ea61	chr7	43259	34573042	2	1	1
df8d6b25-985f-476f-a4b3-5d3decf0ea61	chr7	34573059	35060281	1	1	0
df8d6b25-985f-476f-a4b3-5d3decf0ea61	chr7	35074781	36167381	2	1	1
df8d6b25-985f-476f-a4b3-5d3decf0ea61	chr7	36169995	36369539	1	1	0
df8d6b25-985f-476f-a4b3-5d3decf0ea61	chr7	36370213	53599752	2	1	1
df8d6b25-985f-476f-a4b3-5d3decf0ea61	chr7	53599960	53627068	1	1	0
df8d6b25-985f-476f-a4b3-5d3decf0ea61	chr7	53627097	108188913	2	1	1
df8d6b25-985f-476f-a4b3-5d3decf0ea61	chr7	108189416	108238375	1	1	0
df8d6b25-985f-476f-a4b3-5d3decf0ea61	chr7	108243255	127065472	2	1	1
df8d6b25-985f-476f-a4b3-5d3decf0ea61	chr7	127066835	128139075	1	1	0
df8d6b25-985f-476f-a4b3-5d3decf0ea61	chr7	128142297	142384213	2	1	1
df8d6b25-985f-476f-a4b3-5d3decf0ea61	chr7	142387034	144462265	1	1	0
df8d6b25-985f-476f-a4b3-5d3decf0ea61	chr7	144462370	147043485	2	1	1
df8d6b25-985f-476f-a4b3-5d3decf0ea61	chr7	147043950	150509952	1	1	0
df8d6b25-985f-476f-a4b3-5d3decf0ea61	chr7	150513060	150873101	2	1	1
df8d6b25-985f-476f-a4b3-5d3decf0ea61	chr7	150875349	151384705	1	1	0
df8d6b25-985f-476f-a4b3-5d3decf0ea61	chr7	151384974	152123748	2	1	1
df8d6b25-985f-476f-a4b3-5d3decf0ea61	chr7	152128470	152166989	1	1	0
df8d6b25-985f-476f-a4b3-5d3decf0ea61	chr7	152168077	153422203	2	1	1
df8d6b25-985f-476f-a4b3-5d3decf0ea61	chr7	153422725	157136882	1	1	0
df8d6b25-985f-476f-a4b3-5d3decf0ea61	chr7	157138352	159334314	2	1	1
df8d6b25-985f-476f-a4b3-5d3decf0ea61	chr8	81254	5923169	2	1	1
df8d6b25-985f-476f-a4b3-5d3decf0ea61	chr8	5923263	6011323	1	1	0
df8d6b25-985f-476f-a4b3-5d3decf0ea61	chr8	6012416	31950578	2	1	1
df8d6b25-985f-476f-a4b3-5d3decf0ea61	chr8	31950603	31957537	4	2	2
df8d6b25-985f-476f-a4b3-5d3decf0ea61	chr8	31960725	101480881	2	1	1
df8d6b25-985f-476f-a4b3-5d3decf0ea61	chr8	101484440	101798774	1	1	0
df8d6b25-985f-476f-a4b3-5d3decf0ea61	chr8	101802073	139570997	2	1	1
df8d6b25-985f-476f-a4b3-5d3decf0ea61	chr8	139571559	139573160	0	0	0
df8d6b25-985f-476f-a4b3-5d3decf0ea61	chr8	139573283	145072769	2	1	1
df8d6b25-985f-476f-a4b3-5d3decf0ea61	chr9	46587	7711695	2	1	1
df8d6b25-985f-476f-a4b3-5d3decf0ea61	chr9	7712066	7727818	1	1	0
df8d6b25-985f-476f-a4b3-5d3decf0ea61	chr9	7729025	14080433	2	1	1
df8d6b25-985f-476f-a4b3-5d3decf0ea61	chr9	14087797	14292568	1	1	0
df8d6b25-985f-476f-a4b3-5d3decf0ea61	chr9	14292881	21902177	2	1	1
df8d6b25-985f-476f-a4b3-5d3decf0ea61	chr9	21906985	21936240	1	1	0
df8d6b25-985f-476f-a4b3-5d3decf0ea61	chr9	21944288	22131826	0	0	0
df8d6b25-985f-476f-a4b3-5d3decf0ea61	chr9	22132077	34197252	2	1	1
df8d6b25-985f-476f-a4b3-5d3decf0ea61	chr9	34197863	34338708	1	1	0
df8d6b25-985f-476f-a4b3-5d3decf0ea61	chr9	34342686	130517687	2	1	1
df8d6b25-985f-476f-a4b3-5d3decf0ea61	chr9	130517722	130519248	1	1	0
df8d6b25-985f-476f-a4b3-5d3decf0ea61	chr9	130519284	138200944	2	1	1
df8d6b25-985f-476f-a4b3-5d3decf0ea61	chr10	45792	48830264	2	1	1
df8d6b25-985f-476f-a4b3-5d3decf0ea61	chr10	48833078	48871313	1	1	0
df8d6b25-985f-476f-a4b3-5d3decf0ea61	chr10	48871971	65546518	2	1	1
df8d6b25-985f-476f-a4b3-5d3decf0ea61	chr10	65548165	65554688	0	0	0
df8d6b25-985f-476f-a4b3-5d3decf0ea61	chr10	65563037	133654968	2	1	1
df8d6b25-985f-476f-a4b3-5d3decf0ea61	chr11	198510	4949013	2	1	1
df8d6b25-985f-476f-a4b3-5d3decf0ea61	chr11	4949047	4955042	0	0	0
df8d6b25-985f-476f-a4b3-5d3decf0ea61	chr11	4955781	135074876	2	1	1
df8d6b25-985f-476f-a4b3-5d3decf0ea61	chr12	51460	756570	1	1	0
df8d6b25-985f-476f-a4b3-5d3decf0ea61	chr12	756804	873399	0	0	0
df8d6b25-985f-476f-a4b3-5d3decf0ea61	chr12	876465	20363220	1	1	0
df8d6b25-985f-476f-a4b3-5d3decf0ea61	chr12	20365405	133201603	2	2	0
df8d6b25-985f-476f-a4b3-5d3decf0ea61	chr13	18452809	103626592	2	1	1
df8d6b25-985f-476f-a4b3-5d3decf0ea61	chr13	103626717	103680740	1	1	0
df8d6b25-985f-476f-a4b3-5d3decf0ea61	chr13	103683787	114342922	2	1	1
df8d6b25-985f-476f-a4b3-5d3decf0ea61	chr14	18239283	50565653	1	1	0
df8d6b25-985f-476f-a4b3-5d3decf0ea61	chr14	50571473	51727689	0	0	0
df8d6b25-985f-476f-a4b3-5d3decf0ea61	chr14	51728572	106877229	1	1	0
df8d6b25-985f-476f-a4b3-5d3decf0ea61	chr15	19811075	101928837	2	1	1
df8d6b25-985f-476f-a4b3-5d3decf0ea61	chr16	10777	50188182	2	1	1
df8d6b25-985f-476f-a4b3-5d3decf0ea61	chr16	50188312	50338988	1	1	0
df8d6b25-985f-476f-a4b3-5d3decf0ea61	chr16	50339620	90096867	2	1	1
df8d6b25-985f-476f-a4b3-5d3decf0ea61	chr17	150733	197251	3	2	1
df8d6b25-985f-476f-a4b3-5d3decf0ea61	chr17	202577	46192180	2	1	1
df8d6b25-985f-476f-a4b3-5d3decf0ea61	chr17	46194634	46274335	3	2	1
df8d6b25-985f-476f-a4b3-5d3decf0ea61	chr17	46274563	73838033	2	1	1
df8d6b25-985f-476f-a4b3-5d3decf0ea61	chr17	73838553	73842624	1	1	0
df8d6b25-985f-476f-a4b3-5d3decf0ea61	chr17	73843149	83091923	2	1	1
df8d6b25-985f-476f-a4b3-5d3decf0ea61	chr18	48133	28452874	2	1	1
df8d6b25-985f-476f-a4b3-5d3decf0ea61	chr18	28455117	28665713	1	1	0
df8d6b25-985f-476f-a4b3-5d3decf0ea61	chr18	28666087	40680456	2	1	1
df8d6b25-985f-476f-a4b3-5d3decf0ea61	chr18	40680470	40685425	0	0	0
df8d6b25-985f-476f-a4b3-5d3decf0ea61	chr18	40688060	55948961	2	1	1
df8d6b25-985f-476f-a4b3-5d3decf0ea61	chr18	55949387	56002524	1	1	0
df8d6b25-985f-476f-a4b3-5d3decf0ea61	chr18	56007189	78656349	2	1	1
df8d6b25-985f-476f-a4b3-5d3decf0ea61	chr18	78657571	78666188	5	3	2
df8d6b25-985f-476f-a4b3-5d3decf0ea61	chr18	78666578	80257174	2	1	1
df8d6b25-985f-476f-a4b3-5d3decf0ea61	chr19	90910	33257986	2	1	1
df8d6b25-985f-476f-a4b3-5d3decf0ea61	chr19	33259408	33277987	5	3	2
df8d6b25-985f-476f-a4b3-5d3decf0ea61	chr19	33278107	58586487	2	1	1
df8d6b25-985f-476f-a4b3-5d3decf0ea61	chr20	80664	64324800	2	1	1
df8d6b25-985f-476f-a4b3-5d3decf0ea61	chr21	12973348	45903608	2	1	1
df8d6b25-985f-476f-a4b3-5d3decf0ea61	chr21	45903828	45922202	5	3	2
df8d6b25-985f-476f-a4b3-5d3decf0ea61	chr21	45922608	46677045	2	1	1
df8d6b25-985f-476f-a4b3-5d3decf0ea61	chr22	16392123	32179162	2	1	1
df8d6b25-985f-476f-a4b3-5d3decf0ea61	chr22	32179227	32196133	1	1	0
df8d6b25-985f-476f-a4b3-5d3decf0ea61	chr22	32196403	50796027	2	1	1
df8d6b25-985f-476f-a4b3-5d3decf0ea61	chrX	251810	35640420	2	1	1
df8d6b25-985f-476f-a4b3-5d3decf0ea61	chrX	35641321	35660274	4	2	2
df8d6b25-985f-476f-a4b3-5d3decf0ea61	chrX	35660622	95141627	2	1	1
df8d6b25-985f-476f-a4b3-5d3decf0ea61	chrX	95141864	95158595	5	3	2
df8d6b25-985f-476f-a4b3-5d3decf0ea61	chrX	95159272	156004181	2	1	1
df8d6b25-985f-476f-a4b3-5d3decf0ea61	chrY	2782397	26653788	0	0	0
df8d6b25-985f-476f-a4b3-5d3decf0ea61	chrY	56872112	56872112	1	1	0
a9abae69-e82c-46f5-a1e4-6c8045c6a1de	chr1	61735	114389525	1	1	0
a9abae69-e82c-46f5-a1e4-6c8045c6a1de	chr1	114393326	121741181	2	1	1
a9abae69-e82c-46f5-a1e4-6c8045c6a1de	chr1	143285278	169729756	4	3	1
a9abae69-e82c-46f5-a1e4-6c8045c6a1de	chr1	169730997	223135817	6	5	1
a9abae69-e82c-46f5-a1e4-6c8045c6a1de	chr1	223135871	237262125	5	4	1
a9abae69-e82c-46f5-a1e4-6c8045c6a1de	chr1	237263249	248930189	6	5	1
a9abae69-e82c-46f5-a1e4-6c8045c6a1de	chr2	12784	242147305	2	1	1
a9abae69-e82c-46f5-a1e4-6c8045c6a1de	chr3	18667	24107269	1	1	0
a9abae69-e82c-46f5-a1e4-6c8045c6a1de	chr3	24108950	27723804	2	1	1
a9abae69-e82c-46f5-a1e4-6c8045c6a1de	chr3	27732434	78011382	1	1	0
a9abae69-e82c-46f5-a1e4-6c8045c6a1de	chr3	78015716	162803835	2	1	1
a9abae69-e82c-46f5-a1e4-6c8045c6a1de	chr3	162807070	198169247	3	2	1
a9abae69-e82c-46f5-a1e4-6c8045c6a1de	chr4	12281	53844785	2	1	1
a9abae69-e82c-46f5-a1e4-6c8045c6a1de	chr4	53844971	190106768	1	1	0
a9abae69-e82c-46f5-a1e4-6c8045c6a1de	chr5	15532	181363319	2	1	1
a9abae69-e82c-46f5-a1e4-6c8045c6a1de	chr6	149661	87119450	2	1	1
a9abae69-e82c-46f5-a1e4-6c8045c6a1de	chr6	87119942	170741917	1	1	0
a9abae69-e82c-46f5-a1e4-6c8045c6a1de	chr7	43259	159334314	2	1	1
a9abae69-e82c-46f5-a1e4-6c8045c6a1de	chr8	81254	145072769	2	1	1
a9abae69-e82c-46f5-a1e4-6c8045c6a1de	chr9	46587	31373832	1	1	0
a9abae69-e82c-46f5-a1e4-6c8045c6a1de	chr9	31378586	31804635	2	1	1
a9abae69-e82c-46f5-a1e4-6c8045c6a1de	chr9	31804768	42995504	3	2	1
a9abae69-e82c-46f5-a1e4-6c8045c6a1de	chr9	60840363	138200944	2	1	1
a9abae69-e82c-46f5-a1e4-6c8045c6a1de	chr10	26823	58803618	2	1	1
a9abae69-e82c-46f5-a1e4-6c8045c6a1de	chr10	58803874	62397461	3	2	1
a9abae69-e82c-46f5-a1e4-6c8045c6a1de	chr10	62400357	95655676	2	2	0
a9abae69-e82c-46f5-a1e4-6c8045c6a1de	chr10	95656150	121481679	1	1	0
a9abae69-e82c-46f5-a1e4-6c8045c6a1de	chr10	121483194	133769379	2	2	0
a9abae69-e82c-46f5-a1e4-6c8045c6a1de	chr11	198572	135074876	2	1	1
a9abae69-e82c-46f5-a1e4-6c8045c6a1de	chr12	51460	133201603	2	1	1
a9abae69-e82c-46f5-a1e4-6c8045c6a1de	chr13	18452809	114342922	2	1	1
a9abae69-e82c-46f5-a1e4-6c8045c6a1de	chr14	18225647	21909192	2	1	1
a9abae69-e82c-46f5-a1e4-6c8045c6a1de	chr14	21909724	22530451	3	2	1
a9abae69-e82c-46f5-a1e4-6c8045c6a1de	chr14	22530591	106877229	2	1	1
a9abae69-e82c-46f5-a1e4-6c8045c6a1de	chr15	19811075	29607900	2	1	1
a9abae69-e82c-46f5-a1e4-6c8045c6a1de	chr15	29608314	101928837	3	2	1
a9abae69-e82c-46f5-a1e4-6c8045c6a1de	chr16	10777	70808194	2	1	1
a9abae69-e82c-46f5-a1e4-6c8045c6a1de	chr16	70820478	71168586	3	2	1
a9abae69-e82c-46f5-a1e4-6c8045c6a1de	chr16	71168894	90221127	2	1	1
a9abae69-e82c-46f5-a1e4-6c8045c6a1de	chr17	150733	83090856	2	1	1
a9abae69-e82c-46f5-a1e4-6c8045c6a1de	chr18	48133	80257174	2	1	1
a9abae69-e82c-46f5-a1e4-6c8045c6a1de	chr19	90910	27329324	2	1	1
a9abae69-e82c-46f5-a1e4-6c8045c6a1de	chr19	27330071	58586487	3	2	1
a9abae69-e82c-46f5-a1e4-6c8045c6a1de	chr20	80664	64324800	2	1	1
a9abae69-e82c-46f5-a1e4-6c8045c6a1de	chr21	10336543	46677045	2	1	1
a9abae69-e82c-46f5-a1e4-6c8045c6a1de	chr22	15294545	50796027	2	1	1
a9abae69-e82c-46f5-a1e4-6c8045c6a1de	chrX	251810	156004181	2	1	1
775f7a01-1e26-4bad-b2f4-e2ecf5947289	chr1	61735	36984730	1	1	0
775f7a01-1e26-4bad-b2f4-e2ecf5947289	chr1	36985407	121741181	2	1	1
775f7a01-1e26-4bad-b2f4-e2ecf5947289	chr1	143285278	248930189	4	2	2
775f7a01-1e26-4bad-b2f4-e2ecf5947289	chr2	12784	96453220	2	1	1
775f7a01-1e26-4bad-b2f4-e2ecf5947289	chr2	96454224	242147305	3	2	1
775f7a01-1e26-4bad-b2f4-e2ecf5947289	chr3	18667	44415908	2	1	1
775f7a01-1e26-4bad-b2f4-e2ecf5947289	chr3	44419338	86142511	1	1	0
775f7a01-1e26-4bad-b2f4-e2ecf5947289	chr3	86148192	198169247	2	1	1
775f7a01-1e26-4bad-b2f4-e2ecf5947289	chr4	12281	190106768	2	1	1
775f7a01-1e26-4bad-b2f4-e2ecf5947289	chr5	15532	181363319	2	1	1
775f7a01-1e26-4bad-b2f4-e2ecf5947289	chr6	149661	170741917	2	1	1
775f7a01-1e26-4bad-b2f4-e2ecf5947289	chr7	43259	55872090	1	1	0
775f7a01-1e26-4bad-b2f4-e2ecf5947289	chr7	55876492	159334314	2	1	1
775f7a01-1e26-4bad-b2f4-e2ecf5947289	chr8	81254	77332377	2	1	1
775f7a01-1e26-4bad-b2f4-e2ecf5947289	chr8	77332690	145072769	3	2	1
775f7a01-1e26-4bad-b2f4-e2ecf5947289	chr9	46587	42995504	2	1	1
775f7a01-1e26-4bad-b2f4-e2ecf5947289	chr9	60840363	125796033	1	1	0
775f7a01-1e26-4bad-b2f4-e2ecf5947289	chr9	125797343	128783626	2	1	1
775f7a01-1e26-4bad-b2f4-e2ecf5947289	chr9	128788361	138200944	1	1	0
775f7a01-1e26-4bad-b2f4-e2ecf5947289	chr10	26823	87989698	2	1	1
775f7a01-1e26-4bad-b2f4-e2ecf5947289	chr10	87995318	108823539	1	1	0
775f7a01-1e26-4bad-b2f4-e2ecf5947289	chr10	108824596	110306226	2	1	1
775f7a01-1e26-4bad-b2f4-e2ecf5947289	chr10	110306937	121465365	1	1	0
775f7a01-1e26-4bad-b2f4-e2ecf5947289	chr10	121467430	133769379	2	1	1
775f7a01-1e26-4bad-b2f4-e2ecf5947289	chr11	198572	135074876	2	1	1
775f7a01-1e26-4bad-b2f4-e2ecf5947289	chr12	51460	133201603	2	1	1
775f7a01-1e26-4bad-b2f4-e2ecf5947289	chr13	18452809	114342922	1	1	0
775f7a01-1e26-4bad-b2f4-e2ecf5947289	chr14	18225647	106877229	2	1	1
775f7a01-1e26-4bad-b2f4-e2ecf5947289	chr15	19811075	22390733	2	2	0
775f7a01-1e26-4bad-b2f4-e2ecf5947289	chr15	22395045	101928837	2	1	1
775f7a01-1e26-4bad-b2f4-e2ecf5947289	chr16	10777	27676064	3	2	1
775f7a01-1e26-4bad-b2f4-e2ecf5947289	chr16	27676392	36048855	2	1	1
775f7a01-1e26-4bad-b2f4-e2ecf5947289	chr16	46429870	70808194	1	1	0
775f7a01-1e26-4bad-b2f4-e2ecf5947289	chr16	70820478	71168586	2	2	0
775f7a01-1e26-4bad-b2f4-e2ecf5947289	chr16	71168894	90221127	1	1	0
775f7a01-1e26-4bad-b2f4-e2ecf5947289	chr17	150733	83090856	2	1	1
775f7a01-1e26-4bad-b2f4-e2ecf5947289	chr18	48133	52203786	2	1	1
775f7a01-1e26-4bad-b2f4-e2ecf5947289	chr18	52208812	80257174	1	1	0
775f7a01-1e26-4bad-b2f4-e2ecf5947289	chr19	90910	58586487	2	1	1
775f7a01-1e26-4bad-b2f4-e2ecf5947289	chr20	80664	64324800	2	1	1
775f7a01-1e26-4bad-b2f4-e2ecf5947289	chr21	10336543	13424192	2	2	0
775f7a01-1e26-4bad-b2f4-e2ecf5947289	chr21	13424314	32867727	2	1	1
775f7a01-1e26-4bad-b2f4-e2ecf5947289	chr21	32867760	46677045	3	2	1
775f7a01-1e26-4bad-b2f4-e2ecf5947289	chr22	15294545	50796027	2	1	1
775f7a01-1e26-4bad-b2f4-e2ecf5947289	chrX	251810	57823493	2	1	1
775f7a01-1e26-4bad-b2f4-e2ecf5947289	chrX	57823897	58307685	1	1	0
775f7a01-1e26-4bad-b2f4-e2ecf5947289	chrX	58312306	156004181	2	1	1
d42bef4d-57f2-4dc5-8a1f-7da3363da362	chr1	61735	2853893	3	2	1
d42bef4d-57f2-4dc5-8a1f-7da3363da362	chr1	2858617	7540669	2	1	1
d42bef4d-57f2-4dc5-8a1f-7da3363da362	chr1	7543936	12573143	3	2	1
d42bef4d-57f2-4dc5-8a1f-7da3363da362	chr1	12574006	21258448	1	1	0
d42bef4d-57f2-4dc5-8a1f-7da3363da362	chr1	21259030	23289795	2	1	1
d42bef4d-57f2-4dc5-8a1f-7da3363da362	chr1	23292516	24285852	3	2	1
d42bef4d-57f2-4dc5-8a1f-7da3363da362	chr1	24288379	25447591	2	1	1
d42bef4d-57f2-4dc5-8a1f-7da3363da362	chr1	25562931	27057824	3	2	1
d42bef4d-57f2-4dc5-8a1f-7da3363da362	chr1	27058498	33060637	2	1	1
d42bef4d-57f2-4dc5-8a1f-7da3363da362	chr1	33063041	33643453	3	2	1
d42bef4d-57f2-4dc5-8a1f-7da3363da362	chr1	33645497	35492752	2	1	1
d42bef4d-57f2-4dc5-8a1f-7da3363da362	chr1	35493533	37315453	3	2	1
d42bef4d-57f2-4dc5-8a1f-7da3363da362	chr1	37317154	39285231	2	1	1
d42bef4d-57f2-4dc5-8a1f-7da3363da362	chr1	39287656	41373670	1	1	0
d42bef4d-57f2-4dc5-8a1f-7da3363da362	chr1	41373823	42093731	2	1	1
d42bef4d-57f2-4dc5-8a1f-7da3363da362	chr1	42097892	45573940	3	2	1
d42bef4d-57f2-4dc5-8a1f-7da3363da362	chr1	45575428	67866965	2	1	1
d42bef4d-57f2-4dc5-8a1f-7da3363da362	chr1	67866990	68135498	3	2	1
d42bef4d-57f2-4dc5-8a1f-7da3363da362	chr1	68135562	83160906	2	1	1
d42bef4d-57f2-4dc5-8a1f-7da3363da362	chr1	83161009	84705244	3	2	1
d42bef4d-57f2-4dc5-8a1f-7da3363da362	chr1	84705250	93757302	2	1	1
d42bef4d-57f2-4dc5-8a1f-7da3363da362	chr1	93757672	95226586	3	2	1
d42bef4d-57f2-4dc5-8a1f-7da3363da362	chr1	95227856	110031729	2	1	1
d42bef4d-57f2-4dc5-8a1f-7da3363da362	chr1	110032928	110693601	3	2	1
d42bef4d-57f2-4dc5-8a1f-7da3363da362	chr1	110694717	121741181	2	1	1
d42bef4d-57f2-4dc5-8a1f-7da3363da362	chr1	143285278	248930189	5	4	1
d42bef4d-57f2-4dc5-8a1f-7da3363da362	chr2	12784	91624808	4	2	2
d42bef4d-57f2-4dc5-8a1f-7da3363da362	chr2	91625207	129888085	3	2	1
d42bef4d-57f2-4dc5-8a1f-7da3363da362	chr2	129888211	242147305	4	2	2
d42bef4d-57f2-4dc5-8a1f-7da3363da362	chr3	18667	88053658	2	2	0
d42bef4d-57f2-4dc5-8a1f-7da3363da362	chr3	88061879	90453712	12	10	2
d42bef4d-57f2-4dc5-8a1f-7da3363da362	chr3	93800634	198169247	4	2	2
d42bef4d-57f2-4dc5-8a1f-7da3363da362	chr4	12281	190106768	2	2	0
d42bef4d-57f2-4dc5-8a1f-7da3363da362	chr5	15532	50136997	4	2	2
d42bef4d-57f2-4dc5-8a1f-7da3363da362	chr5	50146124	181363319	2	2	0
d42bef4d-57f2-4dc5-8a1f-7da3363da362	chr6	149661	122733995	4	2	2
d42bef4d-57f2-4dc5-8a1f-7da3363da362	chr6	122735174	123868234	7	5	2
d42bef4d-57f2-4dc5-8a1f-7da3363da362	chr6	123870951	170741917	4	2	2
d42bef4d-57f2-4dc5-8a1f-7da3363da362	chr7	43259	78476776	4	2	2
d42bef4d-57f2-4dc5-8a1f-7da3363da362	chr7	78477138	81210553	5	3	2
d42bef4d-57f2-4dc5-8a1f-7da3363da362	chr7	81210641	159334314	4	2	2
d42bef4d-57f2-4dc5-8a1f-7da3363da362	chr8	81254	43809052	2	2	0
d42bef4d-57f2-4dc5-8a1f-7da3363da362	chr8	43818245	54448930	3	2	1
d42bef4d-57f2-4dc5-8a1f-7da3363da362	chr8	54451655	55090634	2	2	0
d42bef4d-57f2-4dc5-8a1f-7da3363da362	chr8	55091792	111477493	3	2	1
d42bef4d-57f2-4dc5-8a1f-7da3363da362	chr8	111477930	125601565	6	5	1
d42bef4d-57f2-4dc5-8a1f-7da3363da362	chr8	125602125	126381207	4	3	1
d42bef4d-57f2-4dc5-8a1f-7da3363da362	chr8	126381682	137046940	5	4	1
d42bef4d-57f2-4dc5-8a1f-7da3363da362	chr8	137047386	138419862	6	5	1
d42bef4d-57f2-4dc5-8a1f-7da3363da362	chr8	138420417	138543153	4	4	0
d42bef4d-57f2-4dc5-8a1f-7da3363da362	chr8	138543474	145072769	5	4	1
d42bef4d-57f2-4dc5-8a1f-7da3363da362	chr9	46587	138200944	3	2	1
d42bef4d-57f2-4dc5-8a1f-7da3363da362	chr10	26823	38781690	2	2	0
d42bef4d-57f2-4dc5-8a1f-7da3363da362	chr10	38783075	133769379	3	2	1
d42bef4d-57f2-4dc5-8a1f-7da3363da362	chr11	198572	54680136	3	2	1
d42bef4d-57f2-4dc5-8a1f-7da3363da362	chr11	54683442	60772344	2	2	0
d42bef4d-57f2-4dc5-8a1f-7da3363da362	chr11	60782493	61140648	3	2	1
d42bef4d-57f2-4dc5-8a1f-7da3363da362	chr11	61140996	65717649	2	2	0
d42bef4d-57f2-4dc5-8a1f-7da3363da362	chr11	65717747	66361739	3	2	1
d42bef4d-57f2-4dc5-8a1f-7da3363da362	chr11	66365840	69715985	10	8	2
d42bef4d-57f2-4dc5-8a1f-7da3363da362	chr11	69716657	70474991	8	6	2
d42bef4d-57f2-4dc5-8a1f-7da3363da362	chr11	70480702	70510235	8	8	0
d42bef4d-57f2-4dc5-8a1f-7da3363da362	chr11	70514354	71342252	25	23	2
d42bef4d-57f2-4dc5-8a1f-7da3363da362	chr11	71342339	71822885	8	6	2
d42bef4d-57f2-4dc5-8a1f-7da3363da362	chr11	71825826	72477234	6	4	2
d42bef4d-57f2-4dc5-8a1f-7da3363da362	chr11	72479109	73664824	12	10	2
d42bef4d-57f2-4dc5-8a1f-7da3363da362	chr11	73665125	74006302	3	2	1
d42bef4d-57f2-4dc5-8a1f-7da3363da362	chr11	74009120	74975530	4	2	2
d42bef4d-57f2-4dc5-8a1f-7da3363da362	chr11	74978131	75945080	22	20	2
d42bef4d-57f2-4dc5-8a1f-7da3363da362	chr11	75947335	76286631	16	15	1
d42bef4d-57f2-4dc5-8a1f-7da3363da362	chr11	76288710	135074876	2	2	0
d42bef4d-57f2-4dc5-8a1f-7da3363da362	chr12	51460	37486676	4	2	2
d42bef4d-57f2-4dc5-8a1f-7da3363da362	chr12	37494436	51954717	2	2	0
d42bef4d-57f2-4dc5-8a1f-7da3363da362	chr12	51955287	52999664	11	9	2
d42bef4d-57f2-4dc5-8a1f-7da3363da362	chr12	53011715	57713053	2	2	0
d42bef4d-57f2-4dc5-8a1f-7da3363da362	chr12	57714586	59299067	36	35	1
d42bef4d-57f2-4dc5-8a1f-7da3363da362	chr12	59299722	59409154	19	17	2
d42bef4d-57f2-4dc5-8a1f-7da3363da362	chr12	59411001	61509306	2	2	0
d42bef4d-57f2-4dc5-8a1f-7da3363da362	chr12	61509834	61951362	13	11	2
d42bef4d-57f2-4dc5-8a1f-7da3363da362	chr12	61951695	62944169	8	6	2
d42bef4d-57f2-4dc5-8a1f-7da3363da362	chr12	62944352	63155813	42	40	2
d42bef4d-57f2-4dc5-8a1f-7da3363da362	chr12	63157269	63983144	26	24	2
d42bef4d-57f2-4dc5-8a1f-7da3363da362	chr12	63983389	64494879	14	13	1
d42bef4d-57f2-4dc5-8a1f-7da3363da362	chr12	64505252	64936549	8	6	2
d42bef4d-57f2-4dc5-8a1f-7da3363da362	chr12	64936986	65544880	15	13	2
d42bef4d-57f2-4dc5-8a1f-7da3363da362	chr12	65545636	66474195	2	2	0
d42bef4d-57f2-4dc5-8a1f-7da3363da362	chr12	66482424	66961378	17	15	2
d42bef4d-57f2-4dc5-8a1f-7da3363da362	chr12	66962013	67317950	2	2	0
d42bef4d-57f2-4dc5-8a1f-7da3363da362	chr12	67328087	68175411	4	2	2
d42bef4d-57f2-4dc5-8a1f-7da3363da362	chr12	68176743	68483457	14	12	2
d42bef4d-57f2-4dc5-8a1f-7da3363da362	chr12	68485762	69762271	29	27	2
d42bef4d-57f2-4dc5-8a1f-7da3363da362	chr12	69764010	70351307	16	14	2
d42bef4d-57f2-4dc5-8a1f-7da3363da362	chr12	70357495	133201603	2	2	0
d42bef4d-57f2-4dc5-8a1f-7da3363da362	chr13	18452809	114342922	4	2	2
d42bef4d-57f2-4dc5-8a1f-7da3363da362	chr14	18225647	106877229	3	2	1
d42bef4d-57f2-4dc5-8a1f-7da3363da362	chr15	19811075	101928837	4	2	2
d42bef4d-57f2-4dc5-8a1f-7da3363da362	chr16	10777	90221127	3	2	1
d42bef4d-57f2-4dc5-8a1f-7da3363da362	chr17	150733	83090856	4	2	2
d42bef4d-57f2-4dc5-8a1f-7da3363da362	chr18	48133	5046581	3	2	1
d42bef4d-57f2-4dc5-8a1f-7da3363da362	chr18	5050076	5413671	2	2	0
d42bef4d-57f2-4dc5-8a1f-7da3363da362	chr18	5413816	29648535	3	2	1
d42bef4d-57f2-4dc5-8a1f-7da3363da362	chr18	29649249	29835207	2	2	0
d42bef4d-57f2-4dc5-8a1f-7da3363da362	chr18	29838380	33212275	3	2	1
d42bef4d-57f2-4dc5-8a1f-7da3363da362	chr18	33213272	34447462	2	2	0
d42bef4d-57f2-4dc5-8a1f-7da3363da362	chr18	34449635	40323938	3	2	1
d42bef4d-57f2-4dc5-8a1f-7da3363da362	chr18	40327942	44523271	2	2	0
d42bef4d-57f2-4dc5-8a1f-7da3363da362	chr18	44528044	44646274	3	2	1
d42bef4d-57f2-4dc5-8a1f-7da3363da362	chr18	44649184	78807816	2	2	0
d42bef4d-57f2-4dc5-8a1f-7da3363da362	chr18	78810960	78976380	3	2	1
d42bef4d-57f2-4dc5-8a1f-7da3363da362	chr18	78982123	80257174	2	2	0
d42bef4d-57f2-4dc5-8a1f-7da3363da362	chr19	90910	27596469	2	2	0
d42bef4d-57f2-4dc5-8a1f-7da3363da362	chr19	27636293	27879572	3	2	1
d42bef4d-57f2-4dc5-8a1f-7da3363da362	chr19	27881970	28685498	2	2	0
d42bef4d-57f2-4dc5-8a1f-7da3363da362	chr19	28685887	58586487	3	2	1
d42bef4d-57f2-4dc5-8a1f-7da3363da362	chr20	80664	64324800	4	2	2
d42bef4d-57f2-4dc5-8a1f-7da3363da362	chr21	10336543	17041999	3	2	1
d42bef4d-57f2-4dc5-8a1f-7da3363da362	chr21	17048216	21924184	2	2	0
d42bef4d-57f2-4dc5-8a1f-7da3363da362	chr21	21927614	23226254	3	2	1
d42bef4d-57f2-4dc5-8a1f-7da3363da362	chr21	23227748	24887351	2	2	0
d42bef4d-57f2-4dc5-8a1f-7da3363da362	chr21	24887491	25440266	3	2	1
d42bef4d-57f2-4dc5-8a1f-7da3363da362	chr21	25442244	25788433	4	2	2
d42bef4d-57f2-4dc5-8a1f-7da3363da362	chr21	25791895	26348344	3	2	1
d42bef4d-57f2-4dc5-8a1f-7da3363da362	chr21	26348360	46677045	2	2	0
d42bef4d-57f2-4dc5-8a1f-7da3363da362	chr22	15294545	50796027	4	2	2
d42bef4d-57f2-4dc5-8a1f-7da3363da362	chrX	251810	2776199	4	2	2
d42bef4d-57f2-4dc5-8a1f-7da3363da362	chrX	2785350	155699373	2	2	0
d42bef4d-57f2-4dc5-8a1f-7da3363da362	chrX	155699444	156004181	4	3	1
b8e72a36-c593-4982-8ebb-128d9d1536b3	chr1	61735	4481384	4	2	2
b8e72a36-c593-4982-8ebb-128d9d1536b3	chr1	4481966	36934944	2	2	0
b8e72a36-c593-4982-8ebb-128d9d1536b3	chr1	36936400	237450271	4	2	2
b8e72a36-c593-4982-8ebb-128d9d1536b3	chr1	237453253	241425304	5	3	2
b8e72a36-c593-4982-8ebb-128d9d1536b3	chr1	241432793	248930189	4	2	2
b8e72a36-c593-4982-8ebb-128d9d1536b3	chr2	12784	242147305	3	2	1
b8e72a36-c593-4982-8ebb-128d9d1536b3	chr3	18667	145898065	2	2	0
b8e72a36-c593-4982-8ebb-128d9d1536b3	chr3	145901677	198169247	4	4	0
b8e72a36-c593-4982-8ebb-128d9d1536b3	chr4	12281	177645103	2	1	1
b8e72a36-c593-4982-8ebb-128d9d1536b3	chr4	177645202	177886287	1	1	0
b8e72a36-c593-4982-8ebb-128d9d1536b3	chr4	177887694	190106768	2	1	1
b8e72a36-c593-4982-8ebb-128d9d1536b3	chr5	15532	2519010	4	2	2
b8e72a36-c593-4982-8ebb-128d9d1536b3	chr5	2523647	130318838	5	3	2
b8e72a36-c593-4982-8ebb-128d9d1536b3	chr5	130319959	164485785	4	2	2
b8e72a36-c593-4982-8ebb-128d9d1536b3	chr5	164485889	168126366	5	3	2
b8e72a36-c593-4982-8ebb-128d9d1536b3	chr5	168126488	181363319	4	2	2
b8e72a36-c593-4982-8ebb-128d9d1536b3	chr6	149661	44650161	4	2	2
b8e72a36-c593-4982-8ebb-128d9d1536b3	chr6	44651278	68102366	5	3	2
b8e72a36-c593-4982-8ebb-128d9d1536b3	chr6	68104656	72235789	2	2	0
b8e72a36-c593-4982-8ebb-128d9d1536b3	chr6	72237374	72795075	4	2	2
b8e72a36-c593-4982-8ebb-128d9d1536b3	chr6	72796381	76821330	2	2	0
b8e72a36-c593-4982-8ebb-128d9d1536b3	chr6	76821544	78491216	5	3	2
b8e72a36-c593-4982-8ebb-128d9d1536b3	chr6	78492471	80236000	2	2	0
b8e72a36-c593-4982-8ebb-128d9d1536b3	chr6	80238995	81765855	5	3	2
b8e72a36-c593-4982-8ebb-128d9d1536b3	chr6	81768232	170741917	2	2	0
b8e72a36-c593-4982-8ebb-128d9d1536b3	chr7	43259	51506558	3	2	1
b8e72a36-c593-4982-8ebb-128d9d1536b3	chr7	51510510	54494770	4	2	2
b8e72a36-c593-4982-8ebb-128d9d1536b3	chr7	54495260	159334314	3	2	1
b8e72a36-c593-4982-8ebb-128d9d1536b3	chr8	81254	37064553	2	2	0
b8e72a36-c593-4982-8ebb-128d9d1536b3	chr8	37066601	37252475	4	2	2
b8e72a36-c593-4982-8ebb-128d9d1536b3	chr8	37254496	39368369	2	2	0
b8e72a36-c593-4982-8ebb-128d9d1536b3	chr8	39368422	39814489	4	3	1
b8e72a36-c593-4982-8ebb-128d9d1536b3	chr8	39821004	45935912	2	2	0
b8e72a36-c593-4982-8ebb-128d9d1536b3	chr8	45951913	145072769	4	2	2
b8e72a36-c593-4982-8ebb-128d9d1536b3	chr9	46587	138200944	3	2	1
b8e72a36-c593-4982-8ebb-128d9d1536b3	chr10	26823	81488203	4	2	2
b8e72a36-c593-4982-8ebb-128d9d1536b3	chr10	81488959	83493811	5	3	2
b8e72a36-c593-4982-8ebb-128d9d1536b3	chr10	83497034	133769379	2	2	0
b8e72a36-c593-4982-8ebb-128d9d1536b3	chr11	198572	135074876	2	1	1
b8e72a36-c593-4982-8ebb-128d9d1536b3	chr12	51460	133201603	4	2	2
b8e72a36-c593-4982-8ebb-128d9d1536b3	chr13	18452809	114342922	3	2	1
b8e72a36-c593-4982-8ebb-128d9d1536b3	chr14	18225647	106877229	3	2	1
b8e72a36-c593-4982-8ebb-128d9d1536b3	chr15	19811075	101928837	2	2	0
b8e72a36-c593-4982-8ebb-128d9d1536b3	chr16	10777	90221127	3	2	1
b8e72a36-c593-4982-8ebb-128d9d1536b3	chr17	150733	10836832	3	2	1
b8e72a36-c593-4982-8ebb-128d9d1536b3	chr17	10837146	11753148	4	3	1
b8e72a36-c593-4982-8ebb-128d9d1536b3	chr17	11753757	12055184	1	1	0
b8e72a36-c593-4982-8ebb-128d9d1536b3	chr17	12058438	12611494	3	2	1
b8e72a36-c593-4982-8ebb-128d9d1536b3	chr17	12617170	13363383	1	1	0
b8e72a36-c593-4982-8ebb-128d9d1536b3	chr17	13366193	15001418	4	3	1
b8e72a36-c593-4982-8ebb-128d9d1536b3	chr17	15002972	18712507	2	2	0
b8e72a36-c593-4982-8ebb-128d9d1536b3	chr17	18722676	31384393	5	3	2
b8e72a36-c593-4982-8ebb-128d9d1536b3	chr17	31395601	33127235	4	3	1
b8e72a36-c593-4982-8ebb-128d9d1536b3	chr17	33127370	33199829	6	3	3
b8e72a36-c593-4982-8ebb-128d9d1536b3	chr17	33199906	33498098	3	3	0
b8e72a36-c593-4982-8ebb-128d9d1536b3	chr17	33500514	34520235	6	3	3
b8e72a36-c593-4982-8ebb-128d9d1536b3	chr17	34520759	35406748	4	2	2
b8e72a36-c593-4982-8ebb-128d9d1536b3	chr17	35406868	36011038	4	4	0
b8e72a36-c593-4982-8ebb-128d9d1536b3	chr17	36015591	36750153	5	3	2
b8e72a36-c593-4982-8ebb-128d9d1536b3	chr17	36750434	36805589	2	2	0
b8e72a36-c593-4982-8ebb-128d9d1536b3	chr17	36811048	37087893	6	3	3
b8e72a36-c593-4982-8ebb-128d9d1536b3	chr17	37091701	37686063	4	4	0
b8e72a36-c593-4982-8ebb-128d9d1536b3	chr17	37686266	38403841	5	3	2
b8e72a36-c593-4982-8ebb-128d9d1536b3	chr17	38405523	54882933	3	3	0
b8e72a36-c593-4982-8ebb-128d9d1536b3	chr17	54883390	72325452	5	3	2
b8e72a36-c593-4982-8ebb-128d9d1536b3	chr17	72326323	83090856	3	3	0
b8e72a36-c593-4982-8ebb-128d9d1536b3	chr18	48133	3775686	4	2	2
b8e72a36-c593-4982-8ebb-128d9d1536b3	chr18	3777766	3868775	2	2	0
b8e72a36-c593-4982-8ebb-128d9d1536b3	chr18	3869725	22809043	4	2	2
b8e72a36-c593-4982-8ebb-128d9d1536b3	chr18	22813785	80257174	2	2	0
b8e72a36-c593-4982-8ebb-128d9d1536b3	chr19	90910	16767615	4	2	2
b8e72a36-c593-4982-8ebb-128d9d1536b3	chr19	16767924	24400510	2	2	0
b8e72a36-c593-4982-8ebb-128d9d1536b3	chr19	24413948	58586487	5	3	2
b8e72a36-c593-4982-8ebb-128d9d1536b3	chr20	80664	64324800	4	2	2
b8e72a36-c593-4982-8ebb-128d9d1536b3	chr21	10336543	14457384	2	2	0
b8e72a36-c593-4982-8ebb-128d9d1536b3	chr21	14457839	46677045	3	3	0
b8e72a36-c593-4982-8ebb-128d9d1536b3	chr22	15294545	50796027	4	2	2
b8e72a36-c593-4982-8ebb-128d9d1536b3	chrX	251810	2785350	4	2	2
b8e72a36-c593-4982-8ebb-128d9d1536b3	chrX	2785592	156004181	2	2	0
775f7a01-1e26-4bad-b2f4-e2ecf5947289	chr1	62920	14074243	1	1	0
775f7a01-1e26-4bad-b2f4-e2ecf5947289	chr1	14074855	14134491	0	0	0
775f7a01-1e26-4bad-b2f4-e2ecf5947289	chr1	14134640	36984730	1	1	0
775f7a01-1e26-4bad-b2f4-e2ecf5947289	chr1	36985407	65279924	2	1	1
775f7a01-1e26-4bad-b2f4-e2ecf5947289	chr1	65280048	65352934	3	2	1
775f7a01-1e26-4bad-b2f4-e2ecf5947289	chr1	65353026	121705338	2	1	1
775f7a01-1e26-4bad-b2f4-e2ecf5947289	chr1	143541857	152583051	5	3	2
775f7a01-1e26-4bad-b2f4-e2ecf5947289	chr1	152583230	152614064	0	0	0
775f7a01-1e26-4bad-b2f4-e2ecf5947289	chr1	152614100	179814787	4	2	2
775f7a01-1e26-4bad-b2f4-e2ecf5947289	chr1	179816520	180141897	4	3	1
775f7a01-1e26-4bad-b2f4-e2ecf5947289	chr1	180144061	248930189	4	2	2
775f7a01-1e26-4bad-b2f4-e2ecf5947289	chr2	12784	31023383	2	1	1
775f7a01-1e26-4bad-b2f4-e2ecf5947289	chr2	31024619	31027855	1	1	0
775f7a01-1e26-4bad-b2f4-e2ecf5947289	chr2	31029795	50666236	2	1	1
775f7a01-1e26-4bad-b2f4-e2ecf5947289	chr2	50667796	50696712	0	0	0
775f7a01-1e26-4bad-b2f4-e2ecf5947289	chr2	50698390	64438201	2	1	1
775f7a01-1e26-4bad-b2f4-e2ecf5947289	chr2	64440674	64459805	1	1	0
775f7a01-1e26-4bad-b2f4-e2ecf5947289	chr2	64460643	96411811	2	1	1
775f7a01-1e26-4bad-b2f4-e2ecf5947289	chr2	96412473	146104517	3	2	1
775f7a01-1e26-4bad-b2f4-e2ecf5947289	chr2	146106836	146109366	0	0	0
775f7a01-1e26-4bad-b2f4-e2ecf5947289	chr2	146120238	152066247	3	2	1
775f7a01-1e26-4bad-b2f4-e2ecf5947289	chr2	152067967	152081921	1	1	0
775f7a01-1e26-4bad-b2f4-e2ecf5947289	chr2	152083033	242147305	3	2	1
775f7a01-1e26-4bad-b2f4-e2ecf5947289	chr3	20930	21958350	2	1	1
775f7a01-1e26-4bad-b2f4-e2ecf5947289	chr3	21958367	21980455	1	1	0
775f7a01-1e26-4bad-b2f4-e2ecf5947289	chr3	21980555	44415908	2	1	1
775f7a01-1e26-4bad-b2f4-e2ecf5947289	chr3	44419338	86142511	1	1	0
775f7a01-1e26-4bad-b2f4-e2ecf5947289	chr3	86142777	162794951	2	1	1
775f7a01-1e26-4bad-b2f4-e2ecf5947289	chr3	162795304	162898127	5	5	0
775f7a01-1e26-4bad-b2f4-e2ecf5947289	chr3	162906054	198169247	2	1	1
775f7a01-1e26-4bad-b2f4-e2ecf5947289	chr4	68929	34777432	2	1	1
775f7a01-1e26-4bad-b2f4-e2ecf5947289	chr4	34784878	34822561	0	0	0
775f7a01-1e26-4bad-b2f4-e2ecf5947289	chr4	34823103	108705026	2	1	1
775f7a01-1e26-4bad-b2f4-e2ecf5947289	chr4	108706501	108786837	3	2	1
775f7a01-1e26-4bad-b2f4-e2ecf5947289	chr4	108787323	114250213	2	1	1
775f7a01-1e26-4bad-b2f4-e2ecf5947289	chr4	114250423	114264667	4	4	0
775f7a01-1e26-4bad-b2f4-e2ecf5947289	chr4	114265409	153821103	2	1	1
775f7a01-1e26-4bad-b2f4-e2ecf5947289	chr4	153822039	153838051	1	1	0
775f7a01-1e26-4bad-b2f4-e2ecf5947289	chr4	153839682	167447617	2	1	1
775f7a01-1e26-4bad-b2f4-e2ecf5947289	chr4	167448072	167492696	3	2	1
775f7a01-1e26-4bad-b2f4-e2ecf5947289	chr4	167495026	190106768	2	1	1
775f7a01-1e26-4bad-b2f4-e2ecf5947289	chr5	15532	9982419	2	1	1
775f7a01-1e26-4bad-b2f4-e2ecf5947289	chr5	9982854	9997519	0	0	0
775f7a01-1e26-4bad-b2f4-e2ecf5947289	chr5	9997673	153739869	2	1	1
775f7a01-1e26-4bad-b2f4-e2ecf5947289	chr5	153740488	153743928	0	0	0
775f7a01-1e26-4bad-b2f4-e2ecf5947289	chr5	153752746	181363319	2	1	1
775f7a01-1e26-4bad-b2f4-e2ecf5947289	chr6	149661	30499918	2	1	1
775f7a01-1e26-4bad-b2f4-e2ecf5947289	chr6	30507638	30544386	0	0	0
775f7a01-1e26-4bad-b2f4-e2ecf5947289	chr6	30559068	103286954	2	1	1
775f7a01-1e26-4bad-b2f4-e2ecf5947289	chr6	103290101	103322942	0	0	0
775f7a01-1e26-4bad-b2f4-e2ecf5947289	chr6	103323069	170741917	2	1	1
775f7a01-1e26-4bad-b2f4-e2ecf5947289	chr7	43259	35358012	1	1	0
775f7a01-1e26-4bad-b2f4-e2ecf5947289	chr7	35358037	35365086	0	0	0
775f7a01-1e26-4bad-b2f4-e2ecf5947289	chr7	35366118	55872090	1	1	0
775f7a01-1e26-4bad-b2f4-e2ecf5947289	chr7	55876492	83763803	2	1	1
775f7a01-1e26-4bad-b2f4-e2ecf5947289	chr7	83764133	83873020	0	0	0
775f7a01-1e26-4bad-b2f4-e2ecf5947289	chr7	83874117	159334314	2	1	1
775f7a01-1e26-4bad-b2f4-e2ecf5947289	chr8	81254	27907059	2	1	1
775f7a01-1e26-4bad-b2f4-e2ecf5947289	chr8	27907477	27929707	4	2	2
775f7a01-1e26-4bad-b2f4-e2ecf5947289	chr8	27929792	74167455	2	1	1
775f7a01-1e26-4bad-b2f4-e2ecf5947289	chr8	74173035	74200423	1	1	0
775f7a01-1e26-4bad-b2f4-e2ecf5947289	chr8	74200535	77313498	2	1	1
775f7a01-1e26-4bad-b2f4-e2ecf5947289	chr8	77313692	145072769	3	2	1
775f7a01-1e26-4bad-b2f4-e2ecf5947289	chr9	46587	41741113	2	1	1
775f7a01-1e26-4bad-b2f4-e2ecf5947289	chr9	60863881	83290105	1	1	0
775f7a01-1e26-4bad-b2f4-e2ecf5947289	chr9	83290145	83293307	0	0	0
775f7a01-1e26-4bad-b2f4-e2ecf5947289	chr9	83293553	110937600	1	1	0
775f7a01-1e26-4bad-b2f4-e2ecf5947289	chr9	110937947	110979640	0	0	0
775f7a01-1e26-4bad-b2f4-e2ecf5947289	chr9	110980024	125796033	1	1	0
775f7a01-1e26-4bad-b2f4-e2ecf5947289	chr9	125797343	128769339	2	1	1
775f7a01-1e26-4bad-b2f4-e2ecf5947289	chr9	128775576	132710073	1	1	0
775f7a01-1e26-4bad-b2f4-e2ecf5947289	chr9	132710214	132727281	3	3	0
775f7a01-1e26-4bad-b2f4-e2ecf5947289	chr9	132727340	138200944	1	1	0
775f7a01-1e26-4bad-b2f4-e2ecf5947289	chr10	45792	87995886	2	1	1
775f7a01-1e26-4bad-b2f4-e2ecf5947289	chr10	87996403	108816821	1	1	0
775f7a01-1e26-4bad-b2f4-e2ecf5947289	chr10	108817074	110297649	2	1	1
775f7a01-1e26-4bad-b2f4-e2ecf5947289	chr10	110306226	121467430	1	1	0
775f7a01-1e26-4bad-b2f4-e2ecf5947289	chr10	121467921	130885005	2	1	1
775f7a01-1e26-4bad-b2f4-e2ecf5947289	chr10	130886207	130912562	1	1	0
775f7a01-1e26-4bad-b2f4-e2ecf5947289	chr10	130912915	133654968	2	1	1
775f7a01-1e26-4bad-b2f4-e2ecf5947289	chr11	198510	135074876	2	1	1
775f7a01-1e26-4bad-b2f4-e2ecf5947289	chr12	51460	23611290	2	1	1
775f7a01-1e26-4bad-b2f4-e2ecf5947289	chr12	23611686	23617419	5	3	2
775f7a01-1e26-4bad-b2f4-e2ecf5947289	chr12	23617526	31072776	2	1	1
775f7a01-1e26-4bad-b2f4-e2ecf5947289	chr12	31080036	31112123	3	3	0
775f7a01-1e26-4bad-b2f4-e2ecf5947289	chr12	31116364	31249756	4	3	1
775f7a01-1e26-4bad-b2f4-e2ecf5947289	chr12	31253875	115333801	2	1	1
775f7a01-1e26-4bad-b2f4-e2ecf5947289	chr12	115334132	115340364	4	2	2
775f7a01-1e26-4bad-b2f4-e2ecf5947289	chr12	115342120	117513345	2	1	1
775f7a01-1e26-4bad-b2f4-e2ecf5947289	chr12	117518412	117560763	3	2	1
775f7a01-1e26-4bad-b2f4-e2ecf5947289	chr12	117561483	133201603	2	1	1
775f7a01-1e26-4bad-b2f4-e2ecf5947289	chr13	18452809	49412466	1	1	0
775f7a01-1e26-4bad-b2f4-e2ecf5947289	chr13	49412632	70558492	2	1	1
775f7a01-1e26-4bad-b2f4-e2ecf5947289	chr13	70558673	70564932	0	0	0
775f7a01-1e26-4bad-b2f4-e2ecf5947289	chr13	70568082	114342922	2	1	1
775f7a01-1e26-4bad-b2f4-e2ecf5947289	chr14	18239283	85714406	2	1	1
775f7a01-1e26-4bad-b2f4-e2ecf5947289	chr14	85714481	85718259	1	1	0
775f7a01-1e26-4bad-b2f4-e2ecf5947289	chr14	85718307	99551024	2	1	1
775f7a01-1e26-4bad-b2f4-e2ecf5947289	chr14	99551085	99556527	0	0	0
775f7a01-1e26-4bad-b2f4-e2ecf5947289	chr14	99557059	106877229	2	1	1
775f7a01-1e26-4bad-b2f4-e2ecf5947289	chr15	19811075	24380697	2	1	1
775f7a01-1e26-4bad-b2f4-e2ecf5947289	chr15	24390946	24537522	4	2	2
775f7a01-1e26-4bad-b2f4-e2ecf5947289	chr15	24542531	45223505	2	1	1
775f7a01-1e26-4bad-b2f4-e2ecf5947289	chr15	45224975	45237451	1	1	0
775f7a01-1e26-4bad-b2f4-e2ecf5947289	chr15	45237569	101928837	2	1	1
775f7a01-1e26-4bad-b2f4-e2ecf5947289	chr16	10777	27689083	3	2	1
775f7a01-1e26-4bad-b2f4-e2ecf5947289	chr16	27689681	36048855	2	1	1
775f7a01-1e26-4bad-b2f4-e2ecf5947289	chr16	46441986	83701086	1	1	0
775f7a01-1e26-4bad-b2f4-e2ecf5947289	chr16	83701214	83737557	0	0	0
775f7a01-1e26-4bad-b2f4-e2ecf5947289	chr16	83737891	90096867	1	1	0
775f7a01-1e26-4bad-b2f4-e2ecf5947289	chr17	150733	197251	3	2	1
775f7a01-1e26-4bad-b2f4-e2ecf5947289	chr17	202577	4547262	2	1	1
775f7a01-1e26-4bad-b2f4-e2ecf5947289	chr17	4547528	4571735	1	1	0
775f7a01-1e26-4bad-b2f4-e2ecf5947289	chr17	4571949	40971837	2	1	1
775f7a01-1e26-4bad-b2f4-e2ecf5947289	chr17	40972432	40983709	1	1	0
775f7a01-1e26-4bad-b2f4-e2ecf5947289	chr17	40985238	41265456	2	1	1
775f7a01-1e26-4bad-b2f4-e2ecf5947289	chr17	41266762	41274279	0	0	0
775f7a01-1e26-4bad-b2f4-e2ecf5947289	chr17	41276472	83091923	2	1	1
775f7a01-1e26-4bad-b2f4-e2ecf5947289	chr18	48133	6997819	2	1	1
775f7a01-1e26-4bad-b2f4-e2ecf5947289	chr18	6999055	7003719	1	1	0
775f7a01-1e26-4bad-b2f4-e2ecf5947289	chr18	7004053	32247478	2	1	1
775f7a01-1e26-4bad-b2f4-e2ecf5947289	chr18	32250102	32478486	3	2	1
775f7a01-1e26-4bad-b2f4-e2ecf5947289	chr18	32478862	39377776	2	1	1
775f7a01-1e26-4bad-b2f4-e2ecf5947289	chr18	39380799	40157506	3	2	1
775f7a01-1e26-4bad-b2f4-e2ecf5947289	chr18	40157885	44461149	2	1	1
775f7a01-1e26-4bad-b2f4-e2ecf5947289	chr18	44461261	44516512	1	1	0
775f7a01-1e26-4bad-b2f4-e2ecf5947289	chr18	44517058	47843189	2	1	1
775f7a01-1e26-4bad-b2f4-e2ecf5947289	chr18	47843225	47969206	1	1	0
775f7a01-1e26-4bad-b2f4-e2ecf5947289	chr18	47970413	52203786	2	1	1
775f7a01-1e26-4bad-b2f4-e2ecf5947289	chr18	52208812	80257174	1	1	0
775f7a01-1e26-4bad-b2f4-e2ecf5947289	chr19	90910	33257986	2	1	1
775f7a01-1e26-4bad-b2f4-e2ecf5947289	chr19	33259408	33278637	5	3	2
775f7a01-1e26-4bad-b2f4-e2ecf5947289	chr19	33284962	58586487	2	1	1
775f7a01-1e26-4bad-b2f4-e2ecf5947289	chr20	80664	64324800	2	1	1
775f7a01-1e26-4bad-b2f4-e2ecf5947289	chr21	12973348	24487616	2	1	1
775f7a01-1e26-4bad-b2f4-e2ecf5947289	chr21	24487664	24581106	1	1	0
775f7a01-1e26-4bad-b2f4-e2ecf5947289	chr21	24583395	32842336	2	1	1
775f7a01-1e26-4bad-b2f4-e2ecf5947289	chr21	32844087	45903608	3	2	1
775f7a01-1e26-4bad-b2f4-e2ecf5947289	chr21	45903828	45922202	8	5	3
775f7a01-1e26-4bad-b2f4-e2ecf5947289	chr21	45922608	46677045	3	2	1
775f7a01-1e26-4bad-b2f4-e2ecf5947289	chr22	16392123	34938377	2	1	1
775f7a01-1e26-4bad-b2f4-e2ecf5947289	chr22	34941743	34947311	1	1	0
775f7a01-1e26-4bad-b2f4-e2ecf5947289	chr22	34947634	50595433	2	1	1
775f7a01-1e26-4bad-b2f4-e2ecf5947289	chr22	50595517	50796027	3	2	1
775f7a01-1e26-4bad-b2f4-e2ecf5947289	chrX	251810	57678128	2	1	1
775f7a01-1e26-4bad-b2f4-e2ecf5947289	chrX	57678302	58312306	1	1	0
775f7a01-1e26-4bad-b2f4-e2ecf5947289	chrX	58314900	95141627	2	1	1
775f7a01-1e26-4bad-b2f4-e2ecf5947289	chrX	95141864	95158595	5	3	2
775f7a01-1e26-4bad-b2f4-e2ecf5947289	chrX	95159272	156004181	2	1	1
775f7a01-1e26-4bad-b2f4-e2ecf5947289	chrY	2782397	26653788	0	0	0
775f7a01-1e26-4bad-b2f4-e2ecf5947289	chrY	56872112	56872112	1	1	0
ffd3f925-4cf3-4aaa-8b4d-1e4e9500f63a	chr1	62920	28827489	1	1	0
ffd3f925-4cf3-4aaa-8b4d-1e4e9500f63a	chr1	28829152	248930189	2	1	1
ffd3f925-4cf3-4aaa-8b4d-1e4e9500f63a	chr2	12784	85812698	2	1	1
ffd3f925-4cf3-4aaa-8b4d-1e4e9500f63a	chr2	85814231	85942956	1	1	0
ffd3f925-4cf3-4aaa-8b4d-1e4e9500f63a	chr2	85945151	100471798	2	1	1
ffd3f925-4cf3-4aaa-8b4d-1e4e9500f63a	chr2	100472378	100490686	1	1	0
ffd3f925-4cf3-4aaa-8b4d-1e4e9500f63a	chr2	100490891	242147305	2	1	1
ffd3f925-4cf3-4aaa-8b4d-1e4e9500f63a	chr3	20930	13682268	1	1	0
ffd3f925-4cf3-4aaa-8b4d-1e4e9500f63a	chr3	13684807	13690449	0	0	0
ffd3f925-4cf3-4aaa-8b4d-1e4e9500f63a	chr3	13690773	32354448	1	1	0
ffd3f925-4cf3-4aaa-8b4d-1e4e9500f63a	chr3	32355312	32359836	2	2	0
ffd3f925-4cf3-4aaa-8b4d-1e4e9500f63a	chr3	32360167	90453712	1	1	0
ffd3f925-4cf3-4aaa-8b4d-1e4e9500f63a	chr3	93800634	100525833	2	1	1
ffd3f925-4cf3-4aaa-8b4d-1e4e9500f63a	chr3	100525981	100542774	1	1	0
ffd3f925-4cf3-4aaa-8b4d-1e4e9500f63a	chr3	100543006	120387080	2	1	1
ffd3f925-4cf3-4aaa-8b4d-1e4e9500f63a	chr3	120387674	120455459	1	1	0
ffd3f925-4cf3-4aaa-8b4d-1e4e9500f63a	chr3	120455684	191910119	2	1	1
ffd3f925-4cf3-4aaa-8b4d-1e4e9500f63a	chr3	191910640	192778565	1	1	0
ffd3f925-4cf3-4aaa-8b4d-1e4e9500f63a	chr3	192778622	192875747	2	2	0
ffd3f925-4cf3-4aaa-8b4d-1e4e9500f63a	chr3	192877518	196183553	2	1	1
ffd3f925-4cf3-4aaa-8b4d-1e4e9500f63a	chr3	196183901	196241949	1	1	0
ffd3f925-4cf3-4aaa-8b4d-1e4e9500f63a	chr3	196245509	198169247	2	1	1
ffd3f925-4cf3-4aaa-8b4d-1e4e9500f63a	chr4	68929	10208766	2	1	1
ffd3f925-4cf3-4aaa-8b4d-1e4e9500f63a	chr4	10212536	10229874	0	0	0
ffd3f925-4cf3-4aaa-8b4d-1e4e9500f63a	chr4	10232590	12502342	2	1	1
ffd3f925-4cf3-4aaa-8b4d-1e4e9500f63a	chr4	12506828	13071994	3	2	1
ffd3f925-4cf3-4aaa-8b4d-1e4e9500f63a	chr4	13072448	103915696	2	1	1
ffd3f925-4cf3-4aaa-8b4d-1e4e9500f63a	chr4	103924246	131862290	1	1	0
ffd3f925-4cf3-4aaa-8b4d-1e4e9500f63a	chr4	131862426	152411407	2	1	1
ffd3f925-4cf3-4aaa-8b4d-1e4e9500f63a	chr4	152411839	153653404	1	1	0
ffd3f925-4cf3-4aaa-8b4d-1e4e9500f63a	chr4	153655019	160734138	2	1	1
ffd3f925-4cf3-4aaa-8b4d-1e4e9500f63a	chr4	160740068	190106768	1	1	0
ffd3f925-4cf3-4aaa-8b4d-1e4e9500f63a	chr5	15532	9982854	2	1	1
ffd3f925-4cf3-4aaa-8b4d-1e4e9500f63a	chr5	9982952	9997519	0	0	0
ffd3f925-4cf3-4aaa-8b4d-1e4e9500f63a	chr5	9997673	31337977	2	1	1
ffd3f925-4cf3-4aaa-8b4d-1e4e9500f63a	chr5	31343317	31360804	1	1	0
ffd3f925-4cf3-4aaa-8b4d-1e4e9500f63a	chr5	31361029	133664291	2	1	1
ffd3f925-4cf3-4aaa-8b4d-1e4e9500f63a	chr5	133664817	133668729	1	1	0
ffd3f925-4cf3-4aaa-8b4d-1e4e9500f63a	chr5	133668786	153740704	2	1	1
ffd3f925-4cf3-4aaa-8b4d-1e4e9500f63a	chr5	153743303	153763988	1	1	0
ffd3f925-4cf3-4aaa-8b4d-1e4e9500f63a	chr5	153767640	181363319	2	1	1
ffd3f925-4cf3-4aaa-8b4d-1e4e9500f63a	chr6	149661	61496363	2	1	1
ffd3f925-4cf3-4aaa-8b4d-1e4e9500f63a	chr6	61496706	78253172	1	1	0
ffd3f925-4cf3-4aaa-8b4d-1e4e9500f63a	chr6	78259348	78293324	0	0	0
ffd3f925-4cf3-4aaa-8b4d-1e4e9500f63a	chr6	78293764	170741917	1	1	0
ffd3f925-4cf3-4aaa-8b4d-1e4e9500f63a	chr7	43259	103821150	2	1	1
ffd3f925-4cf3-4aaa-8b4d-1e4e9500f63a	chr7	103821244	103841283	1	1	0
ffd3f925-4cf3-4aaa-8b4d-1e4e9500f63a	chr7	103843403	147454490	2	1	1
ffd3f925-4cf3-4aaa-8b4d-1e4e9500f63a	chr7	147454686	147463639	1	1	0
ffd3f925-4cf3-4aaa-8b4d-1e4e9500f63a	chr7	147463866	148748672	2	1	1
ffd3f925-4cf3-4aaa-8b4d-1e4e9500f63a	chr7	148749513	148773406	1	1	0
ffd3f925-4cf3-4aaa-8b4d-1e4e9500f63a	chr7	148782556	159334314	2	1	1
ffd3f925-4cf3-4aaa-8b4d-1e4e9500f63a	chr8	81254	53380259	2	1	1
ffd3f925-4cf3-4aaa-8b4d-1e4e9500f63a	chr8	53384952	53432178	3	2	1
ffd3f925-4cf3-4aaa-8b4d-1e4e9500f63a	chr8	53432328	139569771	2	1	1
ffd3f925-4cf3-4aaa-8b4d-1e4e9500f63a	chr8	139570777	139573160	1	1	0
ffd3f925-4cf3-4aaa-8b4d-1e4e9500f63a	chr8	139573283	145072769	2	1	1
ffd3f925-4cf3-4aaa-8b4d-1e4e9500f63a	chr9	46587	13431071	2	2	0
ffd3f925-4cf3-4aaa-8b4d-1e4e9500f63a	chr9	13432829	77029057	1	1	0
ffd3f925-4cf3-4aaa-8b4d-1e4e9500f63a	chr9	77036716	79032252	2	2	0
ffd3f925-4cf3-4aaa-8b4d-1e4e9500f63a	chr9	79032877	138200944	1	1	0
ffd3f925-4cf3-4aaa-8b4d-1e4e9500f63a	chr10	45792	63525329	2	1	1
ffd3f925-4cf3-4aaa-8b4d-1e4e9500f63a	chr10	63525725	73218914	1	1	0
ffd3f925-4cf3-4aaa-8b4d-1e4e9500f63a	chr10	73221317	73259366	0	0	0
ffd3f925-4cf3-4aaa-8b4d-1e4e9500f63a	chr10	73261229	132112604	1	1	0
ffd3f925-4cf3-4aaa-8b4d-1e4e9500f63a	chr10	132112661	133654968	2	1	1
ffd3f925-4cf3-4aaa-8b4d-1e4e9500f63a	chr11	198510	2501069	2	1	1
ffd3f925-4cf3-4aaa-8b4d-1e4e9500f63a	chr11	2504137	58498755	1	1	0
ffd3f925-4cf3-4aaa-8b4d-1e4e9500f63a	chr11	58500617	126818816	2	1	1
ffd3f925-4cf3-4aaa-8b4d-1e4e9500f63a	chr11	126819138	126835762	3	2	1
ffd3f925-4cf3-4aaa-8b4d-1e4e9500f63a	chr11	126836196	135074876	2	1	1
ffd3f925-4cf3-4aaa-8b4d-1e4e9500f63a	chr12	51460	2266652	5	4	1
ffd3f925-4cf3-4aaa-8b4d-1e4e9500f63a	chr12	2272178	4044058	3	2	1
ffd3f925-4cf3-4aaa-8b4d-1e4e9500f63a	chr12	4050008	9477960	2	1	1
ffd3f925-4cf3-4aaa-8b4d-1e4e9500f63a	chr12	9481274	9582373	0	0	0
ffd3f925-4cf3-4aaa-8b4d-1e4e9500f63a	chr12	9582374	102677378	2	1	1
ffd3f925-4cf3-4aaa-8b4d-1e4e9500f63a	chr12	102679315	102711143	1	1	0
ffd3f925-4cf3-4aaa-8b4d-1e4e9500f63a	chr12	102719925	133201603	2	1	1
ffd3f925-4cf3-4aaa-8b4d-1e4e9500f63a	chr13	18452809	19017233	1	1	0
ffd3f925-4cf3-4aaa-8b4d-1e4e9500f63a	chr13	19017246	19024904	2	2	0
ffd3f925-4cf3-4aaa-8b4d-1e4e9500f63a	chr13	19028399	29315946	1	1	0
ffd3f925-4cf3-4aaa-8b4d-1e4e9500f63a	chr13	29318006	29324631	0	0	0
ffd3f925-4cf3-4aaa-8b4d-1e4e9500f63a	chr13	29326058	70558492	1	1	0
ffd3f925-4cf3-4aaa-8b4d-1e4e9500f63a	chr13	70558673	70564932	0	0	0
ffd3f925-4cf3-4aaa-8b4d-1e4e9500f63a	chr13	70568082	114342922	1	1	0
ffd3f925-4cf3-4aaa-8b4d-1e4e9500f63a	chr14	18239283	60339945	2	1	1
ffd3f925-4cf3-4aaa-8b4d-1e4e9500f63a	chr14	60344328	74133944	1	1	0
ffd3f925-4cf3-4aaa-8b4d-1e4e9500f63a	chr14	74139474	77915016	2	1	1
ffd3f925-4cf3-4aaa-8b4d-1e4e9500f63a	chr14	77915084	105784746	1	1	0
ffd3f925-4cf3-4aaa-8b4d-1e4e9500f63a	chr14	105784759	106379202	2	2	0
ffd3f925-4cf3-4aaa-8b4d-1e4e9500f63a	chr14	106380858	106877229	1	1	0
ffd3f925-4cf3-4aaa-8b4d-1e4e9500f63a	chr15	19811075	45943633	2	1	1
ffd3f925-4cf3-4aaa-8b4d-1e4e9500f63a	chr15	45943946	45950393	1	1	0
ffd3f925-4cf3-4aaa-8b4d-1e4e9500f63a	chr15	45950456	53972694	2	1	1
ffd3f925-4cf3-4aaa-8b4d-1e4e9500f63a	chr15	53974553	54304325	3	2	1
ffd3f925-4cf3-4aaa-8b4d-1e4e9500f63a	chr15	54304343	101928837	2	1	1
ffd3f925-4cf3-4aaa-8b4d-1e4e9500f63a	chr16	10777	88065676	2	1	1
ffd3f925-4cf3-4aaa-8b4d-1e4e9500f63a	chr16	88066715	90096867	1	1	0
ffd3f925-4cf3-4aaa-8b4d-1e4e9500f63a	chr17	150733	7011021	2	1	1
ffd3f925-4cf3-4aaa-8b4d-1e4e9500f63a	chr17	7011167	8006763	1	1	0
ffd3f925-4cf3-4aaa-8b4d-1e4e9500f63a	chr17	8007404	33281912	2	1	1
ffd3f925-4cf3-4aaa-8b4d-1e4e9500f63a	chr17	33282797	33383747	3	2	1
ffd3f925-4cf3-4aaa-8b4d-1e4e9500f63a	chr17	33383954	83091923	2	1	1
ffd3f925-4cf3-4aaa-8b4d-1e4e9500f63a	chr18	48133	37275719	2	1	1
ffd3f925-4cf3-4aaa-8b4d-1e4e9500f63a	chr18	37280374	37292258	1	1	0
ffd3f925-4cf3-4aaa-8b4d-1e4e9500f63a	chr18	37292778	80257174	2	1	1
ffd3f925-4cf3-4aaa-8b4d-1e4e9500f63a	chr19	90910	16914729	2	1	1
ffd3f925-4cf3-4aaa-8b4d-1e4e9500f63a	chr19	16915048	19202858	3	2	1
ffd3f925-4cf3-4aaa-8b4d-1e4e9500f63a	chr19	19204371	29576946	2	1	1
ffd3f925-4cf3-4aaa-8b4d-1e4e9500f63a	chr19	29577270	29599620	1	1	0
ffd3f925-4cf3-4aaa-8b4d-1e4e9500f63a	chr19	29599742	58586487	2	1	1
ffd3f925-4cf3-4aaa-8b4d-1e4e9500f63a	chr20	80664	24043337	2	1	1
ffd3f925-4cf3-4aaa-8b4d-1e4e9500f63a	chr20	24043622	24066199	3	2	1
ffd3f925-4cf3-4aaa-8b4d-1e4e9500f63a	chr20	24066363	64324800	2	1	1
ffd3f925-4cf3-4aaa-8b4d-1e4e9500f63a	chr21	12973348	26868073	2	1	1
ffd3f925-4cf3-4aaa-8b4d-1e4e9500f63a	chr21	26868768	26893773	3	2	1
ffd3f925-4cf3-4aaa-8b4d-1e4e9500f63a	chr21	26903142	46677045	2	1	1
ffd3f925-4cf3-4aaa-8b4d-1e4e9500f63a	chr22	16392123	29468904	2	1	1
ffd3f925-4cf3-4aaa-8b4d-1e4e9500f63a	chr22	29469151	30468705	3	2	1
ffd3f925-4cf3-4aaa-8b4d-1e4e9500f63a	chr22	30469350	32178696	2	1	1
ffd3f925-4cf3-4aaa-8b4d-1e4e9500f63a	chr22	32179162	32196490	1	1	0
ffd3f925-4cf3-4aaa-8b4d-1e4e9500f63a	chr22	32197107	50796027	2	1	1
ffd3f925-4cf3-4aaa-8b4d-1e4e9500f63a	chrX	251810	2776199	1	1	0
ffd3f925-4cf3-4aaa-8b4d-1e4e9500f63a	chrX	2785350	156004181	0	0	0
ffd3f925-4cf3-4aaa-8b4d-1e4e9500f63a	chrY	2782397	56872112	1	1	0
503efef1-62b1-4f49-9696-0ad297b9139b	chr1	62920	61660298	1	1	0
503efef1-62b1-4f49-9696-0ad297b9139b	chr1	61661276	66564027	2	1	1
503efef1-62b1-4f49-9696-0ad297b9139b	chr1	66564179	66602310	1	1	0
503efef1-62b1-4f49-9696-0ad297b9139b	chr1	66604305	99214938	2	1	1
503efef1-62b1-4f49-9696-0ad297b9139b	chr1	99218100	99238082	3	2	1
503efef1-62b1-4f49-9696-0ad297b9139b	chr1	99239984	121705338	2	1	1
503efef1-62b1-4f49-9696-0ad297b9139b	chr1	143541857	147056317	0	0	0
503efef1-62b1-4f49-9696-0ad297b9139b	chr1	147056959	153804190	2	1	1
503efef1-62b1-4f49-9696-0ad297b9139b	chr1	153818025	158984771	3	2	1
503efef1-62b1-4f49-9696-0ad297b9139b	chr1	158986311	169496048	2	1	1
503efef1-62b1-4f49-9696-0ad297b9139b	chr1	169505116	169784317	1	1	0
503efef1-62b1-4f49-9696-0ad297b9139b	chr1	169785295	248930189	2	1	1
503efef1-62b1-4f49-9696-0ad297b9139b	chr2	12784	42882443	2	1	1
503efef1-62b1-4f49-9696-0ad297b9139b	chr2	42883130	42911154	1	1	0
503efef1-62b1-4f49-9696-0ad297b9139b	chr2	42912044	64438201	2	1	1
503efef1-62b1-4f49-9696-0ad297b9139b	chr2	64440674	64459805	1	1	0
503efef1-62b1-4f49-9696-0ad297b9139b	chr2	64460643	124320661	2	1	1
503efef1-62b1-4f49-9696-0ad297b9139b	chr2	124322604	124467998	1	1	0
503efef1-62b1-4f49-9696-0ad297b9139b	chr2	124470196	126615312	2	1	1
503efef1-62b1-4f49-9696-0ad297b9139b	chr2	126618414	126622311	1	1	0
503efef1-62b1-4f49-9696-0ad297b9139b	chr2	126622793	242147305	2	1	1
503efef1-62b1-4f49-9696-0ad297b9139b	chr3	20930	50065604	1	1	0
503efef1-62b1-4f49-9696-0ad297b9139b	chr3	50074729	59439924	2	1	1
503efef1-62b1-4f49-9696-0ad297b9139b	chr3	59442523	59506975	3	2	1
503efef1-62b1-4f49-9696-0ad297b9139b	chr3	59507323	101177965	2	1	1
503efef1-62b1-4f49-9696-0ad297b9139b	chr3	101178191	101194595	1	1	0
503efef1-62b1-4f49-9696-0ad297b9139b	chr3	101195191	130057833	2	1	1
503efef1-62b1-4f49-9696-0ad297b9139b	chr3	130062033	130087393	0	0	0
503efef1-62b1-4f49-9696-0ad297b9139b	chr3	130088081	150125010	2	1	1
503efef1-62b1-4f49-9696-0ad297b9139b	chr3	150127343	150137260	4	2	2
503efef1-62b1-4f49-9696-0ad297b9139b	chr3	150140863	156382755	2	1	1
503efef1-62b1-4f49-9696-0ad297b9139b	chr3	156387295	156393585	4	2	2
503efef1-62b1-4f49-9696-0ad297b9139b	chr3	156393844	162790480	2	1	1
503efef1-62b1-4f49-9696-0ad297b9139b	chr3	162794869	162906093	0	0	0
503efef1-62b1-4f49-9696-0ad297b9139b	chr3	162906109	198169247	2	1	1
503efef1-62b1-4f49-9696-0ad297b9139b	chr4	68929	54663047	2	1	1
503efef1-62b1-4f49-9696-0ad297b9139b	chr4	54663104	54754453	3	2	1
503efef1-62b1-4f49-9696-0ad297b9139b	chr4	54756229	148372165	2	1	1
503efef1-62b1-4f49-9696-0ad297b9139b	chr4	148376364	190106768	1	1	0
503efef1-62b1-4f49-9696-0ad297b9139b	chr5	15532	50578496	2	1	1
503efef1-62b1-4f49-9696-0ad297b9139b	chr5	50579604	78992119	1	1	0
503efef1-62b1-4f49-9696-0ad297b9139b	chr5	78994332	107432587	2	1	1
503efef1-62b1-4f49-9696-0ad297b9139b	chr5	107432641	107443604	4	2	2
503efef1-62b1-4f49-9696-0ad297b9139b	chr5	107443991	107945920	2	1	1
503efef1-62b1-4f49-9696-0ad297b9139b	chr5	107947087	107981214	3	2	1
503efef1-62b1-4f49-9696-0ad297b9139b	chr5	107982753	151380464	2	1	1
503efef1-62b1-4f49-9696-0ad297b9139b	chr5	151380721	151398237	4	2	2
503efef1-62b1-4f49-9696-0ad297b9139b	chr5	151398436	181363319	2	1	1
503efef1-62b1-4f49-9696-0ad297b9139b	chr6	149661	24963401	2	1	1
503efef1-62b1-4f49-9696-0ad297b9139b	chr6	24963529	26565770	1	1	0
503efef1-62b1-4f49-9696-0ad297b9139b	chr6	26571135	26644050	2	1	1
503efef1-62b1-4f49-9696-0ad297b9139b	chr6	26644068	27092944	1	1	0
503efef1-62b1-4f49-9696-0ad297b9139b	chr6	27093782	35149586	2	1	1
503efef1-62b1-4f49-9696-0ad297b9139b	chr6	35149622	35166734	1	1	0
503efef1-62b1-4f49-9696-0ad297b9139b	chr6	35170093	45912683	2	1	1
503efef1-62b1-4f49-9696-0ad297b9139b	chr6	45913123	45935047	3	2	1
503efef1-62b1-4f49-9696-0ad297b9139b	chr6	45935788	51804801	2	1	1
503efef1-62b1-4f49-9696-0ad297b9139b	chr6	51805524	51807778	1	1	0
503efef1-62b1-4f49-9696-0ad297b9139b	chr6	51807812	53095558	2	1	1
503efef1-62b1-4f49-9696-0ad297b9139b	chr6	53103961	53169896	1	1	0
503efef1-62b1-4f49-9696-0ad297b9139b	chr6	53170707	53712276	2	1	1
503efef1-62b1-4f49-9696-0ad297b9139b	chr6	53713099	55471518	1	1	0
503efef1-62b1-4f49-9696-0ad297b9139b	chr6	55471533	55576043	2	1	1
503efef1-62b1-4f49-9696-0ad297b9139b	chr6	55577754	55693268	1	1	0
503efef1-62b1-4f49-9696-0ad297b9139b	chr6	55695119	56354541	2	1	1
503efef1-62b1-4f49-9696-0ad297b9139b	chr6	56355596	56492241	1	1	0
503efef1-62b1-4f49-9696-0ad297b9139b	chr6	56494614	57324686	2	1	1
503efef1-62b1-4f49-9696-0ad297b9139b	chr6	57325793	57838692	1	1	0
503efef1-62b1-4f49-9696-0ad297b9139b	chr6	57839305	69754539	2	1	1
503efef1-62b1-4f49-9696-0ad297b9139b	chr6	69754716	69980637	1	1	0
503efef1-62b1-4f49-9696-0ad297b9139b	chr6	69980997	70330978	2	1	1
503efef1-62b1-4f49-9696-0ad297b9139b	chr6	70338725	71516915	1	1	0
503efef1-62b1-4f49-9696-0ad297b9139b	chr6	71518043	71743583	2	1	1
503efef1-62b1-4f49-9696-0ad297b9139b	chr6	71743830	71754973	2	2	0
503efef1-62b1-4f49-9696-0ad297b9139b	chr6	71756206	72248087	1	1	0
503efef1-62b1-4f49-9696-0ad297b9139b	chr6	72253227	85204499	2	1	1
503efef1-62b1-4f49-9696-0ad297b9139b	chr6	85207804	85672021	1	1	0
503efef1-62b1-4f49-9696-0ad297b9139b	chr6	85674252	96990413	2	1	1
503efef1-62b1-4f49-9696-0ad297b9139b	chr6	96992712	97030143	3	2	1
503efef1-62b1-4f49-9696-0ad297b9139b	chr6	97030262	99339452	2	1	1
503efef1-62b1-4f49-9696-0ad297b9139b	chr6	99340399	99532289	1	1	0
503efef1-62b1-4f49-9696-0ad297b9139b	chr6	99532376	99788297	2	1	1
503efef1-62b1-4f49-9696-0ad297b9139b	chr6	99788450	99822570	1	1	0
503efef1-62b1-4f49-9696-0ad297b9139b	chr6	99829964	103739319	2	1	1
503efef1-62b1-4f49-9696-0ad297b9139b	chr6	103739811	116487724	1	1	0
503efef1-62b1-4f49-9696-0ad297b9139b	chr6	116493205	116529574	0	0	0
503efef1-62b1-4f49-9696-0ad297b9139b	chr6	116530078	121660295	1	1	0
503efef1-62b1-4f49-9696-0ad297b9139b	chr6	121661901	121866948	0	0	0
503efef1-62b1-4f49-9696-0ad297b9139b	chr6	121867247	163256516	1	1	0
503efef1-62b1-4f49-9696-0ad297b9139b	chr6	163257398	163888170	0	0	0
503efef1-62b1-4f49-9696-0ad297b9139b	chr6	163888506	163906254	1	1	0
503efef1-62b1-4f49-9696-0ad297b9139b	chr6	163906717	163933236	0	0	0
503efef1-62b1-4f49-9696-0ad297b9139b	chr6	163935758	164971528	1	1	0
503efef1-62b1-4f49-9696-0ad297b9139b	chr6	164974665	165321232	0	0	0
503efef1-62b1-4f49-9696-0ad297b9139b	chr6	165321239	167425505	1	1	0
503efef1-62b1-4f49-9696-0ad297b9139b	chr6	167652277	168105741	0	0	0
503efef1-62b1-4f49-9696-0ad297b9139b	chr6	168105867	168781111	1	1	0
503efef1-62b1-4f49-9696-0ad297b9139b	chr6	168781632	168803180	0	0	0
503efef1-62b1-4f49-9696-0ad297b9139b	chr6	168808280	170741917	1	1	0
503efef1-62b1-4f49-9696-0ad297b9139b	chr7	43259	79220836	2	1	1
503efef1-62b1-4f49-9696-0ad297b9139b	chr7	79220871	79282316	1	1	0
503efef1-62b1-4f49-9696-0ad297b9139b	chr7	79284209	159334314	2	1	1
503efef1-62b1-4f49-9696-0ad297b9139b	chr8	81254	39319634	2	1	1
503efef1-62b1-4f49-9696-0ad297b9139b	chr8	39319812	39531260	0	0	0
503efef1-62b1-4f49-9696-0ad297b9139b	chr8	39531496	40322167	2	1	1
503efef1-62b1-4f49-9696-0ad297b9139b	chr8	40322372	40350572	0	0	0
503efef1-62b1-4f49-9696-0ad297b9139b	chr8	40350836	139569771	2	1	1
503efef1-62b1-4f49-9696-0ad297b9139b	chr8	139570777	139573160	1	1	0
503efef1-62b1-4f49-9696-0ad297b9139b	chr8	139573283	145072769	2	1	1
503efef1-62b1-4f49-9696-0ad297b9139b	chr9	46587	41741113	2	1	1
503efef1-62b1-4f49-9696-0ad297b9139b	chr9	60863881	105488555	1	1	0
503efef1-62b1-4f49-9696-0ad297b9139b	chr9	105489119	105873802	2	2	0
503efef1-62b1-4f49-9696-0ad297b9139b	chr9	105874127	138200944	1	1	0
503efef1-62b1-4f49-9696-0ad297b9139b	chr10	45792	21101369	2	1	1
503efef1-62b1-4f49-9696-0ad297b9139b	chr10	21101384	21125264	4	2	2
503efef1-62b1-4f49-9696-0ad297b9139b	chr10	21125963	23568877	2	1	1
503efef1-62b1-4f49-9696-0ad297b9139b	chr10	23570322	23608569	1	1	0
503efef1-62b1-4f49-9696-0ad297b9139b	chr10	23608844	52723656	2	1	1
503efef1-62b1-4f49-9696-0ad297b9139b	chr10	52723778	52742775	1	1	0
503efef1-62b1-4f49-9696-0ad297b9139b	chr10	52743309	59864396	2	1	1
503efef1-62b1-4f49-9696-0ad297b9139b	chr10	59866614	59873004	4	2	2
503efef1-62b1-4f49-9696-0ad297b9139b	chr10	59873096	83858790	2	1	1
503efef1-62b1-4f49-9696-0ad297b9139b	chr10	83862356	83873173	1	1	0
503efef1-62b1-4f49-9696-0ad297b9139b	chr10	83873402	130877637	2	1	1
503efef1-62b1-4f49-9696-0ad297b9139b	chr10	130877826	130912562	1	1	0
503efef1-62b1-4f49-9696-0ad297b9139b	chr10	130912915	133654968	2	1	1
503efef1-62b1-4f49-9696-0ad297b9139b	chr11	198510	27210695	1	1	0
503efef1-62b1-4f49-9696-0ad297b9139b	chr11	27210861	27229817	2	2	0
503efef1-62b1-4f49-9696-0ad297b9139b	chr11	27230135	50107727	1	1	0
503efef1-62b1-4f49-9696-0ad297b9139b	chr11	50112368	57220977	2	1	1
503efef1-62b1-4f49-9696-0ad297b9139b	chr11	57221043	58169006	1	1	0
503efef1-62b1-4f49-9696-0ad297b9139b	chr11	58169185	61573093	2	1	1
503efef1-62b1-4f49-9696-0ad297b9139b	chr11	61575185	61998702	3	2	1
503efef1-62b1-4f49-9696-0ad297b9139b	chr11	61998946	62431804	1	1	0
503efef1-62b1-4f49-9696-0ad297b9139b	chr11	62432294	64395830	2	1	1
503efef1-62b1-4f49-9696-0ad297b9139b	chr11	64398787	65145897	1	1	0
503efef1-62b1-4f49-9696-0ad297b9139b	chr11	65154052	92735763	2	1	1
503efef1-62b1-4f49-9696-0ad297b9139b	chr11	92737422	115024357	1	1	0
503efef1-62b1-4f49-9696-0ad297b9139b	chr11	115024638	125876597	2	1	1
503efef1-62b1-4f49-9696-0ad297b9139b	chr11	125877539	135074876	1	1	0
503efef1-62b1-4f49-9696-0ad297b9139b	chr12	51460	52526630	2	1	1
503efef1-62b1-4f49-9696-0ad297b9139b	chr12	52527431	52531875	5	3	2
503efef1-62b1-4f49-9696-0ad297b9139b	chr12	52532185	84503070	2	1	1
503efef1-62b1-4f49-9696-0ad297b9139b	chr12	84505391	84511319	1	1	0
503efef1-62b1-4f49-9696-0ad297b9139b	chr12	84511333	115292043	2	1	1
503efef1-62b1-4f49-9696-0ad297b9139b	chr12	115292357	115334283	3	2	1
503efef1-62b1-4f49-9696-0ad297b9139b	chr12	115335657	133201603	2	1	1
503efef1-62b1-4f49-9696-0ad297b9139b	chr13	18452809	37496998	2	1	1
503efef1-62b1-4f49-9696-0ad297b9139b	chr13	37497899	37510620	0	0	0
503efef1-62b1-4f49-9696-0ad297b9139b	chr13	37514193	47698709	2	1	1
503efef1-62b1-4f49-9696-0ad297b9139b	chr13	47699193	47718939	1	1	0
503efef1-62b1-4f49-9696-0ad297b9139b	chr13	47720976	70558492	2	1	1
503efef1-62b1-4f49-9696-0ad297b9139b	chr13	70558673	70564932	1	1	0
503efef1-62b1-4f49-9696-0ad297b9139b	chr13	70568082	85752817	2	1	1
503efef1-62b1-4f49-9696-0ad297b9139b	chr13	85753388	85762556	1	1	0
503efef1-62b1-4f49-9696-0ad297b9139b	chr13	85762834	114342922	2	1	1
503efef1-62b1-4f49-9696-0ad297b9139b	chr14	18239283	24894195	2	1	1
503efef1-62b1-4f49-9696-0ad297b9139b	chr14	24894262	24895226	1	1	0
503efef1-62b1-4f49-9696-0ad297b9139b	chr14	24896587	30197191	2	1	1
503efef1-62b1-4f49-9696-0ad297b9139b	chr14	30200557	30209826	1	1	0
503efef1-62b1-4f49-9696-0ad297b9139b	chr14	30210236	89707392	2	1	1
503efef1-62b1-4f49-9696-0ad297b9139b	chr14	89707744	89784339	3	2	1
503efef1-62b1-4f49-9696-0ad297b9139b	chr14	89786265	102860882	2	1	1
503efef1-62b1-4f49-9696-0ad297b9139b	chr14	102863093	103253448	3	2	1
503efef1-62b1-4f49-9696-0ad297b9139b	chr14	103256125	106877229	2	1	1
503efef1-62b1-4f49-9696-0ad297b9139b	chr15	19811075	23456938	1	1	0
503efef1-62b1-4f49-9696-0ad297b9139b	chr15	23457305	45223505	2	1	1
503efef1-62b1-4f49-9696-0ad297b9139b	chr15	45224975	45237451	1	1	0
503efef1-62b1-4f49-9696-0ad297b9139b	chr15	45237569	101928837	2	1	1
503efef1-62b1-4f49-9696-0ad297b9139b	chr16	10777	2943025	2	1	1
503efef1-62b1-4f49-9696-0ad297b9139b	chr16	2943374	5522125	3	2	1
503efef1-62b1-4f49-9696-0ad297b9139b	chr16	5522377	26083515	2	1	1
503efef1-62b1-4f49-9696-0ad297b9139b	chr16	26083979	26121058	3	2	1
503efef1-62b1-4f49-9696-0ad297b9139b	chr16	26121117	68470674	2	1	1
503efef1-62b1-4f49-9696-0ad297b9139b	chr16	68475459	71562102	3	2	1
503efef1-62b1-4f49-9696-0ad297b9139b	chr16	71563284	88790927	2	1	1
503efef1-62b1-4f49-9696-0ad297b9139b	chr16	88794990	90096867	1	1	0
503efef1-62b1-4f49-9696-0ad297b9139b	chr17	150733	80848417	2	1	1
503efef1-62b1-4f49-9696-0ad297b9139b	chr17	80848789	83091923	3	2	1
503efef1-62b1-4f49-9696-0ad297b9139b	chr18	48133	40145700	2	1	1
503efef1-62b1-4f49-9696-0ad297b9139b	chr18	40147501	40948470	3	2	1
503efef1-62b1-4f49-9696-0ad297b9139b	chr18	40952180	80257174	2	1	1
503efef1-62b1-4f49-9696-0ad297b9139b	chr19	90910	58434793	2	1	1
503efef1-62b1-4f49-9696-0ad297b9139b	chr19	58436124	58586487	2	2	0
503efef1-62b1-4f49-9696-0ad297b9139b	chr20	80664	64324800	2	1	1
503efef1-62b1-4f49-9696-0ad297b9139b	chr21	12973348	22278814	2	1	1
503efef1-62b1-4f49-9696-0ad297b9139b	chr21	22283444	22294679	0	0	0
503efef1-62b1-4f49-9696-0ad297b9139b	chr21	22294801	46677045	2	1	1
503efef1-62b1-4f49-9696-0ad297b9139b	chr22	16392123	18964032	1	1	0
503efef1-62b1-4f49-9696-0ad297b9139b	chr22	18966491	34936826	2	1	1
503efef1-62b1-4f49-9696-0ad297b9139b	chr22	34937892	34946665	1	1	0
503efef1-62b1-4f49-9696-0ad297b9139b	chr22	34946728	39778289	2	1	1
503efef1-62b1-4f49-9696-0ad297b9139b	chr22	39782932	42642787	3	2	1
503efef1-62b1-4f49-9696-0ad297b9139b	chr22	42642841	50796027	2	1	1
503efef1-62b1-4f49-9696-0ad297b9139b	chrX	251810	490407	1	1	0
503efef1-62b1-4f49-9696-0ad297b9139b	chrX	507629	1478856	2	1	1
503efef1-62b1-4f49-9696-0ad297b9139b	chrX	1479705	1743143	3	2	1
503efef1-62b1-4f49-9696-0ad297b9139b	chrX	1744213	2627552	2	1	1
503efef1-62b1-4f49-9696-0ad297b9139b	chrX	2627862	2671323	3	2	1
503efef1-62b1-4f49-9696-0ad297b9139b	chrX	2671476	2775583	2	1	1
503efef1-62b1-4f49-9696-0ad297b9139b	chrX	2776199	87728765	1	1	0
503efef1-62b1-4f49-9696-0ad297b9139b	chrX	87729000	87748675	0	0	0
503efef1-62b1-4f49-9696-0ad297b9139b	chrX	87748837	156004181	1	1	0
503efef1-62b1-4f49-9696-0ad297b9139b	chrY	2782397	26653788	2	2	0
503efef1-62b1-4f49-9696-0ad297b9139b	chrY	56872112	56872112	0	0	0
ab43224a-d2a0-42f2-9257-b3364adeb6d3	chr1	62920	114714900	1	1	0
ab43224a-d2a0-42f2-9257-b3364adeb6d3	chr1	114717147	152499001	2	1	1
ab43224a-d2a0-42f2-9257-b3364adeb6d3	chr1	152499244	152580550	1	1	0
ab43224a-d2a0-42f2-9257-b3364adeb6d3	chr1	152582700	152614118	0	0	0
ab43224a-d2a0-42f2-9257-b3364adeb6d3	chr1	152618018	196873141	2	1	1
ab43224a-d2a0-42f2-9257-b3364adeb6d3	chr1	196874041	196875205	4	2	2
ab43224a-d2a0-42f2-9257-b3364adeb6d3	chr1	196875463	241371750	2	1	1
ab43224a-d2a0-42f2-9257-b3364adeb6d3	chr1	241372419	241390287	4	2	2
ab43224a-d2a0-42f2-9257-b3364adeb6d3	chr1	241391303	248930189	2	1	1
ab43224a-d2a0-42f2-9257-b3364adeb6d3	chr2	12784	28985790	2	1	1
ab43224a-d2a0-42f2-9257-b3364adeb6d3	chr2	28985950	29047434	1	1	0
ab43224a-d2a0-42f2-9257-b3364adeb6d3	chr2	29050395	85926881	2	1	1
ab43224a-d2a0-42f2-9257-b3364adeb6d3	chr2	85928148	85942866	1	1	0
ab43224a-d2a0-42f2-9257-b3364adeb6d3	chr2	85942956	100471135	2	1	1
ab43224a-d2a0-42f2-9257-b3364adeb6d3	chr2	100471798	100490686	1	1	0
ab43224a-d2a0-42f2-9257-b3364adeb6d3	chr2	100490891	146104517	2	1	1
ab43224a-d2a0-42f2-9257-b3364adeb6d3	chr2	146106836	146109366	0	0	0
ab43224a-d2a0-42f2-9257-b3364adeb6d3	chr2	146120238	242147305	2	1	1
ab43224a-d2a0-42f2-9257-b3364adeb6d3	chr3	20930	16109050	1	1	0
ab43224a-d2a0-42f2-9257-b3364adeb6d3	chr3	16112471	16151527	0	0	0
ab43224a-d2a0-42f2-9257-b3364adeb6d3	chr3	16152010	93800634	1	1	0
ab43224a-d2a0-42f2-9257-b3364adeb6d3	chr3	93801172	109386129	2	1	1
ab43224a-d2a0-42f2-9257-b3364adeb6d3	chr3	109386715	109419085	5	3	2
ab43224a-d2a0-42f2-9257-b3364adeb6d3	chr3	109421792	163977187	2	1	1
ab43224a-d2a0-42f2-9257-b3364adeb6d3	chr3	163978243	163984515	1	1	0
ab43224a-d2a0-42f2-9257-b3364adeb6d3	chr3	163985288	169170611	2	1	1
ab43224a-d2a0-42f2-9257-b3364adeb6d3	chr3	169177570	171623821	3	2	1
ab43224a-d2a0-42f2-9257-b3364adeb6d3	chr3	171631180	171692388	5	3	2
ab43224a-d2a0-42f2-9257-b3364adeb6d3	chr3	171693060	198169247	3	2	1
ab43224a-d2a0-42f2-9257-b3364adeb6d3	chr4	68929	49055810	2	1	1
ab43224a-d2a0-42f2-9257-b3364adeb6d3	chr4	49055895	52057376	1	1	0
ab43224a-d2a0-42f2-9257-b3364adeb6d3	chr4	52057706	52845467	2	1	1
ab43224a-d2a0-42f2-9257-b3364adeb6d3	chr4	52846287	55892683	1	1	0
ab43224a-d2a0-42f2-9257-b3364adeb6d3	chr4	55893893	56087692	3	2	1
ab43224a-d2a0-42f2-9257-b3364adeb6d3	chr4	56092199	68506285	2	1	1
ab43224a-d2a0-42f2-9257-b3364adeb6d3	chr4	68509223	68591984	4	4	0
ab43224a-d2a0-42f2-9257-b3364adeb6d3	chr4	68592087	75414784	2	1	1
ab43224a-d2a0-42f2-9257-b3364adeb6d3	chr4	75415431	76296802	3	2	1
ab43224a-d2a0-42f2-9257-b3364adeb6d3	chr4	76298249	76632538	2	1	1
ab43224a-d2a0-42f2-9257-b3364adeb6d3	chr4	76632701	79547569	1	1	0
ab43224a-d2a0-42f2-9257-b3364adeb6d3	chr4	79551905	79800610	2	1	1
ab43224a-d2a0-42f2-9257-b3364adeb6d3	chr4	79801060	83240166	3	2	1
ab43224a-d2a0-42f2-9257-b3364adeb6d3	chr4	83240280	190106768	1	1	0
ab43224a-d2a0-42f2-9257-b3364adeb6d3	chr5	15532	54736312	2	1	1
ab43224a-d2a0-42f2-9257-b3364adeb6d3	chr5	54736999	54752190	4	2	2
ab43224a-d2a0-42f2-9257-b3364adeb6d3	chr5	54753025	107941376	2	1	1
ab43224a-d2a0-42f2-9257-b3364adeb6d3	chr5	107941658	107981162	3	2	1
ab43224a-d2a0-42f2-9257-b3364adeb6d3	chr5	107981214	151380464	2	1	1
ab43224a-d2a0-42f2-9257-b3364adeb6d3	chr5	151380721	151397487	4	2	2
ab43224a-d2a0-42f2-9257-b3364adeb6d3	chr5	151398237	181363319	2	1	1
ab43224a-d2a0-42f2-9257-b3364adeb6d3	chr6	149661	30470449	1	1	0
ab43224a-d2a0-42f2-9257-b3364adeb6d3	chr6	30484127	30509499	0	0	0
ab43224a-d2a0-42f2-9257-b3364adeb6d3	chr6	30515216	36552214	1	1	0
ab43224a-d2a0-42f2-9257-b3364adeb6d3	chr6	36552616	36663879	2	2	0
ab43224a-d2a0-42f2-9257-b3364adeb6d3	chr6	36669906	66350878	1	1	0
ab43224a-d2a0-42f2-9257-b3364adeb6d3	chr6	66351232	67230339	4	3	1
ab43224a-d2a0-42f2-9257-b3364adeb6d3	chr6	67235236	67736030	3	2	1
ab43224a-d2a0-42f2-9257-b3364adeb6d3	chr6	67736162	67913200	2	1	1
ab43224a-d2a0-42f2-9257-b3364adeb6d3	chr6	67918139	68385514	4	3	1
ab43224a-d2a0-42f2-9257-b3364adeb6d3	chr6	68389957	68563890	1	1	0
ab43224a-d2a0-42f2-9257-b3364adeb6d3	chr6	68566449	68850681	2	1	1
ab43224a-d2a0-42f2-9257-b3364adeb6d3	chr6	68850888	69959537	4	3	1
ab43224a-d2a0-42f2-9257-b3364adeb6d3	chr6	69961210	103286954	1	1	0
ab43224a-d2a0-42f2-9257-b3364adeb6d3	chr6	103290101	103323069	0	0	0
ab43224a-d2a0-42f2-9257-b3364adeb6d3	chr6	103326915	170741917	1	1	0
ab43224a-d2a0-42f2-9257-b3364adeb6d3	chr7	43259	3965112	2	1	1
ab43224a-d2a0-42f2-9257-b3364adeb6d3	chr7	3965252	3986676	4	2	2
ab43224a-d2a0-42f2-9257-b3364adeb6d3	chr7	3987312	18779052	2	1	1
ab43224a-d2a0-42f2-9257-b3364adeb6d3	chr7	18779183	18785119	5	3	2
ab43224a-d2a0-42f2-9257-b3364adeb6d3	chr7	18785830	50486569	2	1	1
ab43224a-d2a0-42f2-9257-b3364adeb6d3	chr7	50497706	50501582	4	2	2
ab43224a-d2a0-42f2-9257-b3364adeb6d3	chr7	50501643	142384213	2	1	1
ab43224a-d2a0-42f2-9257-b3364adeb6d3	chr7	142387034	142405350	1	1	0
ab43224a-d2a0-42f2-9257-b3364adeb6d3	chr7	142406173	159334314	2	1	1
ab43224a-d2a0-42f2-9257-b3364adeb6d3	chr8	81254	15478701	2	1	1
ab43224a-d2a0-42f2-9257-b3364adeb6d3	chr8	15480380	32051089	1	1	0
ab43224a-d2a0-42f2-9257-b3364adeb6d3	chr8	32051973	61232374	2	1	1
ab43224a-d2a0-42f2-9257-b3364adeb6d3	chr8	61234299	61243168	4	2	2
ab43224a-d2a0-42f2-9257-b3364adeb6d3	chr8	61243491	62890266	2	1	1
ab43224a-d2a0-42f2-9257-b3364adeb6d3	chr8	62895841	62909924	4	2	2
ab43224a-d2a0-42f2-9257-b3364adeb6d3	chr8	62912527	129643576	2	1	1
ab43224a-d2a0-42f2-9257-b3364adeb6d3	chr8	129645017	129755376	3	2	1
ab43224a-d2a0-42f2-9257-b3364adeb6d3	chr8	129755548	145072769	2	1	1
ab43224a-d2a0-42f2-9257-b3364adeb6d3	chr9	46587	15280475	2	1	1
ab43224a-d2a0-42f2-9257-b3364adeb6d3	chr9	15282160	22305011	1	1	0
ab43224a-d2a0-42f2-9257-b3364adeb6d3	chr9	22307877	33108607	2	1	1
ab43224a-d2a0-42f2-9257-b3364adeb6d3	chr9	33109373	34866605	3	2	1
ab43224a-d2a0-42f2-9257-b3364adeb6d3	chr9	34868380	36015833	2	1	1
ab43224a-d2a0-42f2-9257-b3364adeb6d3	chr9	36018079	36031613	2	2	0
ab43224a-d2a0-42f2-9257-b3364adeb6d3	chr9	36031796	41741113	1	1	0
ab43224a-d2a0-42f2-9257-b3364adeb6d3	chr9	60863881	87554625	2	1	1
ab43224a-d2a0-42f2-9257-b3364adeb6d3	chr9	87555316	87559614	1	1	0
ab43224a-d2a0-42f2-9257-b3364adeb6d3	chr9	87560395	108261619	2	1	1
ab43224a-d2a0-42f2-9257-b3364adeb6d3	chr9	108261843	108267187	1	1	0
ab43224a-d2a0-42f2-9257-b3364adeb6d3	chr9	108267408	110938021	2	1	1
ab43224a-d2a0-42f2-9257-b3364adeb6d3	chr9	110941990	110979640	1	1	0
ab43224a-d2a0-42f2-9257-b3364adeb6d3	chr9	110980024	138200944	2	1	1
ab43224a-d2a0-42f2-9257-b3364adeb6d3	chr10	45792	21101369	2	1	1
ab43224a-d2a0-42f2-9257-b3364adeb6d3	chr10	21101384	21125264	3	2	1
ab43224a-d2a0-42f2-9257-b3364adeb6d3	chr10	21125963	48555121	2	1	1
ab43224a-d2a0-42f2-9257-b3364adeb6d3	chr10	48555202	48559501	1	1	0
ab43224a-d2a0-42f2-9257-b3364adeb6d3	chr10	48559954	53177626	2	1	1
ab43224a-d2a0-42f2-9257-b3364adeb6d3	chr10	53177734	53243578	3	2	1
ab43224a-d2a0-42f2-9257-b3364adeb6d3	chr10	53244585	133654968	2	1	1
ab43224a-d2a0-42f2-9257-b3364adeb6d3	chr11	198510	126610461	2	1	1
ab43224a-d2a0-42f2-9257-b3364adeb6d3	chr11	126611122	126623561	4	2	2
ab43224a-d2a0-42f2-9257-b3364adeb6d3	chr11	126624672	135074876	2	1	1
ab43224a-d2a0-42f2-9257-b3364adeb6d3	chr12	51460	20767229	2	1	1
ab43224a-d2a0-42f2-9257-b3364adeb6d3	chr12	20774648	20886924	1	1	0
ab43224a-d2a0-42f2-9257-b3364adeb6d3	chr12	20913233	20918386	0	0	0
ab43224a-d2a0-42f2-9257-b3364adeb6d3	chr12	20921773	21439472	1	1	0
ab43224a-d2a0-42f2-9257-b3364adeb6d3	chr12	21440754	21870667	2	1	1
ab43224a-d2a0-42f2-9257-b3364adeb6d3	chr12	21877231	22736280	1	1	0
ab43224a-d2a0-42f2-9257-b3364adeb6d3	chr12	22742482	23698888	2	1	1
ab43224a-d2a0-42f2-9257-b3364adeb6d3	chr12	23705287	25166603	1	1	0
ab43224a-d2a0-42f2-9257-b3364adeb6d3	chr12	25168149	26132013	3	2	1
ab43224a-d2a0-42f2-9257-b3364adeb6d3	chr12	26132073	26584582	1	1	0
ab43224a-d2a0-42f2-9257-b3364adeb6d3	chr12	26585326	27652028	3	2	1
ab43224a-d2a0-42f2-9257-b3364adeb6d3	chr12	27652906	32837817	1	1	0
ab43224a-d2a0-42f2-9257-b3364adeb6d3	chr12	32838396	33534375	3	2	1
ab43224a-d2a0-42f2-9257-b3364adeb6d3	chr12	33536744	34273776	1	1	0
ab43224a-d2a0-42f2-9257-b3364adeb6d3	chr12	34274850	99404412	2	1	1
ab43224a-d2a0-42f2-9257-b3364adeb6d3	chr12	99404577	105446033	1	1	0
ab43224a-d2a0-42f2-9257-b3364adeb6d3	chr12	105446448	105513287	2	2	0
ab43224a-d2a0-42f2-9257-b3364adeb6d3	chr12	105513532	133201603	1	1	0
ab43224a-d2a0-42f2-9257-b3364adeb6d3	chr13	18452809	63985364	2	1	1
ab43224a-d2a0-42f2-9257-b3364adeb6d3	chr13	63985816	64020622	1	1	0
ab43224a-d2a0-42f2-9257-b3364adeb6d3	chr13	64020682	114342922	2	1	1
ab43224a-d2a0-42f2-9257-b3364adeb6d3	chr14	18239283	19955213	4	2	2
ab43224a-d2a0-42f2-9257-b3364adeb6d3	chr14	19956767	35957116	2	1	1
ab43224a-d2a0-42f2-9257-b3364adeb6d3	chr14	35957561	38552318	1	1	0
ab43224a-d2a0-42f2-9257-b3364adeb6d3	chr14	38555791	51810244	2	1	1
ab43224a-d2a0-42f2-9257-b3364adeb6d3	chr14	51810476	61335146	1	1	0
ab43224a-d2a0-42f2-9257-b3364adeb6d3	chr14	61340449	61478164	2	2	0
ab43224a-d2a0-42f2-9257-b3364adeb6d3	chr14	61478259	61488926	1	1	0
ab43224a-d2a0-42f2-9257-b3364adeb6d3	chr14	61489213	61634179	2	2	0
ab43224a-d2a0-42f2-9257-b3364adeb6d3	chr14	61634868	106877229	1	1	0
ab43224a-d2a0-42f2-9257-b3364adeb6d3	chr15	19811075	20373168	3	3	0
ab43224a-d2a0-42f2-9257-b3364adeb6d3	chr15	20376198	20381492	0	0	0
ab43224a-d2a0-42f2-9257-b3364adeb6d3	chr15	20381659	101928837	2	1	1
ab43224a-d2a0-42f2-9257-b3364adeb6d3	chr16	10777	61715001	2	1	1
ab43224a-d2a0-42f2-9257-b3364adeb6d3	chr16	61717851	90096867	3	2	1
ab43224a-d2a0-42f2-9257-b3364adeb6d3	chr17	150733	11300260	1	1	0
ab43224a-d2a0-42f2-9257-b3364adeb6d3	chr17	11303558	11327149	2	2	0
ab43224a-d2a0-42f2-9257-b3364adeb6d3	chr17	11329218	26960035	1	1	0
ab43224a-d2a0-42f2-9257-b3364adeb6d3	chr17	26970127	33305361	2	1	1
ab43224a-d2a0-42f2-9257-b3364adeb6d3	chr17	33306183	33382772	3	2	1
ab43224a-d2a0-42f2-9257-b3364adeb6d3	chr17	33383350	41266838	2	1	1
ab43224a-d2a0-42f2-9257-b3364adeb6d3	chr17	41266851	41274279	0	0	0
ab43224a-d2a0-42f2-9257-b3364adeb6d3	chr17	41276472	83091923	2	1	1
ab43224a-d2a0-42f2-9257-b3364adeb6d3	chr18	48133	3459380	1	1	0
ab43224a-d2a0-42f2-9257-b3364adeb6d3	chr18	3463967	44460061	2	1	1
ab43224a-d2a0-42f2-9257-b3364adeb6d3	chr18	44460149	44516512	1	1	0
ab43224a-d2a0-42f2-9257-b3364adeb6d3	chr18	44517058	70450203	2	1	1
ab43224a-d2a0-42f2-9257-b3364adeb6d3	chr18	70450394	80257174	1	1	0
ab43224a-d2a0-42f2-9257-b3364adeb6d3	chr19	90910	14484892	2	1	1
ab43224a-d2a0-42f2-9257-b3364adeb6d3	chr19	14489357	14578798	3	2	1
ab43224a-d2a0-42f2-9257-b3364adeb6d3	chr19	14583587	28485887	2	1	1
ab43224a-d2a0-42f2-9257-b3364adeb6d3	chr19	28489374	28859707	6	5	1
ab43224a-d2a0-42f2-9257-b3364adeb6d3	chr19	28860062	29607146	4	3	1
ab43224a-d2a0-42f2-9257-b3364adeb6d3	chr19	29615062	43190009	5	4	1
ab43224a-d2a0-42f2-9257-b3364adeb6d3	chr19	43190048	43290001	2	2	0
ab43224a-d2a0-42f2-9257-b3364adeb6d3	chr19	43300610	46775681	5	4	1
ab43224a-d2a0-42f2-9257-b3364adeb6d3	chr19	46779599	58458732	1	1	0
ab43224a-d2a0-42f2-9257-b3364adeb6d3	chr19	58468715	58586487	2	2	0
ab43224a-d2a0-42f2-9257-b3364adeb6d3	chr20	80664	23913203	1	1	0
ab43224a-d2a0-42f2-9257-b3364adeb6d3	chr20	23913299	64324800	2	1	1
ab43224a-d2a0-42f2-9257-b3364adeb6d3	chr21	12973348	46677045	1	1	0
ab43224a-d2a0-42f2-9257-b3364adeb6d3	chr22	16392123	21486401	3	2	1
ab43224a-d2a0-42f2-9257-b3364adeb6d3	chr22	21487543	50796027	1	1	0
ab43224a-d2a0-42f2-9257-b3364adeb6d3	chrX	251810	35640420	2	1	1
ab43224a-d2a0-42f2-9257-b3364adeb6d3	chrX	35641321	35659289	4	2	2
ab43224a-d2a0-42f2-9257-b3364adeb6d3	chrX	35659925	94331965	2	1	1
ab43224a-d2a0-42f2-9257-b3364adeb6d3	chrX	94336755	94347841	1	1	0
ab43224a-d2a0-42f2-9257-b3364adeb6d3	chrX	94347981	95141627	2	1	1
ab43224a-d2a0-42f2-9257-b3364adeb6d3	chrX	95141864	95158595	4	2	2
ab43224a-d2a0-42f2-9257-b3364adeb6d3	chrX	95159272	116264724	2	1	1
ab43224a-d2a0-42f2-9257-b3364adeb6d3	chrX	116265855	117337717	1	1	0
ab43224a-d2a0-42f2-9257-b3364adeb6d3	chrX	117341241	156004181	2	1	1
ab43224a-d2a0-42f2-9257-b3364adeb6d3	chrY	2782397	26653788	0	0	0
ab43224a-d2a0-42f2-9257-b3364adeb6d3	chrY	56872112	56872112	3	3	0
94a804fd-a6cd-44ab-9f2b-34df3e49ab6f	chr1	62920	2832416	4	2	2
94a804fd-a6cd-44ab-9f2b-34df3e49ab6f	chr1	2833356	29354202	2	2	0
94a804fd-a6cd-44ab-9f2b-34df3e49ab6f	chr1	29354548	33601872	4	2	2
94a804fd-a6cd-44ab-9f2b-34df3e49ab6f	chr1	33605226	36270237	2	2	0
94a804fd-a6cd-44ab-9f2b-34df3e49ab6f	chr1	36270454	62039043	4	2	2
94a804fd-a6cd-44ab-9f2b-34df3e49ab6f	chr1	62039169	62051011	1	1	0
94a804fd-a6cd-44ab-9f2b-34df3e49ab6f	chr1	62051633	66205085	4	2	2
94a804fd-a6cd-44ab-9f2b-34df3e49ab6f	chr1	66205121	66206653	0	0	0
94a804fd-a6cd-44ab-9f2b-34df3e49ab6f	chr1	66206849	99489655	4	2	2
94a804fd-a6cd-44ab-9f2b-34df3e49ab6f	chr1	99489715	99885660	3	2	1
94a804fd-a6cd-44ab-9f2b-34df3e49ab6f	chr1	99886079	177979579	4	2	2
94a804fd-a6cd-44ab-9f2b-34df3e49ab6f	chr1	177981091	177999062	0	0	0
94a804fd-a6cd-44ab-9f2b-34df3e49ab6f	chr1	177999481	212867176	4	2	2
94a804fd-a6cd-44ab-9f2b-34df3e49ab6f	chr1	212867587	212920308	2	1	1
94a804fd-a6cd-44ab-9f2b-34df3e49ab6f	chr1	212921215	248930189	4	2	2
94a804fd-a6cd-44ab-9f2b-34df3e49ab6f	chr2	12784	19416735	6	3	3
94a804fd-a6cd-44ab-9f2b-34df3e49ab6f	chr2	19416879	19426057	0	0	0
94a804fd-a6cd-44ab-9f2b-34df3e49ab6f	chr2	19427746	76698773	6	4	2
94a804fd-a6cd-44ab-9f2b-34df3e49ab6f	chr2	76701007	76719424	17	9	8
94a804fd-a6cd-44ab-9f2b-34df3e49ab6f	chr2	76721868	105404502	6	3	3
94a804fd-a6cd-44ab-9f2b-34df3e49ab6f	chr2	105405031	105430250	10	7	3
94a804fd-a6cd-44ab-9f2b-34df3e49ab6f	chr2	105431199	146104517	6	3	3
94a804fd-a6cd-44ab-9f2b-34df3e49ab6f	chr2	146106836	146109366	0	0	0
94a804fd-a6cd-44ab-9f2b-34df3e49ab6f	chr2	146120238	154361936	6	3	3
94a804fd-a6cd-44ab-9f2b-34df3e49ab6f	chr2	154366359	154375911	21	14	7
94a804fd-a6cd-44ab-9f2b-34df3e49ab6f	chr2	154377766	242147305	6	3	3
94a804fd-a6cd-44ab-9f2b-34df3e49ab6f	chr3	20930	8771176	4	2	2
94a804fd-a6cd-44ab-9f2b-34df3e49ab6f	chr3	8771808	9276074	3	2	1
94a804fd-a6cd-44ab-9f2b-34df3e49ab6f	chr3	9276732	16123439	4	2	2
94a804fd-a6cd-44ab-9f2b-34df3e49ab6f	chr3	16123626	16131728	0	0	0
94a804fd-a6cd-44ab-9f2b-34df3e49ab6f	chr3	16132097	35675642	4	2	2
94a804fd-a6cd-44ab-9f2b-34df3e49ab6f	chr3	35675783	38304801	2	2	0
94a804fd-a6cd-44ab-9f2b-34df3e49ab6f	chr3	38305043	38309139	9	7	2
94a804fd-a6cd-44ab-9f2b-34df3e49ab6f	chr3	38310645	45691023	2	2	0
94a804fd-a6cd-44ab-9f2b-34df3e49ab6f	chr3	45691938	45699406	0	0	0
94a804fd-a6cd-44ab-9f2b-34df3e49ab6f	chr3	45708230	76239955	2	2	0
94a804fd-a6cd-44ab-9f2b-34df3e49ab6f	chr3	76240582	77126333	1	1	0
94a804fd-a6cd-44ab-9f2b-34df3e49ab6f	chr3	77131488	78316968	2	2	0
94a804fd-a6cd-44ab-9f2b-34df3e49ab6f	chr3	78317156	78450593	6	3	3
94a804fd-a6cd-44ab-9f2b-34df3e49ab6f	chr3	78454207	78561819	2	2	0
94a804fd-a6cd-44ab-9f2b-34df3e49ab6f	chr3	78564097	85844779	4	2	2
94a804fd-a6cd-44ab-9f2b-34df3e49ab6f	chr3	85852506	88707810	3	2	1
94a804fd-a6cd-44ab-9f2b-34df3e49ab6f	chr3	88707825	100538284	4	2	2
94a804fd-a6cd-44ab-9f2b-34df3e49ab6f	chr3	100542774	100722872	7	5	2
94a804fd-a6cd-44ab-9f2b-34df3e49ab6f	chr3	100723542	101286394	3	2	1
94a804fd-a6cd-44ab-9f2b-34df3e49ab6f	chr3	101286424	198169247	4	2	2
94a804fd-a6cd-44ab-9f2b-34df3e49ab6f	chr4	68929	31517038	4	2	2
94a804fd-a6cd-44ab-9f2b-34df3e49ab6f	chr4	31520981	32220380	3	2	1
94a804fd-a6cd-44ab-9f2b-34df3e49ab6f	chr4	32222316	34784878	4	2	2
94a804fd-a6cd-44ab-9f2b-34df3e49ab6f	chr4	34785333	34819718	0	0	0
94a804fd-a6cd-44ab-9f2b-34df3e49ab6f	chr4	34822561	45548759	4	2	2
94a804fd-a6cd-44ab-9f2b-34df3e49ab6f	chr4	45549887	45798320	2	2	0
94a804fd-a6cd-44ab-9f2b-34df3e49ab6f	chr4	45801982	49654496	4	2	2
94a804fd-a6cd-44ab-9f2b-34df3e49ab6f	chr4	49654578	52670774	2	2	0
94a804fd-a6cd-44ab-9f2b-34df3e49ab6f	chr4	52670866	54569367	4	2	2
94a804fd-a6cd-44ab-9f2b-34df3e49ab6f	chr4	54569708	54803935	3	2	1
94a804fd-a6cd-44ab-9f2b-34df3e49ab6f	chr4	54809086	61883594	2	2	0
94a804fd-a6cd-44ab-9f2b-34df3e49ab6f	chr4	61884299	63616129	1	1	0
94a804fd-a6cd-44ab-9f2b-34df3e49ab6f	chr4	63617607	68478894	2	2	0
94a804fd-a6cd-44ab-9f2b-34df3e49ab6f	chr4	68494770	68655691	7	7	0
94a804fd-a6cd-44ab-9f2b-34df3e49ab6f	chr4	68663241	101720035	2	2	0
94a804fd-a6cd-44ab-9f2b-34df3e49ab6f	chr4	101720271	101756340	1	1	0
94a804fd-a6cd-44ab-9f2b-34df3e49ab6f	chr4	101758180	113093042	2	2	0
94a804fd-a6cd-44ab-9f2b-34df3e49ab6f	chr4	113093209	114250213	1	1	0
94a804fd-a6cd-44ab-9f2b-34df3e49ab6f	chr4	114250423	114263234	8	8	0
94a804fd-a6cd-44ab-9f2b-34df3e49ab6f	chr4	114264667	124209420	2	2	0
94a804fd-a6cd-44ab-9f2b-34df3e49ab6f	chr4	124213399	129113085	3	2	1
94a804fd-a6cd-44ab-9f2b-34df3e49ab6f	chr4	129114600	129120294	0	0	0
94a804fd-a6cd-44ab-9f2b-34df3e49ab6f	chr4	129120377	133634423	3	2	1
94a804fd-a6cd-44ab-9f2b-34df3e49ab6f	chr4	133635205	159088014	4	2	2
94a804fd-a6cd-44ab-9f2b-34df3e49ab6f	chr4	159088142	159459052	3	2	1
94a804fd-a6cd-44ab-9f2b-34df3e49ab6f	chr4	159459270	168526369	4	2	2
94a804fd-a6cd-44ab-9f2b-34df3e49ab6f	chr4	168526757	168605860	2	1	1
94a804fd-a6cd-44ab-9f2b-34df3e49ab6f	chr4	168607425	175205219	4	2	2
94a804fd-a6cd-44ab-9f2b-34df3e49ab6f	chr4	175205667	188910177	2	2	0
94a804fd-a6cd-44ab-9f2b-34df3e49ab6f	chr4	188911268	190106768	4	2	2
94a804fd-a6cd-44ab-9f2b-34df3e49ab6f	chr5	15532	18818486	5	3	2
94a804fd-a6cd-44ab-9f2b-34df3e49ab6f	chr5	18824090	19396144	2	2	0
94a804fd-a6cd-44ab-9f2b-34df3e49ab6f	chr5	19401342	77912749	5	3	2
94a804fd-a6cd-44ab-9f2b-34df3e49ab6f	chr5	77914344	79552999	4	2	2
94a804fd-a6cd-44ab-9f2b-34df3e49ab6f	chr5	79553682	107435356	5	3	2
94a804fd-a6cd-44ab-9f2b-34df3e49ab6f	chr5	107435508	107451281	10	5	5
94a804fd-a6cd-44ab-9f2b-34df3e49ab6f	chr5	107456116	143992183	5	3	2
94a804fd-a6cd-44ab-9f2b-34df3e49ab6f	chr5	143997029	144175318	3	3	0
94a804fd-a6cd-44ab-9f2b-34df3e49ab6f	chr5	144178301	181363319	5	3	2
94a804fd-a6cd-44ab-9f2b-34df3e49ab6f	chr6	149661	384521	6	4	2
94a804fd-a6cd-44ab-9f2b-34df3e49ab6f	chr6	384546	30372309	4	2	2
94a804fd-a6cd-44ab-9f2b-34df3e49ab6f	chr6	30372620	30515216	2	1	1
94a804fd-a6cd-44ab-9f2b-34df3e49ab6f	chr6	30544386	78253172	4	2	2
94a804fd-a6cd-44ab-9f2b-34df3e49ab6f	chr6	78259348	78316871	0	0	0
94a804fd-a6cd-44ab-9f2b-34df3e49ab6f	chr6	78316969	88226000	4	2	2
94a804fd-a6cd-44ab-9f2b-34df3e49ab6f	chr6	88226033	88684143	1	1	0
94a804fd-a6cd-44ab-9f2b-34df3e49ab6f	chr6	88688783	117288741	4	2	2
94a804fd-a6cd-44ab-9f2b-34df3e49ab6f	chr6	117297099	118133041	2	2	0
94a804fd-a6cd-44ab-9f2b-34df3e49ab6f	chr6	118133942	123171133	3	2	1
94a804fd-a6cd-44ab-9f2b-34df3e49ab6f	chr6	123171220	170741917	2	2	0
94a804fd-a6cd-44ab-9f2b-34df3e49ab6f	chr7	43259	35349889	5	4	1
94a804fd-a6cd-44ab-9f2b-34df3e49ab6f	chr7	35353287	35365086	1	1	0
94a804fd-a6cd-44ab-9f2b-34df3e49ab6f	chr7	35366118	48300436	5	4	1
94a804fd-a6cd-44ab-9f2b-34df3e49ab6f	chr7	48303893	49605372	4	4	0
94a804fd-a6cd-44ab-9f2b-34df3e49ab6f	chr7	49609808	63232865	9	5	4
94a804fd-a6cd-44ab-9f2b-34df3e49ab6f	chr7	63234745	70826778	4	4	0
94a804fd-a6cd-44ab-9f2b-34df3e49ab6f	chr7	70827330	82279409	5	4	1
94a804fd-a6cd-44ab-9f2b-34df3e49ab6f	chr7	82285397	85853638	4	4	0
94a804fd-a6cd-44ab-9f2b-34df3e49ab6f	chr7	85857308	86997933	6	4	2
94a804fd-a6cd-44ab-9f2b-34df3e49ab6f	chr7	86998003	92992129	4	4	0
94a804fd-a6cd-44ab-9f2b-34df3e49ab6f	chr7	92992342	103822128	5	4	1
94a804fd-a6cd-44ab-9f2b-34df3e49ab6f	chr7	103823551	103849282	2	2	0
94a804fd-a6cd-44ab-9f2b-34df3e49ab6f	chr7	103849428	108524743	5	4	1
94a804fd-a6cd-44ab-9f2b-34df3e49ab6f	chr7	108527242	113328468	4	4	0
94a804fd-a6cd-44ab-9f2b-34df3e49ab6f	chr7	113329026	120326873	5	4	1
94a804fd-a6cd-44ab-9f2b-34df3e49ab6f	chr7	120327268	123949968	4	4	0
94a804fd-a6cd-44ab-9f2b-34df3e49ab6f	chr7	123950449	136189325	5	4	1
94a804fd-a6cd-44ab-9f2b-34df3e49ab6f	chr7	136194121	159334314	4	4	0
94a804fd-a6cd-44ab-9f2b-34df3e49ab6f	chr8	81254	39429608	2	2	0
94a804fd-a6cd-44ab-9f2b-34df3e49ab6f	chr8	39430113	107505207	4	2	2
94a804fd-a6cd-44ab-9f2b-34df3e49ab6f	chr8	107506458	108277045	2	2	0
94a804fd-a6cd-44ab-9f2b-34df3e49ab6f	chr8	108279004	108356068	1	1	0
94a804fd-a6cd-44ab-9f2b-34df3e49ab6f	chr8	108365829	139149582	4	2	2
94a804fd-a6cd-44ab-9f2b-34df3e49ab6f	chr8	139151208	139569771	3	2	1
94a804fd-a6cd-44ab-9f2b-34df3e49ab6f	chr8	139570777	139573160	0	0	0
94a804fd-a6cd-44ab-9f2b-34df3e49ab6f	chr8	139573283	145072769	4	2	2
94a804fd-a6cd-44ab-9f2b-34df3e49ab6f	chr9	46587	7764377	2	2	0
94a804fd-a6cd-44ab-9f2b-34df3e49ab6f	chr9	7764447	7843368	3	3	0
94a804fd-a6cd-44ab-9f2b-34df3e49ab6f	chr9	7844368	83290105	2	2	0
94a804fd-a6cd-44ab-9f2b-34df3e49ab6f	chr9	83290145	83295597	0	0	0
94a804fd-a6cd-44ab-9f2b-34df3e49ab6f	chr9	83296035	109481041	2	2	0
94a804fd-a6cd-44ab-9f2b-34df3e49ab6f	chr9	109482041	110186340	3	3	0
94a804fd-a6cd-44ab-9f2b-34df3e49ab6f	chr9	110187430	128207682	2	2	0
94a804fd-a6cd-44ab-9f2b-34df3e49ab6f	chr9	128208739	133709122	3	3	0
94a804fd-a6cd-44ab-9f2b-34df3e49ab6f	chr9	133713999	133753192	8	6	2
94a804fd-a6cd-44ab-9f2b-34df3e49ab6f	chr9	133753594	134271816	2	2	0
94a804fd-a6cd-44ab-9f2b-34df3e49ab6f	chr9	134271872	138200944	3	3	0
94a804fd-a6cd-44ab-9f2b-34df3e49ab6f	chr10	45792	23570322	4	2	2
94a804fd-a6cd-44ab-9f2b-34df3e49ab6f	chr10	23571145	23580778	0	0	0
94a804fd-a6cd-44ab-9f2b-34df3e49ab6f	chr10	23580965	45671734	4	2	2
94a804fd-a6cd-44ab-9f2b-34df3e49ab6f	chr10	45674400	46522571	9	6	3
94a804fd-a6cd-44ab-9f2b-34df3e49ab6f	chr10	46525652	93834258	4	2	2
94a804fd-a6cd-44ab-9f2b-34df3e49ab6f	chr10	93835407	94009763	6	3	3
94a804fd-a6cd-44ab-9f2b-34df3e49ab6f	chr10	94012072	133654968	4	2	2
94a804fd-a6cd-44ab-9f2b-34df3e49ab6f	chr11	198510	70546349	4	2	2
94a804fd-a6cd-44ab-9f2b-34df3e49ab6f	chr11	70547213	70553041	13	7	6
94a804fd-a6cd-44ab-9f2b-34df3e49ab6f	chr11	70553754	135074876	4	2	2
94a804fd-a6cd-44ab-9f2b-34df3e49ab6f	chr12	51460	123617834	3	2	1
94a804fd-a6cd-44ab-9f2b-34df3e49ab6f	chr12	123618370	123711309	9	9	0
94a804fd-a6cd-44ab-9f2b-34df3e49ab6f	chr12	123722551	133201603	3	2	1
94a804fd-a6cd-44ab-9f2b-34df3e49ab6f	chr13	18452809	56872602	3	2	1
94a804fd-a6cd-44ab-9f2b-34df3e49ab6f	chr13	56873236	64181567	2	1	1
94a804fd-a6cd-44ab-9f2b-34df3e49ab6f	chr13	64182472	67331105	1	1	0
94a804fd-a6cd-44ab-9f2b-34df3e49ab6f	chr13	67341837	67353581	0	0	0
94a804fd-a6cd-44ab-9f2b-34df3e49ab6f	chr13	67354041	68035976	1	1	0
94a804fd-a6cd-44ab-9f2b-34df3e49ab6f	chr13	68036207	70558492	3	2	1
94a804fd-a6cd-44ab-9f2b-34df3e49ab6f	chr13	70558673	70564932	0	0	0
94a804fd-a6cd-44ab-9f2b-34df3e49ab6f	chr13	70568082	85251345	3	2	1
94a804fd-a6cd-44ab-9f2b-34df3e49ab6f	chr13	85251594	88399522	2	1	1
94a804fd-a6cd-44ab-9f2b-34df3e49ab6f	chr13	88399803	114342922	3	2	1
94a804fd-a6cd-44ab-9f2b-34df3e49ab6f	chr14	18239283	22380791	3	2	1
94a804fd-a6cd-44ab-9f2b-34df3e49ab6f	chr14	22381358	22394721	2	1	1
94a804fd-a6cd-44ab-9f2b-34df3e49ab6f	chr14	22395207	59366454	4	2	2
94a804fd-a6cd-44ab-9f2b-34df3e49ab6f	chr14	59368285	78102851	2	2	0
94a804fd-a6cd-44ab-9f2b-34df3e49ab6f	chr14	78103018	79150878	1	1	0
94a804fd-a6cd-44ab-9f2b-34df3e49ab6f	chr14	79151057	99517087	2	2	0
94a804fd-a6cd-44ab-9f2b-34df3e49ab6f	chr14	99519992	99556527	0	0	0
94a804fd-a6cd-44ab-9f2b-34df3e49ab6f	chr14	99557059	106815505	2	2	0
94a804fd-a6cd-44ab-9f2b-34df3e49ab6f	chr14	106815838	106877229	3	2	1
94a804fd-a6cd-44ab-9f2b-34df3e49ab6f	chr15	19811075	24339849	3	2	1
94a804fd-a6cd-44ab-9f2b-34df3e49ab6f	chr15	24344508	24537522	9	9	0
94a804fd-a6cd-44ab-9f2b-34df3e49ab6f	chr15	24542531	25616723	4	2	2
94a804fd-a6cd-44ab-9f2b-34df3e49ab6f	chr15	25618915	45943616	3	2	1
94a804fd-a6cd-44ab-9f2b-34df3e49ab6f	chr15	45943633	45950067	0	0	0
94a804fd-a6cd-44ab-9f2b-34df3e49ab6f	chr15	45950082	101928837	3	2	1
94a804fd-a6cd-44ab-9f2b-34df3e49ab6f	chr16	10777	77703961	5	3	2
94a804fd-a6cd-44ab-9f2b-34df3e49ab6f	chr16	77704264	77732955	11	6	5
94a804fd-a6cd-44ab-9f2b-34df3e49ab6f	chr16	77737755	90096867	5	3	2
94a804fd-a6cd-44ab-9f2b-34df3e49ab6f	chr17	150733	9028765	2	2	0
94a804fd-a6cd-44ab-9f2b-34df3e49ab6f	chr17	9028802	9803758	3	2	1
94a804fd-a6cd-44ab-9f2b-34df3e49ab6f	chr17	9804234	10915444	2	2	0
94a804fd-a6cd-44ab-9f2b-34df3e49ab6f	chr17	10923103	46177013	4	2	2
94a804fd-a6cd-44ab-9f2b-34df3e49ab6f	chr17	46177047	46323701	6	4	2
94a804fd-a6cd-44ab-9f2b-34df3e49ab6f	chr17	46351954	53749234	4	2	2
94a804fd-a6cd-44ab-9f2b-34df3e49ab6f	chr17	53750109	53819351	1	1	0
94a804fd-a6cd-44ab-9f2b-34df3e49ab6f	chr17	53821039	62169945	6	4	2
94a804fd-a6cd-44ab-9f2b-34df3e49ab6f	chr17	62170366	62186879	12	6	6
94a804fd-a6cd-44ab-9f2b-34df3e49ab6f	chr17	62188232	69094346	6	4	2
94a804fd-a6cd-44ab-9f2b-34df3e49ab6f	chr17	69099024	69195432	4	3	1
94a804fd-a6cd-44ab-9f2b-34df3e49ab6f	chr17	69199628	83091923	6	4	2
94a804fd-a6cd-44ab-9f2b-34df3e49ab6f	chr18	48133	6816602	3	2	1
94a804fd-a6cd-44ab-9f2b-34df3e49ab6f	chr18	6818151	7172494	2	2	0
94a804fd-a6cd-44ab-9f2b-34df3e49ab6f	chr18	7172752	68280446	3	2	1
94a804fd-a6cd-44ab-9f2b-34df3e49ab6f	chr18	68280764	68281772	8	5	3
94a804fd-a6cd-44ab-9f2b-34df3e49ab6f	chr18	68284041	69354234	3	2	1
94a804fd-a6cd-44ab-9f2b-34df3e49ab6f	chr18	69354250	69372123	0	0	0
94a804fd-a6cd-44ab-9f2b-34df3e49ab6f	chr18	69373932	78334212	3	2	1
94a804fd-a6cd-44ab-9f2b-34df3e49ab6f	chr18	78337184	78395894	6	4	2
94a804fd-a6cd-44ab-9f2b-34df3e49ab6f	chr18	78396397	80257174	3	2	1
94a804fd-a6cd-44ab-9f2b-34df3e49ab6f	chr19	90910	27985224	3	2	1
94a804fd-a6cd-44ab-9f2b-34df3e49ab6f	chr19	27988092	58586487	4	2	2
94a804fd-a6cd-44ab-9f2b-34df3e49ab6f	chr20	80664	5013088	2	2	0
94a804fd-a6cd-44ab-9f2b-34df3e49ab6f	chr20	5013614	7307621	4	2	2
94a804fd-a6cd-44ab-9f2b-34df3e49ab6f	chr20	7307833	13332535	2	2	0
94a804fd-a6cd-44ab-9f2b-34df3e49ab6f	chr20	13333299	26099019	4	2	2
94a804fd-a6cd-44ab-9f2b-34df3e49ab6f	chr20	26099298	26252095	2	2	0
94a804fd-a6cd-44ab-9f2b-34df3e49ab6f	chr20	26252234	61014142	4	2	2
94a804fd-a6cd-44ab-9f2b-34df3e49ab6f	chr20	61014305	61071829	2	2	0
94a804fd-a6cd-44ab-9f2b-34df3e49ab6f	chr20	61073652	64324800	4	2	2
94a804fd-a6cd-44ab-9f2b-34df3e49ab6f	chr21	12973348	18018061	5	3	2
94a804fd-a6cd-44ab-9f2b-34df3e49ab6f	chr21	18019514	18065035	3	2	1
94a804fd-a6cd-44ab-9f2b-34df3e49ab6f	chr21	18065834	46677045	5	3	2
94a804fd-a6cd-44ab-9f2b-34df3e49ab6f	chr22	16392123	32179162	5	4	1
94a804fd-a6cd-44ab-9f2b-34df3e49ab6f	chr22	32179227	32196133	0	0	0
94a804fd-a6cd-44ab-9f2b-34df3e49ab6f	chr22	32196403	48622050	5	4	1
94a804fd-a6cd-44ab-9f2b-34df3e49ab6f	chr22	48622421	48646304	15	11	4
94a804fd-a6cd-44ab-9f2b-34df3e49ab6f	chr22	48649600	50796027	5	4	1
94a804fd-a6cd-44ab-9f2b-34df3e49ab6f	chrX	251810	2735511	6	4	2
94a804fd-a6cd-44ab-9f2b-34df3e49ab6f	chrX	2735872	7962548	7	5	2
94a804fd-a6cd-44ab-9f2b-34df3e49ab6f	chrX	7964083	12119629	4	2	2
94a804fd-a6cd-44ab-9f2b-34df3e49ab6f	chrX	12120363	12126068	0	0	0
94a804fd-a6cd-44ab-9f2b-34df3e49ab6f	chrX	12126452	34011782	4	2	2
94a804fd-a6cd-44ab-9f2b-34df3e49ab6f	chrX	34011813	34020544	10	5	5
94a804fd-a6cd-44ab-9f2b-34df3e49ab6f	chrX	34020958	42265663	4	2	2
94a804fd-a6cd-44ab-9f2b-34df3e49ab6f	chrX	42269225	47464268	6	3	3
94a804fd-a6cd-44ab-9f2b-34df3e49ab6f	chrX	47464679	53872979	5	3	2
94a804fd-a6cd-44ab-9f2b-34df3e49ab6f	chrX	53873272	62831001	6	4	2
94a804fd-a6cd-44ab-9f2b-34df3e49ab6f	chrX	62831804	111033101	5	3	2
94a804fd-a6cd-44ab-9f2b-34df3e49ab6f	chrX	111043844	120688448	7	5	2
94a804fd-a6cd-44ab-9f2b-34df3e49ab6f	chrX	120688766	123240081	5	3	2
94a804fd-a6cd-44ab-9f2b-34df3e49ab6f	chrX	123241749	124770003	4	3	1
94a804fd-a6cd-44ab-9f2b-34df3e49ab6f	chrX	124773312	140185701	5	3	2
94a804fd-a6cd-44ab-9f2b-34df3e49ab6f	chrX	140185916	141354584	6	3	3
94a804fd-a6cd-44ab-9f2b-34df3e49ab6f	chrX	141356084	144825370	4	3	1
94a804fd-a6cd-44ab-9f2b-34df3e49ab6f	chrX	144825981	156004181	5	3	2
94a804fd-a6cd-44ab-9f2b-34df3e49ab6f	chrY	2782397	56872112	0	0	0
94a804fd-a6cd-44ab-9f2b-34df3e49ab6f	chr1	61735	2812961	4	2	2
94a804fd-a6cd-44ab-9f2b-34df3e49ab6f	chr1	2818999	29419421	2	2	0
94a804fd-a6cd-44ab-9f2b-34df3e49ab6f	chr1	29420095	33628076	4	2	2
94a804fd-a6cd-44ab-9f2b-34df3e49ab6f	chr1	33631656	36280810	2	2	0
94a804fd-a6cd-44ab-9f2b-34df3e49ab6f	chr1	36288063	241025959	4	2	2
94a804fd-a6cd-44ab-9f2b-34df3e49ab6f	chr1	241026870	241989157	3	2	1
94a804fd-a6cd-44ab-9f2b-34df3e49ab6f	chr1	241989530	248930189	4	2	2
94a804fd-a6cd-44ab-9f2b-34df3e49ab6f	chr2	12784	242147305	6	4	2
94a804fd-a6cd-44ab-9f2b-34df3e49ab6f	chr3	18667	35672309	4	2	2
94a804fd-a6cd-44ab-9f2b-34df3e49ab6f	chr3	35674675	76252372	2	2	0
94a804fd-a6cd-44ab-9f2b-34df3e49ab6f	chr3	76252603	77114931	1	1	0
94a804fd-a6cd-44ab-9f2b-34df3e49ab6f	chr3	77118926	78316968	2	2	0
94a804fd-a6cd-44ab-9f2b-34df3e49ab6f	chr3	78317156	78450593	4	2	2
94a804fd-a6cd-44ab-9f2b-34df3e49ab6f	chr3	78454207	78566795	2	2	0
94a804fd-a6cd-44ab-9f2b-34df3e49ab6f	chr3	78570282	85779914	4	2	2
94a804fd-a6cd-44ab-9f2b-34df3e49ab6f	chr3	85783923	88725217	3	2	1
94a804fd-a6cd-44ab-9f2b-34df3e49ab6f	chr3	88727895	198169247	4	2	2
94a804fd-a6cd-44ab-9f2b-34df3e49ab6f	chr4	12281	31513973	4	2	2
94a804fd-a6cd-44ab-9f2b-34df3e49ab6f	chr4	31516070	32235054	3	2	1
94a804fd-a6cd-44ab-9f2b-34df3e49ab6f	chr4	32237576	45531381	4	2	2
94a804fd-a6cd-44ab-9f2b-34df3e49ab6f	chr4	45535238	45816419	2	2	0
94a804fd-a6cd-44ab-9f2b-34df3e49ab6f	chr4	45820055	51819533	4	2	2
94a804fd-a6cd-44ab-9f2b-34df3e49ab6f	chr4	51819827	52671086	2	2	0
94a804fd-a6cd-44ab-9f2b-34df3e49ab6f	chr4	52673525	54569708	4	2	2
94a804fd-a6cd-44ab-9f2b-34df3e49ab6f	chr4	54570260	61955471	2	2	0
94a804fd-a6cd-44ab-9f2b-34df3e49ab6f	chr4	61957945	63896093	1	1	0
94a804fd-a6cd-44ab-9f2b-34df3e49ab6f	chr4	63898316	124252157	2	2	0
94a804fd-a6cd-44ab-9f2b-34df3e49ab6f	chr4	124253165	133633855	3	2	1
94a804fd-a6cd-44ab-9f2b-34df3e49ab6f	chr4	133634153	175567393	4	2	2
94a804fd-a6cd-44ab-9f2b-34df3e49ab6f	chr4	175568671	188910177	2	2	0
94a804fd-a6cd-44ab-9f2b-34df3e49ab6f	chr4	188911268	190106768	4	2	2
94a804fd-a6cd-44ab-9f2b-34df3e49ab6f	chr5	15532	18813287	5	3	2
94a804fd-a6cd-44ab-9f2b-34df3e49ab6f	chr5	18814395	19401860	2	2	0
94a804fd-a6cd-44ab-9f2b-34df3e49ab6f	chr5	19401948	144087822	5	3	2
94a804fd-a6cd-44ab-9f2b-34df3e49ab6f	chr5	144087856	144178897	2	2	0
94a804fd-a6cd-44ab-9f2b-34df3e49ab6f	chr5	144178999	181363319	5	3	2
94a804fd-a6cd-44ab-9f2b-34df3e49ab6f	chr6	149661	88237074	4	2	2
94a804fd-a6cd-44ab-9f2b-34df3e49ab6f	chr6	88237695	88684143	2	2	0
94a804fd-a6cd-44ab-9f2b-34df3e49ab6f	chr6	88688783	117310268	4	2	2
94a804fd-a6cd-44ab-9f2b-34df3e49ab6f	chr6	117311102	118126085	2	2	0
94a804fd-a6cd-44ab-9f2b-34df3e49ab6f	chr6	118126163	120221133	4	2	2
94a804fd-a6cd-44ab-9f2b-34df3e49ab6f	chr6	120221461	123070808	3	2	1
94a804fd-a6cd-44ab-9f2b-34df3e49ab6f	chr6	123073438	170741917	2	2	0
94a804fd-a6cd-44ab-9f2b-34df3e49ab6f	chr7	43259	48319350	5	4	1
94a804fd-a6cd-44ab-9f2b-34df3e49ab6f	chr7	48319997	49602783	4	4	0
94a804fd-a6cd-44ab-9f2b-34df3e49ab6f	chr7	49605372	63232865	9	5	4
94a804fd-a6cd-44ab-9f2b-34df3e49ab6f	chr7	63234745	70826778	4	4	0
94a804fd-a6cd-44ab-9f2b-34df3e49ab6f	chr7	70827330	82234522	5	4	1
94a804fd-a6cd-44ab-9f2b-34df3e49ab6f	chr7	82243429	85853638	4	4	0
94a804fd-a6cd-44ab-9f2b-34df3e49ab6f	chr7	85857308	87089780	6	4	2
94a804fd-a6cd-44ab-9f2b-34df3e49ab6f	chr7	87095841	93158646	4	4	0
94a804fd-a6cd-44ab-9f2b-34df3e49ab6f	chr7	93159577	108527242	5	4	1
94a804fd-a6cd-44ab-9f2b-34df3e49ab6f	chr7	108527370	113328468	4	4	0
94a804fd-a6cd-44ab-9f2b-34df3e49ab6f	chr7	113329026	120226385	5	4	1
94a804fd-a6cd-44ab-9f2b-34df3e49ab6f	chr7	120228897	123955015	4	4	0
94a804fd-a6cd-44ab-9f2b-34df3e49ab6f	chr7	123955473	136194121	5	4	1
94a804fd-a6cd-44ab-9f2b-34df3e49ab6f	chr7	136194268	159334314	4	4	0
94a804fd-a6cd-44ab-9f2b-34df3e49ab6f	chr8	81254	39482001	2	2	0
94a804fd-a6cd-44ab-9f2b-34df3e49ab6f	chr8	39485430	107559707	4	2	2
94a804fd-a6cd-44ab-9f2b-34df3e49ab6f	chr8	107560018	108277045	2	2	0
94a804fd-a6cd-44ab-9f2b-34df3e49ab6f	chr8	108279004	139154683	4	2	2
94a804fd-a6cd-44ab-9f2b-34df3e49ab6f	chr8	139156012	139974750	3	2	1
94a804fd-a6cd-44ab-9f2b-34df3e49ab6f	chr8	139976628	145072769	4	2	2
94a804fd-a6cd-44ab-9f2b-34df3e49ab6f	chr9	46587	109503357	2	2	0
94a804fd-a6cd-44ab-9f2b-34df3e49ab6f	chr9	109505203	110163697	3	3	0
94a804fd-a6cd-44ab-9f2b-34df3e49ab6f	chr9	110165601	128207682	2	2	0
94a804fd-a6cd-44ab-9f2b-34df3e49ab6f	chr9	128208739	138200944	3	3	0
94a804fd-a6cd-44ab-9f2b-34df3e49ab6f	chr10	26823	133769379	4	2	2
94a804fd-a6cd-44ab-9f2b-34df3e49ab6f	chr11	198572	135074876	4	2	2
94a804fd-a6cd-44ab-9f2b-34df3e49ab6f	chr12	51460	133201603	3	2	1
94a804fd-a6cd-44ab-9f2b-34df3e49ab6f	chr13	18452809	56767589	3	2	1
94a804fd-a6cd-44ab-9f2b-34df3e49ab6f	chr13	56769474	64205366	2	1	1
94a804fd-a6cd-44ab-9f2b-34df3e49ab6f	chr13	64205937	68035976	1	1	0
94a804fd-a6cd-44ab-9f2b-34df3e49ab6f	chr13	68036207	84974344	3	2	1
94a804fd-a6cd-44ab-9f2b-34df3e49ab6f	chr13	84974459	88233707	2	1	1
94a804fd-a6cd-44ab-9f2b-34df3e49ab6f	chr13	88237309	114342922	3	2	1
94a804fd-a6cd-44ab-9f2b-34df3e49ab6f	chr14	18225647	59368586	4	2	2
94a804fd-a6cd-44ab-9f2b-34df3e49ab6f	chr14	59371575	78089108	2	2	0
94a804fd-a6cd-44ab-9f2b-34df3e49ab6f	chr14	78089206	79157093	1	1	0
94a804fd-a6cd-44ab-9f2b-34df3e49ab6f	chr14	79157374	106877229	2	2	0
94a804fd-a6cd-44ab-9f2b-34df3e49ab6f	chr15	19811075	101928837	3	2	1
94a804fd-a6cd-44ab-9f2b-34df3e49ab6f	chr16	10777	71406853	5	3	2
94a804fd-a6cd-44ab-9f2b-34df3e49ab6f	chr16	71408513	71595042	8	4	4
94a804fd-a6cd-44ab-9f2b-34df3e49ab6f	chr16	71598504	90221127	5	3	2
94a804fd-a6cd-44ab-9f2b-34df3e49ab6f	chr17	150733	8958342	2	2	0
94a804fd-a6cd-44ab-9f2b-34df3e49ab6f	chr17	8958854	9806674	3	2	1
94a804fd-a6cd-44ab-9f2b-34df3e49ab6f	chr17	9807200	10926867	2	2	0
94a804fd-a6cd-44ab-9f2b-34df3e49ab6f	chr17	10931221	53573664	4	2	2
94a804fd-a6cd-44ab-9f2b-34df3e49ab6f	chr17	53573860	53830785	2	2	0
94a804fd-a6cd-44ab-9f2b-34df3e49ab6f	chr17	53831688	83090856	6	4	2
94a804fd-a6cd-44ab-9f2b-34df3e49ab6f	chr18	48133	6816602	3	2	1
94a804fd-a6cd-44ab-9f2b-34df3e49ab6f	chr18	6818151	7171103	2	2	0
94a804fd-a6cd-44ab-9f2b-34df3e49ab6f	chr18	7172390	80257174	3	2	1
94a804fd-a6cd-44ab-9f2b-34df3e49ab6f	chr19	90910	28317294	3	2	1
94a804fd-a6cd-44ab-9f2b-34df3e49ab6f	chr19	28317365	58586487	4	2	2
94a804fd-a6cd-44ab-9f2b-34df3e49ab6f	chr20	80664	5016318	2	2	0
94a804fd-a6cd-44ab-9f2b-34df3e49ab6f	chr20	5018328	7307257	4	2	2
94a804fd-a6cd-44ab-9f2b-34df3e49ab6f	chr20	7307621	13353325	2	2	0
94a804fd-a6cd-44ab-9f2b-34df3e49ab6f	chr20	13353621	61017621	4	2	2
94a804fd-a6cd-44ab-9f2b-34df3e49ab6f	chr20	61019896	61071453	2	2	0
94a804fd-a6cd-44ab-9f2b-34df3e49ab6f	chr20	61071829	64324800	4	2	2
94a804fd-a6cd-44ab-9f2b-34df3e49ab6f	chr21	10336543	46677045	5	3	2
94a804fd-a6cd-44ab-9f2b-34df3e49ab6f	chr22	15294545	50796027	5	4	1
94a804fd-a6cd-44ab-9f2b-34df3e49ab6f	chrX	251810	7993426	6	4	2
94a804fd-a6cd-44ab-9f2b-34df3e49ab6f	chrX	7993966	42038198	4	2	2
94a804fd-a6cd-44ab-9f2b-34df3e49ab6f	chrX	42039661	47833937	5	3	2
94a804fd-a6cd-44ab-9f2b-34df3e49ab6f	chrX	47834070	53872979	4	2	2
94a804fd-a6cd-44ab-9f2b-34df3e49ab6f	chrX	53873272	63307631	6	4	2
94a804fd-a6cd-44ab-9f2b-34df3e49ab6f	chrX	63310055	111033101	5	3	2
94a804fd-a6cd-44ab-9f2b-34df3e49ab6f	chrX	111043844	120688766	7	5	2
94a804fd-a6cd-44ab-9f2b-34df3e49ab6f	chrX	120689431	123362513	5	3	2
94a804fd-a6cd-44ab-9f2b-34df3e49ab6f	chrX	123363067	124773312	4	3	1
94a804fd-a6cd-44ab-9f2b-34df3e49ab6f	chrX	124773352	141639892	5	3	2
94a804fd-a6cd-44ab-9f2b-34df3e49ab6f	chrX	141640048	144820971	4	3	1
94a804fd-a6cd-44ab-9f2b-34df3e49ab6f	chrX	144824140	156004181	5	3	2
634b12f9-51f3-4c06-bbf5-162c2519e33a	chr1	61735	5311519	2	1	1
634b12f9-51f3-4c06-bbf5-162c2519e33a	chr1	5311874	13745350	1	1	0
634b12f9-51f3-4c06-bbf5-162c2519e33a	chr1	13751668	85649327	2	1	1
634b12f9-51f3-4c06-bbf5-162c2519e33a	chr1	85652764	85779533	3	3	0
634b12f9-51f3-4c06-bbf5-162c2519e33a	chr1	85781635	118550453	1	1	0
634b12f9-51f3-4c06-bbf5-162c2519e33a	chr1	118551612	121741181	2	1	1
634b12f9-51f3-4c06-bbf5-162c2519e33a	chr1	143285278	227207593	4	3	1
634b12f9-51f3-4c06-bbf5-162c2519e33a	chr1	227210098	248930189	5	3	2
634b12f9-51f3-4c06-bbf5-162c2519e33a	chr2	12784	346507	2	2	0
634b12f9-51f3-4c06-bbf5-162c2519e33a	chr2	347812	147396620	2	1	1
634b12f9-51f3-4c06-bbf5-162c2519e33a	chr2	147397114	156720667	1	1	0
634b12f9-51f3-4c06-bbf5-162c2519e33a	chr2	156720878	242147305	2	1	1
634b12f9-51f3-4c06-bbf5-162c2519e33a	chr3	18667	16844178	1	1	0
634b12f9-51f3-4c06-bbf5-162c2519e33a	chr3	16845178	17093107	0	0	0
634b12f9-51f3-4c06-bbf5-162c2519e33a	chr3	17093692	90453712	1	1	0
634b12f9-51f3-4c06-bbf5-162c2519e33a	chr3	93800634	198169247	3	2	1
634b12f9-51f3-4c06-bbf5-162c2519e33a	chr4	12281	49501768	3	2	1
634b12f9-51f3-4c06-bbf5-162c2519e33a	chr4	49508382	134413430	1	1	0
634b12f9-51f3-4c06-bbf5-162c2519e33a	chr4	134414266	135308242	0	0	0
634b12f9-51f3-4c06-bbf5-162c2519e33a	chr4	135309087	190106768	1	1	0
634b12f9-51f3-4c06-bbf5-162c2519e33a	chr5	15532	46313433	6	5	1
634b12f9-51f3-4c06-bbf5-162c2519e33a	chr5	46313539	181363319	3	2	1
634b12f9-51f3-4c06-bbf5-162c2519e33a	chr6	149661	30036275	3	2	1
634b12f9-51f3-4c06-bbf5-162c2519e33a	chr6	30038988	31301571	3	3	0
634b12f9-51f3-4c06-bbf5-162c2519e33a	chr6	31301605	167418404	3	2	1
634b12f9-51f3-4c06-bbf5-162c2519e33a	chr6	167419516	170741917	2	1	1
634b12f9-51f3-4c06-bbf5-162c2519e33a	chr7	43259	3902100	2	1	1
634b12f9-51f3-4c06-bbf5-162c2519e33a	chr7	3902176	4010080	1	1	0
634b12f9-51f3-4c06-bbf5-162c2519e33a	chr7	4011121	159334314	2	1	1
634b12f9-51f3-4c06-bbf5-162c2519e33a	chr8	81254	145072769	2	1	1
634b12f9-51f3-4c06-bbf5-162c2519e33a	chr9	46587	8962417	2	1	1
634b12f9-51f3-4c06-bbf5-162c2519e33a	chr9	8963285	9203316	1	1	0
634b12f9-51f3-4c06-bbf5-162c2519e33a	chr9	9206006	9505609	0	0	0
634b12f9-51f3-4c06-bbf5-162c2519e33a	chr9	9511247	9731933	1	1	0
634b12f9-51f3-4c06-bbf5-162c2519e33a	chr9	9735986	10080555	2	1	1
634b12f9-51f3-4c06-bbf5-162c2519e33a	chr9	10080958	10512117	1	1	0
634b12f9-51f3-4c06-bbf5-162c2519e33a	chr9	10512307	138200944	2	1	1
634b12f9-51f3-4c06-bbf5-162c2519e33a	chr10	26823	82436947	2	1	1
634b12f9-51f3-4c06-bbf5-162c2519e33a	chr10	82439315	82557294	1	1	0
634b12f9-51f3-4c06-bbf5-162c2519e33a	chr10	82558135	133769379	2	1	1
634b12f9-51f3-4c06-bbf5-162c2519e33a	chr11	198572	135074876	2	1	1
634b12f9-51f3-4c06-bbf5-162c2519e33a	chr12	51460	133201603	2	1	1
634b12f9-51f3-4c06-bbf5-162c2519e33a	chr13	18452809	114342922	2	1	1
634b12f9-51f3-4c06-bbf5-162c2519e33a	chr14	18225647	106877229	2	1	1
634b12f9-51f3-4c06-bbf5-162c2519e33a	chr15	19811075	101928837	2	1	1
634b12f9-51f3-4c06-bbf5-162c2519e33a	chr16	10777	70800046	2	1	1
634b12f9-51f3-4c06-bbf5-162c2519e33a	chr16	70802467	71168586	3	2	1
634b12f9-51f3-4c06-bbf5-162c2519e33a	chr16	71168894	90221127	2	1	1
634b12f9-51f3-4c06-bbf5-162c2519e33a	chr17	150733	935664	1	1	0
634b12f9-51f3-4c06-bbf5-162c2519e33a	chr17	937565	82721072	2	1	1
634b12f9-51f3-4c06-bbf5-162c2519e33a	chr17	82721448	83090856	2	2	0
634b12f9-51f3-4c06-bbf5-162c2519e33a	chr18	48133	80257174	2	1	1
634b12f9-51f3-4c06-bbf5-162c2519e33a	chr19	90910	58586487	2	1	1
634b12f9-51f3-4c06-bbf5-162c2519e33a	chr20	80664	64324800	2	1	1
634b12f9-51f3-4c06-bbf5-162c2519e33a	chr21	10336543	46677045	1	1	0
634b12f9-51f3-4c06-bbf5-162c2519e33a	chr22	15294545	25135035	2	1	1
634b12f9-51f3-4c06-bbf5-162c2519e33a	chr22	25135536	29590580	1	1	0
634b12f9-51f3-4c06-bbf5-162c2519e33a	chr22	29604930	50796027	2	1	1
634b12f9-51f3-4c06-bbf5-162c2519e33a	chrX	251810	359845	1	1	0
634b12f9-51f3-4c06-bbf5-162c2519e33a	chrX	359845	2776199	2	1	1
634b12f9-51f3-4c06-bbf5-162c2519e33a	chrX	2785350	155699373	1	1	0
634b12f9-51f3-4c06-bbf5-162c2519e33a	chrX	155699444	156004181	2	1	1
faf9311a-d952-4518-84bb-9a46aebd931c	chr1	61735	115459429	1	1	0
faf9311a-d952-4518-84bb-9a46aebd931c	chr1	115462907	121741181	5	4	1
faf9311a-d952-4518-84bb-9a46aebd931c	chr1	143285278	143713884	4	3	1
faf9311a-d952-4518-84bb-9a46aebd931c	chr1	143713930	144995505	4	4	0
faf9311a-d952-4518-84bb-9a46aebd931c	chr1	145000468	169201918	7	5	2
faf9311a-d952-4518-84bb-9a46aebd931c	chr1	169202317	248930189	5	3	2
faf9311a-d952-4518-84bb-9a46aebd931c	chr2	12784	50942108	1	1	0
faf9311a-d952-4518-84bb-9a46aebd931c	chr2	50943036	56367799	2	1	1
faf9311a-d952-4518-84bb-9a46aebd931c	chr2	56367880	63280735	1	1	0
faf9311a-d952-4518-84bb-9a46aebd931c	chr2	63283767	67637465	2	1	1
faf9311a-d952-4518-84bb-9a46aebd931c	chr2	67637780	69130871	3	2	1
faf9311a-d952-4518-84bb-9a46aebd931c	chr2	69131344	71846585	1	1	0
faf9311a-d952-4518-84bb-9a46aebd931c	chr2	71848345	242147305	2	1	1
faf9311a-d952-4518-84bb-9a46aebd931c	chr3	18667	198169247	2	1	1
faf9311a-d952-4518-84bb-9a46aebd931c	chr4	12281	79629792	2	1	1
faf9311a-d952-4518-84bb-9a46aebd931c	chr4	79629872	79691502	1	1	0
faf9311a-d952-4518-84bb-9a46aebd931c	chr4	79701615	116227519	2	1	1
faf9311a-d952-4518-84bb-9a46aebd931c	chr4	116227740	119356781	1	1	0
faf9311a-d952-4518-84bb-9a46aebd931c	chr4	119359039	190106768	2	1	1
faf9311a-d952-4518-84bb-9a46aebd931c	chr5	15532	181363319	2	1	1
faf9311a-d952-4518-84bb-9a46aebd931c	chr6	149661	71530536	2	1	1
faf9311a-d952-4518-84bb-9a46aebd931c	chr6	71530972	78322600	1	1	0
faf9311a-d952-4518-84bb-9a46aebd931c	chr6	78322875	78343294	2	2	0
faf9311a-d952-4518-84bb-9a46aebd931c	chr6	78345088	131607712	1	1	0
faf9311a-d952-4518-84bb-9a46aebd931c	chr6	131608236	141943396	2	1	1
faf9311a-d952-4518-84bb-9a46aebd931c	chr6	141946366	170741917	1	1	0
faf9311a-d952-4518-84bb-9a46aebd931c	chr7	43259	159334314	2	1	1
faf9311a-d952-4518-84bb-9a46aebd931c	chr8	81254	41570799	2	2	0
faf9311a-d952-4518-84bb-9a46aebd931c	chr8	41574602	63078512	3	2	1
faf9311a-d952-4518-84bb-9a46aebd931c	chr8	63079418	63102218	5	5	0
faf9311a-d952-4518-84bb-9a46aebd931c	chr8	63102847	65578971	6	5	1
faf9311a-d952-4518-84bb-9a46aebd931c	chr8	65579308	76839293	5	5	0
faf9311a-d952-4518-84bb-9a46aebd931c	chr8	76840768	145072769	6	5	1
faf9311a-d952-4518-84bb-9a46aebd931c	chr9	46587	28710635	2	1	1
faf9311a-d952-4518-84bb-9a46aebd931c	chr9	28710910	28725110	2	2	0
faf9311a-d952-4518-84bb-9a46aebd931c	chr9	28734250	42995504	5	4	1
faf9311a-d952-4518-84bb-9a46aebd931c	chr9	60840363	68541289	2	2	0
faf9311a-d952-4518-84bb-9a46aebd931c	chr9	68541379	138200944	2	1	1
faf9311a-d952-4518-84bb-9a46aebd931c	chr10	26823	29104332	3	3	0
faf9311a-d952-4518-84bb-9a46aebd931c	chr10	29105830	30191503	1	1	0
faf9311a-d952-4518-84bb-9a46aebd931c	chr10	30191579	38781690	2	2	0
faf9311a-d952-4518-84bb-9a46aebd931c	chr10	38783075	58690699	3	2	1
faf9311a-d952-4518-84bb-9a46aebd931c	chr10	58690945	90535873	4	3	1
faf9311a-d952-4518-84bb-9a46aebd931c	chr10	90538872	98955084	3	3	0
faf9311a-d952-4518-84bb-9a46aebd931c	chr10	98956568	121575071	2	2	0
faf9311a-d952-4518-84bb-9a46aebd931c	chr10	121577757	122659754	3	3	0
faf9311a-d952-4518-84bb-9a46aebd931c	chr10	122660358	133769379	2	2	0
faf9311a-d952-4518-84bb-9a46aebd931c	chr11	198572	135074876	2	1	1
faf9311a-d952-4518-84bb-9a46aebd931c	chr12	51460	22359576	5	4	1
faf9311a-d952-4518-84bb-9a46aebd931c	chr12	22360196	69867437	2	1	1
faf9311a-d952-4518-84bb-9a46aebd931c	chr12	69868006	71184485	3	2	1
faf9311a-d952-4518-84bb-9a46aebd931c	chr12	71188608	73009401	2	1	1
faf9311a-d952-4518-84bb-9a46aebd931c	chr12	73014717	76432273	3	2	1
faf9311a-d952-4518-84bb-9a46aebd931c	chr12	76433580	77311877	2	1	1
faf9311a-d952-4518-84bb-9a46aebd931c	chr12	77312819	80456531	3	2	1
faf9311a-d952-4518-84bb-9a46aebd931c	chr12	80458187	82063135	1	1	0
faf9311a-d952-4518-84bb-9a46aebd931c	chr12	82064546	83462761	3	2	1
faf9311a-d952-4518-84bb-9a46aebd931c	chr12	83462773	84006135	2	1	1
faf9311a-d952-4518-84bb-9a46aebd931c	chr12	84023919	133201603	1	1	0
faf9311a-d952-4518-84bb-9a46aebd931c	chr13	18452809	114342922	2	1	1
faf9311a-d952-4518-84bb-9a46aebd931c	chr14	18225647	25240058	2	1	1
faf9311a-d952-4518-84bb-9a46aebd931c	chr14	25240559	26052971	3	2	1
faf9311a-d952-4518-84bb-9a46aebd931c	chr14	26056376	30453173	2	1	1
faf9311a-d952-4518-84bb-9a46aebd931c	chr14	30453451	32176217	3	2	1
faf9311a-d952-4518-84bb-9a46aebd931c	chr14	32178953	34146757	2	1	1
faf9311a-d952-4518-84bb-9a46aebd931c	chr14	34147125	36721093	3	2	1
faf9311a-d952-4518-84bb-9a46aebd931c	chr14	36722987	36783121	1	1	0
faf9311a-d952-4518-84bb-9a46aebd931c	chr14	36785637	40477342	3	2	1
faf9311a-d952-4518-84bb-9a46aebd931c	chr14	40477791	41064169	5	4	1
faf9311a-d952-4518-84bb-9a46aebd931c	chr14	41065266	44978262	3	2	1
faf9311a-d952-4518-84bb-9a46aebd931c	chr14	44978869	48249504	5	4	1
faf9311a-d952-4518-84bb-9a46aebd931c	chr14	48251443	54500327	3	2	1
faf9311a-d952-4518-84bb-9a46aebd931c	chr14	54502048	55467502	4	3	1
faf9311a-d952-4518-84bb-9a46aebd931c	chr14	55468009	60460375	3	2	1
faf9311a-d952-4518-84bb-9a46aebd931c	chr14	60460530	85081878	1	1	0
faf9311a-d952-4518-84bb-9a46aebd931c	chr14	85087222	85237586	0	0	0
faf9311a-d952-4518-84bb-9a46aebd931c	chr14	85237665	106877229	1	1	0
faf9311a-d952-4518-84bb-9a46aebd931c	chr15	19811075	101928837	2	1	1
faf9311a-d952-4518-84bb-9a46aebd931c	chr16	10777	70821299	2	1	1
faf9311a-d952-4518-84bb-9a46aebd931c	chr16	70821576	71168586	5	3	2
faf9311a-d952-4518-84bb-9a46aebd931c	chr16	71168894	90221127	2	1	1
faf9311a-d952-4518-84bb-9a46aebd931c	chr17	150733	83090856	2	1	1
faf9311a-d952-4518-84bb-9a46aebd931c	chr18	48133	10460167	1	1	0
faf9311a-d952-4518-84bb-9a46aebd931c	chr18	10463471	80257174	3	2	1
faf9311a-d952-4518-84bb-9a46aebd931c	chr19	90910	58586487	2	1	1
faf9311a-d952-4518-84bb-9a46aebd931c	chr20	80664	13340746	2	2	0
faf9311a-d952-4518-84bb-9a46aebd931c	chr20	13341838	64324800	3	2	1
faf9311a-d952-4518-84bb-9a46aebd931c	chr21	10336543	46677045	2	1	1
faf9311a-d952-4518-84bb-9a46aebd931c	chr22	15294545	50796027	2	1	1
faf9311a-d952-4518-84bb-9a46aebd931c	chrX	251810	156004181	1	1	0
b3c68473-78a7-44d2-95bf-7997a7e6c0e8	chr1	62920	33086177	1	1	0
b3c68473-78a7-44d2-95bf-7997a7e6c0e8	chr1	33086544	64924592	2	2	0
b3c68473-78a7-44d2-95bf-7997a7e6c0e8	chr1	64924607	66953371	0	0	0
b3c68473-78a7-44d2-95bf-7997a7e6c0e8	chr1	66953406	85277723	2	2	0
b3c68473-78a7-44d2-95bf-7997a7e6c0e8	chr1	85277987	88667595	3	2	1
b3c68473-78a7-44d2-95bf-7997a7e6c0e8	chr1	88668129	121705338	2	1	1
b3c68473-78a7-44d2-95bf-7997a7e6c0e8	chr1	143541857	147027063	0	0	0
b3c68473-78a7-44d2-95bf-7997a7e6c0e8	chr1	147027281	180931986	3	2	1
b3c68473-78a7-44d2-95bf-7997a7e6c0e8	chr1	180936216	181370683	2	1	1
b3c68473-78a7-44d2-95bf-7997a7e6c0e8	chr1	181371128	225812606	3	2	1
b3c68473-78a7-44d2-95bf-7997a7e6c0e8	chr1	225813265	225827415	8	4	4
b3c68473-78a7-44d2-95bf-7997a7e6c0e8	chr1	225827598	237113953	3	2	1
b3c68473-78a7-44d2-95bf-7997a7e6c0e8	chr1	237114165	241169698	4	2	2
b3c68473-78a7-44d2-95bf-7997a7e6c0e8	chr1	241175258	241182133	7	5	2
b3c68473-78a7-44d2-95bf-7997a7e6c0e8	chr1	241182402	248930189	3	2	1
b3c68473-78a7-44d2-95bf-7997a7e6c0e8	chr2	12784	64438201	2	1	1
b3c68473-78a7-44d2-95bf-7997a7e6c0e8	chr2	64440674	64459805	0	0	0
b3c68473-78a7-44d2-95bf-7997a7e6c0e8	chr2	64460643	102385671	2	1	1
b3c68473-78a7-44d2-95bf-7997a7e6c0e8	chr2	102388830	102602754	1	1	0
b3c68473-78a7-44d2-95bf-7997a7e6c0e8	chr2	102603313	152054824	2	1	1
b3c68473-78a7-44d2-95bf-7997a7e6c0e8	chr2	152054916	152081921	0	0	0
b3c68473-78a7-44d2-95bf-7997a7e6c0e8	chr2	152083033	168147754	2	1	1
b3c68473-78a7-44d2-95bf-7997a7e6c0e8	chr2	168150331	168171592	0	0	0
b3c68473-78a7-44d2-95bf-7997a7e6c0e8	chr2	168173254	242147305	2	1	1
b3c68473-78a7-44d2-95bf-7997a7e6c0e8	chr3	20930	21142002	1	1	0
b3c68473-78a7-44d2-95bf-7997a7e6c0e8	chr3	21142603	21981858	0	0	0
b3c68473-78a7-44d2-95bf-7997a7e6c0e8	chr3	21989661	56640347	1	1	0
b3c68473-78a7-44d2-95bf-7997a7e6c0e8	chr3	56644519	68505705	2	1	1
b3c68473-78a7-44d2-95bf-7997a7e6c0e8	chr3	68506516	68532059	0	0	0
b3c68473-78a7-44d2-95bf-7997a7e6c0e8	chr3	68533575	93871936	2	1	1
b3c68473-78a7-44d2-95bf-7997a7e6c0e8	chr3	93872232	104283373	1	1	0
b3c68473-78a7-44d2-95bf-7997a7e6c0e8	chr3	104285636	114720295	2	1	1
b3c68473-78a7-44d2-95bf-7997a7e6c0e8	chr3	114720920	134444871	1	1	0
b3c68473-78a7-44d2-95bf-7997a7e6c0e8	chr3	134445313	195737223	2	1	1
b3c68473-78a7-44d2-95bf-7997a7e6c0e8	chr3	195737253	196012591	0	0	0
b3c68473-78a7-44d2-95bf-7997a7e6c0e8	chr3	196017100	198169247	2	1	1
b3c68473-78a7-44d2-95bf-7997a7e6c0e8	chr4	68929	54635561	2	1	1
b3c68473-78a7-44d2-95bf-7997a7e6c0e8	chr4	54635754	54660796	4	2	2
b3c68473-78a7-44d2-95bf-7997a7e6c0e8	chr4	54660899	68478894	2	1	1
b3c68473-78a7-44d2-95bf-7997a7e6c0e8	chr4	68494770	68671434	7	7	0
b3c68473-78a7-44d2-95bf-7997a7e6c0e8	chr4	68674307	91443366	2	1	1
b3c68473-78a7-44d2-95bf-7997a7e6c0e8	chr4	91444031	91447765	0	0	0
b3c68473-78a7-44d2-95bf-7997a7e6c0e8	chr4	91451983	156677115	2	1	1
b3c68473-78a7-44d2-95bf-7997a7e6c0e8	chr4	156679712	156735326	1	1	0
b3c68473-78a7-44d2-95bf-7997a7e6c0e8	chr4	156736485	181180039	2	1	1
b3c68473-78a7-44d2-95bf-7997a7e6c0e8	chr4	181180536	181198851	0	0	0
b3c68473-78a7-44d2-95bf-7997a7e6c0e8	chr4	181202680	190106768	2	1	1
b3c68473-78a7-44d2-95bf-7997a7e6c0e8	chr5	15532	2282234	1	1	0
b3c68473-78a7-44d2-95bf-7997a7e6c0e8	chr5	2282991	4411523	2	1	1
b3c68473-78a7-44d2-95bf-7997a7e6c0e8	chr5	4416298	4725292	1	1	0
b3c68473-78a7-44d2-95bf-7997a7e6c0e8	chr5	4725482	19131042	2	1	1
b3c68473-78a7-44d2-95bf-7997a7e6c0e8	chr5	19132423	19231183	5	3	2
b3c68473-78a7-44d2-95bf-7997a7e6c0e8	chr5	19232764	19796177	6	4	2
b3c68473-78a7-44d2-95bf-7997a7e6c0e8	chr5	19796335	181363319	2	1	1
b3c68473-78a7-44d2-95bf-7997a7e6c0e8	chr6	149661	11186198	2	1	1
b3c68473-78a7-44d2-95bf-7997a7e6c0e8	chr6	11187241	11200902	0	0	0
b3c68473-78a7-44d2-95bf-7997a7e6c0e8	chr6	11202792	30302493	2	1	1
b3c68473-78a7-44d2-95bf-7997a7e6c0e8	chr6	30302832	30499918	1	1	0
b3c68473-78a7-44d2-95bf-7997a7e6c0e8	chr6	30507638	30515216	0	0	0
b3c68473-78a7-44d2-95bf-7997a7e6c0e8	chr6	30544386	57923278	2	1	1
b3c68473-78a7-44d2-95bf-7997a7e6c0e8	chr6	57948072	90440893	1	1	0
b3c68473-78a7-44d2-95bf-7997a7e6c0e8	chr6	90441374	90451374	0	0	0
b3c68473-78a7-44d2-95bf-7997a7e6c0e8	chr6	90451979	103286299	1	1	0
b3c68473-78a7-44d2-95bf-7997a7e6c0e8	chr6	103286770	103317795	5	5	0
b3c68473-78a7-44d2-95bf-7997a7e6c0e8	chr6	103317836	126262065	1	1	0
b3c68473-78a7-44d2-95bf-7997a7e6c0e8	chr6	126263409	144479560	2	1	1
b3c68473-78a7-44d2-95bf-7997a7e6c0e8	chr6	144479663	147971243	1	1	0
b3c68473-78a7-44d2-95bf-7997a7e6c0e8	chr6	147971972	147986207	4	3	1
b3c68473-78a7-44d2-95bf-7997a7e6c0e8	chr6	147986782	169422576	1	1	0
b3c68473-78a7-44d2-95bf-7997a7e6c0e8	chr6	169422857	169783406	0	0	0
b3c68473-78a7-44d2-95bf-7997a7e6c0e8	chr6	169784045	170741917	1	1	0
b3c68473-78a7-44d2-95bf-7997a7e6c0e8	chr7	43259	2375122	1	1	0
b3c68473-78a7-44d2-95bf-7997a7e6c0e8	chr7	2379164	35357957	2	1	1
b3c68473-78a7-44d2-95bf-7997a7e6c0e8	chr7	35358012	35365086	0	0	0
b3c68473-78a7-44d2-95bf-7997a7e6c0e8	chr7	35366118	68704207	2	1	1
b3c68473-78a7-44d2-95bf-7997a7e6c0e8	chr7	68704254	68716989	4	2	2
b3c68473-78a7-44d2-95bf-7997a7e6c0e8	chr7	68717035	68719415	0	0	0
b3c68473-78a7-44d2-95bf-7997a7e6c0e8	chr7	68719447	142240738	2	1	1
b3c68473-78a7-44d2-95bf-7997a7e6c0e8	chr7	142241075	142432751	1	1	0
b3c68473-78a7-44d2-95bf-7997a7e6c0e8	chr7	142433163	159334314	2	1	1
b3c68473-78a7-44d2-95bf-7997a7e6c0e8	chr8	81254	12385031	1	1	0
b3c68473-78a7-44d2-95bf-7997a7e6c0e8	chr8	12387683	12389977	0	0	0
b3c68473-78a7-44d2-95bf-7997a7e6c0e8	chr8	12418301	72075660	1	1	0
b3c68473-78a7-44d2-95bf-7997a7e6c0e8	chr8	72076603	72609137	2	1	1
b3c68473-78a7-44d2-95bf-7997a7e6c0e8	chr8	72609212	72957935	1	1	0
b3c68473-78a7-44d2-95bf-7997a7e6c0e8	chr8	72959828	142746441	2	1	1
b3c68473-78a7-44d2-95bf-7997a7e6c0e8	chr8	142746645	142870553	3	2	1
b3c68473-78a7-44d2-95bf-7997a7e6c0e8	chr8	142870798	145072769	2	1	1
b3c68473-78a7-44d2-95bf-7997a7e6c0e8	chr9	46587	17631554	2	1	1
b3c68473-78a7-44d2-95bf-7997a7e6c0e8	chr9	17631808	17636653	0	0	0
b3c68473-78a7-44d2-95bf-7997a7e6c0e8	chr9	17636676	21434679	2	1	1
b3c68473-78a7-44d2-95bf-7997a7e6c0e8	chr9	21435592	22089600	1	1	0
b3c68473-78a7-44d2-95bf-7997a7e6c0e8	chr9	22096339	31828574	2	1	1
b3c68473-78a7-44d2-95bf-7997a7e6c0e8	chr9	31832792	31846529	7	4	3
b3c68473-78a7-44d2-95bf-7997a7e6c0e8	chr9	31846731	41741113	2	1	1
b3c68473-78a7-44d2-95bf-7997a7e6c0e8	chr9	60863881	138200944	1	1	0
b3c68473-78a7-44d2-95bf-7997a7e6c0e8	chr10	45792	21101369	2	1	1
b3c68473-78a7-44d2-95bf-7997a7e6c0e8	chr10	21101384	21125264	6	3	3
b3c68473-78a7-44d2-95bf-7997a7e6c0e8	chr10	21125963	44474979	2	1	1
b3c68473-78a7-44d2-95bf-7997a7e6c0e8	chr10	44475809	44570470	3	2	1
b3c68473-78a7-44d2-95bf-7997a7e6c0e8	chr10	44571544	95105336	2	1	1
b3c68473-78a7-44d2-95bf-7997a7e6c0e8	chr10	95105427	95109349	17	17	0
b3c68473-78a7-44d2-95bf-7997a7e6c0e8	chr10	95109949	133654968	2	1	1
b3c68473-78a7-44d2-95bf-7997a7e6c0e8	chr11	198510	7454846	2	1	1
b3c68473-78a7-44d2-95bf-7997a7e6c0e8	chr11	7456447	7470248	8	4	4
b3c68473-78a7-44d2-95bf-7997a7e6c0e8	chr11	7478928	32259345	2	1	1
b3c68473-78a7-44d2-95bf-7997a7e6c0e8	chr11	32261959	38826656	1	1	0
b3c68473-78a7-44d2-95bf-7997a7e6c0e8	chr11	38826800	40687009	2	1	1
b3c68473-78a7-44d2-95bf-7997a7e6c0e8	chr11	40688713	49088013	1	1	0
b3c68473-78a7-44d2-95bf-7997a7e6c0e8	chr11	49088271	69836687	2	1	1
b3c68473-78a7-44d2-95bf-7997a7e6c0e8	chr11	69843442	69881218	3	2	1
b3c68473-78a7-44d2-95bf-7997a7e6c0e8	chr11	69882400	70003258	1	1	0
b3c68473-78a7-44d2-95bf-7997a7e6c0e8	chr11	70003328	91870529	2	1	1
b3c68473-78a7-44d2-95bf-7997a7e6c0e8	chr11	91870882	91885022	5	3	2
b3c68473-78a7-44d2-95bf-7997a7e6c0e8	chr11	91887232	122887714	2	1	1
b3c68473-78a7-44d2-95bf-7997a7e6c0e8	chr11	122887731	122900820	3	2	1
b3c68473-78a7-44d2-95bf-7997a7e6c0e8	chr11	122902916	126731645	2	1	1
b3c68473-78a7-44d2-95bf-7997a7e6c0e8	chr11	126733062	126764494	0	0	0
b3c68473-78a7-44d2-95bf-7997a7e6c0e8	chr11	126765765	135074876	2	1	1
b3c68473-78a7-44d2-95bf-7997a7e6c0e8	chr12	51460	115299671	2	1	1
b3c68473-78a7-44d2-95bf-7997a7e6c0e8	chr12	115300604	115334283	4	2	2
b3c68473-78a7-44d2-95bf-7997a7e6c0e8	chr12	115335657	131988869	2	1	1
b3c68473-78a7-44d2-95bf-7997a7e6c0e8	chr12	131994547	133201603	1	1	0
b3c68473-78a7-44d2-95bf-7997a7e6c0e8	chr13	18452809	19021274	1	1	0
b3c68473-78a7-44d2-95bf-7997a7e6c0e8	chr13	19022192	19031270	6	4	2
b3c68473-78a7-44d2-95bf-7997a7e6c0e8	chr13	19036189	70558492	1	1	0
b3c68473-78a7-44d2-95bf-7997a7e6c0e8	chr13	70558673	70564415	0	0	0
b3c68473-78a7-44d2-95bf-7997a7e6c0e8	chr13	70564695	114342922	1	1	0
b3c68473-78a7-44d2-95bf-7997a7e6c0e8	chr14	18239283	22012710	2	1	1
b3c68473-78a7-44d2-95bf-7997a7e6c0e8	chr14	22013212	22768452	1	1	0
b3c68473-78a7-44d2-95bf-7997a7e6c0e8	chr14	22770303	99539531	2	1	1
b3c68473-78a7-44d2-95bf-7997a7e6c0e8	chr14	99539676	99556527	0	0	0
b3c68473-78a7-44d2-95bf-7997a7e6c0e8	chr14	99557059	106877229	2	1	1
b3c68473-78a7-44d2-95bf-7997a7e6c0e8	chr15	19811075	27592226	2	1	1
b3c68473-78a7-44d2-95bf-7997a7e6c0e8	chr15	27592568	27621050	4	2	2
b3c68473-78a7-44d2-95bf-7997a7e6c0e8	chr15	27621352	45223505	2	1	1
b3c68473-78a7-44d2-95bf-7997a7e6c0e8	chr15	45224975	45237451	0	0	0
b3c68473-78a7-44d2-95bf-7997a7e6c0e8	chr15	45237569	78268400	2	1	1
b3c68473-78a7-44d2-95bf-7997a7e6c0e8	chr15	78268585	78276202	0	0	0
b3c68473-78a7-44d2-95bf-7997a7e6c0e8	chr15	78277588	101928837	2	1	1
b3c68473-78a7-44d2-95bf-7997a7e6c0e8	chr16	10777	58834364	2	1	1
b3c68473-78a7-44d2-95bf-7997a7e6c0e8	chr16	58835015	64959714	1	1	0
b3c68473-78a7-44d2-95bf-7997a7e6c0e8	chr16	64960049	78762078	2	1	1
b3c68473-78a7-44d2-95bf-7997a7e6c0e8	chr16	78763856	79110261	1	1	0
b3c68473-78a7-44d2-95bf-7997a7e6c0e8	chr16	79110959	87083257	2	1	1
b3c68473-78a7-44d2-95bf-7997a7e6c0e8	chr16	87086203	90096867	1	1	0
b3c68473-78a7-44d2-95bf-7997a7e6c0e8	chr17	150733	18414080	2	1	1
b3c68473-78a7-44d2-95bf-7997a7e6c0e8	chr17	18452078	18565883	0	0	0
b3c68473-78a7-44d2-95bf-7997a7e6c0e8	chr17	18571332	33330590	2	1	1
b3c68473-78a7-44d2-95bf-7997a7e6c0e8	chr17	33330657	33355642	5	3	2
b3c68473-78a7-44d2-95bf-7997a7e6c0e8	chr17	33355832	71066000	2	1	1
b3c68473-78a7-44d2-95bf-7997a7e6c0e8	chr17	71067555	71109209	3	2	1
b3c68473-78a7-44d2-95bf-7997a7e6c0e8	chr17	71110733	83091923	2	1	1
b3c68473-78a7-44d2-95bf-7997a7e6c0e8	chr18	48133	13933925	2	1	1
b3c68473-78a7-44d2-95bf-7997a7e6c0e8	chr18	13934383	15402409	3	2	1
b3c68473-78a7-44d2-95bf-7997a7e6c0e8	chr18	20949392	80257174	2	1	1
b3c68473-78a7-44d2-95bf-7997a7e6c0e8	chr19	90910	16945706	3	2	1
b3c68473-78a7-44d2-95bf-7997a7e6c0e8	chr19	16947511	19020513	2	1	1
b3c68473-78a7-44d2-95bf-7997a7e6c0e8	chr19	19020739	33384941	3	2	1
b3c68473-78a7-44d2-95bf-7997a7e6c0e8	chr19	33385488	33398463	1	1	0
b3c68473-78a7-44d2-95bf-7997a7e6c0e8	chr19	33399389	58586487	3	2	1
b3c68473-78a7-44d2-95bf-7997a7e6c0e8	chr20	80664	64324800	2	1	1
b3c68473-78a7-44d2-95bf-7997a7e6c0e8	chr21	12973348	14558233	2	1	1
b3c68473-78a7-44d2-95bf-7997a7e6c0e8	chr21	14560289	14580383	6	4	2
b3c68473-78a7-44d2-95bf-7997a7e6c0e8	chr21	14580891	46677045	2	1	1
b3c68473-78a7-44d2-95bf-7997a7e6c0e8	chr22	16392123	50796027	2	1	1
b3c68473-78a7-44d2-95bf-7997a7e6c0e8	chrX	251810	683150	1	1	0
b3c68473-78a7-44d2-95bf-7997a7e6c0e8	chrX	683844	856907	0	0	0
b3c68473-78a7-44d2-95bf-7997a7e6c0e8	chrX	876695	1882751	1	1	0
b3c68473-78a7-44d2-95bf-7997a7e6c0e8	chrX	1892047	2432545	0	0	0
b3c68473-78a7-44d2-95bf-7997a7e6c0e8	chrX	2440099	2770918	1	1	0
b3c68473-78a7-44d2-95bf-7997a7e6c0e8	chrX	2771493	2776199	2	1	1
b3c68473-78a7-44d2-95bf-7997a7e6c0e8	chrX	2785350	155750015	0	0	0
b3c68473-78a7-44d2-95bf-7997a7e6c0e8	chrX	155753471	156004181	1	1	0
b3c68473-78a7-44d2-95bf-7997a7e6c0e8	chrY	2782397	56872112	0	0	0
503efef1-62b1-4f49-9696-0ad297b9139b	chr1	61735	61660298	1	1	0
503efef1-62b1-4f49-9696-0ad297b9139b	chr1	61661276	153804190	2	1	1
503efef1-62b1-4f49-9696-0ad297b9139b	chr1	153818025	158909957	3	2	1
503efef1-62b1-4f49-9696-0ad297b9139b	chr1	158910070	169505116	2	1	1
503efef1-62b1-4f49-9696-0ad297b9139b	chr1	169507743	169788175	1	1	0
503efef1-62b1-4f49-9696-0ad297b9139b	chr1	169788227	248930189	2	1	1
503efef1-62b1-4f49-9696-0ad297b9139b	chr2	12784	242147305	2	1	1
503efef1-62b1-4f49-9696-0ad297b9139b	chr3	18667	50060921	1	1	0
503efef1-62b1-4f49-9696-0ad297b9139b	chr3	50063709	198169247	2	1	1
503efef1-62b1-4f49-9696-0ad297b9139b	chr4	12281	148366655	2	1	1
503efef1-62b1-4f49-9696-0ad297b9139b	chr4	148370167	190106768	1	1	0
503efef1-62b1-4f49-9696-0ad297b9139b	chr5	15532	50578496	2	1	1
503efef1-62b1-4f49-9696-0ad297b9139b	chr5	50579604	78989923	1	1	0
503efef1-62b1-4f49-9696-0ad297b9139b	chr5	78990098	181363319	2	1	1
503efef1-62b1-4f49-9696-0ad297b9139b	chr6	149661	25282488	2	1	1
503efef1-62b1-4f49-9696-0ad297b9139b	chr6	25282805	26565770	1	1	0
503efef1-62b1-4f49-9696-0ad297b9139b	chr6	26571135	26644748	3	2	1
503efef1-62b1-4f49-9696-0ad297b9139b	chr6	26644778	27104557	1	1	0
503efef1-62b1-4f49-9696-0ad297b9139b	chr6	27105248	53712276	2	1	1
503efef1-62b1-4f49-9696-0ad297b9139b	chr6	53713099	55463795	1	1	0
503efef1-62b1-4f49-9696-0ad297b9139b	chr6	55467747	56354541	2	1	1
503efef1-62b1-4f49-9696-0ad297b9139b	chr6	56355596	56494614	1	1	0
503efef1-62b1-4f49-9696-0ad297b9139b	chr6	56497431	70328066	2	1	1
503efef1-62b1-4f49-9696-0ad297b9139b	chr6	70330978	71525027	1	1	0
503efef1-62b1-4f49-9696-0ad297b9139b	chr6	71525040	71743583	2	1	1
503efef1-62b1-4f49-9696-0ad297b9139b	chr6	71743830	72253227	1	1	0
503efef1-62b1-4f49-9696-0ad297b9139b	chr6	72255217	99339452	2	1	1
503efef1-62b1-4f49-9696-0ad297b9139b	chr6	99340399	99528712	1	1	0
503efef1-62b1-4f49-9696-0ad297b9139b	chr6	99532289	99784662	2	1	1
503efef1-62b1-4f49-9696-0ad297b9139b	chr6	99785981	99822570	1	1	0
503efef1-62b1-4f49-9696-0ad297b9139b	chr6	99829964	103739811	2	1	1
503efef1-62b1-4f49-9696-0ad297b9139b	chr6	103741394	121660295	1	1	0
503efef1-62b1-4f49-9696-0ad297b9139b	chr6	121661901	121867326	0	0	0
503efef1-62b1-4f49-9696-0ad297b9139b	chr6	121873010	163256516	1	1	0
503efef1-62b1-4f49-9696-0ad297b9139b	chr6	163257398	163931720	0	0	0
503efef1-62b1-4f49-9696-0ad297b9139b	chr6	163932893	164971528	1	1	0
503efef1-62b1-4f49-9696-0ad297b9139b	chr6	164974665	165318439	0	0	0
503efef1-62b1-4f49-9696-0ad297b9139b	chr6	165321163	167425505	1	1	0
503efef1-62b1-4f49-9696-0ad297b9139b	chr6	167652277	168099125	0	0	0
503efef1-62b1-4f49-9696-0ad297b9139b	chr6	168105741	170741917	1	1	0
503efef1-62b1-4f49-9696-0ad297b9139b	chr7	43259	79210864	2	1	1
503efef1-62b1-4f49-9696-0ad297b9139b	chr7	79210880	79282316	1	1	0
503efef1-62b1-4f49-9696-0ad297b9139b	chr7	79284209	159334314	2	1	1
503efef1-62b1-4f49-9696-0ad297b9139b	chr8	81254	145072769	2	1	1
503efef1-62b1-4f49-9696-0ad297b9139b	chr9	46587	42995504	2	1	1
503efef1-62b1-4f49-9696-0ad297b9139b	chr9	60840363	138200944	1	1	0
503efef1-62b1-4f49-9696-0ad297b9139b	chr10	26823	133769379	2	1	1
503efef1-62b1-4f49-9696-0ad297b9139b	chr11	198572	50112368	1	1	0
503efef1-62b1-4f49-9696-0ad297b9139b	chr11	50135077	92735763	2	1	1
503efef1-62b1-4f49-9696-0ad297b9139b	chr11	92737422	115041355	1	1	0
503efef1-62b1-4f49-9696-0ad297b9139b	chr11	115045730	125828759	2	1	1
503efef1-62b1-4f49-9696-0ad297b9139b	chr11	125836107	135074876	1	1	0
503efef1-62b1-4f49-9696-0ad297b9139b	chr12	51460	133201603	2	1	1
503efef1-62b1-4f49-9696-0ad297b9139b	chr13	18452809	114342922	2	1	1
503efef1-62b1-4f49-9696-0ad297b9139b	chr14	18225647	102885192	2	1	1
503efef1-62b1-4f49-9696-0ad297b9139b	chr14	102885829	103253448	3	2	1
503efef1-62b1-4f49-9696-0ad297b9139b	chr14	103256125	106877229	2	1	1
503efef1-62b1-4f49-9696-0ad297b9139b	chr15	19811075	101928837	2	1	1
503efef1-62b1-4f49-9696-0ad297b9139b	chr16	10777	2954199	2	1	1
503efef1-62b1-4f49-9696-0ad297b9139b	chr16	2957771	5514204	3	2	1
503efef1-62b1-4f49-9696-0ad297b9139b	chr16	5514345	68479007	2	1	1
503efef1-62b1-4f49-9696-0ad297b9139b	chr16	68479484	70820478	3	2	1
503efef1-62b1-4f49-9696-0ad297b9139b	chr16	70821299	89442575	2	1	1
503efef1-62b1-4f49-9696-0ad297b9139b	chr16	89442593	90221127	2	2	0
503efef1-62b1-4f49-9696-0ad297b9139b	chr17	150733	80697103	2	1	1
503efef1-62b1-4f49-9696-0ad297b9139b	chr17	80704337	83090856	3	2	1
503efef1-62b1-4f49-9696-0ad297b9139b	chr18	48133	80257174	2	1	1
503efef1-62b1-4f49-9696-0ad297b9139b	chr19	90910	58434793	2	1	1
503efef1-62b1-4f49-9696-0ad297b9139b	chr19	58436124	58586487	2	2	0
503efef1-62b1-4f49-9696-0ad297b9139b	chr20	80664	64324800	2	1	1
503efef1-62b1-4f49-9696-0ad297b9139b	chr21	10336543	46677045	2	1	1
503efef1-62b1-4f49-9696-0ad297b9139b	chr22	15294545	18908568	1	1	0
503efef1-62b1-4f49-9696-0ad297b9139b	chr22	18908788	39777893	2	1	1
503efef1-62b1-4f49-9696-0ad297b9139b	chr22	39778289	42648759	3	2	1
503efef1-62b1-4f49-9696-0ad297b9139b	chr22	42650367	50796027	2	1	1
503efef1-62b1-4f49-9696-0ad297b9139b	chrX	251810	2755881	2	1	1
503efef1-62b1-4f49-9696-0ad297b9139b	chrX	2756235	2776199	2	2	0
503efef1-62b1-4f49-9696-0ad297b9139b	chrX	2785350	156004181	1	1	0
fd7543b9-1dc4-455e-916e-ffce01532ee7	chr1	61735	2394195	4	2	2
fd7543b9-1dc4-455e-916e-ffce01532ee7	chr1	2395179	7567620	2	2	0
fd7543b9-1dc4-455e-916e-ffce01532ee7	chr1	7567847	10293312	0	0	0
fd7543b9-1dc4-455e-916e-ffce01532ee7	chr1	10297348	31495473	2	2	0
fd7543b9-1dc4-455e-916e-ffce01532ee7	chr1	31506888	121741181	4	2	2
fd7543b9-1dc4-455e-916e-ffce01532ee7	chr1	143285278	156630032	6	4	2
fd7543b9-1dc4-455e-916e-ffce01532ee7	chr1	156631020	159856829	4	2	2
fd7543b9-1dc4-455e-916e-ffce01532ee7	chr1	159858520	216495051	6	4	2
fd7543b9-1dc4-455e-916e-ffce01532ee7	chr1	216495596	217954968	8	4	4
fd7543b9-1dc4-455e-916e-ffce01532ee7	chr1	217960216	248930189	6	4	2
fd7543b9-1dc4-455e-916e-ffce01532ee7	chr2	12784	77978141	4	2	2
fd7543b9-1dc4-455e-916e-ffce01532ee7	chr2	77979014	81142080	3	2	1
fd7543b9-1dc4-455e-916e-ffce01532ee7	chr2	81142562	240201194	4	2	2
fd7543b9-1dc4-455e-916e-ffce01532ee7	chr2	240201779	241336522	6	4	2
fd7543b9-1dc4-455e-916e-ffce01532ee7	chr2	241344909	242147305	4	2	2
fd7543b9-1dc4-455e-916e-ffce01532ee7	chr3	18667	23997375	2	2	0
fd7543b9-1dc4-455e-916e-ffce01532ee7	chr3	24004234	24187648	4	4	0
fd7543b9-1dc4-455e-916e-ffce01532ee7	chr3	24188705	103966267	2	2	0
fd7543b9-1dc4-455e-916e-ffce01532ee7	chr3	103969556	108505085	8	8	0
fd7543b9-1dc4-455e-916e-ffce01532ee7	chr3	108509629	152688196	2	2	0
fd7543b9-1dc4-455e-916e-ffce01532ee7	chr3	152693395	152859728	7	7	0
fd7543b9-1dc4-455e-916e-ffce01532ee7	chr3	152860046	152889886	7	6	1
fd7543b9-1dc4-455e-916e-ffce01532ee7	chr3	152895514	153388694	58	57	1
fd7543b9-1dc4-455e-916e-ffce01532ee7	chr3	153401124	153695573	4	2	2
fd7543b9-1dc4-455e-916e-ffce01532ee7	chr3	153695734	164493364	2	2	0
fd7543b9-1dc4-455e-916e-ffce01532ee7	chr3	164493564	164598791	1	1	0
fd7543b9-1dc4-455e-916e-ffce01532ee7	chr3	164599596	198169247	2	2	0
fd7543b9-1dc4-455e-916e-ffce01532ee7	chr4	12281	18912082	4	2	2
fd7543b9-1dc4-455e-916e-ffce01532ee7	chr4	18913395	21711672	5	3	2
fd7543b9-1dc4-455e-916e-ffce01532ee7	chr4	21713411	28197922	4	2	2
fd7543b9-1dc4-455e-916e-ffce01532ee7	chr4	28200868	31216280	5	3	2
fd7543b9-1dc4-455e-916e-ffce01532ee7	chr4	31217108	31228841	3	3	0
fd7543b9-1dc4-455e-916e-ffce01532ee7	chr4	31228956	32219572	2	1	1
fd7543b9-1dc4-455e-916e-ffce01532ee7	chr4	32219650	32392452	3	2	1
fd7543b9-1dc4-455e-916e-ffce01532ee7	chr4	32398929	59633680	4	2	2
fd7543b9-1dc4-455e-916e-ffce01532ee7	chr4	59634371	64529905	2	1	1
fd7543b9-1dc4-455e-916e-ffce01532ee7	chr4	64530600	67012655	5	3	2
fd7543b9-1dc4-455e-916e-ffce01532ee7	chr4	67012856	130746659	4	2	2
fd7543b9-1dc4-455e-916e-ffce01532ee7	chr4	130751405	132409734	3	2	1
fd7543b9-1dc4-455e-916e-ffce01532ee7	chr4	132411787	134414266	2	1	1
fd7543b9-1dc4-455e-916e-ffce01532ee7	chr4	134415324	134851145	3	2	1
fd7543b9-1dc4-455e-916e-ffce01532ee7	chr4	134854083	135100915	2	1	1
fd7543b9-1dc4-455e-916e-ffce01532ee7	chr4	135101140	135535638	3	2	1
fd7543b9-1dc4-455e-916e-ffce01532ee7	chr4	135537990	148195686	4	2	2
fd7543b9-1dc4-455e-916e-ffce01532ee7	chr4	148198382	148215289	2	1	1
fd7543b9-1dc4-455e-916e-ffce01532ee7	chr4	148215583	148264094	1	1	0
fd7543b9-1dc4-455e-916e-ffce01532ee7	chr4	148266597	177334756	4	2	2
fd7543b9-1dc4-455e-916e-ffce01532ee7	chr4	177334891	177737521	2	2	0
fd7543b9-1dc4-455e-916e-ffce01532ee7	chr4	177741191	178048570	0	0	0
fd7543b9-1dc4-455e-916e-ffce01532ee7	chr4	178052049	187935276	2	2	0
fd7543b9-1dc4-455e-916e-ffce01532ee7	chr4	187935543	190106768	4	2	2
fd7543b9-1dc4-455e-916e-ffce01532ee7	chr5	15532	17876731	4	2	2
fd7543b9-1dc4-455e-916e-ffce01532ee7	chr5	17877308	30975414	5	3	2
fd7543b9-1dc4-455e-916e-ffce01532ee7	chr5	30975431	103814068	4	2	2
fd7543b9-1dc4-455e-916e-ffce01532ee7	chr5	103818992	105532235	5	3	2
fd7543b9-1dc4-455e-916e-ffce01532ee7	chr5	105533589	163866384	4	2	2
fd7543b9-1dc4-455e-916e-ffce01532ee7	chr5	163866943	167458907	5	3	2
fd7543b9-1dc4-455e-916e-ffce01532ee7	chr5	167460238	181363319	4	2	2
fd7543b9-1dc4-455e-916e-ffce01532ee7	chr6	149661	64198677	4	2	2
fd7543b9-1dc4-455e-916e-ffce01532ee7	chr6	64204002	64363790	6	4	2
fd7543b9-1dc4-455e-916e-ffce01532ee7	chr6	64363983	68552947	2	2	0
fd7543b9-1dc4-455e-916e-ffce01532ee7	chr6	68558014	68756475	5	5	0
fd7543b9-1dc4-455e-916e-ffce01532ee7	chr6	68761052	92874566	2	2	0
fd7543b9-1dc4-455e-916e-ffce01532ee7	chr6	92874882	93758791	1	1	0
fd7543b9-1dc4-455e-916e-ffce01532ee7	chr6	93759175	170741917	2	2	0
fd7543b9-1dc4-455e-916e-ffce01532ee7	chr7	43259	51584273	4	2	2
fd7543b9-1dc4-455e-916e-ffce01532ee7	chr7	51585719	54467172	5	3	2
fd7543b9-1dc4-455e-916e-ffce01532ee7	chr7	54467292	62369841	4	2	2
fd7543b9-1dc4-455e-916e-ffce01532ee7	chr7	62526795	133321545	3	2	1
fd7543b9-1dc4-455e-916e-ffce01532ee7	chr7	133333547	133714372	1	1	0
fd7543b9-1dc4-455e-916e-ffce01532ee7	chr7	133717499	141082435	3	2	1
fd7543b9-1dc4-455e-916e-ffce01532ee7	chr7	141083854	141388571	5	3	2
fd7543b9-1dc4-455e-916e-ffce01532ee7	chr7	141388585	159334314	3	2	1
fd7543b9-1dc4-455e-916e-ffce01532ee7	chr8	81254	3962810	4	2	2
fd7543b9-1dc4-455e-916e-ffce01532ee7	chr8	3966924	5618871	5	3	2
fd7543b9-1dc4-455e-916e-ffce01532ee7	chr8	5619068	13131205	4	2	2
fd7543b9-1dc4-455e-916e-ffce01532ee7	chr8	13136073	17300168	5	3	2
fd7543b9-1dc4-455e-916e-ffce01532ee7	chr8	17300475	59866090	4	2	2
fd7543b9-1dc4-455e-916e-ffce01532ee7	chr8	59866914	145072769	6	4	2
fd7543b9-1dc4-455e-916e-ffce01532ee7	chr9	46587	138200944	2	2	0
fd7543b9-1dc4-455e-916e-ffce01532ee7	chr10	26823	70436088	4	2	2
fd7543b9-1dc4-455e-916e-ffce01532ee7	chr10	70443885	71782395	2	2	0
fd7543b9-1dc4-455e-916e-ffce01532ee7	chr10	71784847	123390370	4	2	2
fd7543b9-1dc4-455e-916e-ffce01532ee7	chr10	123392096	124799692	2	2	0
fd7543b9-1dc4-455e-916e-ffce01532ee7	chr10	124799991	126979389	4	2	2
fd7543b9-1dc4-455e-916e-ffce01532ee7	chr10	126979609	133769379	2	2	0
fd7543b9-1dc4-455e-916e-ffce01532ee7	chr11	198572	24593430	2	2	0
fd7543b9-1dc4-455e-916e-ffce01532ee7	chr11	24593688	25131216	5	3	2
fd7543b9-1dc4-455e-916e-ffce01532ee7	chr11	25132400	27185188	2	2	0
fd7543b9-1dc4-455e-916e-ffce01532ee7	chr11	27187355	28400081	4	2	2
fd7543b9-1dc4-455e-916e-ffce01532ee7	chr11	28400949	43477983	2	2	0
fd7543b9-1dc4-455e-916e-ffce01532ee7	chr11	43478005	43600630	4	3	1
fd7543b9-1dc4-455e-916e-ffce01532ee7	chr11	43602153	46988945	2	2	0
fd7543b9-1dc4-455e-916e-ffce01532ee7	chr11	46989523	47752024	4	2	2
fd7543b9-1dc4-455e-916e-ffce01532ee7	chr11	47754400	50810146	2	2	0
fd7543b9-1dc4-455e-916e-ffce01532ee7	chr11	54554851	56729902	4	2	2
fd7543b9-1dc4-455e-916e-ffce01532ee7	chr11	56731471	58568241	2	2	0
fd7543b9-1dc4-455e-916e-ffce01532ee7	chr11	58569071	58580872	2	1	1
fd7543b9-1dc4-455e-916e-ffce01532ee7	chr11	58586212	63320389	4	2	2
fd7543b9-1dc4-455e-916e-ffce01532ee7	chr11	63320479	64699184	2	2	0
fd7543b9-1dc4-455e-916e-ffce01532ee7	chr11	64700022	67928175	4	2	2
fd7543b9-1dc4-455e-916e-ffce01532ee7	chr11	67935287	68727713	2	2	0
fd7543b9-1dc4-455e-916e-ffce01532ee7	chr11	68731558	68956801	7	5	2
fd7543b9-1dc4-455e-916e-ffce01532ee7	chr11	68958518	69785769	48	47	1
fd7543b9-1dc4-455e-916e-ffce01532ee7	chr11	69786271	69833229	4	3	1
fd7543b9-1dc4-455e-916e-ffce01532ee7	chr11	69836119	78167156	2	2	0
fd7543b9-1dc4-455e-916e-ffce01532ee7	chr11	78170065	78348836	51	51	0
fd7543b9-1dc4-455e-916e-ffce01532ee7	chr11	78350643	78540439	5	4	1
fd7543b9-1dc4-455e-916e-ffce01532ee7	chr11	78543440	78689973	4	3	1
fd7543b9-1dc4-455e-916e-ffce01532ee7	chr11	78690191	126898194	2	2	0
fd7543b9-1dc4-455e-916e-ffce01532ee7	chr11	126901905	127074882	4	2	2
fd7543b9-1dc4-455e-916e-ffce01532ee7	chr11	127077003	128030266	54	53	1
fd7543b9-1dc4-455e-916e-ffce01532ee7	chr11	128030684	135074876	2	2	0
fd7543b9-1dc4-455e-916e-ffce01532ee7	chr12	51460	133201603	4	2	2
fd7543b9-1dc4-455e-916e-ffce01532ee7	chr13	18452809	46971161	2	2	0
fd7543b9-1dc4-455e-916e-ffce01532ee7	chr13	46971903	48073691	1	1	0
fd7543b9-1dc4-455e-916e-ffce01532ee7	chr13	48073816	51713378	2	2	0
fd7543b9-1dc4-455e-916e-ffce01532ee7	chr13	51722213	54539518	3	3	0
fd7543b9-1dc4-455e-916e-ffce01532ee7	chr13	54542014	55708540	1	1	0
fd7543b9-1dc4-455e-916e-ffce01532ee7	chr13	55708605	56233241	2	2	0
fd7543b9-1dc4-455e-916e-ffce01532ee7	chr13	56249246	57310316	4	4	0
fd7543b9-1dc4-455e-916e-ffce01532ee7	chr13	57312101	63818088	3	3	0
fd7543b9-1dc4-455e-916e-ffce01532ee7	chr13	63818122	66526852	2	2	0
fd7543b9-1dc4-455e-916e-ffce01532ee7	chr13	66530393	77636176	1	1	0
fd7543b9-1dc4-455e-916e-ffce01532ee7	chr13	77636893	83329387	3	2	1
fd7543b9-1dc4-455e-916e-ffce01532ee7	chr13	83330632	84032113	2	2	0
fd7543b9-1dc4-455e-916e-ffce01532ee7	chr13	84032172	84817578	3	2	1
fd7543b9-1dc4-455e-916e-ffce01532ee7	chr13	84820081	85362579	2	1	1
fd7543b9-1dc4-455e-916e-ffce01532ee7	chr13	85367558	85788859	3	2	1
fd7543b9-1dc4-455e-916e-ffce01532ee7	chr13	85793805	87116506	2	1	1
fd7543b9-1dc4-455e-916e-ffce01532ee7	chr13	87116623	114342922	3	2	1
fd7543b9-1dc4-455e-916e-ffce01532ee7	chr14	18225647	106877229	2	1	1
fd7543b9-1dc4-455e-916e-ffce01532ee7	chr15	19811075	101928837	4	2	2
fd7543b9-1dc4-455e-916e-ffce01532ee7	chr16	10777	17902428	2	2	0
fd7543b9-1dc4-455e-916e-ffce01532ee7	chr16	17912328	59411783	4	2	2
fd7543b9-1dc4-455e-916e-ffce01532ee7	chr16	59414363	65833122	5	3	2
fd7543b9-1dc4-455e-916e-ffce01532ee7	chr16	65838167	90221127	4	2	2
fd7543b9-1dc4-455e-916e-ffce01532ee7	chr17	150733	83090856	4	2	2
fd7543b9-1dc4-455e-916e-ffce01532ee7	chr18	48133	57308871	5	3	2
fd7543b9-1dc4-455e-916e-ffce01532ee7	chr18	57310023	58531600	7	4	3
fd7543b9-1dc4-455e-916e-ffce01532ee7	chr18	58532051	64586745	5	3	2
fd7543b9-1dc4-455e-916e-ffce01532ee7	chr18	64587596	68526945	6	4	2
fd7543b9-1dc4-455e-916e-ffce01532ee7	chr18	68527090	80257174	5	3	2
fd7543b9-1dc4-455e-916e-ffce01532ee7	chr19	90910	58586487	4	2	2
fd7543b9-1dc4-455e-916e-ffce01532ee7	chr20	80664	64324800	4	2	2
fd7543b9-1dc4-455e-916e-ffce01532ee7	chr21	10336543	13384205	4	3	1
fd7543b9-1dc4-455e-916e-ffce01532ee7	chr21	13384342	21676749	4	2	2
fd7543b9-1dc4-455e-916e-ffce01532ee7	chr21	21676927	23695016	3	2	1
fd7543b9-1dc4-455e-916e-ffce01532ee7	chr21	23695844	46677045	4	2	2
fd7543b9-1dc4-455e-916e-ffce01532ee7	chr22	15294545	50796027	4	2	2
fd7543b9-1dc4-455e-916e-ffce01532ee7	chrX	251810	89405351	2	2	0
fd7543b9-1dc4-455e-916e-ffce01532ee7	chrX	89405685	93396813	1	1	0
fd7543b9-1dc4-455e-916e-ffce01532ee7	chrX	93407888	141593666	2	2	0
fd7543b9-1dc4-455e-916e-ffce01532ee7	chrX	141595849	145848938	1	1	0
fd7543b9-1dc4-455e-916e-ffce01532ee7	chrX	145851517	150378770	2	2	0
fd7543b9-1dc4-455e-916e-ffce01532ee7	chrX	150379353	156004181	4	4	0
544016e1-410a-44bd-ba8e-33e0ac627615	chr1	62920	248930189	2	1	1
544016e1-410a-44bd-ba8e-33e0ac627615	chr2	12784	88834118	2	1	1
544016e1-410a-44bd-ba8e-33e0ac627615	chr2	88836539	89069842	4	4	0
544016e1-410a-44bd-ba8e-33e0ac627615	chr2	89085826	154080967	2	1	1
544016e1-410a-44bd-ba8e-33e0ac627615	chr2	154081195	154098314	4	2	2
544016e1-410a-44bd-ba8e-33e0ac627615	chr2	154098421	242147305	2	1	1
544016e1-410a-44bd-ba8e-33e0ac627615	chr3	20930	10114198	2	1	1
544016e1-410a-44bd-ba8e-33e0ac627615	chr3	10116618	10127734	4	2	2
544016e1-410a-44bd-ba8e-33e0ac627615	chr3	10128135	22678829	2	1	1
544016e1-410a-44bd-ba8e-33e0ac627615	chr3	22679137	22682504	1	1	0
544016e1-410a-44bd-ba8e-33e0ac627615	chr3	22682659	24936393	2	1	1
544016e1-410a-44bd-ba8e-33e0ac627615	chr3	24936983	24957232	3	2	1
544016e1-410a-44bd-ba8e-33e0ac627615	chr3	24958774	41562962	2	1	1
544016e1-410a-44bd-ba8e-33e0ac627615	chr3	41563060	41574354	4	2	2
544016e1-410a-44bd-ba8e-33e0ac627615	chr3	41575890	130057833	2	1	1
544016e1-410a-44bd-ba8e-33e0ac627615	chr3	130062033	130087393	0	0	0
544016e1-410a-44bd-ba8e-33e0ac627615	chr3	130088081	198169247	2	1	1
544016e1-410a-44bd-ba8e-33e0ac627615	chr4	68929	53823067	2	1	1
544016e1-410a-44bd-ba8e-33e0ac627615	chr4	53823473	54236791	1	1	0
544016e1-410a-44bd-ba8e-33e0ac627615	chr4	54236957	114250213	2	1	1
544016e1-410a-44bd-ba8e-33e0ac627615	chr4	114250423	114263234	4	4	0
544016e1-410a-44bd-ba8e-33e0ac627615	chr4	114264667	190106768	2	1	1
544016e1-410a-44bd-ba8e-33e0ac627615	chr5	15532	181363319	2	1	1
544016e1-410a-44bd-ba8e-33e0ac627615	chr6	149661	30507638	2	1	1
544016e1-410a-44bd-ba8e-33e0ac627615	chr6	30507940	30561845	1	1	0
544016e1-410a-44bd-ba8e-33e0ac627615	chr6	30574075	45913123	2	1	1
544016e1-410a-44bd-ba8e-33e0ac627615	chr6	45913200	45931284	3	2	1
544016e1-410a-44bd-ba8e-33e0ac627615	chr6	45932086	76696351	2	1	1
544016e1-410a-44bd-ba8e-33e0ac627615	chr6	76696915	76743040	1	1	0
544016e1-410a-44bd-ba8e-33e0ac627615	chr6	76743087	170741917	2	1	1
544016e1-410a-44bd-ba8e-33e0ac627615	chr7	43259	35357957	2	1	1
544016e1-410a-44bd-ba8e-33e0ac627615	chr7	35358012	35367559	1	1	0
544016e1-410a-44bd-ba8e-33e0ac627615	chr7	35369836	38251113	2	1	1
544016e1-410a-44bd-ba8e-33e0ac627615	chr7	38254500	38304886	1	1	0
544016e1-410a-44bd-ba8e-33e0ac627615	chr7	38309211	103823551	2	1	1
544016e1-410a-44bd-ba8e-33e0ac627615	chr7	103825611	103843929	1	1	0
544016e1-410a-44bd-ba8e-33e0ac627615	chr7	103845181	142384213	2	1	1
544016e1-410a-44bd-ba8e-33e0ac627615	chr7	142387034	142405350	1	1	0
544016e1-410a-44bd-ba8e-33e0ac627615	chr7	142406173	143120618	2	1	1
544016e1-410a-44bd-ba8e-33e0ac627615	chr7	143122756	143194628	1	1	0
544016e1-410a-44bd-ba8e-33e0ac627615	chr7	143200677	159334314	2	1	1
544016e1-410a-44bd-ba8e-33e0ac627615	chr8	81254	62098251	2	1	1
544016e1-410a-44bd-ba8e-33e0ac627615	chr8	62098402	62104376	4	2	2
544016e1-410a-44bd-ba8e-33e0ac627615	chr8	62108666	145072769	2	1	1
544016e1-410a-44bd-ba8e-33e0ac627615	chr9	46587	138200944	2	1	1
544016e1-410a-44bd-ba8e-33e0ac627615	chr10	45792	95102662	2	1	1
544016e1-410a-44bd-ba8e-33e0ac627615	chr10	95105336	95109349	7	7	0
544016e1-410a-44bd-ba8e-33e0ac627615	chr10	95109949	99490912	2	1	1
544016e1-410a-44bd-ba8e-33e0ac627615	chr10	99492408	99515503	3	2	1
544016e1-410a-44bd-ba8e-33e0ac627615	chr10	99518059	133654968	2	1	1
544016e1-410a-44bd-ba8e-33e0ac627615	chr11	198510	132211979	2	1	1
544016e1-410a-44bd-ba8e-33e0ac627615	chr11	132214382	132253080	3	2	1
544016e1-410a-44bd-ba8e-33e0ac627615	chr11	132256277	135074876	2	1	1
544016e1-410a-44bd-ba8e-33e0ac627615	chr12	51460	31072776	2	1	1
544016e1-410a-44bd-ba8e-33e0ac627615	chr12	31080036	31257350	3	2	1
544016e1-410a-44bd-ba8e-33e0ac627615	chr12	31257887	133201603	2	1	1
544016e1-410a-44bd-ba8e-33e0ac627615	chr13	18452809	63986663	2	1	1
544016e1-410a-44bd-ba8e-33e0ac627615	chr13	63989178	64025043	1	1	0
544016e1-410a-44bd-ba8e-33e0ac627615	chr13	64025237	70556236	2	1	1
544016e1-410a-44bd-ba8e-33e0ac627615	chr13	70558200	70564932	1	1	0
544016e1-410a-44bd-ba8e-33e0ac627615	chr13	70568082	78434813	2	1	1
544016e1-410a-44bd-ba8e-33e0ac627615	chr13	78435353	78442448	1	1	0
544016e1-410a-44bd-ba8e-33e0ac627615	chr13	78443114	104757583	2	1	1
544016e1-410a-44bd-ba8e-33e0ac627615	chr13	104758203	104796621	3	2	1
544016e1-410a-44bd-ba8e-33e0ac627615	chr13	104796690	114342922	2	1	1
544016e1-410a-44bd-ba8e-33e0ac627615	chr14	18239283	22012710	2	1	1
544016e1-410a-44bd-ba8e-33e0ac627615	chr14	22013212	22530666	1	1	0
544016e1-410a-44bd-ba8e-33e0ac627615	chr14	22530968	24890014	2	1	1
544016e1-410a-44bd-ba8e-33e0ac627615	chr14	24891853	24894705	1	1	0
544016e1-410a-44bd-ba8e-33e0ac627615	chr14	24894760	95753846	2	1	1
544016e1-410a-44bd-ba8e-33e0ac627615	chr14	95754100	95757255	1	1	0
544016e1-410a-44bd-ba8e-33e0ac627615	chr14	95758712	106877229	2	1	1
544016e1-410a-44bd-ba8e-33e0ac627615	chr15	19811075	101928837	2	1	1
544016e1-410a-44bd-ba8e-33e0ac627615	chr16	10777	55281924	2	1	1
544016e1-410a-44bd-ba8e-33e0ac627615	chr16	55282454	55291013	4	2	2
544016e1-410a-44bd-ba8e-33e0ac627615	chr16	55291210	78383364	2	1	1
544016e1-410a-44bd-ba8e-33e0ac627615	chr16	78383417	78422158	1	1	0
544016e1-410a-44bd-ba8e-33e0ac627615	chr16	78424574	86104496	2	1	1
544016e1-410a-44bd-ba8e-33e0ac627615	chr16	86104606	86119821	4	2	2
544016e1-410a-44bd-ba8e-33e0ac627615	chr16	86120258	89596014	2	1	1
544016e1-410a-44bd-ba8e-33e0ac627615	chr16	89596467	89674188	4	2	2
544016e1-410a-44bd-ba8e-33e0ac627615	chr16	89674201	90096867	2	1	1
544016e1-410a-44bd-ba8e-33e0ac627615	chr17	150733	11300260	2	1	1
544016e1-410a-44bd-ba8e-33e0ac627615	chr17	11303558	11329218	4	2	2
544016e1-410a-44bd-ba8e-33e0ac627615	chr17	11330718	83091923	2	1	1
544016e1-410a-44bd-ba8e-33e0ac627615	chr18	48133	80257174	2	1	1
544016e1-410a-44bd-ba8e-33e0ac627615	chr19	90910	58586487	2	1	1
544016e1-410a-44bd-ba8e-33e0ac627615	chr20	80664	48235169	2	1	1
544016e1-410a-44bd-ba8e-33e0ac627615	chr20	48237024	48249802	1	1	0
544016e1-410a-44bd-ba8e-33e0ac627615	chr20	48249894	64324800	2	1	1
544016e1-410a-44bd-ba8e-33e0ac627615	chr21	12973348	46677045	2	1	1
544016e1-410a-44bd-ba8e-33e0ac627615	chr22	16392123	32179162	2	1	1
544016e1-410a-44bd-ba8e-33e0ac627615	chr22	32179227	32196133	1	1	0
544016e1-410a-44bd-ba8e-33e0ac627615	chr22	32196403	50796027	2	1	1
544016e1-410a-44bd-ba8e-33e0ac627615	chrX	251810	10164183	2	1	1
544016e1-410a-44bd-ba8e-33e0ac627615	chrX	10166899	10172148	4	2	2
544016e1-410a-44bd-ba8e-33e0ac627615	chrX	10172734	95141627	2	1	1
544016e1-410a-44bd-ba8e-33e0ac627615	chrX	95141864	95159272	3	2	1
544016e1-410a-44bd-ba8e-33e0ac627615	chrX	95160023	140797431	2	1	1
544016e1-410a-44bd-ba8e-33e0ac627615	chrX	140797645	140835997	3	2	1
544016e1-410a-44bd-ba8e-33e0ac627615	chrX	140836382	156004181	2	1	1
544016e1-410a-44bd-ba8e-33e0ac627615	chrY	2782397	26653788	0	0	0
544016e1-410a-44bd-ba8e-33e0ac627615	chrY	56872112	56872112	1	1	0
3e685778-e314-40de-a8e3-b506c8ba6039	chr1	61735	248930189	3	2	1
3e685778-e314-40de-a8e3-b506c8ba6039	chr2	12784	242147305	3	2	1
3e685778-e314-40de-a8e3-b506c8ba6039	chr3	18667	87204631	2	2	0
3e685778-e314-40de-a8e3-b506c8ba6039	chr3	87210046	87246121	5	4	1
3e685778-e314-40de-a8e3-b506c8ba6039	chr3	87246546	198169247	5	3	2
3e685778-e314-40de-a8e3-b506c8ba6039	chr4	12281	190106768	3	3	0
3e685778-e314-40de-a8e3-b506c8ba6039	chr5	15532	1039424	28	28	0
3e685778-e314-40de-a8e3-b506c8ba6039	chr5	1040379	10273531	8	8	0
3e685778-e314-40de-a8e3-b506c8ba6039	chr5	10275758	13015212	12	12	0
3e685778-e314-40de-a8e3-b506c8ba6039	chr5	13023562	13470893	25	25	0
3e685778-e314-40de-a8e3-b506c8ba6039	chr5	13471046	38933647	4	4	0
3e685778-e314-40de-a8e3-b506c8ba6039	chr5	38935142	181363319	2	2	0
3e685778-e314-40de-a8e3-b506c8ba6039	chr6	149661	27483111	2	2	0
3e685778-e314-40de-a8e3-b506c8ba6039	chr6	27483789	27520823	4	3	1
3e685778-e314-40de-a8e3-b506c8ba6039	chr6	27520845	27774407	28	26	2
3e685778-e314-40de-a8e3-b506c8ba6039	chr6	27778010	27942930	14	12	2
3e685778-e314-40de-a8e3-b506c8ba6039	chr6	27942961	28419164	30	29	1
3e685778-e314-40de-a8e3-b506c8ba6039	chr6	28419666	29210737	42	41	1
3e685778-e314-40de-a8e3-b506c8ba6039	chr6	29212944	41732652	2	2	0
3e685778-e314-40de-a8e3-b506c8ba6039	chr6	41741200	42110132	41	40	1
3e685778-e314-40de-a8e3-b506c8ba6039	chr6	42111214	43266592	2	2	0
3e685778-e314-40de-a8e3-b506c8ba6039	chr6	43267667	44089235	18	17	1
3e685778-e314-40de-a8e3-b506c8ba6039	chr6	44093870	44330492	30	29	1
3e685778-e314-40de-a8e3-b506c8ba6039	chr6	44333370	51049074	2	2	0
3e685778-e314-40de-a8e3-b506c8ba6039	chr6	51057758	170741917	3	2	1
3e685778-e314-40de-a8e3-b506c8ba6039	chr7	43259	111088339	4	2	2
3e685778-e314-40de-a8e3-b506c8ba6039	chr7	111091435	111151136	1	1	0
3e685778-e314-40de-a8e3-b506c8ba6039	chr7	111151586	159334314	4	2	2
3e685778-e314-40de-a8e3-b506c8ba6039	chr8	81254	30685395	1	1	0
3e685778-e314-40de-a8e3-b506c8ba6039	chr8	30687957	32988832	2	2	0
3e685778-e314-40de-a8e3-b506c8ba6039	chr8	32996988	36947564	1	1	0
3e685778-e314-40de-a8e3-b506c8ba6039	chr8	36950063	39977300	6	6	0
3e685778-e314-40de-a8e3-b506c8ba6039	chr8	39977366	40380618	4	4	0
3e685778-e314-40de-a8e3-b506c8ba6039	chr8	40381056	45935912	2	2	0
3e685778-e314-40de-a8e3-b506c8ba6039	chr8	45951913	48593171	7	4	3
3e685778-e314-40de-a8e3-b506c8ba6039	chr8	48596689	145072769	5	4	1
3e685778-e314-40de-a8e3-b506c8ba6039	chr9	46587	138200944	2	2	0
3e685778-e314-40de-a8e3-b506c8ba6039	chr10	26823	38783075	2	2	0
3e685778-e314-40de-a8e3-b506c8ba6039	chr10	38783090	133769379	3	2	1
3e685778-e314-40de-a8e3-b506c8ba6039	chr11	198572	43512873	3	2	1
3e685778-e314-40de-a8e3-b506c8ba6039	chr11	43513267	67582822	2	2	0
3e685778-e314-40de-a8e3-b506c8ba6039	chr11	67584356	68666362	3	2	1
3e685778-e314-40de-a8e3-b506c8ba6039	chr11	68666713	79741717	2	2	0
3e685778-e314-40de-a8e3-b506c8ba6039	chr11	79742010	81763407	3	2	1
3e685778-e314-40de-a8e3-b506c8ba6039	chr11	81767467	82598491	4	2	2
3e685778-e314-40de-a8e3-b506c8ba6039	chr11	82599155	93906141	2	2	0
3e685778-e314-40de-a8e3-b506c8ba6039	chr11	93906165	96221579	3	2	1
3e685778-e314-40de-a8e3-b506c8ba6039	chr11	96221647	109569527	2	2	0
3e685778-e314-40de-a8e3-b506c8ba6039	chr11	109577294	120675357	3	2	1
3e685778-e314-40de-a8e3-b506c8ba6039	chr11	120675514	135074876	2	2	0
3e685778-e314-40de-a8e3-b506c8ba6039	chr12	51460	1872284	4	3	1
3e685778-e314-40de-a8e3-b506c8ba6039	chr12	1872959	133201603	3	3	0
3e685778-e314-40de-a8e3-b506c8ba6039	chr13	18452809	114342922	4	2	2
3e685778-e314-40de-a8e3-b506c8ba6039	chr14	18225647	106877229	3	2	1
3e685778-e314-40de-a8e3-b506c8ba6039	chr15	19811075	101928837	4	2	2
3e685778-e314-40de-a8e3-b506c8ba6039	chr16	10777	6358153	5	3	2
3e685778-e314-40de-a8e3-b506c8ba6039	chr16	6363743	6973873	4	2	2
3e685778-e314-40de-a8e3-b506c8ba6039	chr16	6974870	7128494	4	3	1
3e685778-e314-40de-a8e3-b506c8ba6039	chr16	7128511	90221127	5	3	2
3e685778-e314-40de-a8e3-b506c8ba6039	chr17	150733	16014175	2	2	0
3e685778-e314-40de-a8e3-b506c8ba6039	chr17	16018358	21620905	4	2	2
3e685778-e314-40de-a8e3-b506c8ba6039	chr17	21623779	22736323	2	2	0
3e685778-e314-40de-a8e3-b506c8ba6039	chr17	26943385	37541272	3	3	0
3e685778-e314-40de-a8e3-b506c8ba6039	chr17	37549384	37769521	56	55	1
3e685778-e314-40de-a8e3-b506c8ba6039	chr17	37770365	38719062	23	21	2
3e685778-e314-40de-a8e3-b506c8ba6039	chr17	38733306	43884690	3	3	0
3e685778-e314-40de-a8e3-b506c8ba6039	chr17	43886681	44311540	4	3	1
3e685778-e314-40de-a8e3-b506c8ba6039	chr17	44312260	83090856	3	3	0
3e685778-e314-40de-a8e3-b506c8ba6039	chr18	48133	9476674	4	3	1
3e685778-e314-40de-a8e3-b506c8ba6039	chr18	9477235	12181351	5	3	2
3e685778-e314-40de-a8e3-b506c8ba6039	chr18	12187976	13193701	2	2	0
3e685778-e314-40de-a8e3-b506c8ba6039	chr18	13198054	23380509	4	2	2
3e685778-e314-40de-a8e3-b506c8ba6039	chr18	23384084	25403800	2	2	0
3e685778-e314-40de-a8e3-b506c8ba6039	chr18	25406091	26725427	1	1	0
3e685778-e314-40de-a8e3-b506c8ba6039	chr18	26728948	28303969	2	2	0
3e685778-e314-40de-a8e3-b506c8ba6039	chr18	28310236	29282470	5	3	2
3e685778-e314-40de-a8e3-b506c8ba6039	chr18	29282551	80257174	2	2	0
3e685778-e314-40de-a8e3-b506c8ba6039	chr19	90910	28448852	2	2	0
3e685778-e314-40de-a8e3-b506c8ba6039	chr19	28450279	35731579	3	2	1
3e685778-e314-40de-a8e3-b506c8ba6039	chr19	35734719	54578604	2	2	0
3e685778-e314-40de-a8e3-b506c8ba6039	chr19	54580175	58586487	3	2	1
3e685778-e314-40de-a8e3-b506c8ba6039	chr20	80664	21928342	2	1	1
3e685778-e314-40de-a8e3-b506c8ba6039	chr20	21933556	31738577	3	2	1
3e685778-e314-40de-a8e3-b506c8ba6039	chr20	31739015	64324800	4	2	2
3e685778-e314-40de-a8e3-b506c8ba6039	chr21	10336543	33003892	2	1	1
3e685778-e314-40de-a8e3-b506c8ba6039	chr21	33006215	46677045	4	3	1
3e685778-e314-40de-a8e3-b506c8ba6039	chr22	15294545	50796027	2	2	0
3e685778-e314-40de-a8e3-b506c8ba6039	chrX	251810	156004181	4	2	2
ed3f3359-89a6-4479-8196-714779adc9ce	chr1	61735	27680744	1	1	0
ed3f3359-89a6-4479-8196-714779adc9ce	chr1	27683399	248930189	2	1	1
ed3f3359-89a6-4479-8196-714779adc9ce	chr2	12784	242147305	2	1	1
ed3f3359-89a6-4479-8196-714779adc9ce	chr3	18667	93808615	1	1	0
ed3f3359-89a6-4479-8196-714779adc9ce	chr3	93811402	198169247	2	2	0
ed3f3359-89a6-4479-8196-714779adc9ce	chr4	12281	190106768	1	1	0
ed3f3359-89a6-4479-8196-714779adc9ce	chr5	15532	115868230	2	1	1
ed3f3359-89a6-4479-8196-714779adc9ce	chr5	115870571	116116448	1	1	0
ed3f3359-89a6-4479-8196-714779adc9ce	chr5	116118201	181363319	2	1	1
ed3f3359-89a6-4479-8196-714779adc9ce	chr6	149661	69491373	2	1	1
ed3f3359-89a6-4479-8196-714779adc9ce	chr6	69494721	97893060	1	1	0
ed3f3359-89a6-4479-8196-714779adc9ce	chr6	97893118	99388206	2	1	1
ed3f3359-89a6-4479-8196-714779adc9ce	chr6	99397050	170741917	1	1	0
ed3f3359-89a6-4479-8196-714779adc9ce	chr7	43259	159334314	2	1	1
ed3f3359-89a6-4479-8196-714779adc9ce	chr8	81254	94146930	2	1	1
ed3f3359-89a6-4479-8196-714779adc9ce	chr8	94147016	94412872	2	2	0
ed3f3359-89a6-4479-8196-714779adc9ce	chr8	94416718	145072769	2	1	1
ed3f3359-89a6-4479-8196-714779adc9ce	chr9	46587	138200944	1	1	0
ed3f3359-89a6-4479-8196-714779adc9ce	chr10	26823	133769379	2	1	1
ed3f3359-89a6-4479-8196-714779adc9ce	chr11	198572	135052307	2	1	1
ed3f3359-89a6-4479-8196-714779adc9ce	chr11	135052931	135074876	1	1	0
ed3f3359-89a6-4479-8196-714779adc9ce	chr12	51460	133201603	2	1	1
ed3f3359-89a6-4479-8196-714779adc9ce	chr13	18452809	114342922	1	1	0
ed3f3359-89a6-4479-8196-714779adc9ce	chr14	18225647	106877229	1	1	0
ed3f3359-89a6-4479-8196-714779adc9ce	chr15	19811075	44601185	1	1	0
ed3f3359-89a6-4479-8196-714779adc9ce	chr15	44604326	101928837	2	1	1
ed3f3359-89a6-4479-8196-714779adc9ce	chr16	10777	36048855	1	1	0
ed3f3359-89a6-4479-8196-714779adc9ce	chr16	46429870	90221127	2	1	1
ed3f3359-89a6-4479-8196-714779adc9ce	chr17	150733	31988093	1	1	0
ed3f3359-89a6-4479-8196-714779adc9ce	chr17	31988128	83090856	2	1	1
ed3f3359-89a6-4479-8196-714779adc9ce	chr18	48133	80257174	2	1	1
ed3f3359-89a6-4479-8196-714779adc9ce	chr19	90910	58586487	2	1	1
ed3f3359-89a6-4479-8196-714779adc9ce	chr20	80664	64324800	2	1	1
ed3f3359-89a6-4479-8196-714779adc9ce	chr21	10336543	46677045	2	1	1
ed3f3359-89a6-4479-8196-714779adc9ce	chr22	15294545	50796027	2	1	1
ed3f3359-89a6-4479-8196-714779adc9ce	chrX	251810	156004181	2	1	1
45b6fb5b-6907-4ce8-a3e8-78336d4a70e6	chr1	62920	35841797	1	1	0
45b6fb5b-6907-4ce8-a3e8-78336d4a70e6	chr1	35843819	99120887	2	1	1
45b6fb5b-6907-4ce8-a3e8-78336d4a70e6	chr1	99120960	99136011	6	3	3
45b6fb5b-6907-4ce8-a3e8-78336d4a70e6	chr1	99136053	115075432	2	1	1
45b6fb5b-6907-4ce8-a3e8-78336d4a70e6	chr1	115076255	115083664	1	1	0
45b6fb5b-6907-4ce8-a3e8-78336d4a70e6	chr1	115085609	236648484	2	1	1
45b6fb5b-6907-4ce8-a3e8-78336d4a70e6	chr1	236648877	236673025	1	1	0
45b6fb5b-6907-4ce8-a3e8-78336d4a70e6	chr1	236674058	248930189	2	1	1
45b6fb5b-6907-4ce8-a3e8-78336d4a70e6	chr2	12784	31023383	2	1	1
45b6fb5b-6907-4ce8-a3e8-78336d4a70e6	chr2	31024619	31029795	1	1	0
45b6fb5b-6907-4ce8-a3e8-78336d4a70e6	chr2	31031886	108342858	2	1	1
45b6fb5b-6907-4ce8-a3e8-78336d4a70e6	chr2	108343053	108446538	1	1	0
45b6fb5b-6907-4ce8-a3e8-78336d4a70e6	chr2	108446838	126615312	2	1	1
45b6fb5b-6907-4ce8-a3e8-78336d4a70e6	chr2	126618414	126622311	0	0	0
45b6fb5b-6907-4ce8-a3e8-78336d4a70e6	chr2	126622793	146104517	2	1	1
45b6fb5b-6907-4ce8-a3e8-78336d4a70e6	chr2	146106836	146109366	0	0	0
45b6fb5b-6907-4ce8-a3e8-78336d4a70e6	chr2	146120238	242147305	2	1	1
45b6fb5b-6907-4ce8-a3e8-78336d4a70e6	chr3	20930	8238667	2	1	1
45b6fb5b-6907-4ce8-a3e8-78336d4a70e6	chr3	8239503	89357888	1	1	0
45b6fb5b-6907-4ce8-a3e8-78336d4a70e6	chr3	89357901	89370231	0	0	0
45b6fb5b-6907-4ce8-a3e8-78336d4a70e6	chr3	89370771	90162349	1	1	0
45b6fb5b-6907-4ce8-a3e8-78336d4a70e6	chr3	90164751	198169247	2	1	1
45b6fb5b-6907-4ce8-a3e8-78336d4a70e6	chr4	68929	34777432	1	1	0
45b6fb5b-6907-4ce8-a3e8-78336d4a70e6	chr4	34784878	34823103	0	0	0
45b6fb5b-6907-4ce8-a3e8-78336d4a70e6	chr4	34828250	190106768	1	1	0
45b6fb5b-6907-4ce8-a3e8-78336d4a70e6	chr5	15532	56603912	2	1	1
45b6fb5b-6907-4ce8-a3e8-78336d4a70e6	chr5	56604232	56614473	1	1	0
45b6fb5b-6907-4ce8-a3e8-78336d4a70e6	chr5	56614526	151380464	2	1	1
45b6fb5b-6907-4ce8-a3e8-78336d4a70e6	chr5	151380721	151397487	5	3	2
45b6fb5b-6907-4ce8-a3e8-78336d4a70e6	chr5	151398237	169089951	2	1	1
45b6fb5b-6907-4ce8-a3e8-78336d4a70e6	chr5	169090017	169155335	3	2	1
45b6fb5b-6907-4ce8-a3e8-78336d4a70e6	chr5	169156488	181363319	2	1	1
45b6fb5b-6907-4ce8-a3e8-78336d4a70e6	chr6	149661	30499918	1	1	0
45b6fb5b-6907-4ce8-a3e8-78336d4a70e6	chr6	30507638	30515216	0	0	0
45b6fb5b-6907-4ce8-a3e8-78336d4a70e6	chr6	30544386	50830980	1	1	0
45b6fb5b-6907-4ce8-a3e8-78336d4a70e6	chr6	50832595	51450328	2	1	1
45b6fb5b-6907-4ce8-a3e8-78336d4a70e6	chr6	51453336	64284821	1	1	0
45b6fb5b-6907-4ce8-a3e8-78336d4a70e6	chr6	64286134	67126784	2	1	1
45b6fb5b-6907-4ce8-a3e8-78336d4a70e6	chr6	67127000	170741917	1	1	0
45b6fb5b-6907-4ce8-a3e8-78336d4a70e6	chr7	43259	4332964	2	1	1
45b6fb5b-6907-4ce8-a3e8-78336d4a70e6	chr7	4334273	4495166	1	1	0
45b6fb5b-6907-4ce8-a3e8-78336d4a70e6	chr7	4500804	5777234	2	1	1
45b6fb5b-6907-4ce8-a3e8-78336d4a70e6	chr7	5777366	35349305	3	2	1
45b6fb5b-6907-4ce8-a3e8-78336d4a70e6	chr7	35349774	35365086	1	1	0
45b6fb5b-6907-4ce8-a3e8-78336d4a70e6	chr7	35366118	69671583	3	2	1
45b6fb5b-6907-4ce8-a3e8-78336d4a70e6	chr7	69672584	69745537	1	1	0
45b6fb5b-6907-4ce8-a3e8-78336d4a70e6	chr7	69754018	70318443	3	2	1
45b6fb5b-6907-4ce8-a3e8-78336d4a70e6	chr7	70320618	70443710	1	1	0
45b6fb5b-6907-4ce8-a3e8-78336d4a70e6	chr7	70444427	150562311	3	2	1
45b6fb5b-6907-4ce8-a3e8-78336d4a70e6	chr7	150562476	150571474	1	1	0
45b6fb5b-6907-4ce8-a3e8-78336d4a70e6	chr7	150571999	159334314	2	1	1
45b6fb5b-6907-4ce8-a3e8-78336d4a70e6	chr8	81254	114341190	1	1	0
45b6fb5b-6907-4ce8-a3e8-78336d4a70e6	chr8	114341734	127578701	2	1	1
45b6fb5b-6907-4ce8-a3e8-78336d4a70e6	chr8	127578717	127591195	1	1	0
45b6fb5b-6907-4ce8-a3e8-78336d4a70e6	chr8	127591361	139567149	2	1	1
45b6fb5b-6907-4ce8-a3e8-78336d4a70e6	chr8	139569771	139573089	0	0	0
45b6fb5b-6907-4ce8-a3e8-78336d4a70e6	chr8	139573160	145072769	2	1	1
45b6fb5b-6907-4ce8-a3e8-78336d4a70e6	chr9	46587	78094330	2	1	1
45b6fb5b-6907-4ce8-a3e8-78336d4a70e6	chr9	78096555	78109151	1	1	0
45b6fb5b-6907-4ce8-a3e8-78336d4a70e6	chr9	78112797	84303791	2	1	1
45b6fb5b-6907-4ce8-a3e8-78336d4a70e6	chr9	84305321	84310931	4	2	2
45b6fb5b-6907-4ce8-a3e8-78336d4a70e6	chr9	84311331	132513412	2	1	1
45b6fb5b-6907-4ce8-a3e8-78336d4a70e6	chr9	132515240	132525473	0	0	0
45b6fb5b-6907-4ce8-a3e8-78336d4a70e6	chr9	132525741	138200944	2	1	1
45b6fb5b-6907-4ce8-a3e8-78336d4a70e6	chr10	45792	18335159	1	1	0
45b6fb5b-6907-4ce8-a3e8-78336d4a70e6	chr10	18335236	25552125	2	1	1
45b6fb5b-6907-4ce8-a3e8-78336d4a70e6	chr10	25552386	25588647	1	1	0
45b6fb5b-6907-4ce8-a3e8-78336d4a70e6	chr10	25588722	34145453	2	1	1
45b6fb5b-6907-4ce8-a3e8-78336d4a70e6	chr10	34146737	35130947	3	2	1
45b6fb5b-6907-4ce8-a3e8-78336d4a70e6	chr10	35131513	36386435	2	1	1
45b6fb5b-6907-4ce8-a3e8-78336d4a70e6	chr10	36391106	37352620	1	1	0
45b6fb5b-6907-4ce8-a3e8-78336d4a70e6	chr10	37352718	37360256	2	2	0
45b6fb5b-6907-4ce8-a3e8-78336d4a70e6	chr10	37362557	88461643	3	2	1
45b6fb5b-6907-4ce8-a3e8-78336d4a70e6	chr10	88461894	93834258	2	2	0
45b6fb5b-6907-4ce8-a3e8-78336d4a70e6	chr10	93835407	94009587	3	3	0
45b6fb5b-6907-4ce8-a3e8-78336d4a70e6	chr10	94009763	95105336	2	2	0
45b6fb5b-6907-4ce8-a3e8-78336d4a70e6	chr10	95105427	95109349	8	8	0
45b6fb5b-6907-4ce8-a3e8-78336d4a70e6	chr10	95109949	114955274	2	2	0
45b6fb5b-6907-4ce8-a3e8-78336d4a70e6	chr10	114955696	118210373	3	3	0
45b6fb5b-6907-4ce8-a3e8-78336d4a70e6	chr10	118211184	133654968	2	2	0
45b6fb5b-6907-4ce8-a3e8-78336d4a70e6	chr11	198510	4337826	2	1	1
45b6fb5b-6907-4ce8-a3e8-78336d4a70e6	chr11	4363567	4468974	1	1	0
45b6fb5b-6907-4ce8-a3e8-78336d4a70e6	chr11	4470078	50723208	2	1	1
45b6fb5b-6907-4ce8-a3e8-78336d4a70e6	chr11	50743116	56927083	3	2	1
45b6fb5b-6907-4ce8-a3e8-78336d4a70e6	chr11	56927217	58302471	1	1	0
45b6fb5b-6907-4ce8-a3e8-78336d4a70e6	chr11	58303719	61046459	3	2	1
45b6fb5b-6907-4ce8-a3e8-78336d4a70e6	chr11	61051569	62817698	4	3	1
45b6fb5b-6907-4ce8-a3e8-78336d4a70e6	chr11	62817814	63593124	3	2	1
45b6fb5b-6907-4ce8-a3e8-78336d4a70e6	chr11	63593970	64494769	5	4	1
45b6fb5b-6907-4ce8-a3e8-78336d4a70e6	chr11	64495311	65752798	2	1	1
45b6fb5b-6907-4ce8-a3e8-78336d4a70e6	chr11	65759723	66139024	1	1	0
45b6fb5b-6907-4ce8-a3e8-78336d4a70e6	chr11	66142658	68444152	2	1	1
45b6fb5b-6907-4ce8-a3e8-78336d4a70e6	chr11	68455977	68592792	1	1	0
45b6fb5b-6907-4ce8-a3e8-78336d4a70e6	chr11	68599490	72141581	2	1	1
45b6fb5b-6907-4ce8-a3e8-78336d4a70e6	chr11	72142289	135074876	1	1	0
45b6fb5b-6907-4ce8-a3e8-78336d4a70e6	chr12	51460	87396005	2	1	1
45b6fb5b-6907-4ce8-a3e8-78336d4a70e6	chr12	87397767	87415569	5	3	2
45b6fb5b-6907-4ce8-a3e8-78336d4a70e6	chr12	87419610	133201603	2	1	1
45b6fb5b-6907-4ce8-a3e8-78336d4a70e6	chr13	18452809	19021274	1	1	0
45b6fb5b-6907-4ce8-a3e8-78336d4a70e6	chr13	19022192	19031270	4	3	1
45b6fb5b-6907-4ce8-a3e8-78336d4a70e6	chr13	19036189	114342922	1	1	0
45b6fb5b-6907-4ce8-a3e8-78336d4a70e6	chr14	18239283	64518470	2	1	1
45b6fb5b-6907-4ce8-a3e8-78336d4a70e6	chr14	64518612	106877229	1	1	0
45b6fb5b-6907-4ce8-a3e8-78336d4a70e6	chr15	19811075	60925174	2	1	1
45b6fb5b-6907-4ce8-a3e8-78336d4a70e6	chr15	60925786	60932693	1	1	0
45b6fb5b-6907-4ce8-a3e8-78336d4a70e6	chr15	60935507	93095172	2	1	1
45b6fb5b-6907-4ce8-a3e8-78336d4a70e6	chr15	93096015	93105977	1	1	0
45b6fb5b-6907-4ce8-a3e8-78336d4a70e6	chr15	93106210	101928837	2	1	1
45b6fb5b-6907-4ce8-a3e8-78336d4a70e6	chr16	10777	79555930	2	1	1
45b6fb5b-6907-4ce8-a3e8-78336d4a70e6	chr16	79556720	79655233	3	2	1
45b6fb5b-6907-4ce8-a3e8-78336d4a70e6	chr16	79655574	90051612	2	1	1
45b6fb5b-6907-4ce8-a3e8-78336d4a70e6	chr16	90051711	90096867	1	1	0
45b6fb5b-6907-4ce8-a3e8-78336d4a70e6	chr17	150733	22720241	1	1	0
45b6fb5b-6907-4ce8-a3e8-78336d4a70e6	chr17	22727748	33329786	3	2	1
45b6fb5b-6907-4ce8-a3e8-78336d4a70e6	chr17	33330590	33352174	6	4	2
45b6fb5b-6907-4ce8-a3e8-78336d4a70e6	chr17	33353870	41265433	3	2	1
45b6fb5b-6907-4ce8-a3e8-78336d4a70e6	chr17	41265456	41274279	0	0	0
45b6fb5b-6907-4ce8-a3e8-78336d4a70e6	chr17	41276472	46940493	3	2	1
45b6fb5b-6907-4ce8-a3e8-78336d4a70e6	chr17	46941097	46957017	4	2	2
45b6fb5b-6907-4ce8-a3e8-78336d4a70e6	chr17	46962751	83091923	3	2	1
45b6fb5b-6907-4ce8-a3e8-78336d4a70e6	chr18	48133	7188194	2	1	1
45b6fb5b-6907-4ce8-a3e8-78336d4a70e6	chr18	7188756	10704016	1	1	0
45b6fb5b-6907-4ce8-a3e8-78336d4a70e6	chr18	10704224	10879216	2	1	1
45b6fb5b-6907-4ce8-a3e8-78336d4a70e6	chr18	10882123	15402409	1	1	0
45b6fb5b-6907-4ce8-a3e8-78336d4a70e6	chr18	20949392	68179088	2	1	1
45b6fb5b-6907-4ce8-a3e8-78336d4a70e6	chr18	68182141	68229624	1	1	0
45b6fb5b-6907-4ce8-a3e8-78336d4a70e6	chr18	68229787	80257174	2	1	1
45b6fb5b-6907-4ce8-a3e8-78336d4a70e6	chr19	90910	7492742	1	1	0
45b6fb5b-6907-4ce8-a3e8-78336d4a70e6	chr19	7493138	58586487	2	1	1
45b6fb5b-6907-4ce8-a3e8-78336d4a70e6	chr20	80664	64324800	2	1	1
45b6fb5b-6907-4ce8-a3e8-78336d4a70e6	chr21	12973348	35144021	2	1	1
45b6fb5b-6907-4ce8-a3e8-78336d4a70e6	chr21	35144715	35161969	0	0	0
45b6fb5b-6907-4ce8-a3e8-78336d4a70e6	chr21	35162989	45903828	2	1	1
45b6fb5b-6907-4ce8-a3e8-78336d4a70e6	chr21	45904014	45923462	4	2	2
45b6fb5b-6907-4ce8-a3e8-78336d4a70e6	chr21	45925679	46677045	2	1	1
45b6fb5b-6907-4ce8-a3e8-78336d4a70e6	chr22	16392123	50796027	2	1	1
45b6fb5b-6907-4ce8-a3e8-78336d4a70e6	chrX	251810	490325	1	1	0
45b6fb5b-6907-4ce8-a3e8-78336d4a70e6	chrX	490407	689999	3	2	1
45b6fb5b-6907-4ce8-a3e8-78336d4a70e6	chrX	690248	956301	1	1	0
45b6fb5b-6907-4ce8-a3e8-78336d4a70e6	chrX	959750	1428177	2	1	1
45b6fb5b-6907-4ce8-a3e8-78336d4a70e6	chrX	1456048	1731860	3	2	1
45b6fb5b-6907-4ce8-a3e8-78336d4a70e6	chrX	1737252	2458303	2	1	1
45b6fb5b-6907-4ce8-a3e8-78336d4a70e6	chrX	2460488	2551717	3	2	1
45b6fb5b-6907-4ce8-a3e8-78336d4a70e6	chrX	2553051	2639107	1	1	0
45b6fb5b-6907-4ce8-a3e8-78336d4a70e6	chrX	2640176	2649506	3	2	1
45b6fb5b-6907-4ce8-a3e8-78336d4a70e6	chrX	2649606	2720458	2	1	1
45b6fb5b-6907-4ce8-a3e8-78336d4a70e6	chrX	2723161	2759819	3	2	1
45b6fb5b-6907-4ce8-a3e8-78336d4a70e6	chrX	2761052	2776199	2	1	1
45b6fb5b-6907-4ce8-a3e8-78336d4a70e6	chrX	2785350	156004181	1	1	0
45b6fb5b-6907-4ce8-a3e8-78336d4a70e6	chrY	2782397	26653788	2	0	2
45b6fb5b-6907-4ce8-a3e8-78336d4a70e6	chrY	56872112	56872112	1	1	0
d8236305-5c49-40ca-9d4b-beab48924997	chr1	61735	29969262	1	1	0
d8236305-5c49-40ca-9d4b-beab48924997	chr1	29972132	181063181	2	1	1
d8236305-5c49-40ca-9d4b-beab48924997	chr1	181066125	181188723	3	2	1
d8236305-5c49-40ca-9d4b-beab48924997	chr1	181189949	248930189	2	1	1
d8236305-5c49-40ca-9d4b-beab48924997	chr2	12784	70215727	3	2	1
d8236305-5c49-40ca-9d4b-beab48924997	chr2	70218317	125447308	2	1	1
d8236305-5c49-40ca-9d4b-beab48924997	chr2	125454172	125467225	1	1	0
d8236305-5c49-40ca-9d4b-beab48924997	chr2	125467386	132291474	2	1	1
d8236305-5c49-40ca-9d4b-beab48924997	chr2	132291769	133934899	3	2	1
d8236305-5c49-40ca-9d4b-beab48924997	chr2	133934939	155001694	2	1	1
d8236305-5c49-40ca-9d4b-beab48924997	chr2	155002022	162239561	1	1	0
d8236305-5c49-40ca-9d4b-beab48924997	chr2	162244744	171808492	2	1	1
d8236305-5c49-40ca-9d4b-beab48924997	chr2	171811217	176925005	3	2	1
d8236305-5c49-40ca-9d4b-beab48924997	chr2	176925997	177262004	2	1	1
d8236305-5c49-40ca-9d4b-beab48924997	chr2	177266968	180343779	3	2	1
d8236305-5c49-40ca-9d4b-beab48924997	chr2	180344128	181429875	2	1	1
d8236305-5c49-40ca-9d4b-beab48924997	chr2	181431326	184548316	1	1	0
d8236305-5c49-40ca-9d4b-beab48924997	chr2	184548638	186951836	2	1	1
d8236305-5c49-40ca-9d4b-beab48924997	chr2	186954712	188969558	1	1	0
d8236305-5c49-40ca-9d4b-beab48924997	chr2	188975600	192589831	2	1	1
d8236305-5c49-40ca-9d4b-beab48924997	chr2	192590044	195355833	1	1	0
d8236305-5c49-40ca-9d4b-beab48924997	chr2	195357235	198192049	2	1	1
d8236305-5c49-40ca-9d4b-beab48924997	chr2	198192658	201076793	3	2	1
d8236305-5c49-40ca-9d4b-beab48924997	chr2	201077287	207307252	2	1	1
d8236305-5c49-40ca-9d4b-beab48924997	chr2	207308207	207679572	1	1	0
d8236305-5c49-40ca-9d4b-beab48924997	chr2	207679858	208328461	2	1	1
d8236305-5c49-40ca-9d4b-beab48924997	chr2	208330575	211321697	1	1	0
d8236305-5c49-40ca-9d4b-beab48924997	chr2	211326410	219180732	2	1	1
d8236305-5c49-40ca-9d4b-beab48924997	chr2	219182118	230214061	1	1	0
d8236305-5c49-40ca-9d4b-beab48924997	chr2	230217409	230797579	2	1	1
d8236305-5c49-40ca-9d4b-beab48924997	chr2	230798380	233493841	3	2	1
d8236305-5c49-40ca-9d4b-beab48924997	chr2	233499121	237970660	2	1	1
d8236305-5c49-40ca-9d4b-beab48924997	chr2	237972043	242147305	3	2	1
d8236305-5c49-40ca-9d4b-beab48924997	chr3	18667	111782338	1	1	0
d8236305-5c49-40ca-9d4b-beab48924997	chr3	111785177	198169247	2	1	1
d8236305-5c49-40ca-9d4b-beab48924997	chr4	12281	1627977	2	1	1
d8236305-5c49-40ca-9d4b-beab48924997	chr4	1646725	2033971	3	2	1
d8236305-5c49-40ca-9d4b-beab48924997	chr4	2052592	190106768	2	1	1
d8236305-5c49-40ca-9d4b-beab48924997	chr5	15532	9673019	1	1	0
d8236305-5c49-40ca-9d4b-beab48924997	chr5	9677134	96578097	2	1	1
d8236305-5c49-40ca-9d4b-beab48924997	chr5	96593829	96709966	1	1	0
d8236305-5c49-40ca-9d4b-beab48924997	chr5	96717901	114139074	2	1	1
d8236305-5c49-40ca-9d4b-beab48924997	chr5	114143038	129512255	3	2	1
d8236305-5c49-40ca-9d4b-beab48924997	chr5	129520453	167201209	4	3	1
d8236305-5c49-40ca-9d4b-beab48924997	chr5	167208543	181363319	3	2	1
d8236305-5c49-40ca-9d4b-beab48924997	chr6	149661	3554632	1	1	0
d8236305-5c49-40ca-9d4b-beab48924997	chr6	3559579	35720783	2	2	0
d8236305-5c49-40ca-9d4b-beab48924997	chr6	35720842	71898580	2	1	1
d8236305-5c49-40ca-9d4b-beab48924997	chr6	71899375	170741917	1	1	0
d8236305-5c49-40ca-9d4b-beab48924997	chr7	43259	42719987	3	2	1
d8236305-5c49-40ca-9d4b-beab48924997	chr7	42722647	159334314	2	1	1
d8236305-5c49-40ca-9d4b-beab48924997	chr8	81254	78122698	2	1	1
d8236305-5c49-40ca-9d4b-beab48924997	chr8	78124542	145072769	3	2	1
d8236305-5c49-40ca-9d4b-beab48924997	chr9	46587	138200944	1	1	0
d8236305-5c49-40ca-9d4b-beab48924997	chr10	26823	815897	2	1	1
d8236305-5c49-40ca-9d4b-beab48924997	chr10	819274	1007010	1	1	0
d8236305-5c49-40ca-9d4b-beab48924997	chr10	1018096	15148877	2	1	1
d8236305-5c49-40ca-9d4b-beab48924997	chr10	15150828	15377960	1	1	0
d8236305-5c49-40ca-9d4b-beab48924997	chr10	15382174	16656926	2	1	1
d8236305-5c49-40ca-9d4b-beab48924997	chr10	16657069	16806474	1	1	0
d8236305-5c49-40ca-9d4b-beab48924997	chr10	16808796	133769379	2	1	1
d8236305-5c49-40ca-9d4b-beab48924997	chr11	198572	48359352	2	1	1
d8236305-5c49-40ca-9d4b-beab48924997	chr11	48359950	49912304	1	1	0
d8236305-5c49-40ca-9d4b-beab48924997	chr11	49913949	109745814	2	1	1
d8236305-5c49-40ca-9d4b-beab48924997	chr11	109746405	135074876	1	1	0
d8236305-5c49-40ca-9d4b-beab48924997	chr12	51460	32814033	2	1	1
d8236305-5c49-40ca-9d4b-beab48924997	chr12	32815402	32942032	1	1	0
d8236305-5c49-40ca-9d4b-beab48924997	chr12	32942323	87341626	2	1	1
d8236305-5c49-40ca-9d4b-beab48924997	chr12	87344288	133201603	1	1	0
d8236305-5c49-40ca-9d4b-beab48924997	chr13	18452809	114342922	1	1	0
d8236305-5c49-40ca-9d4b-beab48924997	chr14	18225647	106877229	1	1	0
d8236305-5c49-40ca-9d4b-beab48924997	chr15	19811075	76042215	2	1	1
d8236305-5c49-40ca-9d4b-beab48924997	chr15	76048529	101928837	3	2	1
d8236305-5c49-40ca-9d4b-beab48924997	chr16	10777	90221127	2	1	1
d8236305-5c49-40ca-9d4b-beab48924997	chr17	150733	83090856	2	1	1
d8236305-5c49-40ca-9d4b-beab48924997	chr18	48133	38930144	2	2	0
d8236305-5c49-40ca-9d4b-beab48924997	chr18	38930423	80257174	1	1	0
d8236305-5c49-40ca-9d4b-beab48924997	chr19	90910	58586487	2	1	1
d8236305-5c49-40ca-9d4b-beab48924997	chr20	80664	64324800	2	1	1
d8236305-5c49-40ca-9d4b-beab48924997	chr21	10336543	46677045	1	1	0
d8236305-5c49-40ca-9d4b-beab48924997	chr22	15294545	50796027	2	1	1
d8236305-5c49-40ca-9d4b-beab48924997	chrX	251810	83182194	2	1	1
d8236305-5c49-40ca-9d4b-beab48924997	chrX	83184755	84172114	1	1	0
d8236305-5c49-40ca-9d4b-beab48924997	chrX	84176024	156004181	2	1	1
b8e72a36-c593-4982-8ebb-128d9d1536b3	chr1	62920	4483182	4	2	2
b8e72a36-c593-4982-8ebb-128d9d1536b3	chr1	4484733	33301105	2	2	0
b8e72a36-c593-4982-8ebb-128d9d1536b3	chr1	33301627	33347337	4	4	0
b8e72a36-c593-4982-8ebb-128d9d1536b3	chr1	33354213	36934944	2	2	0
b8e72a36-c593-4982-8ebb-128d9d1536b3	chr1	36936400	48043347	4	2	2
b8e72a36-c593-4982-8ebb-128d9d1536b3	chr1	48043381	48051270	2	1	1
b8e72a36-c593-4982-8ebb-128d9d1536b3	chr1	48051346	96237082	4	2	2
b8e72a36-c593-4982-8ebb-128d9d1536b3	chr1	96237139	96272666	7	4	3
b8e72a36-c593-4982-8ebb-128d9d1536b3	chr1	96276540	99120887	4	2	2
b8e72a36-c593-4982-8ebb-128d9d1536b3	chr1	99120960	99136011	14	7	7
b8e72a36-c593-4982-8ebb-128d9d1536b3	chr1	99136053	152583051	4	2	2
b8e72a36-c593-4982-8ebb-128d9d1536b3	chr1	152583230	152614100	0	0	0
b8e72a36-c593-4982-8ebb-128d9d1536b3	chr1	152614118	214356443	4	2	2
b8e72a36-c593-4982-8ebb-128d9d1536b3	chr1	214364206	225824876	5	3	2
b8e72a36-c593-4982-8ebb-128d9d1536b3	chr1	225825654	237857669	4	2	2
b8e72a36-c593-4982-8ebb-128d9d1536b3	chr1	237857685	237873991	7	4	3
b8e72a36-c593-4982-8ebb-128d9d1536b3	chr1	237874950	248930189	5	3	2
b8e72a36-c593-4982-8ebb-128d9d1536b3	chr2	12784	60493111	3	2	1
b8e72a36-c593-4982-8ebb-128d9d1536b3	chr2	60493622	60522806	1	1	0
b8e72a36-c593-4982-8ebb-128d9d1536b3	chr2	60523425	154361936	3	2	1
b8e72a36-c593-4982-8ebb-128d9d1536b3	chr2	154366359	154375911	11	6	5
b8e72a36-c593-4982-8ebb-128d9d1536b3	chr2	154377766	206852720	3	2	1
b8e72a36-c593-4982-8ebb-128d9d1536b3	chr2	206853059	206874407	1	1	0
b8e72a36-c593-4982-8ebb-128d9d1536b3	chr2	206876006	206942076	5	3	2
b8e72a36-c593-4982-8ebb-128d9d1536b3	chr2	206942569	242147305	3	2	1
b8e72a36-c593-4982-8ebb-128d9d1536b3	chr3	20930	5037474	2	2	0
b8e72a36-c593-4982-8ebb-128d9d1536b3	chr3	5042791	5116914	0	0	0
b8e72a36-c593-4982-8ebb-128d9d1536b3	chr3	5117356	10114142	2	2	0
b8e72a36-c593-4982-8ebb-128d9d1536b3	chr3	10114198	10127734	6	5	1
b8e72a36-c593-4982-8ebb-128d9d1536b3	chr3	10128135	24945776	2	2	0
b8e72a36-c593-4982-8ebb-128d9d1536b3	chr3	24947447	24957232	5	4	1
b8e72a36-c593-4982-8ebb-128d9d1536b3	chr3	24958774	38304801	2	2	0
b8e72a36-c593-4982-8ebb-128d9d1536b3	chr3	38305043	38309139	7	6	1
b8e72a36-c593-4982-8ebb-128d9d1536b3	chr3	38310645	73282133	2	2	0
b8e72a36-c593-4982-8ebb-128d9d1536b3	chr3	73283439	73326220	1	1	0
b8e72a36-c593-4982-8ebb-128d9d1536b3	chr3	73326862	145898065	2	2	0
b8e72a36-c593-4982-8ebb-128d9d1536b3	chr3	145901677	162405578	4	4	0
b8e72a36-c593-4982-8ebb-128d9d1536b3	chr3	162419812	162424917	0	0	0
b8e72a36-c593-4982-8ebb-128d9d1536b3	chr3	162426460	162790480	5	5	0
b8e72a36-c593-4982-8ebb-128d9d1536b3	chr3	162794869	162908207	0	0	0
b8e72a36-c593-4982-8ebb-128d9d1536b3	chr3	162908784	198169247	4	4	0
b8e72a36-c593-4982-8ebb-128d9d1536b3	chr4	68929	68478894	2	1	1
b8e72a36-c593-4982-8ebb-128d9d1536b3	chr4	68494770	68640616	6	6	0
b8e72a36-c593-4982-8ebb-128d9d1536b3	chr4	68655691	177514987	2	1	1
b8e72a36-c593-4982-8ebb-128d9d1536b3	chr4	177517483	177869135	1	1	0
b8e72a36-c593-4982-8ebb-128d9d1536b3	chr4	177869562	190106768	2	1	1
b8e72a36-c593-4982-8ebb-128d9d1536b3	chr5	15532	2693489	4	2	2
b8e72a36-c593-4982-8ebb-128d9d1536b3	chr5	2696239	2815374	6	3	3
b8e72a36-c593-4982-8ebb-128d9d1536b3	chr5	2816139	125138960	5	3	2
b8e72a36-c593-4982-8ebb-128d9d1536b3	chr5	125141683	125147790	1	1	0
b8e72a36-c593-4982-8ebb-128d9d1536b3	chr5	125148575	152803060	4	2	2
b8e72a36-c593-4982-8ebb-128d9d1536b3	chr5	152806866	153739869	5	3	2
b8e72a36-c593-4982-8ebb-128d9d1536b3	chr5	153740488	153758052	2	1	1
b8e72a36-c593-4982-8ebb-128d9d1536b3	chr5	153761713	170218232	5	3	2
b8e72a36-c593-4982-8ebb-128d9d1536b3	chr5	170219060	181363319	4	2	2
b8e72a36-c593-4982-8ebb-128d9d1536b3	chr6	149661	3848694	4	2	2
b8e72a36-c593-4982-8ebb-128d9d1536b3	chr6	3853672	3858336	1	1	0
b8e72a36-c593-4982-8ebb-128d9d1536b3	chr6	3858510	65707187	4	2	2
b8e72a36-c593-4982-8ebb-128d9d1536b3	chr6	65707491	68102366	5	3	2
b8e72a36-c593-4982-8ebb-128d9d1536b3	chr6	68104656	72226676	2	2	0
b8e72a36-c593-4982-8ebb-128d9d1536b3	chr6	72230311	72795075	4	2	2
b8e72a36-c593-4982-8ebb-128d9d1536b3	chr6	72796381	76821330	2	2	0
b8e72a36-c593-4982-8ebb-128d9d1536b3	chr6	76821544	77672210	5	3	2
b8e72a36-c593-4982-8ebb-128d9d1536b3	chr6	77674822	80236000	3	3	0
b8e72a36-c593-4982-8ebb-128d9d1536b3	chr6	80238995	81765855	5	3	2
b8e72a36-c593-4982-8ebb-128d9d1536b3	chr6	81768232	170741917	2	2	0
b8e72a36-c593-4982-8ebb-128d9d1536b3	chr7	43259	2674049	2	1	1
b8e72a36-c593-4982-8ebb-128d9d1536b3	chr7	2674701	107854213	3	2	1
b8e72a36-c593-4982-8ebb-128d9d1536b3	chr7	107854646	107856940	1	1	0
b8e72a36-c593-4982-8ebb-128d9d1536b3	chr7	107857311	159334314	3	2	1
b8e72a36-c593-4982-8ebb-128d9d1536b3	chr8	81254	17383448	2	2	0
b8e72a36-c593-4982-8ebb-128d9d1536b3	chr8	17383581	17773080	3	3	0
b8e72a36-c593-4982-8ebb-128d9d1536b3	chr8	17773128	37068563	2	2	0
b8e72a36-c593-4982-8ebb-128d9d1536b3	chr8	37071854	37252475	4	3	1
b8e72a36-c593-4982-8ebb-128d9d1536b3	chr8	37254496	39552475	2	2	0
b8e72a36-c593-4982-8ebb-128d9d1536b3	chr8	39556324	39813861	4	3	1
b8e72a36-c593-4982-8ebb-128d9d1536b3	chr8	39814467	43923771	2	2	0
b8e72a36-c593-4982-8ebb-128d9d1536b3	chr8	43925152	145072769	4	2	2
b8e72a36-c593-4982-8ebb-128d9d1536b3	chr9	46587	105046343	3	2	1
b8e72a36-c593-4982-8ebb-128d9d1536b3	chr9	105046738	105052416	7	5	2
b8e72a36-c593-4982-8ebb-128d9d1536b3	chr9	105052535	133709122	3	2	1
b8e72a36-c593-4982-8ebb-128d9d1536b3	chr9	133713999	133753192	6	3	3
b8e72a36-c593-4982-8ebb-128d9d1536b3	chr9	133753594	138200944	3	2	1
b8e72a36-c593-4982-8ebb-128d9d1536b3	chr10	45792	21101369	4	2	2
b8e72a36-c593-4982-8ebb-128d9d1536b3	chr10	21101384	21125264	9	5	4
b8e72a36-c593-4982-8ebb-128d9d1536b3	chr10	21125963	44564457	4	2	2
b8e72a36-c593-4982-8ebb-128d9d1536b3	chr10	44564856	44579410	6	3	3
b8e72a36-c593-4982-8ebb-128d9d1536b3	chr10	44582663	44699753	4	2	2
b8e72a36-c593-4982-8ebb-128d9d1536b3	chr10	44700093	44861860	8	5	3
b8e72a36-c593-4982-8ebb-128d9d1536b3	chr10	44862350	49019740	4	2	2
b8e72a36-c593-4982-8ebb-128d9d1536b3	chr10	49023795	49091975	5	3	2
b8e72a36-c593-4982-8ebb-128d9d1536b3	chr10	49092134	49109733	2	1	1
b8e72a36-c593-4982-8ebb-128d9d1536b3	chr10	49110439	65546518	5	3	2
b8e72a36-c593-4982-8ebb-128d9d1536b3	chr10	65548165	65554688	0	0	0
b8e72a36-c593-4982-8ebb-128d9d1536b3	chr10	65563037	79413907	4	2	2
b8e72a36-c593-4982-8ebb-128d9d1536b3	chr10	79414627	79447919	6	3	3
b8e72a36-c593-4982-8ebb-128d9d1536b3	chr10	79449208	83493811	4	2	2
b8e72a36-c593-4982-8ebb-128d9d1536b3	chr10	83497034	83850824	2	2	0
b8e72a36-c593-4982-8ebb-128d9d1536b3	chr10	83851672	83873173	0	0	0
b8e72a36-c593-4982-8ebb-128d9d1536b3	chr10	83873402	130889821	2	2	0
b8e72a36-c593-4982-8ebb-128d9d1536b3	chr10	130889987	130915130	0	0	0
b8e72a36-c593-4982-8ebb-128d9d1536b3	chr10	130915610	133654968	2	2	0
b8e72a36-c593-4982-8ebb-128d9d1536b3	chr11	198510	26640999	2	1	1
b8e72a36-c593-4982-8ebb-128d9d1536b3	chr11	26641191	26653170	4	2	2
b8e72a36-c593-4982-8ebb-128d9d1536b3	chr11	26653221	27209359	2	1	1
b8e72a36-c593-4982-8ebb-128d9d1536b3	chr11	27210695	27228364	6	3	3
b8e72a36-c593-4982-8ebb-128d9d1536b3	chr11	27229817	69961088	2	1	1
b8e72a36-c593-4982-8ebb-128d9d1536b3	chr11	69967139	70003258	0	0	0
b8e72a36-c593-4982-8ebb-128d9d1536b3	chr11	70003328	70545611	2	1	1
b8e72a36-c593-4982-8ebb-128d9d1536b3	chr11	70546243	70553041	6	4	2
b8e72a36-c593-4982-8ebb-128d9d1536b3	chr11	70553754	75740298	2	1	1
b8e72a36-c593-4982-8ebb-128d9d1536b3	chr11	75740366	75772578	1	1	0
b8e72a36-c593-4982-8ebb-128d9d1536b3	chr11	75773805	135074876	2	1	1
b8e72a36-c593-4982-8ebb-128d9d1536b3	chr12	51460	133201603	4	2	2
b8e72a36-c593-4982-8ebb-128d9d1536b3	chr13	18452809	47696704	3	2	1
b8e72a36-c593-4982-8ebb-128d9d1536b3	chr13	47696996	47718939	1	1	0
b8e72a36-c593-4982-8ebb-128d9d1536b3	chr13	47720976	85752817	3	2	1
b8e72a36-c593-4982-8ebb-128d9d1536b3	chr13	85753388	85762556	1	1	0
b8e72a36-c593-4982-8ebb-128d9d1536b3	chr13	85762834	114342922	3	2	1
b8e72a36-c593-4982-8ebb-128d9d1536b3	chr14	18239283	19957350	2	2	0
b8e72a36-c593-4982-8ebb-128d9d1536b3	chr14	19957701	106877229	3	2	1
b8e72a36-c593-4982-8ebb-128d9d1536b3	chr15	19811075	45223505	2	2	0
b8e72a36-c593-4982-8ebb-128d9d1536b3	chr15	45224975	45237451	0	0	0
b8e72a36-c593-4982-8ebb-128d9d1536b3	chr15	45237569	71396640	2	2	0
b8e72a36-c593-4982-8ebb-128d9d1536b3	chr15	71396720	71426454	0	0	0
b8e72a36-c593-4982-8ebb-128d9d1536b3	chr15	71426508	101928837	2	2	0
b8e72a36-c593-4982-8ebb-128d9d1536b3	chr16	10777	35225338	3	2	1
b8e72a36-c593-4982-8ebb-128d9d1536b3	chr16	35232200	35374520	8	5	3
b8e72a36-c593-4982-8ebb-128d9d1536b3	chr16	35375297	35495270	8	8	0
b8e72a36-c593-4982-8ebb-128d9d1536b3	chr16	35496544	86080647	3	2	1
b8e72a36-c593-4982-8ebb-128d9d1536b3	chr16	86081223	86092698	0	0	0
b8e72a36-c593-4982-8ebb-128d9d1536b3	chr16	86095818	90096867	3	2	1
b8e72a36-c593-4982-8ebb-128d9d1536b3	chr17	150733	3378170	3	2	1
b8e72a36-c593-4982-8ebb-128d9d1536b3	chr17	3381841	3528392	1	1	0
b8e72a36-c593-4982-8ebb-128d9d1536b3	chr17	3530378	5833383	3	2	1
b8e72a36-c593-4982-8ebb-128d9d1536b3	chr17	5834263	6048320	1	1	0
b8e72a36-c593-4982-8ebb-128d9d1536b3	chr17	6048605	6348720	4	2	2
b8e72a36-c593-4982-8ebb-128d9d1536b3	chr17	6349564	6469924	1	1	0
b8e72a36-c593-4982-8ebb-128d9d1536b3	chr17	6469949	9851867	3	2	1
b8e72a36-c593-4982-8ebb-128d9d1536b3	chr17	9852466	10190649	1	1	0
b8e72a36-c593-4982-8ebb-128d9d1536b3	chr17	10191469	10701634	3	2	1
b8e72a36-c593-4982-8ebb-128d9d1536b3	chr17	10701688	10753264	1	1	0
b8e72a36-c593-4982-8ebb-128d9d1536b3	chr17	10761262	11745329	4	3	1
b8e72a36-c593-4982-8ebb-128d9d1536b3	chr17	11746461	12055184	1	1	0
b8e72a36-c593-4982-8ebb-128d9d1536b3	chr17	12058438	12628834	4	3	1
b8e72a36-c593-4982-8ebb-128d9d1536b3	chr17	12628939	12958519	1	1	0
b8e72a36-c593-4982-8ebb-128d9d1536b3	chr17	12959952	13040406	4	3	1
b8e72a36-c593-4982-8ebb-128d9d1536b3	chr17	13040505	13362200	1	1	0
b8e72a36-c593-4982-8ebb-128d9d1536b3	chr17	13362244	13863324	4	3	1
b8e72a36-c593-4982-8ebb-128d9d1536b3	chr17	13863781	14335083	2	2	0
b8e72a36-c593-4982-8ebb-128d9d1536b3	chr17	14339044	14499198	4	3	1
b8e72a36-c593-4982-8ebb-128d9d1536b3	chr17	14499261	14627619	2	2	0
b8e72a36-c593-4982-8ebb-128d9d1536b3	chr17	14627860	14951754	5	3	2
b8e72a36-c593-4982-8ebb-128d9d1536b3	chr17	14951836	16988632	2	2	0
b8e72a36-c593-4982-8ebb-128d9d1536b3	chr17	16988951	17032880	5	4	1
b8e72a36-c593-4982-8ebb-128d9d1536b3	chr17	17035660	18380399	2	2	0
b8e72a36-c593-4982-8ebb-128d9d1536b3	chr17	18385896	19610397	4	3	1
b8e72a36-c593-4982-8ebb-128d9d1536b3	chr17	19610429	20931611	5	3	2
b8e72a36-c593-4982-8ebb-128d9d1536b3	chr17	20932740	21172710	2	2	0
b8e72a36-c593-4982-8ebb-128d9d1536b3	chr17	21172999	27365327	5	3	2
b8e72a36-c593-4982-8ebb-128d9d1536b3	chr17	27365943	27458163	3	3	0
b8e72a36-c593-4982-8ebb-128d9d1536b3	chr17	27458716	28890688	5	3	2
b8e72a36-c593-4982-8ebb-128d9d1536b3	chr17	28908259	29033175	2	2	0
b8e72a36-c593-4982-8ebb-128d9d1536b3	chr17	29033390	29493035	5	3	2
b8e72a36-c593-4982-8ebb-128d9d1536b3	chr17	29495113	29740845	3	3	0
b8e72a36-c593-4982-8ebb-128d9d1536b3	chr17	29758154	31395601	5	3	2
b8e72a36-c593-4982-8ebb-128d9d1536b3	chr17	31395791	32174704	3	3	0
b8e72a36-c593-4982-8ebb-128d9d1536b3	chr17	32175195	33039684	5	3	2
b8e72a36-c593-4982-8ebb-128d9d1536b3	chr17	33040136	33127235	3	3	0
b8e72a36-c593-4982-8ebb-128d9d1536b3	chr17	33127370	33179477	6	3	3
b8e72a36-c593-4982-8ebb-128d9d1536b3	chr17	33180367	33508774	3	3	0
b8e72a36-c593-4982-8ebb-128d9d1536b3	chr17	33508790	34528746	6	3	3
b8e72a36-c593-4982-8ebb-128d9d1536b3	chr17	34528761	34683539	4	3	1
b8e72a36-c593-4982-8ebb-128d9d1536b3	chr17	34684295	34999910	6	3	3
b8e72a36-c593-4982-8ebb-128d9d1536b3	chr17	35003233	35180560	3	3	0
b8e72a36-c593-4982-8ebb-128d9d1536b3	chr17	35180909	35406325	5	3	2
b8e72a36-c593-4982-8ebb-128d9d1536b3	chr17	35406653	36019230	3	3	0
b8e72a36-c593-4982-8ebb-128d9d1536b3	chr17	36022799	36766845	4	2	2
b8e72a36-c593-4982-8ebb-128d9d1536b3	chr17	36768968	36811934	3	3	0
b8e72a36-c593-4982-8ebb-128d9d1536b3	chr17	36813767	37104485	6	3	3
b8e72a36-c593-4982-8ebb-128d9d1536b3	chr17	37104642	37686063	4	4	0
b8e72a36-c593-4982-8ebb-128d9d1536b3	chr17	37686266	38332521	5	3	2
b8e72a36-c593-4982-8ebb-128d9d1536b3	chr17	38336411	41265433	2	2	0
b8e72a36-c593-4982-8ebb-128d9d1536b3	chr17	41265456	41274279	0	0	0
b8e72a36-c593-4982-8ebb-128d9d1536b3	chr17	41276472	46085732	3	3	0
b8e72a36-c593-4982-8ebb-128d9d1536b3	chr17	46088437	46274320	6	6	0
b8e72a36-c593-4982-8ebb-128d9d1536b3	chr17	46274335	50796688	3	3	0
b8e72a36-c593-4982-8ebb-128d9d1536b3	chr17	50797667	50848287	1	1	0
b8e72a36-c593-4982-8ebb-128d9d1536b3	chr17	50850488	54882933	3	3	0
b8e72a36-c593-4982-8ebb-128d9d1536b3	chr17	54883390	72333011	5	3	2
b8e72a36-c593-4982-8ebb-128d9d1536b3	chr17	72333644	74045020	3	3	0
b8e72a36-c593-4982-8ebb-128d9d1536b3	chr17	74045359	83091923	2	2	0
b8e72a36-c593-4982-8ebb-128d9d1536b3	chr18	48133	3753689	4	2	2
b8e72a36-c593-4982-8ebb-128d9d1536b3	chr18	3753942	3867290	1	1	0
b8e72a36-c593-4982-8ebb-128d9d1536b3	chr18	3868775	22813785	4	2	2
b8e72a36-c593-4982-8ebb-128d9d1536b3	chr18	22823712	80257174	2	2	0
b8e72a36-c593-4982-8ebb-128d9d1536b3	chr19	90910	7629135	3	2	1
b8e72a36-c593-4982-8ebb-128d9d1536b3	chr19	7634406	16767615	4	2	2
b8e72a36-c593-4982-8ebb-128d9d1536b3	chr19	16767924	24400510	2	2	0
b8e72a36-c593-4982-8ebb-128d9d1536b3	chr19	24413948	29576946	5	3	2
b8e72a36-c593-4982-8ebb-128d9d1536b3	chr19	29577270	29599620	2	1	1
b8e72a36-c593-4982-8ebb-128d9d1536b3	chr19	29599742	33369952	6	3	3
b8e72a36-c593-4982-8ebb-128d9d1536b3	chr19	33377107	58586487	5	3	2
b8e72a36-c593-4982-8ebb-128d9d1536b3	chr20	80664	9611691	4	2	2
b8e72a36-c593-4982-8ebb-128d9d1536b3	chr20	9611951	9618154	1	1	0
b8e72a36-c593-4982-8ebb-128d9d1536b3	chr20	9625973	64324800	4	2	2
b8e72a36-c593-4982-8ebb-128d9d1536b3	chr21	12973348	14118973	2	2	0
b8e72a36-c593-4982-8ebb-128d9d1536b3	chr21	14121040	14362625	1	1	0
b8e72a36-c593-4982-8ebb-128d9d1536b3	chr21	14366227	30846180	3	3	0
b8e72a36-c593-4982-8ebb-128d9d1536b3	chr21	30846627	31547288	4	4	0
b8e72a36-c593-4982-8ebb-128d9d1536b3	chr21	31548522	46677045	3	3	0
b8e72a36-c593-4982-8ebb-128d9d1536b3	chr22	16392123	32742517	4	2	2
b8e72a36-c593-4982-8ebb-128d9d1536b3	chr22	32744425	32771883	7	4	3
b8e72a36-c593-4982-8ebb-128d9d1536b3	chr22	32772896	38877237	4	2	2
b8e72a36-c593-4982-8ebb-128d9d1536b3	chr22	38878809	38947468	0	0	0
b8e72a36-c593-4982-8ebb-128d9d1536b3	chr22	38947852	50796027	4	2	2
b8e72a36-c593-4982-8ebb-128d9d1536b3	chrX	251810	359845	2	1	1
b8e72a36-c593-4982-8ebb-128d9d1536b3	chrX	372540	683127	5	3	2
b8e72a36-c593-4982-8ebb-128d9d1536b3	chrX	683150	890806	4	2	2
b8e72a36-c593-4982-8ebb-128d9d1536b3	chrX	891904	966477	2	1	1
b8e72a36-c593-4982-8ebb-128d9d1536b3	chrX	970067	1126722	6	3	3
b8e72a36-c593-4982-8ebb-128d9d1536b3	chrX	1400981	2634737	4	2	2
b8e72a36-c593-4982-8ebb-128d9d1536b3	chrX	2639107	2649506	7	4	3
b8e72a36-c593-4982-8ebb-128d9d1536b3	chrX	2649606	2720458	3	2	1
b8e72a36-c593-4982-8ebb-128d9d1536b3	chrX	2723161	2776199	6	3	3
b8e72a36-c593-4982-8ebb-128d9d1536b3	chrX	2785350	155699837	1	1	0
b8e72a36-c593-4982-8ebb-128d9d1536b3	chrX	155733777	156004181	4	2	2
b8e72a36-c593-4982-8ebb-128d9d1536b3	chrY	2782397	26653788	4	2	2
b8e72a36-c593-4982-8ebb-128d9d1536b3	chrY	56872112	56872112	0	0	0
7b705f56-19ae-4740-82f4-c832401fd32d	chr1	62920	2832416	2	1	1
7b705f56-19ae-4740-82f4-c832401fd32d	chr1	2833356	29517593	1	1	0
7b705f56-19ae-4740-82f4-c832401fd32d	chr1	29528044	53098914	2	1	1
7b705f56-19ae-4740-82f4-c832401fd32d	chr1	53098933	53167364	1	1	0
7b705f56-19ae-4740-82f4-c832401fd32d	chr1	53167576	214790804	2	1	1
7b705f56-19ae-4740-82f4-c832401fd32d	chr1	214791758	214800147	7	4	3
7b705f56-19ae-4740-82f4-c832401fd32d	chr1	214801395	241294802	2	1	1
7b705f56-19ae-4740-82f4-c832401fd32d	chr1	241294929	241391340	3	2	1
7b705f56-19ae-4740-82f4-c832401fd32d	chr1	241392523	248930189	2	1	1
7b705f56-19ae-4740-82f4-c832401fd32d	chr2	12784	154361936	2	1	1
7b705f56-19ae-4740-82f4-c832401fd32d	chr2	154366359	154375911	9	5	4
7b705f56-19ae-4740-82f4-c832401fd32d	chr2	154377766	191124562	2	1	1
7b705f56-19ae-4740-82f4-c832401fd32d	chr2	191124630	191173178	1	1	0
7b705f56-19ae-4740-82f4-c832401fd32d	chr2	191173898	242147305	2	1	1
7b705f56-19ae-4740-82f4-c832401fd32d	chr3	20930	3917326	1	1	0
7b705f56-19ae-4740-82f4-c832401fd32d	chr3	3917660	3956282	0	0	0
7b705f56-19ae-4740-82f4-c832401fd32d	chr3	3957986	18476670	1	1	0
7b705f56-19ae-4740-82f4-c832401fd32d	chr3	18491767	21484297	4	2	2
7b705f56-19ae-4740-82f4-c832401fd32d	chr3	21485274	21903721	3	2	1
7b705f56-19ae-4740-82f4-c832401fd32d	chr3	21905954	84624109	1	1	0
7b705f56-19ae-4740-82f4-c832401fd32d	chr3	84625462	86114712	2	1	1
7b705f56-19ae-4740-82f4-c832401fd32d	chr3	86116693	89503594	1	1	0
7b705f56-19ae-4740-82f4-c832401fd32d	chr3	89506877	90436812	2	1	1
7b705f56-19ae-4740-82f4-c832401fd32d	chr3	90453712	99802044	1	1	0
7b705f56-19ae-4740-82f4-c832401fd32d	chr3	99803368	111824745	2	1	1
7b705f56-19ae-4740-82f4-c832401fd32d	chr3	111829343	112438807	2	2	0
7b705f56-19ae-4740-82f4-c832401fd32d	chr3	112438930	112844261	2	1	1
7b705f56-19ae-4740-82f4-c832401fd32d	chr3	112848305	112958841	1	1	0
7b705f56-19ae-4740-82f4-c832401fd32d	chr3	112960192	198169247	2	1	1
7b705f56-19ae-4740-82f4-c832401fd32d	chr4	68929	10004347	2	1	1
7b705f56-19ae-4740-82f4-c832401fd32d	chr4	10005462	10037996	0	0	0
7b705f56-19ae-4740-82f4-c832401fd32d	chr4	10038649	10208766	2	1	1
7b705f56-19ae-4740-82f4-c832401fd32d	chr4	10212536	10227178	0	0	0
7b705f56-19ae-4740-82f4-c832401fd32d	chr4	10227193	23029504	2	1	1
7b705f56-19ae-4740-82f4-c832401fd32d	chr4	23030017	23388526	3	2	1
7b705f56-19ae-4740-82f4-c832401fd32d	chr4	23388538	49618868	2	1	1
7b705f56-19ae-4740-82f4-c832401fd32d	chr4	49641746	65499701	1	1	0
7b705f56-19ae-4740-82f4-c832401fd32d	chr4	65500385	65774169	2	2	0
7b705f56-19ae-4740-82f4-c832401fd32d	chr4	65775201	114250213	1	1	0
7b705f56-19ae-4740-82f4-c832401fd32d	chr4	114250423	114263234	5	5	0
7b705f56-19ae-4740-82f4-c832401fd32d	chr4	114264667	153824644	1	1	0
7b705f56-19ae-4740-82f4-c832401fd32d	chr4	153824771	153838051	0	0	0
7b705f56-19ae-4740-82f4-c832401fd32d	chr4	153839682	187013406	1	1	0
7b705f56-19ae-4740-82f4-c832401fd32d	chr4	187013528	187056945	0	0	0
7b705f56-19ae-4740-82f4-c832401fd32d	chr4	187057002	190106768	1	1	0
7b705f56-19ae-4740-82f4-c832401fd32d	chr5	15532	2286173	3	2	1
7b705f56-19ae-4740-82f4-c832401fd32d	chr5	2286792	9975281	4	2	2
7b705f56-19ae-4740-82f4-c832401fd32d	chr5	9975338	9990669	1	1	0
7b705f56-19ae-4740-82f4-c832401fd32d	chr5	9997086	14748589	3	2	1
7b705f56-19ae-4740-82f4-c832401fd32d	chr5	14749019	29514206	4	2	2
7b705f56-19ae-4740-82f4-c832401fd32d	chr5	29515747	46382550	3	2	1
7b705f56-19ae-4740-82f4-c832401fd32d	chr5	46383233	93593740	1	1	0
7b705f56-19ae-4740-82f4-c832401fd32d	chr5	93598041	107435356	3	2	1
7b705f56-19ae-4740-82f4-c832401fd32d	chr5	107435508	107445875	8	4	4
7b705f56-19ae-4740-82f4-c832401fd32d	chr5	107446225	150107913	3	2	1
7b705f56-19ae-4740-82f4-c832401fd32d	chr5	150108205	150122188	0	0	0
7b705f56-19ae-4740-82f4-c832401fd32d	chr5	150122240	181363319	3	2	1
7b705f56-19ae-4740-82f4-c832401fd32d	chr6	149661	12196257	2	1	1
7b705f56-19ae-4740-82f4-c832401fd32d	chr6	12196371	12201589	0	0	0
7b705f56-19ae-4740-82f4-c832401fd32d	chr6	12204621	70904152	2	1	1
7b705f56-19ae-4740-82f4-c832401fd32d	chr6	70904406	71019316	1	1	0
7b705f56-19ae-4740-82f4-c832401fd32d	chr6	71023299	107970947	2	1	1
7b705f56-19ae-4740-82f4-c832401fd32d	chr6	107971055	107987154	5	3	2
7b705f56-19ae-4740-82f4-c832401fd32d	chr6	107988099	122340193	2	1	1
7b705f56-19ae-4740-82f4-c832401fd32d	chr6	122348687	122365441	4	2	2
7b705f56-19ae-4740-82f4-c832401fd32d	chr6	122366265	170741917	2	1	1
7b705f56-19ae-4740-82f4-c832401fd32d	chr7	43259	18774678	2	1	1
7b705f56-19ae-4740-82f4-c832401fd32d	chr7	18775529	18782572	6	4	2
7b705f56-19ae-4740-82f4-c832401fd32d	chr7	18784270	22108352	2	1	1
7b705f56-19ae-4740-82f4-c832401fd32d	chr7	22108463	22410414	3	2	1
7b705f56-19ae-4740-82f4-c832401fd32d	chr7	22411031	29741168	2	1	1
7b705f56-19ae-4740-82f4-c832401fd32d	chr7	29741337	35357957	1	1	0
7b705f56-19ae-4740-82f4-c832401fd32d	chr7	35358012	35362887	0	0	0
7b705f56-19ae-4740-82f4-c832401fd32d	chr7	35364980	36283700	1	1	0
7b705f56-19ae-4740-82f4-c832401fd32d	chr7	36285329	38271122	2	1	1
7b705f56-19ae-4740-82f4-c832401fd32d	chr7	38271497	38319355	1	1	0
7b705f56-19ae-4740-82f4-c832401fd32d	chr7	38322471	71546485	2	1	1
7b705f56-19ae-4740-82f4-c832401fd32d	chr7	71548852	71575124	1	1	0
7b705f56-19ae-4740-82f4-c832401fd32d	chr7	71575714	103826820	2	1	1
7b705f56-19ae-4740-82f4-c832401fd32d	chr7	103827896	103849282	0	0	0
7b705f56-19ae-4740-82f4-c832401fd32d	chr7	103849428	148767519	2	1	1
7b705f56-19ae-4740-82f4-c832401fd32d	chr7	148767583	148790237	0	0	0
7b705f56-19ae-4740-82f4-c832401fd32d	chr7	148790303	151055790	2	1	1
7b705f56-19ae-4740-82f4-c832401fd32d	chr7	151056377	151135826	3	2	1
7b705f56-19ae-4740-82f4-c832401fd32d	chr7	151136565	157965945	2	1	1
7b705f56-19ae-4740-82f4-c832401fd32d	chr7	157966104	157996157	4	3	1
7b705f56-19ae-4740-82f4-c832401fd32d	chr7	157996635	158017089	1	1	0
7b705f56-19ae-4740-82f4-c832401fd32d	chr7	158018409	159334314	2	1	1
7b705f56-19ae-4740-82f4-c832401fd32d	chr8	81254	14282544	2	1	1
7b705f56-19ae-4740-82f4-c832401fd32d	chr8	14284639	14292784	0	0	0
7b705f56-19ae-4740-82f4-c832401fd32d	chr8	14293973	19411720	3	2	1
7b705f56-19ae-4740-82f4-c832401fd32d	chr8	19412632	19496422	1	1	0
7b705f56-19ae-4740-82f4-c832401fd32d	chr8	19498307	21484233	3	2	1
7b705f56-19ae-4740-82f4-c832401fd32d	chr8	21484326	72096958	2	1	1
7b705f56-19ae-4740-82f4-c832401fd32d	chr8	72097210	72153932	1	1	0
7b705f56-19ae-4740-82f4-c832401fd32d	chr8	72153963	104852359	2	1	1
7b705f56-19ae-4740-82f4-c832401fd32d	chr8	104853640	104879790	1	1	0
7b705f56-19ae-4740-82f4-c832401fd32d	chr8	104880476	125458575	2	1	1
7b705f56-19ae-4740-82f4-c832401fd32d	chr8	125459528	125607204	1	1	0
7b705f56-19ae-4740-82f4-c832401fd32d	chr8	125607256	139567149	3	2	1
7b705f56-19ae-4740-82f4-c832401fd32d	chr8	139569771	139573160	0	0	0
7b705f56-19ae-4740-82f4-c832401fd32d	chr8	139573283	145072769	2	1	1
7b705f56-19ae-4740-82f4-c832401fd32d	chr9	46587	6978321	1	1	0
7b705f56-19ae-4740-82f4-c832401fd32d	chr9	6978691	18637739	2	2	0
7b705f56-19ae-4740-82f4-c832401fd32d	chr9	18637771	18661921	0	0	0
7b705f56-19ae-4740-82f4-c832401fd32d	chr9	18662294	32175972	2	2	0
7b705f56-19ae-4740-82f4-c832401fd32d	chr9	32179171	32211428	0	0	0
7b705f56-19ae-4740-82f4-c832401fd32d	chr9	32211792	41741113	1	1	0
7b705f56-19ae-4740-82f4-c832401fd32d	chr9	60863881	78103193	2	2	0
7b705f56-19ae-4740-82f4-c832401fd32d	chr9	78103822	78114435	0	0	0
7b705f56-19ae-4740-82f4-c832401fd32d	chr9	78115264	117266028	2	2	0
7b705f56-19ae-4740-82f4-c832401fd32d	chr9	117266067	138200944	1	1	0
7b705f56-19ae-4740-82f4-c832401fd32d	chr10	45792	7580969	2	1	1
7b705f56-19ae-4740-82f4-c832401fd32d	chr10	7581164	7619151	1	1	0
7b705f56-19ae-4740-82f4-c832401fd32d	chr10	7619435	30173715	2	1	1
7b705f56-19ae-4740-82f4-c832401fd32d	chr10	30174481	30189647	0	0	0
7b705f56-19ae-4740-82f4-c832401fd32d	chr10	30189661	48555121	2	1	1
7b705f56-19ae-4740-82f4-c832401fd32d	chr10	48555202	48568386	0	0	0
7b705f56-19ae-4740-82f4-c832401fd32d	chr10	48569588	65546518	2	1	1
7b705f56-19ae-4740-82f4-c832401fd32d	chr10	65548165	65554688	0	0	0
7b705f56-19ae-4740-82f4-c832401fd32d	chr10	65563037	99504405	2	1	1
7b705f56-19ae-4740-82f4-c832401fd32d	chr10	99512032	99515503	5	3	2
7b705f56-19ae-4740-82f4-c832401fd32d	chr10	99518059	133654968	2	1	1
7b705f56-19ae-4740-82f4-c832401fd32d	chr11	198510	115685461	2	1	1
7b705f56-19ae-4740-82f4-c832401fd32d	chr11	115687383	121356677	1	1	0
7b705f56-19ae-4740-82f4-c832401fd32d	chr11	121359299	135074876	2	1	1
7b705f56-19ae-4740-82f4-c832401fd32d	chr12	51460	67774550	2	1	1
7b705f56-19ae-4740-82f4-c832401fd32d	chr12	67778082	68124097	1	1	0
7b705f56-19ae-4740-82f4-c832401fd32d	chr12	68128532	133201603	2	1	1
7b705f56-19ae-4740-82f4-c832401fd32d	chr13	18452809	80024222	1	1	0
7b705f56-19ae-4740-82f4-c832401fd32d	chr13	80025624	85747377	2	2	0
7b705f56-19ae-4740-82f4-c832401fd32d	chr13	85752817	85759563	0	0	0
7b705f56-19ae-4740-82f4-c832401fd32d	chr13	85762416	114342922	1	1	0
7b705f56-19ae-4740-82f4-c832401fd32d	chr14	18239283	22013212	1	1	0
7b705f56-19ae-4740-82f4-c832401fd32d	chr14	22013289	22632004	0	0	0
7b705f56-19ae-4740-82f4-c832401fd32d	chr14	22633534	22651327	3	3	0
7b705f56-19ae-4740-82f4-c832401fd32d	chr14	22651420	50291535	1	1	0
7b705f56-19ae-4740-82f4-c832401fd32d	chr14	50292391	50735111	0	0	0
7b705f56-19ae-4740-82f4-c832401fd32d	chr14	50737439	99539676	1	1	0
7b705f56-19ae-4740-82f4-c832401fd32d	chr14	99539708	99556527	0	0	0
7b705f56-19ae-4740-82f4-c832401fd32d	chr14	99557059	106877229	1	1	0
7b705f56-19ae-4740-82f4-c832401fd32d	chr15	19811075	101928837	2	1	1
7b705f56-19ae-4740-82f4-c832401fd32d	chr16	10777	54009411	2	1	1
7b705f56-19ae-4740-82f4-c832401fd32d	chr16	54009602	54020999	0	0	0
7b705f56-19ae-4740-82f4-c832401fd32d	chr16	54022247	55093116	2	1	1
7b705f56-19ae-4740-82f4-c832401fd32d	chr16	55093172	55125012	3	2	1
7b705f56-19ae-4740-82f4-c832401fd32d	chr16	55125631	57285567	1	1	0
7b705f56-19ae-4740-82f4-c832401fd32d	chr16	57290158	57320022	0	0	0
7b705f56-19ae-4740-82f4-c832401fd32d	chr16	57322046	80522096	2	1	1
7b705f56-19ae-4740-82f4-c832401fd32d	chr16	80527806	83701086	1	1	0
7b705f56-19ae-4740-82f4-c832401fd32d	chr16	83701214	83735115	0	0	0
7b705f56-19ae-4740-82f4-c832401fd32d	chr16	83736121	90096867	1	1	0
7b705f56-19ae-4740-82f4-c832401fd32d	chr17	150733	26943491	1	1	0
7b705f56-19ae-4740-82f4-c832401fd32d	chr17	26943774	33282797	2	1	1
7b705f56-19ae-4740-82f4-c832401fd32d	chr17	33283244	33382772	5	3	2
7b705f56-19ae-4740-82f4-c832401fd32d	chr17	33383350	39552140	4	2	2
7b705f56-19ae-4740-82f4-c832401fd32d	chr17	39552588	40971781	2	1	1
7b705f56-19ae-4740-82f4-c832401fd32d	chr17	40971837	40983709	0	0	0
7b705f56-19ae-4740-82f4-c832401fd32d	chr17	40985238	41265456	2	1	1
7b705f56-19ae-4740-82f4-c832401fd32d	chr17	41266762	41274279	0	0	0
7b705f56-19ae-4740-82f4-c832401fd32d	chr17	41276472	83091923	2	1	1
7b705f56-19ae-4740-82f4-c832401fd32d	chr18	48133	661647	2	1	1
7b705f56-19ae-4740-82f4-c832401fd32d	chr18	662370	677651	0	0	0
7b705f56-19ae-4740-82f4-c832401fd32d	chr18	680639	40678741	2	1	1
7b705f56-19ae-4740-82f4-c832401fd32d	chr18	40678763	40688060	0	0	0
7b705f56-19ae-4740-82f4-c832401fd32d	chr18	40689534	80257174	1	1	0
7b705f56-19ae-4740-82f4-c832401fd32d	chr19	90910	29576946	2	1	1
7b705f56-19ae-4740-82f4-c832401fd32d	chr19	29577270	29594238	0	0	0
7b705f56-19ae-4740-82f4-c832401fd32d	chr19	29599257	58586487	2	1	1
7b705f56-19ae-4740-82f4-c832401fd32d	chr20	80664	4721704	1	1	0
7b705f56-19ae-4740-82f4-c832401fd32d	chr20	4722135	4799343	0	0	0
7b705f56-19ae-4740-82f4-c832401fd32d	chr20	4799519	24657878	1	1	0
7b705f56-19ae-4740-82f4-c832401fd32d	chr20	24659280	24667774	0	0	0
7b705f56-19ae-4740-82f4-c832401fd32d	chr20	24669704	25751002	1	1	0
7b705f56-19ae-4740-82f4-c832401fd32d	chr20	25751638	64324800	2	1	1
7b705f56-19ae-4740-82f4-c832401fd32d	chr21	12973348	14494942	1	1	0
7b705f56-19ae-4740-82f4-c832401fd32d	chr21	14495425	41707156	2	1	1
7b705f56-19ae-4740-82f4-c832401fd32d	chr21	41709152	46677045	1	1	0
7b705f56-19ae-4740-82f4-c832401fd32d	chr22	16392123	34935052	2	1	1
7b705f56-19ae-4740-82f4-c832401fd32d	chr22	34936826	34946728	0	0	0
7b705f56-19ae-4740-82f4-c832401fd32d	chr22	34947311	45477815	2	1	1
7b705f56-19ae-4740-82f4-c832401fd32d	chr22	45480586	45518581	1	1	0
7b705f56-19ae-4740-82f4-c832401fd32d	chr22	45520799	50796027	2	1	1
7b705f56-19ae-4740-82f4-c832401fd32d	chrX	251810	641823	1	1	0
7b705f56-19ae-4740-82f4-c832401fd32d	chrX	642009	702474	3	2	1
7b705f56-19ae-4740-82f4-c832401fd32d	chrX	702544	959750	1	1	0
7b705f56-19ae-4740-82f4-c832401fd32d	chrX	960081	1738376	2	1	1
7b705f56-19ae-4740-82f4-c832401fd32d	chrX	1743143	1779555	1	1	0
7b705f56-19ae-4740-82f4-c832401fd32d	chrX	1783906	2714781	2	1	1
7b705f56-19ae-4740-82f4-c832401fd32d	chrX	2715566	2735872	0	0	0
7b705f56-19ae-4740-82f4-c832401fd32d	chrX	2738809	2748343	4	2	2
7b705f56-19ae-4740-82f4-c832401fd32d	chrX	2759819	2795098	1	1	0
7b705f56-19ae-4740-82f4-c832401fd32d	chrX	2796430	156004181	0	0	0
7b705f56-19ae-4740-82f4-c832401fd32d	chrY	2782397	26653788	1	0	1
7b705f56-19ae-4740-82f4-c832401fd32d	chrY	56872112	56872112	0	0	0
feba63a7-a670-475f-8077-9739e0bf30f8	chr1	61735	34718037	2	2	0
feba63a7-a670-475f-8077-9739e0bf30f8	chr1	34718077	93042331	6	3	3
feba63a7-a670-475f-8077-9739e0bf30f8	chr1	93042793	94457913	3	3	0
feba63a7-a670-475f-8077-9739e0bf30f8	chr1	94466153	97665250	8	4	4
feba63a7-a670-475f-8077-9739e0bf30f8	chr1	97675269	110158942	3	3	0
feba63a7-a670-475f-8077-9739e0bf30f8	chr1	110159954	112331249	5	3	2
feba63a7-a670-475f-8077-9739e0bf30f8	chr1	112331274	118064823	3	3	0
feba63a7-a670-475f-8077-9739e0bf30f8	chr1	118065080	121741181	7	4	3
feba63a7-a670-475f-8077-9739e0bf30f8	chr1	143285278	153003998	9	5	4
feba63a7-a670-475f-8077-9739e0bf30f8	chr1	153009578	155336546	14	9	5
feba63a7-a670-475f-8077-9739e0bf30f8	chr1	155336880	207946525	9	5	4
feba63a7-a670-475f-8077-9739e0bf30f8	chr1	207948515	208447416	5	5	0
feba63a7-a670-475f-8077-9739e0bf30f8	chr1	208448482	237450271	7	5	2
feba63a7-a670-475f-8077-9739e0bf30f8	chr1	237453253	240825790	8	6	2
feba63a7-a670-475f-8077-9739e0bf30f8	chr1	240825857	248930189	7	5	2
feba63a7-a670-475f-8077-9739e0bf30f8	chr2	12784	130560276	4	2	2
feba63a7-a670-475f-8077-9739e0bf30f8	chr2	130560478	137120162	2	2	0
feba63a7-a670-475f-8077-9739e0bf30f8	chr2	137120953	241585172	4	2	2
feba63a7-a670-475f-8077-9739e0bf30f8	chr2	241592107	242147305	3	2	1
feba63a7-a670-475f-8077-9739e0bf30f8	chr3	18667	66851139	2	2	0
feba63a7-a670-475f-8077-9739e0bf30f8	chr3	66855884	66940417	8	6	2
feba63a7-a670-475f-8077-9739e0bf30f8	chr3	66942226	77690051	2	2	0
feba63a7-a670-475f-8077-9739e0bf30f8	chr3	77690736	79452373	10	8	2
feba63a7-a670-475f-8077-9739e0bf30f8	chr3	79456014	79831553	7	5	2
feba63a7-a670-475f-8077-9739e0bf30f8	chr3	79831857	80281737	5	3	2
feba63a7-a670-475f-8077-9739e0bf30f8	chr3	80284961	83093156	2	2	0
feba63a7-a670-475f-8077-9739e0bf30f8	chr3	83094657	84189394	9	7	2
feba63a7-a670-475f-8077-9739e0bf30f8	chr3	84196103	85348963	5	3	2
feba63a7-a670-475f-8077-9739e0bf30f8	chr3	85349042	85615523	11	8	3
feba63a7-a670-475f-8077-9739e0bf30f8	chr3	85619948	198169247	4	2	2
feba63a7-a670-475f-8077-9739e0bf30f8	chr4	12281	150735437	4	2	2
feba63a7-a670-475f-8077-9739e0bf30f8	chr4	150743286	151004627	2	2	0
feba63a7-a670-475f-8077-9739e0bf30f8	chr4	151010303	158401762	4	2	2
feba63a7-a670-475f-8077-9739e0bf30f8	chr4	158402129	190106768	2	2	0
feba63a7-a670-475f-8077-9739e0bf30f8	chr5	15532	74598368	3	2	1
feba63a7-a670-475f-8077-9739e0bf30f8	chr5	74599144	74731136	1	1	0
feba63a7-a670-475f-8077-9739e0bf30f8	chr5	74741561	181363319	3	2	1
feba63a7-a670-475f-8077-9739e0bf30f8	chr6	149661	58448438	4	2	2
feba63a7-a670-475f-8077-9739e0bf30f8	chr6	60351931	62947081	2	2	0
feba63a7-a670-475f-8077-9739e0bf30f8	chr6	62947598	63777867	4	2	2
feba63a7-a670-475f-8077-9739e0bf30f8	chr6	63778755	64966663	2	2	0
feba63a7-a670-475f-8077-9739e0bf30f8	chr6	64966680	65968649	3	2	1
feba63a7-a670-475f-8077-9739e0bf30f8	chr6	65969415	66202173	14	12	2
feba63a7-a670-475f-8077-9739e0bf30f8	chr6	66202716	67148547	8	6	2
feba63a7-a670-475f-8077-9739e0bf30f8	chr6	67148592	68931427	14	12	2
feba63a7-a670-475f-8077-9739e0bf30f8	chr6	68931631	70698509	3	2	1
feba63a7-a670-475f-8077-9739e0bf30f8	chr6	70702099	170741917	2	2	0
feba63a7-a670-475f-8077-9739e0bf30f8	chr7	43259	159334314	4	2	2
feba63a7-a670-475f-8077-9739e0bf30f8	chr8	81254	10874540	3	3	0
feba63a7-a670-475f-8077-9739e0bf30f8	chr8	10879928	10915248	0	0	0
feba63a7-a670-475f-8077-9739e0bf30f8	chr8	10917556	71605264	2	2	0
feba63a7-a670-475f-8077-9739e0bf30f8	chr8	71606651	145072769	6	3	3
feba63a7-a670-475f-8077-9739e0bf30f8	chr9	46587	138200944	2	2	0
feba63a7-a670-475f-8077-9739e0bf30f8	chr10	26823	47408579	4	2	2
feba63a7-a670-475f-8077-9739e0bf30f8	chr10	47410735	50947571	3	2	1
feba63a7-a670-475f-8077-9739e0bf30f8	chr10	50947713	52983143	2	2	0
feba63a7-a670-475f-8077-9739e0bf30f8	chr10	52984208	102820591	3	2	1
feba63a7-a670-475f-8077-9739e0bf30f8	chr10	102821531	133769379	2	2	0
feba63a7-a670-475f-8077-9739e0bf30f8	chr11	198572	9302806	6	4	2
feba63a7-a670-475f-8077-9739e0bf30f8	chr11	9308506	12320694	2	2	0
feba63a7-a670-475f-8077-9739e0bf30f8	chr11	12321348	13173083	4	2	2
feba63a7-a670-475f-8077-9739e0bf30f8	chr11	13174658	15311885	2	2	0
feba63a7-a670-475f-8077-9739e0bf30f8	chr11	15312490	18259688	6	4	2
feba63a7-a670-475f-8077-9739e0bf30f8	chr11	18259849	20208070	2	2	0
feba63a7-a670-475f-8077-9739e0bf30f8	chr11	20213863	32775583	4	2	2
feba63a7-a670-475f-8077-9739e0bf30f8	chr11	32777949	33968611	2	2	0
feba63a7-a670-475f-8077-9739e0bf30f8	chr11	33971608	35907211	4	2	2
feba63a7-a670-475f-8077-9739e0bf30f8	chr11	35907229	66636341	2	2	0
feba63a7-a670-475f-8077-9739e0bf30f8	chr11	66638043	68564247	5	3	2
feba63a7-a670-475f-8077-9739e0bf30f8	chr11	68564345	69130057	2	2	0
feba63a7-a670-475f-8077-9739e0bf30f8	chr11	69131982	69832031	9	7	2
feba63a7-a670-475f-8077-9739e0bf30f8	chr11	69832611	135074876	2	2	0
feba63a7-a670-475f-8077-9739e0bf30f8	chr12	51460	133201603	4	2	2
feba63a7-a670-475f-8077-9739e0bf30f8	chr13	18452809	85753935	2	2	0
feba63a7-a670-475f-8077-9739e0bf30f8	chr13	85755123	86130046	5	3	2
feba63a7-a670-475f-8077-9739e0bf30f8	chr13	86130538	88039035	2	2	0
feba63a7-a670-475f-8077-9739e0bf30f8	chr13	88039376	89413706	5	3	2
feba63a7-a670-475f-8077-9739e0bf30f8	chr13	89413849	94629752	2	2	0
feba63a7-a670-475f-8077-9739e0bf30f8	chr13	94629919	100836962	4	2	2
feba63a7-a670-475f-8077-9739e0bf30f8	chr13	100839340	101828230	2	2	0
feba63a7-a670-475f-8077-9739e0bf30f8	chr13	101828518	102397105	4	2	2
feba63a7-a670-475f-8077-9739e0bf30f8	chr13	102399547	105100222	7	5	2
feba63a7-a670-475f-8077-9739e0bf30f8	chr13	105101222	107831129	15	13	2
feba63a7-a670-475f-8077-9739e0bf30f8	chr13	107832106	110226325	12	10	2
feba63a7-a670-475f-8077-9739e0bf30f8	chr13	110226660	114342922	3	2	1
feba63a7-a670-475f-8077-9739e0bf30f8	chr14	18225647	35745289	3	2	1
feba63a7-a670-475f-8077-9739e0bf30f8	chr14	35747770	106877229	2	1	1
feba63a7-a670-475f-8077-9739e0bf30f8	chr15	19811075	69517103	3	2	1
feba63a7-a670-475f-8077-9739e0bf30f8	chr15	69518867	76413622	4	2	2
feba63a7-a670-475f-8077-9739e0bf30f8	chr15	76415549	80198534	3	2	1
feba63a7-a670-475f-8077-9739e0bf30f8	chr15	80199111	88258758	4	2	2
feba63a7-a670-475f-8077-9739e0bf30f8	chr15	88259091	89975742	3	2	1
feba63a7-a670-475f-8077-9739e0bf30f8	chr15	89976385	92103935	4	2	2
feba63a7-a670-475f-8077-9739e0bf30f8	chr15	92103962	94488160	3	2	1
feba63a7-a670-475f-8077-9739e0bf30f8	chr15	94488922	101928837	4	2	2
feba63a7-a670-475f-8077-9739e0bf30f8	chr16	10777	70821299	3	2	1
feba63a7-a670-475f-8077-9739e0bf30f8	chr16	70821576	71168586	7	5	2
feba63a7-a670-475f-8077-9739e0bf30f8	chr16	71168894	90221127	3	2	1
feba63a7-a670-475f-8077-9739e0bf30f8	chr17	150733	83090856	4	2	2
feba63a7-a670-475f-8077-9739e0bf30f8	chr18	48133	80257174	4	2	2
feba63a7-a670-475f-8077-9739e0bf30f8	chr19	90910	58586487	4	2	2
feba63a7-a670-475f-8077-9739e0bf30f8	chr20	80664	64324800	5	3	2
feba63a7-a670-475f-8077-9739e0bf30f8	chr21	10336543	46677045	2	1	1
feba63a7-a670-475f-8077-9739e0bf30f8	chr22	15294545	50796027	5	4	1
feba63a7-a670-475f-8077-9739e0bf30f8	chrX	251810	2776199	3	2	1
feba63a7-a670-475f-8077-9739e0bf30f8	chrX	2785350	155699837	2	2	0
feba63a7-a670-475f-8077-9739e0bf30f8	chrX	155733777	156004181	4	3	1
faf9311a-d952-4518-84bb-9a46aebd931c	chr1	62920	5415199	1	1	0
faf9311a-d952-4518-84bb-9a46aebd931c	chr1	5415272	5420200	0	0	0
faf9311a-d952-4518-84bb-9a46aebd931c	chr1	5420547	99120887	1	1	0
faf9311a-d952-4518-84bb-9a46aebd931c	chr1	99120960	99136053	2	2	0
faf9311a-d952-4518-84bb-9a46aebd931c	chr1	99136116	112167411	1	1	0
faf9311a-d952-4518-84bb-9a46aebd931c	chr1	112167434	112178798	0	0	0
faf9311a-d952-4518-84bb-9a46aebd931c	chr1	112179293	115459429	1	1	0
faf9311a-d952-4518-84bb-9a46aebd931c	chr1	115462907	121705338	5	4	1
faf9311a-d952-4518-84bb-9a46aebd931c	chr1	143541857	147032561	0	0	0
faf9311a-d952-4518-84bb-9a46aebd931c	chr1	147032846	166363504	7	5	2
faf9311a-d952-4518-84bb-9a46aebd931c	chr1	166364150	166383226	13	10	3
faf9311a-d952-4518-84bb-9a46aebd931c	chr1	166384144	169202317	7	5	2
faf9311a-d952-4518-84bb-9a46aebd931c	chr1	169202622	184970425	5	3	2
faf9311a-d952-4518-84bb-9a46aebd931c	chr1	184972888	200196756	6	3	3
faf9311a-d952-4518-84bb-9a46aebd931c	chr1	200198337	214791758	5	3	2
faf9311a-d952-4518-84bb-9a46aebd931c	chr1	214792114	214800147	11	7	4
faf9311a-d952-4518-84bb-9a46aebd931c	chr1	214801395	221346528	6	3	3
faf9311a-d952-4518-84bb-9a46aebd931c	chr1	221353110	248930189	5	3	2
faf9311a-d952-4518-84bb-9a46aebd931c	chr2	12784	50279146	1	1	0
faf9311a-d952-4518-84bb-9a46aebd931c	chr2	50279199	50287692	0	0	0
faf9311a-d952-4518-84bb-9a46aebd931c	chr2	50287963	50937396	1	1	0
faf9311a-d952-4518-84bb-9a46aebd931c	chr2	50937414	56367799	2	1	1
faf9311a-d952-4518-84bb-9a46aebd931c	chr2	56367880	63269863	1	1	0
faf9311a-d952-4518-84bb-9a46aebd931c	chr2	63273123	67637465	2	1	1
faf9311a-d952-4518-84bb-9a46aebd931c	chr2	67637780	69130871	3	2	1
faf9311a-d952-4518-84bb-9a46aebd931c	chr2	69131344	71836342	1	1	0
faf9311a-d952-4518-84bb-9a46aebd931c	chr2	71842787	112028119	2	1	1
faf9311a-d952-4518-84bb-9a46aebd931c	chr2	112028314	112059129	1	1	0
faf9311a-d952-4518-84bb-9a46aebd931c	chr2	112063910	154361936	2	1	1
faf9311a-d952-4518-84bb-9a46aebd931c	chr2	154366359	154375911	5	3	2
faf9311a-d952-4518-84bb-9a46aebd931c	chr2	154377766	168153055	2	1	1
faf9311a-d952-4518-84bb-9a46aebd931c	chr2	168153671	168171592	1	1	0
faf9311a-d952-4518-84bb-9a46aebd931c	chr2	168173254	242147305	2	1	1
faf9311a-d952-4518-84bb-9a46aebd931c	chr3	20930	24945776	2	1	1
faf9311a-d952-4518-84bb-9a46aebd931c	chr3	24947447	24957232	4	2	2
faf9311a-d952-4518-84bb-9a46aebd931c	chr3	24958774	156382755	2	1	1
faf9311a-d952-4518-84bb-9a46aebd931c	chr3	156387295	156393585	4	2	2
faf9311a-d952-4518-84bb-9a46aebd931c	chr3	156393844	198169247	2	1	1
faf9311a-d952-4518-84bb-9a46aebd931c	chr4	68929	12540308	2	1	1
faf9311a-d952-4518-84bb-9a46aebd931c	chr4	12542177	12547566	4	2	2
faf9311a-d952-4518-84bb-9a46aebd931c	chr4	12548146	79632231	2	1	1
faf9311a-d952-4518-84bb-9a46aebd931c	chr4	79634210	79691502	0	0	0
faf9311a-d952-4518-84bb-9a46aebd931c	chr4	79701615	114250213	2	1	1
faf9311a-d952-4518-84bb-9a46aebd931c	chr4	114250423	114267651	4	4	0
faf9311a-d952-4518-84bb-9a46aebd931c	chr4	114268665	116220159	2	1	1
faf9311a-d952-4518-84bb-9a46aebd931c	chr4	116220404	119328225	1	1	0
faf9311a-d952-4518-84bb-9a46aebd931c	chr4	119328344	119339998	0	0	0
faf9311a-d952-4518-84bb-9a46aebd931c	chr4	119340416	119359039	1	1	0
faf9311a-d952-4518-84bb-9a46aebd931c	chr4	119359462	168579870	2	1	1
faf9311a-d952-4518-84bb-9a46aebd931c	chr4	168580589	168605860	1	1	0
faf9311a-d952-4518-84bb-9a46aebd931c	chr4	168607425	190106768	2	1	1
faf9311a-d952-4518-84bb-9a46aebd931c	chr5	15532	43338774	2	1	1
faf9311a-d952-4518-84bb-9a46aebd931c	chr5	43338820	52803085	3	2	1
faf9311a-d952-4518-84bb-9a46aebd931c	chr5	52805221	107435356	2	1	1
faf9311a-d952-4518-84bb-9a46aebd931c	chr5	107435508	107445875	4	2	2
faf9311a-d952-4518-84bb-9a46aebd931c	chr5	107446225	153739869	2	1	1
faf9311a-d952-4518-84bb-9a46aebd931c	chr5	153740488	153743928	0	0	0
faf9311a-d952-4518-84bb-9a46aebd931c	chr5	153752746	181363319	2	1	1
faf9311a-d952-4518-84bb-9a46aebd931c	chr6	149661	71526489	2	1	1
faf9311a-d952-4518-84bb-9a46aebd931c	chr6	71527462	78259348	1	1	0
faf9311a-d952-4518-84bb-9a46aebd931c	chr6	78259388	78325468	0	0	0
faf9311a-d952-4518-84bb-9a46aebd931c	chr6	78329517	80575042	1	1	0
faf9311a-d952-4518-84bb-9a46aebd931c	chr6	80575241	80579817	0	0	0
faf9311a-d952-4518-84bb-9a46aebd931c	chr6	80584624	131611826	1	1	0
faf9311a-d952-4518-84bb-9a46aebd931c	chr6	131619344	141943396	2	1	1
faf9311a-d952-4518-84bb-9a46aebd931c	chr6	141946366	170741917	1	1	0
faf9311a-d952-4518-84bb-9a46aebd931c	chr7	43259	35357045	2	1	1
faf9311a-d952-4518-84bb-9a46aebd931c	chr7	35357957	35362887	0	0	0
faf9311a-d952-4518-84bb-9a46aebd931c	chr7	35364980	157963708	2	1	1
faf9311a-d952-4518-84bb-9a46aebd931c	chr7	157963771	157985370	4	2	2
faf9311a-d952-4518-84bb-9a46aebd931c	chr7	157985569	159334314	2	1	1
faf9311a-d952-4518-84bb-9a46aebd931c	chr8	81254	21341492	2	2	0
faf9311a-d952-4518-84bb-9a46aebd931c	chr8	21341870	21362225	1	1	0
faf9311a-d952-4518-84bb-9a46aebd931c	chr8	21365199	41570799	2	2	0
faf9311a-d952-4518-84bb-9a46aebd931c	chr8	41574602	63111369	3	2	1
faf9311a-d952-4518-84bb-9a46aebd931c	chr8	63113185	65567074	6	5	1
faf9311a-d952-4518-84bb-9a46aebd931c	chr8	65568088	72091252	4	4	0
faf9311a-d952-4518-84bb-9a46aebd931c	chr8	72091292	72172203	3	3	0
faf9311a-d952-4518-84bb-9a46aebd931c	chr8	72176558	74167455	5	5	0
faf9311a-d952-4518-84bb-9a46aebd931c	chr8	74173035	74200423	3	3	0
faf9311a-d952-4518-84bb-9a46aebd931c	chr8	74200535	76907531	5	5	0
faf9311a-d952-4518-84bb-9a46aebd931c	chr8	76907621	138367801	6	5	1
faf9311a-d952-4518-84bb-9a46aebd931c	chr8	138368917	138405136	4	4	0
faf9311a-d952-4518-84bb-9a46aebd931c	chr8	138410009	138662380	7	6	1
faf9311a-d952-4518-84bb-9a46aebd931c	chr8	138663315	145072769	6	5	1
faf9311a-d952-4518-84bb-9a46aebd931c	chr9	46587	28652538	2	1	1
faf9311a-d952-4518-84bb-9a46aebd931c	chr9	28653506	28725110	2	2	0
faf9311a-d952-4518-84bb-9a46aebd931c	chr9	28734250	31846529	6	5	1
faf9311a-d952-4518-84bb-9a46aebd931c	chr9	31846731	41741113	5	4	1
faf9311a-d952-4518-84bb-9a46aebd931c	chr9	60863881	68531617	2	2	0
faf9311a-d952-4518-84bb-9a46aebd931c	chr9	68532736	138200944	2	1	1
faf9311a-d952-4518-84bb-9a46aebd931c	chr10	45792	29015227	3	3	0
faf9311a-d952-4518-84bb-9a46aebd931c	chr10	29017027	29104332	4	4	0
faf9311a-d952-4518-84bb-9a46aebd931c	chr10	29105830	30189647	1	1	0
faf9311a-d952-4518-84bb-9a46aebd931c	chr10	30189661	38268255	2	2	0
faf9311a-d952-4518-84bb-9a46aebd931c	chr10	38268738	49091975	3	2	1
faf9311a-d952-4518-84bb-9a46aebd931c	chr10	49092134	49109733	1	1	0
faf9311a-d952-4518-84bb-9a46aebd931c	chr10	49110439	51888167	3	2	1
faf9311a-d952-4518-84bb-9a46aebd931c	chr10	51888254	51895368	6	4	2
faf9311a-d952-4518-84bb-9a46aebd931c	chr10	51897888	58725048	3	2	1
faf9311a-d952-4518-84bb-9a46aebd931c	chr10	58726508	61851408	5	4	1
faf9311a-d952-4518-84bb-9a46aebd931c	chr10	61851775	90503620	4	3	1
faf9311a-d952-4518-84bb-9a46aebd931c	chr10	90503746	98956568	3	3	0
faf9311a-d952-4518-84bb-9a46aebd931c	chr10	98958958	121589148	2	2	0
faf9311a-d952-4518-84bb-9a46aebd931c	chr10	121592622	122659471	3	3	0
faf9311a-d952-4518-84bb-9a46aebd931c	chr10	122659742	133654968	2	2	0
faf9311a-d952-4518-84bb-9a46aebd931c	chr11	198510	104900759	2	1	1
faf9311a-d952-4518-84bb-9a46aebd931c	chr11	104901412	104910172	3	2	1
faf9311a-d952-4518-84bb-9a46aebd931c	chr11	104910307	135074876	2	1	1
faf9311a-d952-4518-84bb-9a46aebd931c	chr12	51460	16590627	5	4	1
faf9311a-d952-4518-84bb-9a46aebd931c	chr12	16592527	22340968	6	5	1
faf9311a-d952-4518-84bb-9a46aebd931c	chr12	22347485	30082648	2	1	1
faf9311a-d952-4518-84bb-9a46aebd931c	chr12	30086334	30087207	0	0	0
faf9311a-d952-4518-84bb-9a46aebd931c	chr12	30087223	69866848	2	1	1
faf9311a-d952-4518-84bb-9a46aebd931c	chr12	69867078	71194081	3	2	1
faf9311a-d952-4518-84bb-9a46aebd931c	chr12	71195441	73014896	2	1	1
faf9311a-d952-4518-84bb-9a46aebd931c	chr12	73016488	76433580	3	2	1
faf9311a-d952-4518-84bb-9a46aebd931c	chr12	76436304	77329129	2	1	1
faf9311a-d952-4518-84bb-9a46aebd931c	chr12	77334945	80377403	3	2	1
faf9311a-d952-4518-84bb-9a46aebd931c	chr12	80377531	80446147	2	2	0
faf9311a-d952-4518-84bb-9a46aebd931c	chr12	80446276	82064546	1	1	0
faf9311a-d952-4518-84bb-9a46aebd931c	chr12	82064585	83462975	3	2	1
faf9311a-d952-4518-84bb-9a46aebd931c	chr12	83463522	84023919	2	1	1
faf9311a-d952-4518-84bb-9a46aebd931c	chr12	84024368	104638741	1	1	0
faf9311a-d952-4518-84bb-9a46aebd931c	chr12	104638803	104666989	2	2	0
faf9311a-d952-4518-84bb-9a46aebd931c	chr12	104667230	133201603	1	1	0
faf9311a-d952-4518-84bb-9a46aebd931c	chr13	18452809	19021274	2	1	1
faf9311a-d952-4518-84bb-9a46aebd931c	chr13	19022192	19031270	5	3	2
faf9311a-d952-4518-84bb-9a46aebd931c	chr13	19036189	56126894	2	1	1
faf9311a-d952-4518-84bb-9a46aebd931c	chr13	56130481	56203565	1	1	0
faf9311a-d952-4518-84bb-9a46aebd931c	chr13	56203619	70556236	2	1	1
faf9311a-d952-4518-84bb-9a46aebd931c	chr13	70558200	70563448	0	0	0
faf9311a-d952-4518-84bb-9a46aebd931c	chr13	70564213	110465637	2	1	1
faf9311a-d952-4518-84bb-9a46aebd931c	chr13	110466601	110469500	1	1	0
faf9311a-d952-4518-84bb-9a46aebd931c	chr13	110469526	114342922	2	1	1
faf9311a-d952-4518-84bb-9a46aebd931c	chr14	18239283	25245115	2	1	1
faf9311a-d952-4518-84bb-9a46aebd931c	chr14	25245423	26072714	3	2	1
faf9311a-d952-4518-84bb-9a46aebd931c	chr14	26077882	30453173	2	1	1
faf9311a-d952-4518-84bb-9a46aebd931c	chr14	30453451	30515392	3	3	0
faf9311a-d952-4518-84bb-9a46aebd931c	chr14	30516509	32209080	3	2	1
faf9311a-d952-4518-84bb-9a46aebd931c	chr14	32212253	32254138	1	1	0
faf9311a-d952-4518-84bb-9a46aebd931c	chr14	32258411	32259027	3	2	1
faf9311a-d952-4518-84bb-9a46aebd931c	chr14	32259900	34165589	2	1	1
faf9311a-d952-4518-84bb-9a46aebd931c	chr14	34168337	36721093	3	2	1
faf9311a-d952-4518-84bb-9a46aebd931c	chr14	36722987	36783121	1	1	0
faf9311a-d952-4518-84bb-9a46aebd931c	chr14	36785637	40477342	3	2	1
faf9311a-d952-4518-84bb-9a46aebd931c	chr14	40477791	40829707	5	4	1
faf9311a-d952-4518-84bb-9a46aebd931c	chr14	40829946	44880604	3	2	1
faf9311a-d952-4518-84bb-9a46aebd931c	chr14	44885409	48257693	5	4	1
faf9311a-d952-4518-84bb-9a46aebd931c	chr14	48261306	54592816	3	2	1
faf9311a-d952-4518-84bb-9a46aebd931c	chr14	54595042	55460956	4	3	1
faf9311a-d952-4518-84bb-9a46aebd931c	chr14	55463414	60460375	3	2	1
faf9311a-d952-4518-84bb-9a46aebd931c	chr14	60460530	85087609	1	1	0
faf9311a-d952-4518-84bb-9a46aebd931c	chr14	85088719	85246597	0	0	0
faf9311a-d952-4518-84bb-9a46aebd931c	chr14	85248248	87339560	1	1	0
faf9311a-d952-4518-84bb-9a46aebd931c	chr14	87340858	87346663	0	0	0
faf9311a-d952-4518-84bb-9a46aebd931c	chr14	87346968	105520403	1	1	0
faf9311a-d952-4518-84bb-9a46aebd931c	chr14	105521701	105653302	2	2	0
faf9311a-d952-4518-84bb-9a46aebd931c	chr14	105656902	105784746	1	1	0
faf9311a-d952-4518-84bb-9a46aebd931c	chr14	105784759	106369985	2	2	0
faf9311a-d952-4518-84bb-9a46aebd931c	chr14	106370181	106877229	1	1	0
faf9311a-d952-4518-84bb-9a46aebd931c	chr15	19811075	23410189	3	2	1
faf9311a-d952-4518-84bb-9a46aebd931c	chr15	23411377	101928837	2	1	1
faf9311a-d952-4518-84bb-9a46aebd931c	chr16	10777	36048855	2	1	1
faf9311a-d952-4518-84bb-9a46aebd931c	chr16	46441986	48279607	3	2	1
faf9311a-d952-4518-84bb-9a46aebd931c	chr16	48281917	90096867	2	1	1
faf9311a-d952-4518-84bb-9a46aebd931c	chr17	150733	83091923	2	1	1
faf9311a-d952-4518-84bb-9a46aebd931c	chr18	48133	10460167	1	1	0
faf9311a-d952-4518-84bb-9a46aebd931c	chr18	10463471	37275719	3	2	1
faf9311a-d952-4518-84bb-9a46aebd931c	chr18	37280374	37292258	1	1	0
faf9311a-d952-4518-84bb-9a46aebd931c	chr18	37292778	75815032	3	2	1
faf9311a-d952-4518-84bb-9a46aebd931c	chr18	75815450	75823080	7	5	2
faf9311a-d952-4518-84bb-9a46aebd931c	chr18	75823349	80257174	3	2	1
faf9311a-d952-4518-84bb-9a46aebd931c	chr19	90910	41801881	2	1	1
faf9311a-d952-4518-84bb-9a46aebd931c	chr19	41802111	41809790	4	2	2
faf9311a-d952-4518-84bb-9a46aebd931c	chr19	41812198	47728391	2	1	1
faf9311a-d952-4518-84bb-9a46aebd931c	chr19	47728989	47800154	3	2	1
faf9311a-d952-4518-84bb-9a46aebd931c	chr19	47800598	58586487	2	1	1
faf9311a-d952-4518-84bb-9a46aebd931c	chr20	80664	13339844	2	2	0
faf9311a-d952-4518-84bb-9a46aebd931c	chr20	13340746	20805579	3	2	1
faf9311a-d952-4518-84bb-9a46aebd931c	chr20	20811537	20823570	2	1	1
faf9311a-d952-4518-84bb-9a46aebd931c	chr20	20823871	41651744	3	2	1
faf9311a-d952-4518-84bb-9a46aebd931c	chr20	41653129	41669772	6	4	2
faf9311a-d952-4518-84bb-9a46aebd931c	chr20	41672866	64324800	3	2	1
faf9311a-d952-4518-84bb-9a46aebd931c	chr21	12973348	15174762	2	1	1
faf9311a-d952-4518-84bb-9a46aebd931c	chr21	15175324	15227329	3	2	1
faf9311a-d952-4518-84bb-9a46aebd931c	chr21	15227697	45903608	2	1	1
faf9311a-d952-4518-84bb-9a46aebd931c	chr21	45903828	45922202	5	3	2
faf9311a-d952-4518-84bb-9a46aebd931c	chr21	45922608	46677045	2	1	1
faf9311a-d952-4518-84bb-9a46aebd931c	chr22	16392123	32179162	2	1	1
faf9311a-d952-4518-84bb-9a46aebd931c	chr22	32179227	32196133	1	1	0
faf9311a-d952-4518-84bb-9a46aebd931c	chr22	32196403	44427565	2	1	1
faf9311a-d952-4518-84bb-9a46aebd931c	chr22	44434362	44754323	3	2	1
faf9311a-d952-4518-84bb-9a46aebd931c	chr22	44760375	50796027	2	1	1
faf9311a-d952-4518-84bb-9a46aebd931c	chrX	251810	2649506	1	1	0
faf9311a-d952-4518-84bb-9a46aebd931c	chrX	2649606	2670878	0	0	0
faf9311a-d952-4518-84bb-9a46aebd931c	chrX	2671220	152994408	1	1	0
faf9311a-d952-4518-84bb-9a46aebd931c	chrX	152994785	153294393	2	1	1
faf9311a-d952-4518-84bb-9a46aebd931c	chrX	153294492	156004181	1	1	0
faf9311a-d952-4518-84bb-9a46aebd931c	chrY	2782397	26653788	0	0	0
faf9311a-d952-4518-84bb-9a46aebd931c	chrY	56872112	56872112	7	7	0
2bc50e9a-7ef6-4bc9-8821-2355cf3d52e0	chr1	61735	31674034	1	1	0
2bc50e9a-7ef6-4bc9-8821-2355cf3d52e0	chr1	31675972	121741181	2	1	1
2bc50e9a-7ef6-4bc9-8821-2355cf3d52e0	chr1	143285278	248930189	3	2	1
2bc50e9a-7ef6-4bc9-8821-2355cf3d52e0	chr2	12784	242147305	2	1	1
2bc50e9a-7ef6-4bc9-8821-2355cf3d52e0	chr3	18667	90453712	1	1	0
2bc50e9a-7ef6-4bc9-8821-2355cf3d52e0	chr3	93800634	198169247	2	1	1
2bc50e9a-7ef6-4bc9-8821-2355cf3d52e0	chr4	12281	91487204	2	1	1
2bc50e9a-7ef6-4bc9-8821-2355cf3d52e0	chr4	91487636	94446264	1	1	0
2bc50e9a-7ef6-4bc9-8821-2355cf3d52e0	chr4	94446700	103143272	2	1	1
2bc50e9a-7ef6-4bc9-8821-2355cf3d52e0	chr4	103154116	190106768	1	1	0
2bc50e9a-7ef6-4bc9-8821-2355cf3d52e0	chr5	15532	181363319	2	1	1
2bc50e9a-7ef6-4bc9-8821-2355cf3d52e0	chr6	149661	63609815	2	1	1
2bc50e9a-7ef6-4bc9-8821-2355cf3d52e0	chr6	63610469	69995980	1	1	0
2bc50e9a-7ef6-4bc9-8821-2355cf3d52e0	chr6	69996398	71675608	2	1	1
2bc50e9a-7ef6-4bc9-8821-2355cf3d52e0	chr6	71679887	72599474	1	1	0
2bc50e9a-7ef6-4bc9-8821-2355cf3d52e0	chr6	72605519	72868013	2	1	1
2bc50e9a-7ef6-4bc9-8821-2355cf3d52e0	chr6	72868057	76643597	1	1	0
2bc50e9a-7ef6-4bc9-8821-2355cf3d52e0	chr6	76649312	77729462	2	1	1
2bc50e9a-7ef6-4bc9-8821-2355cf3d52e0	chr6	77737184	79156287	1	1	0
2bc50e9a-7ef6-4bc9-8821-2355cf3d52e0	chr6	79156679	82879385	2	1	1
2bc50e9a-7ef6-4bc9-8821-2355cf3d52e0	chr6	82880307	170741917	1	1	0
2bc50e9a-7ef6-4bc9-8821-2355cf3d52e0	chr7	43259	159334314	2	1	1
2bc50e9a-7ef6-4bc9-8821-2355cf3d52e0	chr8	81254	77209077	1	1	0
2bc50e9a-7ef6-4bc9-8821-2355cf3d52e0	chr8	77211679	145072769	2	1	1
2bc50e9a-7ef6-4bc9-8821-2355cf3d52e0	chr9	46587	138200944	1	1	0
2bc50e9a-7ef6-4bc9-8821-2355cf3d52e0	chr10	26823	133769379	2	1	1
2bc50e9a-7ef6-4bc9-8821-2355cf3d52e0	chr11	198572	50414869	1	1	0
2bc50e9a-7ef6-4bc9-8821-2355cf3d52e0	chr11	50414967	55074041	2	1	1
2bc50e9a-7ef6-4bc9-8821-2355cf3d52e0	chr11	55090446	60221957	1	1	0
2bc50e9a-7ef6-4bc9-8821-2355cf3d52e0	chr11	60222709	60418717	2	1	1
2bc50e9a-7ef6-4bc9-8821-2355cf3d52e0	chr11	60423204	61398269	1	1	0
2bc50e9a-7ef6-4bc9-8821-2355cf3d52e0	chr11	61402502	67162289	2	1	1
2bc50e9a-7ef6-4bc9-8821-2355cf3d52e0	chr11	67164973	70627889	8	7	1
2bc50e9a-7ef6-4bc9-8821-2355cf3d52e0	chr11	70629735	72832296	1	1	0
2bc50e9a-7ef6-4bc9-8821-2355cf3d52e0	chr11	72836338	74673542	4	3	1
2bc50e9a-7ef6-4bc9-8821-2355cf3d52e0	chr11	74679276	75619305	2	1	1
2bc50e9a-7ef6-4bc9-8821-2355cf3d52e0	chr11	75622933	75930640	5	4	1
2bc50e9a-7ef6-4bc9-8821-2355cf3d52e0	chr11	75944196	77615323	11	10	1
2bc50e9a-7ef6-4bc9-8821-2355cf3d52e0	chr11	77623861	79347550	1	1	0
2bc50e9a-7ef6-4bc9-8821-2355cf3d52e0	chr11	79347675	79489133	8	7	1
2bc50e9a-7ef6-4bc9-8821-2355cf3d52e0	chr11	79497855	79535285	5	4	1
2bc50e9a-7ef6-4bc9-8821-2355cf3d52e0	chr11	79539070	80469990	9	8	1
2bc50e9a-7ef6-4bc9-8821-2355cf3d52e0	chr11	80470611	82033038	5	4	1
2bc50e9a-7ef6-4bc9-8821-2355cf3d52e0	chr11	82037079	135074876	1	1	0
2bc50e9a-7ef6-4bc9-8821-2355cf3d52e0	chr12	51460	17959320	2	1	1
2bc50e9a-7ef6-4bc9-8821-2355cf3d52e0	chr12	17959549	24667797	1	1	0
2bc50e9a-7ef6-4bc9-8821-2355cf3d52e0	chr12	24668689	78768185	2	1	1
2bc50e9a-7ef6-4bc9-8821-2355cf3d52e0	chr12	78769581	133201603	1	1	0
2bc50e9a-7ef6-4bc9-8821-2355cf3d52e0	chr13	18452809	114342922	1	1	0
2bc50e9a-7ef6-4bc9-8821-2355cf3d52e0	chr14	18225647	21765222	2	1	1
2bc50e9a-7ef6-4bc9-8821-2355cf3d52e0	chr14	21767650	22167913	1	1	0
2bc50e9a-7ef6-4bc9-8821-2355cf3d52e0	chr14	22168888	80057091	2	1	1
2bc50e9a-7ef6-4bc9-8821-2355cf3d52e0	chr14	80057892	106877229	1	1	0
2bc50e9a-7ef6-4bc9-8821-2355cf3d52e0	chr15	19811075	27314669	2	1	1
2bc50e9a-7ef6-4bc9-8821-2355cf3d52e0	chr15	27324064	47512072	1	1	0
2bc50e9a-7ef6-4bc9-8821-2355cf3d52e0	chr15	47512140	101928837	2	1	1
2bc50e9a-7ef6-4bc9-8821-2355cf3d52e0	chr16	10777	90221127	2	1	1
2bc50e9a-7ef6-4bc9-8821-2355cf3d52e0	chr17	150733	83090856	2	1	1
2bc50e9a-7ef6-4bc9-8821-2355cf3d52e0	chr18	48133	80257174	2	1	1
2bc50e9a-7ef6-4bc9-8821-2355cf3d52e0	chr19	90910	58586487	2	1	1
2bc50e9a-7ef6-4bc9-8821-2355cf3d52e0	chr20	80664	64324800	2	1	1
2bc50e9a-7ef6-4bc9-8821-2355cf3d52e0	chr21	10336543	46677045	2	1	1
2bc50e9a-7ef6-4bc9-8821-2355cf3d52e0	chr22	15294545	50796027	2	1	1
2bc50e9a-7ef6-4bc9-8821-2355cf3d52e0	chrX	251810	156004181	2	1	1
fcf718b5-834b-4624-9980-105f7ebc9f1b	chr1	61735	248930189	4	2	2
fcf718b5-834b-4624-9980-105f7ebc9f1b	chr2	12784	242147305	4	2	2
fcf718b5-834b-4624-9980-105f7ebc9f1b	chr3	18667	198169247	5	3	2
fcf718b5-834b-4624-9980-105f7ebc9f1b	chr4	12281	190106768	6	3	3
fcf718b5-834b-4624-9980-105f7ebc9f1b	chr5	15532	50225758	6	3	3
fcf718b5-834b-4624-9980-105f7ebc9f1b	chr5	50230193	92575813	3	3	0
fcf718b5-834b-4624-9980-105f7ebc9f1b	chr5	92580245	181363319	6	3	3
fcf718b5-834b-4624-9980-105f7ebc9f1b	chr6	149661	55576043	4	2	2
fcf718b5-834b-4624-9980-105f7ebc9f1b	chr6	55577754	57982582	7	4	3
fcf718b5-834b-4624-9980-105f7ebc9f1b	chr6	57982677	60351931	4	3	1
fcf718b5-834b-4624-9980-105f7ebc9f1b	chr6	60352984	60731797	8	6	2
fcf718b5-834b-4624-9980-105f7ebc9f1b	chr6	60734154	61263975	4	2	2
fcf718b5-834b-4624-9980-105f7ebc9f1b	chr6	61264477	170741917	3	3	0
fcf718b5-834b-4624-9980-105f7ebc9f1b	chr7	43259	79860043	6	3	3
fcf718b5-834b-4624-9980-105f7ebc9f1b	chr7	79860322	91108393	9	6	3
fcf718b5-834b-4624-9980-105f7ebc9f1b	chr7	91108654	97062339	24	21	3
fcf718b5-834b-4624-9980-105f7ebc9f1b	chr7	97062779	102436115	16	13	3
fcf718b5-834b-4624-9980-105f7ebc9f1b	chr7	102446755	102927851	9	6	3
fcf718b5-834b-4624-9980-105f7ebc9f1b	chr7	102931266	159334314	3	3	0
fcf718b5-834b-4624-9980-105f7ebc9f1b	chr8	81254	145072769	4	2	2
fcf718b5-834b-4624-9980-105f7ebc9f1b	chr9	46587	21730411	4	4	0
fcf718b5-834b-4624-9980-105f7ebc9f1b	chr9	21731100	22005395	0	0	0
fcf718b5-834b-4624-9980-105f7ebc9f1b	chr9	22009961	129997529	4	4	0
fcf718b5-834b-4624-9980-105f7ebc9f1b	chr9	129998008	130623601	0	0	0
fcf718b5-834b-4624-9980-105f7ebc9f1b	chr9	130625439	138200944	4	4	0
fcf718b5-834b-4624-9980-105f7ebc9f1b	chr10	26823	133769379	3	3	0
fcf718b5-834b-4624-9980-105f7ebc9f1b	chr11	198572	135074876	6	3	3
fcf718b5-834b-4624-9980-105f7ebc9f1b	chr12	51460	34219799	6	3	3
fcf718b5-834b-4624-9980-105f7ebc9f1b	chr12	34222685	133201603	3	3	0
fcf718b5-834b-4624-9980-105f7ebc9f1b	chr13	18452809	78939022	6	3	3
fcf718b5-834b-4624-9980-105f7ebc9f1b	chr13	78945212	79044586	2	2	0
fcf718b5-834b-4624-9980-105f7ebc9f1b	chr13	79053120	114342922	6	3	3
fcf718b5-834b-4624-9980-105f7ebc9f1b	chr14	18225647	21922051	6	3	3
fcf718b5-834b-4624-9980-105f7ebc9f1b	chr14	21922443	22505306	8	4	4
fcf718b5-834b-4624-9980-105f7ebc9f1b	chr14	22506715	106877229	6	3	3
fcf718b5-834b-4624-9980-105f7ebc9f1b	chr15	19811075	101928837	3	3	0
fcf718b5-834b-4624-9980-105f7ebc9f1b	chr16	10777	90221127	6	3	3
fcf718b5-834b-4624-9980-105f7ebc9f1b	chr17	150733	26949301	3	3	0
fcf718b5-834b-4624-9980-105f7ebc9f1b	chr17	26955079	53823723	6	3	3
fcf718b5-834b-4624-9980-105f7ebc9f1b	chr17	53824024	79471877	3	3	0
fcf718b5-834b-4624-9980-105f7ebc9f1b	chr17	79476792	83090856	6	3	3
fcf718b5-834b-4624-9980-105f7ebc9f1b	chr18	48133	15402409	4	3	1
fcf718b5-834b-4624-9980-105f7ebc9f1b	chr18	20949392	24725779	7	4	3
fcf718b5-834b-4624-9980-105f7ebc9f1b	chr18	24726803	26247321	5	3	2
fcf718b5-834b-4624-9980-105f7ebc9f1b	chr18	26249756	30654270	3	3	0
fcf718b5-834b-4624-9980-105f7ebc9f1b	chr18	30655200	31763291	5	3	2
fcf718b5-834b-4624-9980-105f7ebc9f1b	chr18	31765138	32401065	8	4	4
fcf718b5-834b-4624-9980-105f7ebc9f1b	chr18	32402540	33864010	6	3	3
fcf718b5-834b-4624-9980-105f7ebc9f1b	chr18	33864699	80257174	3	3	0
fcf718b5-834b-4624-9980-105f7ebc9f1b	chr19	90910	58586487	6	3	3
fcf718b5-834b-4624-9980-105f7ebc9f1b	chr20	80664	401164	4	3	1
fcf718b5-834b-4624-9980-105f7ebc9f1b	chr20	403542	19481563	3	3	0
fcf718b5-834b-4624-9980-105f7ebc9f1b	chr20	19482080	64324800	4	2	2
fcf718b5-834b-4624-9980-105f7ebc9f1b	chr21	10336543	46677045	3	3	0
fcf718b5-834b-4624-9980-105f7ebc9f1b	chr22	15294545	50796027	6	3	3
fcf718b5-834b-4624-9980-105f7ebc9f1b	chrX	251810	156004181	6	3	3
5150963b-02e2-4715-bcfa-136a450b5547	chr1	61735	44768812	1	1	0
5150963b-02e2-4715-bcfa-136a450b5547	chr1	44770304	114041111	2	1	1
5150963b-02e2-4715-bcfa-136a450b5547	chr1	114043965	119575395	1	1	0
5150963b-02e2-4715-bcfa-136a450b5547	chr1	119575625	121741181	2	1	1
5150963b-02e2-4715-bcfa-136a450b5547	chr1	143285278	248930189	3	2	1
5150963b-02e2-4715-bcfa-136a450b5547	chr2	12784	242147305	2	1	1
5150963b-02e2-4715-bcfa-136a450b5547	chr3	18667	73632078	1	1	0
5150963b-02e2-4715-bcfa-136a450b5547	chr3	73632575	198169247	2	1	1
5150963b-02e2-4715-bcfa-136a450b5547	chr4	12281	27731102	2	1	1
5150963b-02e2-4715-bcfa-136a450b5547	chr4	27732151	70541227	1	1	0
5150963b-02e2-4715-bcfa-136a450b5547	chr4	70545831	93095929	2	1	1
5150963b-02e2-4715-bcfa-136a450b5547	chr4	93098521	190106768	1	1	0
5150963b-02e2-4715-bcfa-136a450b5547	chr5	15532	89087094	2	1	1
5150963b-02e2-4715-bcfa-136a450b5547	chr5	89087187	89657316	1	1	0
5150963b-02e2-4715-bcfa-136a450b5547	chr5	89657426	181363319	2	1	1
5150963b-02e2-4715-bcfa-136a450b5547	chr6	149661	170741917	2	1	1
5150963b-02e2-4715-bcfa-136a450b5547	chr7	43259	139863282	2	1	1
5150963b-02e2-4715-bcfa-136a450b5547	chr7	139863408	153309840	1	1	0
5150963b-02e2-4715-bcfa-136a450b5547	chr7	153309942	159334314	2	1	1
5150963b-02e2-4715-bcfa-136a450b5547	chr8	81254	24805826	2	1	1
5150963b-02e2-4715-bcfa-136a450b5547	chr8	24812096	33777907	1	1	0
5150963b-02e2-4715-bcfa-136a450b5547	chr8	33780408	35959370	2	1	1
5150963b-02e2-4715-bcfa-136a450b5547	chr8	35967775	38946551	1	1	0
5150963b-02e2-4715-bcfa-136a450b5547	chr8	38946708	40023846	2	1	1
5150963b-02e2-4715-bcfa-136a450b5547	chr8	40024129	40543583	1	1	0
5150963b-02e2-4715-bcfa-136a450b5547	chr8	40547379	145072769	3	2	1
5150963b-02e2-4715-bcfa-136a450b5547	chr9	46587	138200944	2	1	1
5150963b-02e2-4715-bcfa-136a450b5547	chr10	26823	109843573	2	1	1
5150963b-02e2-4715-bcfa-136a450b5547	chr10	109849545	133769379	1	1	0
5150963b-02e2-4715-bcfa-136a450b5547	chr11	198572	135074876	2	1	1
5150963b-02e2-4715-bcfa-136a450b5547	chr12	51460	133201603	2	1	1
5150963b-02e2-4715-bcfa-136a450b5547	chr13	18452809	114342922	1	1	0
5150963b-02e2-4715-bcfa-136a450b5547	chr14	18225647	54339145	2	1	1
5150963b-02e2-4715-bcfa-136a450b5547	chr14	54341735	106877229	1	1	0
5150963b-02e2-4715-bcfa-136a450b5547	chr15	19811075	101928837	2	1	1
5150963b-02e2-4715-bcfa-136a450b5547	chr16	10777	36048855	2	1	1
5150963b-02e2-4715-bcfa-136a450b5547	chr16	46429870	50292302	1	1	0
5150963b-02e2-4715-bcfa-136a450b5547	chr16	50295504	90221127	2	1	1
5150963b-02e2-4715-bcfa-136a450b5547	chr17	150733	19386683	1	1	0
5150963b-02e2-4715-bcfa-136a450b5547	chr17	19388114	83090856	2	1	1
5150963b-02e2-4715-bcfa-136a450b5547	chr18	48133	70387986	2	1	1
5150963b-02e2-4715-bcfa-136a450b5547	chr18	70388074	80257174	1	1	0
5150963b-02e2-4715-bcfa-136a450b5547	chr19	90910	31144679	2	1	1
5150963b-02e2-4715-bcfa-136a450b5547	chr19	31145389	35086439	1	1	0
5150963b-02e2-4715-bcfa-136a450b5547	chr19	35086966	35765609	2	1	1
5150963b-02e2-4715-bcfa-136a450b5547	chr19	35773034	38628207	1	1	0
5150963b-02e2-4715-bcfa-136a450b5547	chr19	38634237	44570931	2	1	1
5150963b-02e2-4715-bcfa-136a450b5547	chr19	44571010	58586487	1	1	0
5150963b-02e2-4715-bcfa-136a450b5547	chr20	80664	36026671	2	1	1
5150963b-02e2-4715-bcfa-136a450b5547	chr20	36030042	45443952	1	1	0
5150963b-02e2-4715-bcfa-136a450b5547	chr20	45444011	64324800	2	1	1
5150963b-02e2-4715-bcfa-136a450b5547	chr21	10336543	46677045	2	1	1
5150963b-02e2-4715-bcfa-136a450b5547	chr22	15294545	50796027	1	1	0
5150963b-02e2-4715-bcfa-136a450b5547	chrX	251810	156004181	2	1	1
55309aec-7f38-461f-bb28-7ce97614827b	chr1	62920	33475404	2	2	0
55309aec-7f38-461f-bb28-7ce97614827b	chr1	33479591	99120887	4	2	2
55309aec-7f38-461f-bb28-7ce97614827b	chr1	99120960	99149917	8	4	4
55309aec-7f38-461f-bb28-7ce97614827b	chr1	99152529	118997059	4	2	2
55309aec-7f38-461f-bb28-7ce97614827b	chr1	118998096	119067312	3	2	1
55309aec-7f38-461f-bb28-7ce97614827b	chr1	119067560	121705338	4	2	2
55309aec-7f38-461f-bb28-7ce97614827b	chr1	143541857	184225566	6	4	2
55309aec-7f38-461f-bb28-7ce97614827b	chr1	184225941	197769318	7	5	2
55309aec-7f38-461f-bb28-7ce97614827b	chr1	197769650	214576669	6	4	2
55309aec-7f38-461f-bb28-7ce97614827b	chr1	214579754	221342717	7	5	2
55309aec-7f38-461f-bb28-7ce97614827b	chr1	221346528	225812606	6	4	2
55309aec-7f38-461f-bb28-7ce97614827b	chr1	225813265	225827415	11	7	4
55309aec-7f38-461f-bb28-7ce97614827b	chr1	225827598	236652977	6	4	2
55309aec-7f38-461f-bb28-7ce97614827b	chr1	236653273	236674113	3	2	1
55309aec-7f38-461f-bb28-7ce97614827b	chr1	236674133	248471839	6	4	2
55309aec-7f38-461f-bb28-7ce97614827b	chr1	248472420	248694707	3	2	1
55309aec-7f38-461f-bb28-7ce97614827b	chr1	248697340	248930189	7	5	2
55309aec-7f38-461f-bb28-7ce97614827b	chr2	12784	31023383	4	3	1
55309aec-7f38-461f-bb28-7ce97614827b	chr2	31024619	31029795	1	1	0
55309aec-7f38-461f-bb28-7ce97614827b	chr2	31031886	126615312	4	3	1
55309aec-7f38-461f-bb28-7ce97614827b	chr2	126618414	126622311	1	1	0
55309aec-7f38-461f-bb28-7ce97614827b	chr2	126622793	140799772	4	3	1
55309aec-7f38-461f-bb28-7ce97614827b	chr2	140800456	140974474	1	1	0
55309aec-7f38-461f-bb28-7ce97614827b	chr2	140976820	141152540	0	0	0
55309aec-7f38-461f-bb28-7ce97614827b	chr2	141154796	141401897	1	1	0
55309aec-7f38-461f-bb28-7ce97614827b	chr2	141403878	141490339	2	1	1
55309aec-7f38-461f-bb28-7ce97614827b	chr2	141490458	142109929	3	2	1
55309aec-7f38-461f-bb28-7ce97614827b	chr2	142113351	154354649	4	3	1
55309aec-7f38-461f-bb28-7ce97614827b	chr2	154354666	154375911	8	6	2
55309aec-7f38-461f-bb28-7ce97614827b	chr2	154377766	184369229	4	3	1
55309aec-7f38-461f-bb28-7ce97614827b	chr2	184369375	185553949	5	4	1
55309aec-7f38-461f-bb28-7ce97614827b	chr2	185554669	207855021	4	3	1
55309aec-7f38-461f-bb28-7ce97614827b	chr2	207855365	208609777	3	2	1
55309aec-7f38-461f-bb28-7ce97614827b	chr2	208609931	242147305	4	3	1
55309aec-7f38-461f-bb28-7ce97614827b	chr3	20930	7344919	2	2	0
55309aec-7f38-461f-bb28-7ce97614827b	chr3	7345713	7348818	5	5	0
55309aec-7f38-461f-bb28-7ce97614827b	chr3	7348890	22678829	2	2	0
55309aec-7f38-461f-bb28-7ce97614827b	chr3	22679137	22704589	1	1	0
55309aec-7f38-461f-bb28-7ce97614827b	chr3	22704835	58648824	2	2	0
55309aec-7f38-461f-bb28-7ce97614827b	chr3	58651597	58664195	4	4	0
55309aec-7f38-461f-bb28-7ce97614827b	chr3	58664267	107249030	2	2	0
55309aec-7f38-461f-bb28-7ce97614827b	chr3	107249941	113529901	4	2	2
55309aec-7f38-461f-bb28-7ce97614827b	chr3	113533195	113538366	1	1	0
55309aec-7f38-461f-bb28-7ce97614827b	chr3	113539167	194287696	4	2	2
55309aec-7f38-461f-bb28-7ce97614827b	chr3	194294387	194645278	6	4	2
55309aec-7f38-461f-bb28-7ce97614827b	chr3	194646186	198169247	4	2	2
55309aec-7f38-461f-bb28-7ce97614827b	chr4	68929	2404772	5	3	2
55309aec-7f38-461f-bb28-7ce97614827b	chr4	2405414	4204341	6	4	2
55309aec-7f38-461f-bb28-7ce97614827b	chr4	4205226	26178013	5	3	2
55309aec-7f38-461f-bb28-7ce97614827b	chr4	26178154	26218932	3	2	1
55309aec-7f38-461f-bb28-7ce97614827b	chr4	26219589	27652628	6	3	3
55309aec-7f38-461f-bb28-7ce97614827b	chr4	27655946	29143782	8	6	2
55309aec-7f38-461f-bb28-7ce97614827b	chr4	29144326	35491097	6	3	3
55309aec-7f38-461f-bb28-7ce97614827b	chr4	35492523	35497420	3	2	1
55309aec-7f38-461f-bb28-7ce97614827b	chr4	35498338	38926319	5	3	2
55309aec-7f38-461f-bb28-7ce97614827b	chr4	38929476	40395880	8	6	2
55309aec-7f38-461f-bb28-7ce97614827b	chr4	40395896	52362605	6	3	3
55309aec-7f38-461f-bb28-7ce97614827b	chr4	52367219	90710483	2	2	0
55309aec-7f38-461f-bb28-7ce97614827b	chr4	90725895	91019658	1	1	0
55309aec-7f38-461f-bb28-7ce97614827b	chr4	91020717	190106768	2	2	0
55309aec-7f38-461f-bb28-7ce97614827b	chr5	15532	18146481	4	2	2
55309aec-7f38-461f-bb28-7ce97614827b	chr5	18146798	31735253	5	3	2
55309aec-7f38-461f-bb28-7ce97614827b	chr5	31736174	43561407	4	2	2
55309aec-7f38-461f-bb28-7ce97614827b	chr5	43566340	53024511	5	3	2
55309aec-7f38-461f-bb28-7ce97614827b	chr5	53025063	62566898	4	2	2
55309aec-7f38-461f-bb28-7ce97614827b	chr5	62575182	63333888	3	2	1
55309aec-7f38-461f-bb28-7ce97614827b	chr5	63339790	150128912	4	2	2
55309aec-7f38-461f-bb28-7ce97614827b	chr5	150128981	150215547	5	3	2
55309aec-7f38-461f-bb28-7ce97614827b	chr5	150216816	153739869	4	2	2
55309aec-7f38-461f-bb28-7ce97614827b	chr5	153740488	153743928	1	1	0
55309aec-7f38-461f-bb28-7ce97614827b	chr5	153752746	181363319	4	2	2
55309aec-7f38-461f-bb28-7ce97614827b	chr6	149661	17387913	5	3	2
55309aec-7f38-461f-bb28-7ce97614827b	chr6	17391479	17410004	2	1	1
55309aec-7f38-461f-bb28-7ce97614827b	chr6	17411184	30411297	5	3	2
55309aec-7f38-461f-bb28-7ce97614827b	chr6	30415635	30515216	3	2	1
55309aec-7f38-461f-bb28-7ce97614827b	chr6	30544386	62140972	5	3	2
55309aec-7f38-461f-bb28-7ce97614827b	chr6	62141560	62996868	2	2	0
55309aec-7f38-461f-bb28-7ce97614827b	chr6	62999993	63676159	6	4	2
55309aec-7f38-461f-bb28-7ce97614827b	chr6	63676578	170741917	2	2	0
55309aec-7f38-461f-bb28-7ce97614827b	chr7	43259	18774678	5	3	2
55309aec-7f38-461f-bb28-7ce97614827b	chr7	18775529	18782572	11	7	4
55309aec-7f38-461f-bb28-7ce97614827b	chr7	18784270	65220085	5	3	2
55309aec-7f38-461f-bb28-7ce97614827b	chr7	65222372	65435908	2	1	1
55309aec-7f38-461f-bb28-7ce97614827b	chr7	65436469	69288443	5	3	2
55309aec-7f38-461f-bb28-7ce97614827b	chr7	69288571	70371221	4	2	2
55309aec-7f38-461f-bb28-7ce97614827b	chr7	70371851	70541913	4	3	1
55309aec-7f38-461f-bb28-7ce97614827b	chr7	70547026	78933111	5	3	2
55309aec-7f38-461f-bb28-7ce97614827b	chr7	78940833	79166435	3	2	1
55309aec-7f38-461f-bb28-7ce97614827b	chr7	79166941	96671350	5	3	2
55309aec-7f38-461f-bb28-7ce97614827b	chr7	96675036	97829408	3	2	1
55309aec-7f38-461f-bb28-7ce97614827b	chr7	97829678	103822128	4	2	2
55309aec-7f38-461f-bb28-7ce97614827b	chr7	103823551	103843929	2	1	1
55309aec-7f38-461f-bb28-7ce97614827b	chr7	103845181	158004708	4	2	2
55309aec-7f38-461f-bb28-7ce97614827b	chr7	158008708	158017089	1	1	0
55309aec-7f38-461f-bb28-7ce97614827b	chr7	158018409	159334314	4	2	2
55309aec-7f38-461f-bb28-7ce97614827b	chr8	81254	12176798	4	2	2
55309aec-7f38-461f-bb28-7ce97614827b	chr8	12177488	12389977	0	0	0
55309aec-7f38-461f-bb28-7ce97614827b	chr8	12418301	17707010	4	2	2
55309aec-7f38-461f-bb28-7ce97614827b	chr8	17707122	17719890	6	3	3
55309aec-7f38-461f-bb28-7ce97614827b	chr8	17721247	74167455	4	2	2
55309aec-7f38-461f-bb28-7ce97614827b	chr8	74173035	74200423	2	1	1
55309aec-7f38-461f-bb28-7ce97614827b	chr8	74200535	139570777	4	2	2
55309aec-7f38-461f-bb28-7ce97614827b	chr8	139570997	139573160	1	1	0
55309aec-7f38-461f-bb28-7ce97614827b	chr8	139573283	145072769	4	2	2
55309aec-7f38-461f-bb28-7ce97614827b	chr9	46587	8515567	2	2	0
55309aec-7f38-461f-bb28-7ce97614827b	chr9	8517545	9026815	1	1	0
55309aec-7f38-461f-bb28-7ce97614827b	chr9	9027331	27285644	2	2	0
55309aec-7f38-461f-bb28-7ce97614827b	chr9	27286547	27361995	3	3	0
55309aec-7f38-461f-bb28-7ce97614827b	chr9	27363006	117520141	2	2	0
55309aec-7f38-461f-bb28-7ce97614827b	chr9	117521893	117580886	1	1	0
55309aec-7f38-461f-bb28-7ce97614827b	chr9	117581506	138060900	2	2	0
55309aec-7f38-461f-bb28-7ce97614827b	chr9	138061095	138200944	1	1	0
55309aec-7f38-461f-bb28-7ce97614827b	chr10	45792	95105336	3	2	1
55309aec-7f38-461f-bb28-7ce97614827b	chr10	95105427	95109349	12	12	0
55309aec-7f38-461f-bb28-7ce97614827b	chr10	95109949	133654968	3	2	1
55309aec-7f38-461f-bb28-7ce97614827b	chr11	198510	26652486	3	2	1
55309aec-7f38-461f-bb28-7ce97614827b	chr11	26652636	26656163	7	4	3
55309aec-7f38-461f-bb28-7ce97614827b	chr11	26659002	39283276	3	2	1
55309aec-7f38-461f-bb28-7ce97614827b	chr11	39284311	39377686	4	2	2
55309aec-7f38-461f-bb28-7ce97614827b	chr11	39377880	132923138	3	2	1
55309aec-7f38-461f-bb28-7ce97614827b	chr11	132923284	135074876	2	2	0
55309aec-7f38-461f-bb28-7ce97614827b	chr12	51460	15055216	5	3	2
55309aec-7f38-461f-bb28-7ce97614827b	chr12	15056070	15117231	8	4	4
55309aec-7f38-461f-bb28-7ce97614827b	chr12	15124179	133201603	5	3	2
55309aec-7f38-461f-bb28-7ce97614827b	chr13	18452809	43047567	2	2	0
55309aec-7f38-461f-bb28-7ce97614827b	chr13	43047822	51477958	3	2	1
55309aec-7f38-461f-bb28-7ce97614827b	chr13	51478286	70556236	4	2	2
55309aec-7f38-461f-bb28-7ce97614827b	chr13	70558200	70563448	1	1	0
55309aec-7f38-461f-bb28-7ce97614827b	chr13	70564213	108156219	4	2	2
55309aec-7f38-461f-bb28-7ce97614827b	chr13	108156239	114342922	3	2	1
55309aec-7f38-461f-bb28-7ce97614827b	chr14	18239283	58801657	2	2	0
55309aec-7f38-461f-bb28-7ce97614827b	chr14	58801828	58820478	3	3	0
55309aec-7f38-461f-bb28-7ce97614827b	chr14	58820978	89661970	2	2	0
55309aec-7f38-461f-bb28-7ce97614827b	chr14	89662412	90264650	1	1	0
55309aec-7f38-461f-bb28-7ce97614827b	chr14	90266668	105520403	2	2	0
55309aec-7f38-461f-bb28-7ce97614827b	chr14	105521701	106320716	5	5	0
55309aec-7f38-461f-bb28-7ce97614827b	chr14	106321086	106877229	1	1	0
55309aec-7f38-461f-bb28-7ce97614827b	chr15	19811075	46175567	4	2	2
55309aec-7f38-461f-bb28-7ce97614827b	chr15	46175657	46225594	3	2	1
55309aec-7f38-461f-bb28-7ce97614827b	chr15	46225619	101928837	4	2	2
55309aec-7f38-461f-bb28-7ce97614827b	chr16	10777	27058237	3	2	1
55309aec-7f38-461f-bb28-7ce97614827b	chr16	27059359	36048855	5	3	2
55309aec-7f38-461f-bb28-7ce97614827b	chr16	46441986	55089541	3	2	1
55309aec-7f38-461f-bb28-7ce97614827b	chr16	55090612	55130541	4	3	1
55309aec-7f38-461f-bb28-7ce97614827b	chr16	55131470	78554674	3	2	1
55309aec-7f38-461f-bb28-7ce97614827b	chr16	78557656	78684778	2	2	0
55309aec-7f38-461f-bb28-7ce97614827b	chr16	78687833	80520006	3	2	1
55309aec-7f38-461f-bb28-7ce97614827b	chr16	80521051	86104606	2	1	1
55309aec-7f38-461f-bb28-7ce97614827b	chr16	86104738	86115902	7	4	3
55309aec-7f38-461f-bb28-7ce97614827b	chr16	86119821	90096867	3	2	1
55309aec-7f38-461f-bb28-7ce97614827b	chr17	150733	655918	4	2	2
55309aec-7f38-461f-bb28-7ce97614827b	chr17	656021	22206804	3	2	1
55309aec-7f38-461f-bb28-7ce97614827b	chr17	22209747	41265433	4	2	2
55309aec-7f38-461f-bb28-7ce97614827b	chr17	41265456	41274279	0	0	0
55309aec-7f38-461f-bb28-7ce97614827b	chr17	41276472	51456040	4	2	2
55309aec-7f38-461f-bb28-7ce97614827b	chr17	51462472	53037883	5	3	2
55309aec-7f38-461f-bb28-7ce97614827b	chr17	53040665	83091923	7	5	2
55309aec-7f38-461f-bb28-7ce97614827b	chr18	48133	31671106	3	2	1
55309aec-7f38-461f-bb28-7ce97614827b	chr18	31672642	80257174	2	2	0
55309aec-7f38-461f-bb28-7ce97614827b	chr19	90910	19486232	4	2	2
55309aec-7f38-461f-bb28-7ce97614827b	chr19	19486246	31006147	5	3	2
55309aec-7f38-461f-bb28-7ce97614827b	chr19	31006299	31016146	1	1	0
55309aec-7f38-461f-bb28-7ce97614827b	chr19	31016539	58586487	4	2	2
55309aec-7f38-461f-bb28-7ce97614827b	chr20	80664	48738343	3	2	1
55309aec-7f38-461f-bb28-7ce97614827b	chr20	48738472	48753326	1	1	0
55309aec-7f38-461f-bb28-7ce97614827b	chr20	48753992	59776574	3	2	1
55309aec-7f38-461f-bb28-7ce97614827b	chr20	59777735	59780318	1	1	0
55309aec-7f38-461f-bb28-7ce97614827b	chr20	59780736	64260467	3	2	1
55309aec-7f38-461f-bb28-7ce97614827b	chr20	64261403	64324800	1	1	0
55309aec-7f38-461f-bb28-7ce97614827b	chr21	12973348	46677045	3	2	1
55309aec-7f38-461f-bb28-7ce97614827b	chr22	16392123	37581275	4	2	2
55309aec-7f38-461f-bb28-7ce97614827b	chr22	37581298	37681711	7	5	2
55309aec-7f38-461f-bb28-7ce97614827b	chr22	37681985	42278733	3	2	1
55309aec-7f38-461f-bb28-7ce97614827b	chr22	42285854	42931520	1	1	0
55309aec-7f38-461f-bb28-7ce97614827b	chr22	42932413	46063724	2	2	0
55309aec-7f38-461f-bb28-7ce97614827b	chr22	46066795	50796027	4	2	2
55309aec-7f38-461f-bb28-7ce97614827b	chrX	251810	359845	3	2	1
55309aec-7f38-461f-bb28-7ce97614827b	chrX	372540	701944	4	2	2
55309aec-7f38-461f-bb28-7ce97614827b	chrX	702474	721274	3	2	1
55309aec-7f38-461f-bb28-7ce97614827b	chrX	721352	786390	4	2	2
55309aec-7f38-461f-bb28-7ce97614827b	chrX	809468	956301	2	1	1
55309aec-7f38-461f-bb28-7ce97614827b	chrX	959750	1401031	6	3	3
55309aec-7f38-461f-bb28-7ce97614827b	chrX	1401237	1478856	3	2	1
55309aec-7f38-461f-bb28-7ce97614827b	chrX	1479705	1938120	5	3	2
55309aec-7f38-461f-bb28-7ce97614827b	chrX	1939670	2432545	3	2	1
55309aec-7f38-461f-bb28-7ce97614827b	chrX	2440099	2467531	6	3	3
55309aec-7f38-461f-bb28-7ce97614827b	chrX	2467555	2634737	4	2	2
55309aec-7f38-461f-bb28-7ce97614827b	chrX	2639107	2653684	5	3	2
55309aec-7f38-461f-bb28-7ce97614827b	chrX	2656935	2735511	4	2	2
55309aec-7f38-461f-bb28-7ce97614827b	chrX	2735872	2775583	6	3	3
55309aec-7f38-461f-bb28-7ce97614827b	chrX	2776199	79544281	1	1	0
55309aec-7f38-461f-bb28-7ce97614827b	chrX	79546631	95949620	2	2	0
55309aec-7f38-461f-bb28-7ce97614827b	chrX	95949771	140756113	1	1	0
55309aec-7f38-461f-bb28-7ce97614827b	chrX	140756249	145831294	2	2	0
55309aec-7f38-461f-bb28-7ce97614827b	chrX	145831525	155734393	1	1	0
55309aec-7f38-461f-bb28-7ce97614827b	chrX	155734427	156004181	4	2	2
55309aec-7f38-461f-bb28-7ce97614827b	chrY	2782397	26653788	4	3	1
55309aec-7f38-461f-bb28-7ce97614827b	chrY	56872112	56872112	4	4	0
45b6fb5b-6907-4ce8-a3e8-78336d4a70e6	chr1	61735	35833521	1	1	0
45b6fb5b-6907-4ce8-a3e8-78336d4a70e6	chr1	35841797	248930189	2	1	1
45b6fb5b-6907-4ce8-a3e8-78336d4a70e6	chr2	12784	108342858	2	1	1
45b6fb5b-6907-4ce8-a3e8-78336d4a70e6	chr2	108343053	108443825	1	1	0
45b6fb5b-6907-4ce8-a3e8-78336d4a70e6	chr2	108445163	113741786	2	1	1
45b6fb5b-6907-4ce8-a3e8-78336d4a70e6	chr2	113742028	116237351	3	2	1
45b6fb5b-6907-4ce8-a3e8-78336d4a70e6	chr2	116237365	242147305	2	1	1
45b6fb5b-6907-4ce8-a3e8-78336d4a70e6	chr3	18667	8255855	2	1	1
45b6fb5b-6907-4ce8-a3e8-78336d4a70e6	chr3	8257495	90169207	1	1	0
45b6fb5b-6907-4ce8-a3e8-78336d4a70e6	chr3	90186901	198169247	2	1	1
45b6fb5b-6907-4ce8-a3e8-78336d4a70e6	chr4	12281	190106768	1	1	0
45b6fb5b-6907-4ce8-a3e8-78336d4a70e6	chr5	15532	181363319	2	1	1
45b6fb5b-6907-4ce8-a3e8-78336d4a70e6	chr6	149661	50803261	1	1	0
45b6fb5b-6907-4ce8-a3e8-78336d4a70e6	chr6	50807005	51456318	2	1	1
45b6fb5b-6907-4ce8-a3e8-78336d4a70e6	chr6	51459503	64284821	1	1	0
45b6fb5b-6907-4ce8-a3e8-78336d4a70e6	chr6	64286134	67117556	2	1	1
45b6fb5b-6907-4ce8-a3e8-78336d4a70e6	chr6	67120640	170741917	1	1	0
45b6fb5b-6907-4ce8-a3e8-78336d4a70e6	chr7	43259	6641375	2	1	1
45b6fb5b-6907-4ce8-a3e8-78336d4a70e6	chr7	6648102	34986812	3	2	1
45b6fb5b-6907-4ce8-a3e8-78336d4a70e6	chr7	34987813	36774324	2	1	1
45b6fb5b-6907-4ce8-a3e8-78336d4a70e6	chr7	36775255	69671583	3	2	1
45b6fb5b-6907-4ce8-a3e8-78336d4a70e6	chr7	69672584	69745537	1	1	0
45b6fb5b-6907-4ce8-a3e8-78336d4a70e6	chr7	69754018	159334314	3	2	1
45b6fb5b-6907-4ce8-a3e8-78336d4a70e6	chr8	81254	114343362	1	1	0
45b6fb5b-6907-4ce8-a3e8-78336d4a70e6	chr8	114343955	145072769	2	1	1
45b6fb5b-6907-4ce8-a3e8-78336d4a70e6	chr9	46587	138200944	2	1	1
45b6fb5b-6907-4ce8-a3e8-78336d4a70e6	chr10	26823	18335159	1	1	0
45b6fb5b-6907-4ce8-a3e8-78336d4a70e6	chr10	18335236	34145453	2	1	1
45b6fb5b-6907-4ce8-a3e8-78336d4a70e6	chr10	34146737	35110891	3	2	1
45b6fb5b-6907-4ce8-a3e8-78336d4a70e6	chr10	35112233	36385126	2	1	1
45b6fb5b-6907-4ce8-a3e8-78336d4a70e6	chr10	36386435	37368788	1	1	0
45b6fb5b-6907-4ce8-a3e8-78336d4a70e6	chr10	37374472	88471164	3	2	1
45b6fb5b-6907-4ce8-a3e8-78336d4a70e6	chr10	88471582	133769379	2	2	0
45b6fb5b-6907-4ce8-a3e8-78336d4a70e6	chr11	198572	4365696	2	1	1
45b6fb5b-6907-4ce8-a3e8-78336d4a70e6	chr11	4367675	4451386	1	1	0
45b6fb5b-6907-4ce8-a3e8-78336d4a70e6	chr11	4451541	50710522	2	1	1
45b6fb5b-6907-4ce8-a3e8-78336d4a70e6	chr11	50723208	56927083	3	2	1
45b6fb5b-6907-4ce8-a3e8-78336d4a70e6	chr11	56927217	58302471	1	1	0
45b6fb5b-6907-4ce8-a3e8-78336d4a70e6	chr11	58303719	61032629	3	2	1
45b6fb5b-6907-4ce8-a3e8-78336d4a70e6	chr11	61033657	62818434	4	3	1
45b6fb5b-6907-4ce8-a3e8-78336d4a70e6	chr11	62821899	63752345	3	2	1
45b6fb5b-6907-4ce8-a3e8-78336d4a70e6	chr11	63756366	64495311	5	4	1
45b6fb5b-6907-4ce8-a3e8-78336d4a70e6	chr11	64500812	65764182	2	1	1
45b6fb5b-6907-4ce8-a3e8-78336d4a70e6	chr11	65769685	66139024	1	1	0
45b6fb5b-6907-4ce8-a3e8-78336d4a70e6	chr11	66142658	72144101	2	1	1
45b6fb5b-6907-4ce8-a3e8-78336d4a70e6	chr11	72146329	135074876	1	1	0
45b6fb5b-6907-4ce8-a3e8-78336d4a70e6	chr12	51460	133201603	2	1	1
45b6fb5b-6907-4ce8-a3e8-78336d4a70e6	chr13	18452809	114342922	1	1	0
45b6fb5b-6907-4ce8-a3e8-78336d4a70e6	chr14	18225647	64518612	2	1	1
45b6fb5b-6907-4ce8-a3e8-78336d4a70e6	chr14	64519010	106877229	1	1	0
45b6fb5b-6907-4ce8-a3e8-78336d4a70e6	chr15	19811075	101928837	2	1	1
45b6fb5b-6907-4ce8-a3e8-78336d4a70e6	chr16	10777	90221127	2	1	1
45b6fb5b-6907-4ce8-a3e8-78336d4a70e6	chr17	150733	22728514	1	1	0
45b6fb5b-6907-4ce8-a3e8-78336d4a70e6	chr17	22736323	83090856	3	2	1
45b6fb5b-6907-4ce8-a3e8-78336d4a70e6	chr18	48133	7192319	2	1	1
45b6fb5b-6907-4ce8-a3e8-78336d4a70e6	chr18	7196224	10701643	1	1	0
45b6fb5b-6907-4ce8-a3e8-78336d4a70e6	chr18	10701701	10873170	2	1	1
45b6fb5b-6907-4ce8-a3e8-78336d4a70e6	chr18	10878263	15402409	1	1	0
45b6fb5b-6907-4ce8-a3e8-78336d4a70e6	chr18	20949392	80257174	2	1	1
45b6fb5b-6907-4ce8-a3e8-78336d4a70e6	chr19	90910	58586487	2	1	1
45b6fb5b-6907-4ce8-a3e8-78336d4a70e6	chr20	80664	64324800	2	1	1
45b6fb5b-6907-4ce8-a3e8-78336d4a70e6	chr21	10336543	46677045	2	1	1
45b6fb5b-6907-4ce8-a3e8-78336d4a70e6	chr22	15294545	50796027	2	1	1
45b6fb5b-6907-4ce8-a3e8-78336d4a70e6	chrX	251810	2785350	2	1	1
45b6fb5b-6907-4ce8-a3e8-78336d4a70e6	chrX	2785592	155683544	1	1	0
45b6fb5b-6907-4ce8-a3e8-78336d4a70e6	chrX	155686314	156004181	2	1	1
d8236305-5c49-40ca-9d4b-beab48924997	chr1	62920	29972203	1	1	0
d8236305-5c49-40ca-9d4b-beab48924997	chr1	29972784	115075432	2	1	1
d8236305-5c49-40ca-9d4b-beab48924997	chr1	115076255	115083664	1	1	0
d8236305-5c49-40ca-9d4b-beab48924997	chr1	115085609	181063095	2	1	1
d8236305-5c49-40ca-9d4b-beab48924997	chr1	181063169	181183258	3	2	1
d8236305-5c49-40ca-9d4b-beab48924997	chr1	181184298	182198836	2	1	1
d8236305-5c49-40ca-9d4b-beab48924997	chr1	182202298	182215576	1	1	0
d8236305-5c49-40ca-9d4b-beab48924997	chr1	182216225	214790804	2	1	1
d8236305-5c49-40ca-9d4b-beab48924997	chr1	214791758	214800147	5	3	2
d8236305-5c49-40ca-9d4b-beab48924997	chr1	214801395	248930189	2	1	1
d8236305-5c49-40ca-9d4b-beab48924997	chr2	12784	29852145	3	2	1
d8236305-5c49-40ca-9d4b-beab48924997	chr2	29852185	29867763	6	4	2
d8236305-5c49-40ca-9d4b-beab48924997	chr2	29868729	50275764	3	2	1
d8236305-5c49-40ca-9d4b-beab48924997	chr2	50275899	50285801	1	1	0
d8236305-5c49-40ca-9d4b-beab48924997	chr2	50285921	64438201	3	2	1
d8236305-5c49-40ca-9d4b-beab48924997	chr2	64440674	64459805	1	1	0
d8236305-5c49-40ca-9d4b-beab48924997	chr2	64460643	70198457	3	2	1
d8236305-5c49-40ca-9d4b-beab48924997	chr2	70200325	125435620	2	1	1
d8236305-5c49-40ca-9d4b-beab48924997	chr2	125435917	125480532	1	1	0
d8236305-5c49-40ca-9d4b-beab48924997	chr2	125480938	126618414	2	1	1
d8236305-5c49-40ca-9d4b-beab48924997	chr2	126618674	126626337	1	1	0
d8236305-5c49-40ca-9d4b-beab48924997	chr2	126627158	127162808	2	1	1
d8236305-5c49-40ca-9d4b-beab48924997	chr2	127164656	127173848	0	0	0
d8236305-5c49-40ca-9d4b-beab48924997	chr2	127173886	132390662	2	1	1
d8236305-5c49-40ca-9d4b-beab48924997	chr2	132391161	133923847	3	2	1
d8236305-5c49-40ca-9d4b-beab48924997	chr2	133924987	133934939	3	3	0
d8236305-5c49-40ca-9d4b-beab48924997	chr2	133936186	146104517	2	1	1
d8236305-5c49-40ca-9d4b-beab48924997	chr2	146106836	146109366	0	0	0
d8236305-5c49-40ca-9d4b-beab48924997	chr2	146120238	154357840	2	1	1
d8236305-5c49-40ca-9d4b-beab48924997	chr2	154361936	154382623	4	2	2
d8236305-5c49-40ca-9d4b-beab48924997	chr2	154382727	154981871	2	1	1
d8236305-5c49-40ca-9d4b-beab48924997	chr2	154982808	155001694	2	2	0
d8236305-5c49-40ca-9d4b-beab48924997	chr2	155002022	162245841	1	1	0
d8236305-5c49-40ca-9d4b-beab48924997	chr2	162246718	171707080	2	1	1
d8236305-5c49-40ca-9d4b-beab48924997	chr2	171707511	177003866	3	2	1
d8236305-5c49-40ca-9d4b-beab48924997	chr2	177004399	177262004	2	1	1
d8236305-5c49-40ca-9d4b-beab48924997	chr2	177266968	180332026	3	2	1
d8236305-5c49-40ca-9d4b-beab48924997	chr2	180334106	181398122	2	1	1
d8236305-5c49-40ca-9d4b-beab48924997	chr2	181399224	184548316	1	1	0
d8236305-5c49-40ca-9d4b-beab48924997	chr2	184548638	186934061	2	1	1
d8236305-5c49-40ca-9d4b-beab48924997	chr2	186936827	186979205	2	2	0
d8236305-5c49-40ca-9d4b-beab48924997	chr2	186982244	188987161	1	1	0
d8236305-5c49-40ca-9d4b-beab48924997	chr2	188987389	192589831	2	1	1
d8236305-5c49-40ca-9d4b-beab48924997	chr2	192590044	195357235	1	1	0
d8236305-5c49-40ca-9d4b-beab48924997	chr2	195357342	197940461	2	1	1
d8236305-5c49-40ca-9d4b-beab48924997	chr2	197943684	201091741	3	2	1
d8236305-5c49-40ca-9d4b-beab48924997	chr2	201096103	207307252	2	1	1
d8236305-5c49-40ca-9d4b-beab48924997	chr2	207308207	207675100	1	1	0
d8236305-5c49-40ca-9d4b-beab48924997	chr2	207678769	208325188	2	1	1
d8236305-5c49-40ca-9d4b-beab48924997	chr2	208327037	211321697	1	1	0
d8236305-5c49-40ca-9d4b-beab48924997	chr2	211326410	219171103	2	1	1
d8236305-5c49-40ca-9d4b-beab48924997	chr2	219175608	230213930	1	1	0
d8236305-5c49-40ca-9d4b-beab48924997	chr2	230214061	230797579	2	1	1
d8236305-5c49-40ca-9d4b-beab48924997	chr2	230798380	233506470	3	2	1
d8236305-5c49-40ca-9d4b-beab48924997	chr2	233507065	237978978	2	1	1
d8236305-5c49-40ca-9d4b-beab48924997	chr2	237980625	242147305	3	2	1
d8236305-5c49-40ca-9d4b-beab48924997	chr3	20930	13608165	1	1	0
d8236305-5c49-40ca-9d4b-beab48924997	chr3	13608262	13682268	2	2	0
d8236305-5c49-40ca-9d4b-beab48924997	chr3	13684807	13690449	0	0	0
d8236305-5c49-40ca-9d4b-beab48924997	chr3	13690773	99225632	1	1	0
d8236305-5c49-40ca-9d4b-beab48924997	chr3	99225667	99230212	0	0	0
d8236305-5c49-40ca-9d4b-beab48924997	chr3	99230225	111782338	1	1	0
d8236305-5c49-40ca-9d4b-beab48924997	chr3	111785177	156382755	2	1	1
d8236305-5c49-40ca-9d4b-beab48924997	chr3	156387295	156393585	4	2	2
d8236305-5c49-40ca-9d4b-beab48924997	chr3	156393844	186443121	2	1	1
d8236305-5c49-40ca-9d4b-beab48924997	chr3	186445130	186463815	1	1	0
d8236305-5c49-40ca-9d4b-beab48924997	chr3	186464111	198169247	2	1	1
d8236305-5c49-40ca-9d4b-beab48924997	chr4	68929	1627922	2	1	1
d8236305-5c49-40ca-9d4b-beab48924997	chr4	1627962	2033971	3	2	1
d8236305-5c49-40ca-9d4b-beab48924997	chr4	2052592	114252544	2	1	1
d8236305-5c49-40ca-9d4b-beab48924997	chr4	114254167	114261019	0	0	0
d8236305-5c49-40ca-9d4b-beab48924997	chr4	114263073	137171041	2	1	1
d8236305-5c49-40ca-9d4b-beab48924997	chr4	137171085	137173967	0	0	0
d8236305-5c49-40ca-9d4b-beab48924997	chr4	137187209	190106768	2	1	1
d8236305-5c49-40ca-9d4b-beab48924997	chr5	15532	9661429	1	1	0
d8236305-5c49-40ca-9d4b-beab48924997	chr5	9661824	96593829	2	1	1
d8236305-5c49-40ca-9d4b-beab48924997	chr5	96594860	96709966	1	1	0
d8236305-5c49-40ca-9d4b-beab48924997	chr5	96717901	107919038	2	1	1
d8236305-5c49-40ca-9d4b-beab48924997	chr5	107920536	107962858	3	2	1
d8236305-5c49-40ca-9d4b-beab48924997	chr5	107963219	114139074	2	1	1
d8236305-5c49-40ca-9d4b-beab48924997	chr5	114143038	129488634	3	2	1
d8236305-5c49-40ca-9d4b-beab48924997	chr5	129492082	151380464	4	3	1
d8236305-5c49-40ca-9d4b-beab48924997	chr5	151380721	151397487	8	6	2
d8236305-5c49-40ca-9d4b-beab48924997	chr5	151398237	167039371	4	3	1
d8236305-5c49-40ca-9d4b-beab48924997	chr5	167039464	167181530	5	4	1
d8236305-5c49-40ca-9d4b-beab48924997	chr5	167185195	167197201	5	5	0
d8236305-5c49-40ca-9d4b-beab48924997	chr5	167199424	170520866	3	2	1
d8236305-5c49-40ca-9d4b-beab48924997	chr5	170521026	170986974	4	3	1
d8236305-5c49-40ca-9d4b-beab48924997	chr5	170990315	181363319	3	2	1
d8236305-5c49-40ca-9d4b-beab48924997	chr6	149661	3554632	1	1	0
d8236305-5c49-40ca-9d4b-beab48924997	chr6	3559579	30507638	2	2	0
d8236305-5c49-40ca-9d4b-beab48924997	chr6	30507940	30544386	0	0	0
d8236305-5c49-40ca-9d4b-beab48924997	chr6	30559068	32811611	2	2	0
d8236305-5c49-40ca-9d4b-beab48924997	chr6	32813656	32824916	1	1	0
d8236305-5c49-40ca-9d4b-beab48924997	chr6	32826204	35720783	2	2	0
d8236305-5c49-40ca-9d4b-beab48924997	chr6	35720842	45896089	2	1	1
d8236305-5c49-40ca-9d4b-beab48924997	chr6	45896768	45931284	3	2	1
d8236305-5c49-40ca-9d4b-beab48924997	chr6	45932086	71898580	2	1	1
d8236305-5c49-40ca-9d4b-beab48924997	chr6	71899375	122340193	1	1	0
d8236305-5c49-40ca-9d4b-beab48924997	chr6	122348687	122365436	2	2	0
d8236305-5c49-40ca-9d4b-beab48924997	chr6	122365441	153684741	1	1	0
d8236305-5c49-40ca-9d4b-beab48924997	chr6	153684778	153686471	0	0	0
d8236305-5c49-40ca-9d4b-beab48924997	chr6	153686484	170741917	1	1	0
d8236305-5c49-40ca-9d4b-beab48924997	chr7	43259	18779052	3	2	1
d8236305-5c49-40ca-9d4b-beab48924997	chr7	18779183	18791642	5	3	2
d8236305-5c49-40ca-9d4b-beab48924997	chr7	18791841	35358012	3	2	1
d8236305-5c49-40ca-9d4b-beab48924997	chr7	35358037	35365086	1	1	0
d8236305-5c49-40ca-9d4b-beab48924997	chr7	35366118	42717096	3	2	1
d8236305-5c49-40ca-9d4b-beab48924997	chr7	42717691	77307636	2	1	1
d8236305-5c49-40ca-9d4b-beab48924997	chr7	77308656	77330883	4	2	2
d8236305-5c49-40ca-9d4b-beab48924997	chr7	77331502	107854213	2	1	1
d8236305-5c49-40ca-9d4b-beab48924997	chr7	107854646	107856940	1	1	0
d8236305-5c49-40ca-9d4b-beab48924997	chr7	107857311	159334314	2	1	1
d8236305-5c49-40ca-9d4b-beab48924997	chr8	81254	74174970	2	1	1
d8236305-5c49-40ca-9d4b-beab48924997	chr8	74175031	74215475	1	1	0
d8236305-5c49-40ca-9d4b-beab48924997	chr8	74216315	78122531	2	1	1
d8236305-5c49-40ca-9d4b-beab48924997	chr8	78122621	139570997	3	2	1
d8236305-5c49-40ca-9d4b-beab48924997	chr8	139571559	139573160	1	1	0
d8236305-5c49-40ca-9d4b-beab48924997	chr8	139573283	142706581	3	2	1
d8236305-5c49-40ca-9d4b-beab48924997	chr8	142707667	142874831	4	3	1
d8236305-5c49-40ca-9d4b-beab48924997	chr8	142877834	145072769	3	2	1
d8236305-5c49-40ca-9d4b-beab48924997	chr9	46587	83290105	1	1	0
d8236305-5c49-40ca-9d4b-beab48924997	chr9	83290145	83295597	0	0	0
d8236305-5c49-40ca-9d4b-beab48924997	chr9	83296035	110953698	1	1	0
d8236305-5c49-40ca-9d4b-beab48924997	chr9	110954255	110979640	0	0	0
d8236305-5c49-40ca-9d4b-beab48924997	chr9	110980024	138200944	1	1	0
d8236305-5c49-40ca-9d4b-beab48924997	chr10	45792	819671	2	1	1
d8236305-5c49-40ca-9d4b-beab48924997	chr10	823011	1006012	1	1	0
d8236305-5c49-40ca-9d4b-beab48924997	chr10	1006308	15147308	2	1	1
d8236305-5c49-40ca-9d4b-beab48924997	chr10	15148877	15377960	1	1	0
d8236305-5c49-40ca-9d4b-beab48924997	chr10	15382174	16656926	2	1	1
d8236305-5c49-40ca-9d4b-beab48924997	chr10	16657069	16806474	1	1	0
d8236305-5c49-40ca-9d4b-beab48924997	chr10	16808796	23567875	2	1	1
d8236305-5c49-40ca-9d4b-beab48924997	chr10	23568594	23580778	1	1	0
d8236305-5c49-40ca-9d4b-beab48924997	chr10	23580965	29773422	2	1	1
d8236305-5c49-40ca-9d4b-beab48924997	chr10	29773786	29787540	1	1	0
d8236305-5c49-40ca-9d4b-beab48924997	chr10	29789554	44514712	2	1	1
d8236305-5c49-40ca-9d4b-beab48924997	chr10	44514848	44579410	3	2	1
d8236305-5c49-40ca-9d4b-beab48924997	chr10	44582663	93541628	2	1	1
d8236305-5c49-40ca-9d4b-beab48924997	chr10	93542025	93562287	1	1	0
d8236305-5c49-40ca-9d4b-beab48924997	chr10	93564746	93834258	2	1	1
d8236305-5c49-40ca-9d4b-beab48924997	chr10	93835407	93848317	4	2	2
d8236305-5c49-40ca-9d4b-beab48924997	chr10	93849444	130889987	2	1	1
d8236305-5c49-40ca-9d4b-beab48924997	chr10	130894859	130915130	1	1	0
d8236305-5c49-40ca-9d4b-beab48924997	chr10	130915610	132183081	2	1	1
d8236305-5c49-40ca-9d4b-beab48924997	chr10	132183527	132215052	4	2	2
d8236305-5c49-40ca-9d4b-beab48924997	chr10	132215263	133654968	2	1	1
d8236305-5c49-40ca-9d4b-beab48924997	chr11	198510	48370797	2	1	1
d8236305-5c49-40ca-9d4b-beab48924997	chr11	48372339	49910164	1	1	0
d8236305-5c49-40ca-9d4b-beab48924997	chr11	49910482	69997924	2	1	1
d8236305-5c49-40ca-9d4b-beab48924997	chr11	69998007	70003219	1	1	0
d8236305-5c49-40ca-9d4b-beab48924997	chr11	70003258	107175966	2	1	1
d8236305-5c49-40ca-9d4b-beab48924997	chr11	107177270	107245057	3	2	1
d8236305-5c49-40ca-9d4b-beab48924997	chr11	107245352	109742307	2	1	1
d8236305-5c49-40ca-9d4b-beab48924997	chr11	109744893	135074876	1	1	0
d8236305-5c49-40ca-9d4b-beab48924997	chr12	51460	1624880	2	1	1
d8236305-5c49-40ca-9d4b-beab48924997	chr12	1625104	1634130	3	2	1
d8236305-5c49-40ca-9d4b-beab48924997	chr12	1634390	9477960	2	1	1
d8236305-5c49-40ca-9d4b-beab48924997	chr12	9481274	9575696	0	0	0
d8236305-5c49-40ca-9d4b-beab48924997	chr12	9582373	15058280	2	1	1
d8236305-5c49-40ca-9d4b-beab48924997	chr12	15058549	15127522	3	2	1
d8236305-5c49-40ca-9d4b-beab48924997	chr12	15127981	32814033	2	1	1
d8236305-5c49-40ca-9d4b-beab48924997	chr12	32815402	32951222	1	1	0
d8236305-5c49-40ca-9d4b-beab48924997	chr12	32953079	52526630	2	1	1
d8236305-5c49-40ca-9d4b-beab48924997	chr12	52527431	52531875	5	3	2
d8236305-5c49-40ca-9d4b-beab48924997	chr12	52532185	52546044	1	1	0
d8236305-5c49-40ca-9d4b-beab48924997	chr12	52546945	87341626	2	1	1
d8236305-5c49-40ca-9d4b-beab48924997	chr12	87344288	133201603	1	1	0
d8236305-5c49-40ca-9d4b-beab48924997	chr13	18452809	19021274	1	1	0
d8236305-5c49-40ca-9d4b-beab48924997	chr13	19022192	19030298	3	3	0
d8236305-5c49-40ca-9d4b-beab48924997	chr13	19030345	38952455	1	1	0
d8236305-5c49-40ca-9d4b-beab48924997	chr13	38953065	38962279	2	2	0
d8236305-5c49-40ca-9d4b-beab48924997	chr13	38962460	78439016	1	1	0
d8236305-5c49-40ca-9d4b-beab48924997	chr13	78439182	78443114	0	0	0
d8236305-5c49-40ca-9d4b-beab48924997	chr13	78444669	114342922	1	1	0
d8236305-5c49-40ca-9d4b-beab48924997	chr14	18239283	95753846	1	1	0
d8236305-5c49-40ca-9d4b-beab48924997	chr14	95754100	95758887	0	0	0
d8236305-5c49-40ca-9d4b-beab48924997	chr14	95759281	106877229	1	1	0
d8236305-5c49-40ca-9d4b-beab48924997	chr15	19811075	45223505	2	1	1
d8236305-5c49-40ca-9d4b-beab48924997	chr15	45224975	45237451	1	1	0
d8236305-5c49-40ca-9d4b-beab48924997	chr15	45237569	45655421	2	1	1
d8236305-5c49-40ca-9d4b-beab48924997	chr15	45656186	45660264	0	0	0
d8236305-5c49-40ca-9d4b-beab48924997	chr15	45661374	54663861	2	1	1
d8236305-5c49-40ca-9d4b-beab48924997	chr15	54664404	54693341	1	1	0
d8236305-5c49-40ca-9d4b-beab48924997	chr15	54694489	76033735	2	1	1
d8236305-5c49-40ca-9d4b-beab48924997	chr15	76034453	76598900	3	2	1
d8236305-5c49-40ca-9d4b-beab48924997	chr15	76599170	76603003	0	0	0
d8236305-5c49-40ca-9d4b-beab48924997	chr15	76603426	101928837	3	2	1
d8236305-5c49-40ca-9d4b-beab48924997	chr16	10777	81213509	2	1	1
d8236305-5c49-40ca-9d4b-beab48924997	chr16	81218190	81228911	1	1	0
d8236305-5c49-40ca-9d4b-beab48924997	chr16	81229428	90096867	2	1	1
d8236305-5c49-40ca-9d4b-beab48924997	chr17	150733	33121216	2	1	1
d8236305-5c49-40ca-9d4b-beab48924997	chr17	33121710	33137252	3	2	1
d8236305-5c49-40ca-9d4b-beab48924997	chr17	33139373	34701671	2	1	1
d8236305-5c49-40ca-9d4b-beab48924997	chr17	34702551	34730635	3	2	1
d8236305-5c49-40ca-9d4b-beab48924997	chr17	34737585	73837982	2	1	1
d8236305-5c49-40ca-9d4b-beab48924997	chr17	73838033	73842624	0	0	0
d8236305-5c49-40ca-9d4b-beab48924997	chr17	73843149	83024815	2	1	1
d8236305-5c49-40ca-9d4b-beab48924997	chr17	83026199	83046894	1	1	0
d8236305-5c49-40ca-9d4b-beab48924997	chr17	83048410	83091923	2	1	1
d8236305-5c49-40ca-9d4b-beab48924997	chr18	48133	41382682	2	2	0
d8236305-5c49-40ca-9d4b-beab48924997	chr18	41383036	59553983	1	1	0
d8236305-5c49-40ca-9d4b-beab48924997	chr18	59554374	80257174	2	2	0
d8236305-5c49-40ca-9d4b-beab48924997	chr19	90910	17593831	2	1	1
d8236305-5c49-40ca-9d4b-beab48924997	chr19	17594083	17684606	1	1	0
d8236305-5c49-40ca-9d4b-beab48924997	chr19	17684756	19190150	3	2	1
d8236305-5c49-40ca-9d4b-beab48924997	chr19	19190309	41801881	2	1	1
d8236305-5c49-40ca-9d4b-beab48924997	chr19	41802111	41809790	4	2	2
d8236305-5c49-40ca-9d4b-beab48924997	chr19	41812198	58586487	2	1	1
d8236305-5c49-40ca-9d4b-beab48924997	chr20	80664	9611616	2	1	1
d8236305-5c49-40ca-9d4b-beab48924997	chr20	9611691	9615640	0	0	0
d8236305-5c49-40ca-9d4b-beab48924997	chr20	9615698	64324800	2	1	1
d8236305-5c49-40ca-9d4b-beab48924997	chr21	12973348	46677045	1	1	0
d8236305-5c49-40ca-9d4b-beab48924997	chr22	16392123	32179162	2	1	1
d8236305-5c49-40ca-9d4b-beab48924997	chr22	32179227	32189600	1	1	0
d8236305-5c49-40ca-9d4b-beab48924997	chr22	32192365	50796027	2	1	1
d8236305-5c49-40ca-9d4b-beab48924997	chrX	251810	34011782	2	1	1
d8236305-5c49-40ca-9d4b-beab48924997	chrX	34011813	34020958	4	2	2
d8236305-5c49-40ca-9d4b-beab48924997	chrX	34021471	35640420	2	1	1
d8236305-5c49-40ca-9d4b-beab48924997	chrX	35641321	35661895	4	2	2
d8236305-5c49-40ca-9d4b-beab48924997	chrX	35662780	83009777	2	1	1
d8236305-5c49-40ca-9d4b-beab48924997	chrX	83009813	83181287	3	2	1
d8236305-5c49-40ca-9d4b-beab48924997	chrX	83182194	84151618	1	1	0
d8236305-5c49-40ca-9d4b-beab48924997	chrX	84156508	156004181	2	1	1
d8236305-5c49-40ca-9d4b-beab48924997	chrY	2782397	26653788	0	0	0
d8236305-5c49-40ca-9d4b-beab48924997	chrY	56872112	56872112	1	1	0
fd7543b9-1dc4-455e-916e-ffce01532ee7	chr1	62920	2394195	4	2	2
fd7543b9-1dc4-455e-916e-ffce01532ee7	chr1	2395179	7567620	2	2	0
fd7543b9-1dc4-455e-916e-ffce01532ee7	chr1	7567847	10293312	0	0	0
fd7543b9-1dc4-455e-916e-ffce01532ee7	chr1	10297348	31394527	2	2	0
fd7543b9-1dc4-455e-916e-ffce01532ee7	chr1	31396272	31487004	1	1	0
fd7543b9-1dc4-455e-916e-ffce01532ee7	chr1	31493478	75245106	4	2	2
fd7543b9-1dc4-455e-916e-ffce01532ee7	chr1	75245818	75249898	2	1	1
fd7543b9-1dc4-455e-916e-ffce01532ee7	chr1	75251240	81117697	4	2	2
fd7543b9-1dc4-455e-916e-ffce01532ee7	chr1	81124570	81132435	7	4	3
fd7543b9-1dc4-455e-916e-ffce01532ee7	chr1	81132679	89363037	4	2	2
fd7543b9-1dc4-455e-916e-ffce01532ee7	chr1	89363157	89940735	4	3	1
fd7543b9-1dc4-455e-916e-ffce01532ee7	chr1	89944072	121705338	4	2	2
fd7543b9-1dc4-455e-916e-ffce01532ee7	chr1	143541857	152736143	6	4	2
fd7543b9-1dc4-455e-916e-ffce01532ee7	chr1	152740271	152777415	9	6	3
fd7543b9-1dc4-455e-916e-ffce01532ee7	chr1	152777780	156682525	6	4	2
fd7543b9-1dc4-455e-916e-ffce01532ee7	chr1	156686516	156836208	3	2	1
fd7543b9-1dc4-455e-916e-ffce01532ee7	chr1	156839189	156843858	11	11	0
fd7543b9-1dc4-455e-916e-ffce01532ee7	chr1	156847982	159856829	4	2	2
fd7543b9-1dc4-455e-916e-ffce01532ee7	chr1	159858520	185367130	6	4	2
fd7543b9-1dc4-455e-916e-ffce01532ee7	chr1	185367163	193614932	7	5	2
fd7543b9-1dc4-455e-916e-ffce01532ee7	chr1	193615020	193794823	7	6	1
fd7543b9-1dc4-455e-916e-ffce01532ee7	chr1	193795431	197623769	7	5	2
fd7543b9-1dc4-455e-916e-ffce01532ee7	chr1	197624081	214454973	6	4	2
fd7543b9-1dc4-455e-916e-ffce01532ee7	chr1	214457488	214469086	10	8	2
fd7543b9-1dc4-455e-916e-ffce01532ee7	chr1	214471428	216493522	7	5	2
fd7543b9-1dc4-455e-916e-ffce01532ee7	chr1	216493783	216666747	10	5	5
fd7543b9-1dc4-455e-916e-ffce01532ee7	chr1	216666772	217007128	7	5	2
fd7543b9-1dc4-455e-916e-ffce01532ee7	chr1	217011073	217960216	9	5	4
fd7543b9-1dc4-455e-916e-ffce01532ee7	chr1	217962614	232922001	6	4	2
fd7543b9-1dc4-455e-916e-ffce01532ee7	chr1	232924009	232945045	13	9	4
fd7543b9-1dc4-455e-916e-ffce01532ee7	chr1	232945847	248930189	6	4	2
fd7543b9-1dc4-455e-916e-ffce01532ee7	chr2	12784	64436348	4	2	2
fd7543b9-1dc4-455e-916e-ffce01532ee7	chr2	64436848	64530529	3	2	1
fd7543b9-1dc4-455e-916e-ffce01532ee7	chr2	64531276	77978141	4	2	2
fd7543b9-1dc4-455e-916e-ffce01532ee7	chr2	77979014	81161308	3	2	1
fd7543b9-1dc4-455e-916e-ffce01532ee7	chr2	81165042	81800300	5	3	2
fd7543b9-1dc4-455e-916e-ffce01532ee7	chr2	81800643	126604482	4	2	2
fd7543b9-1dc4-455e-916e-ffce01532ee7	chr2	126608179	126619318	1	1	0
fd7543b9-1dc4-455e-916e-ffce01532ee7	chr2	126621043	126622311	2	1	1
fd7543b9-1dc4-455e-916e-ffce01532ee7	chr2	126622793	152054658	4	2	2
fd7543b9-1dc4-455e-916e-ffce01532ee7	chr2	152054824	152081921	2	1	1
fd7543b9-1dc4-455e-916e-ffce01532ee7	chr2	152083033	166720850	4	2	2
fd7543b9-1dc4-455e-916e-ffce01532ee7	chr2	166721362	167738456	5	3	2
fd7543b9-1dc4-455e-916e-ffce01532ee7	chr2	167739273	240197169	4	2	2
fd7543b9-1dc4-455e-916e-ffce01532ee7	chr2	240201154	241350071	6	4	2
fd7543b9-1dc4-455e-916e-ffce01532ee7	chr2	241351844	242147305	4	2	2
fd7543b9-1dc4-455e-916e-ffce01532ee7	chr3	20930	23947348	2	2	0
fd7543b9-1dc4-455e-916e-ffce01532ee7	chr3	23948750	24191480	4	4	0
fd7543b9-1dc4-455e-916e-ffce01532ee7	chr3	24194381	100525833	2	2	0
fd7543b9-1dc4-455e-916e-ffce01532ee7	chr3	100525981	100538048	1	1	0
fd7543b9-1dc4-455e-916e-ffce01532ee7	chr3	100538284	103966267	2	2	0
fd7543b9-1dc4-455e-916e-ffce01532ee7	chr3	103969556	108505085	8	8	0
fd7543b9-1dc4-455e-916e-ffce01532ee7	chr3	108509629	152688196	2	2	0
fd7543b9-1dc4-455e-916e-ffce01532ee7	chr3	152693395	152889886	6	5	1
fd7543b9-1dc4-455e-916e-ffce01532ee7	chr3	152895514	153388694	59	58	1
fd7543b9-1dc4-455e-916e-ffce01532ee7	chr3	153401124	153693467	4	2	2
fd7543b9-1dc4-455e-916e-ffce01532ee7	chr3	153695573	156382755	2	2	0
fd7543b9-1dc4-455e-916e-ffce01532ee7	chr3	156387295	156393585	3	3	0
fd7543b9-1dc4-455e-916e-ffce01532ee7	chr3	156393844	164481379	2	2	0
fd7543b9-1dc4-455e-916e-ffce01532ee7	chr3	164481566	164605443	1	1	0
fd7543b9-1dc4-455e-916e-ffce01532ee7	chr3	164607534	198169247	2	2	0
fd7543b9-1dc4-455e-916e-ffce01532ee7	chr4	68929	31243259	4	2	2
fd7543b9-1dc4-455e-916e-ffce01532ee7	chr4	31243562	32219650	2	1	1
fd7543b9-1dc4-455e-916e-ffce01532ee7	chr4	32220380	32385093	3	2	1
fd7543b9-1dc4-455e-916e-ffce01532ee7	chr4	32386962	34812653	4	2	2
fd7543b9-1dc4-455e-916e-ffce01532ee7	chr4	34812668	34823103	0	0	0
fd7543b9-1dc4-455e-916e-ffce01532ee7	chr4	34828250	48310167	4	2	2
fd7543b9-1dc4-455e-916e-ffce01532ee7	chr4	48310373	48323533	2	1	1
fd7543b9-1dc4-455e-916e-ffce01532ee7	chr4	48323698	59533082	4	2	2
fd7543b9-1dc4-455e-916e-ffce01532ee7	chr4	59535130	59667605	3	2	1
fd7543b9-1dc4-455e-916e-ffce01532ee7	chr4	59667803	64482008	2	1	1
fd7543b9-1dc4-455e-916e-ffce01532ee7	chr4	64483432	64688617	3	2	1
fd7543b9-1dc4-455e-916e-ffce01532ee7	chr4	64688773	130829486	4	2	2
fd7543b9-1dc4-455e-916e-ffce01532ee7	chr4	130829799	132422204	3	2	1
fd7543b9-1dc4-455e-916e-ffce01532ee7	chr4	132424778	134411127	2	1	1
fd7543b9-1dc4-455e-916e-ffce01532ee7	chr4	134413430	134851145	3	2	1
fd7543b9-1dc4-455e-916e-ffce01532ee7	chr4	134854083	135068574	2	1	1
fd7543b9-1dc4-455e-916e-ffce01532ee7	chr4	135070875	135546524	3	2	1
fd7543b9-1dc4-455e-916e-ffce01532ee7	chr4	135546889	138635325	4	2	2
fd7543b9-1dc4-455e-916e-ffce01532ee7	chr4	138636788	138804969	4	3	1
fd7543b9-1dc4-455e-916e-ffce01532ee7	chr4	138805514	148195686	4	2	2
fd7543b9-1dc4-455e-916e-ffce01532ee7	chr4	148198382	148215289	3	2	1
fd7543b9-1dc4-455e-916e-ffce01532ee7	chr4	148215583	148264094	1	1	0
fd7543b9-1dc4-455e-916e-ffce01532ee7	chr4	148266597	177334891	4	2	2
fd7543b9-1dc4-455e-916e-ffce01532ee7	chr4	177338094	177737521	2	2	0
fd7543b9-1dc4-455e-916e-ffce01532ee7	chr4	177741191	178048570	0	0	0
fd7543b9-1dc4-455e-916e-ffce01532ee7	chr4	178052049	187957311	2	2	0
fd7543b9-1dc4-455e-916e-ffce01532ee7	chr4	187959277	190106768	4	2	2
fd7543b9-1dc4-455e-916e-ffce01532ee7	chr5	15532	2276209	3	2	1
fd7543b9-1dc4-455e-916e-ffce01532ee7	chr5	2277382	16638993	4	2	2
fd7543b9-1dc4-455e-916e-ffce01532ee7	chr5	16642163	31115637	5	3	2
fd7543b9-1dc4-455e-916e-ffce01532ee7	chr5	31119390	43348085	4	2	2
fd7543b9-1dc4-455e-916e-ffce01532ee7	chr5	43349758	54260332	5	3	2
fd7543b9-1dc4-455e-916e-ffce01532ee7	chr5	54261708	78423392	4	2	2
fd7543b9-1dc4-455e-916e-ffce01532ee7	chr5	78423495	79147096	3	2	1
fd7543b9-1dc4-455e-916e-ffce01532ee7	chr5	79147912	93637888	4	2	2
fd7543b9-1dc4-455e-916e-ffce01532ee7	chr5	93639215	94577152	4	3	1
fd7543b9-1dc4-455e-916e-ffce01532ee7	chr5	94577285	109523327	4	2	2
fd7543b9-1dc4-455e-916e-ffce01532ee7	chr5	109524776	110016341	4	3	1
fd7543b9-1dc4-455e-916e-ffce01532ee7	chr5	110017012	156481910	4	2	2
fd7543b9-1dc4-455e-916e-ffce01532ee7	chr5	156482063	157540450	4	3	1
fd7543b9-1dc4-455e-916e-ffce01532ee7	chr5	157546041	181363319	4	2	2
fd7543b9-1dc4-455e-916e-ffce01532ee7	chr6	149661	6807975	4	2	2
fd7543b9-1dc4-455e-916e-ffce01532ee7	chr6	6811573	6840817	3	2	1
fd7543b9-1dc4-455e-916e-ffce01532ee7	chr6	6843500	17355899	4	2	2
fd7543b9-1dc4-455e-916e-ffce01532ee7	chr6	17359393	18361190	4	3	1
fd7543b9-1dc4-455e-916e-ffce01532ee7	chr6	18361432	29696354	4	2	2
fd7543b9-1dc4-455e-916e-ffce01532ee7	chr6	29696675	30467511	3	2	1
fd7543b9-1dc4-455e-916e-ffce01532ee7	chr6	30470449	30509499	1	1	0
fd7543b9-1dc4-455e-916e-ffce01532ee7	chr6	30515216	64204002	4	2	2
fd7543b9-1dc4-455e-916e-ffce01532ee7	chr6	64204340	64363610	7	5	2
fd7543b9-1dc4-455e-916e-ffce01532ee7	chr6	64363790	66298393	2	2	0
fd7543b9-1dc4-455e-916e-ffce01532ee7	chr6	66298918	66338736	0	0	0
fd7543b9-1dc4-455e-916e-ffce01532ee7	chr6	66339513	68533241	2	2	0
fd7543b9-1dc4-455e-916e-ffce01532ee7	chr6	68534487	68756475	5	5	0
fd7543b9-1dc4-455e-916e-ffce01532ee7	chr6	68761052	92873250	2	2	0
fd7543b9-1dc4-455e-916e-ffce01532ee7	chr6	92873376	93761322	1	1	0
fd7543b9-1dc4-455e-916e-ffce01532ee7	chr6	93765426	170741917	2	2	0
fd7543b9-1dc4-455e-916e-ffce01532ee7	chr7	43259	3230927	4	2	2
fd7543b9-1dc4-455e-916e-ffce01532ee7	chr7	3231263	3585618	4	3	1
fd7543b9-1dc4-455e-916e-ffce01532ee7	chr7	3586896	19313484	4	2	2
fd7543b9-1dc4-455e-916e-ffce01532ee7	chr7	19313501	19967022	4	3	1
fd7543b9-1dc4-455e-916e-ffce01532ee7	chr7	19967244	35349889	4	2	2
fd7543b9-1dc4-455e-916e-ffce01532ee7	chr7	35353287	35365086	1	1	0
fd7543b9-1dc4-455e-916e-ffce01532ee7	chr7	35366118	36140264	4	2	2
fd7543b9-1dc4-455e-916e-ffce01532ee7	chr7	36141891	36157312	2	1	1
fd7543b9-1dc4-455e-916e-ffce01532ee7	chr7	36157347	62526945	4	2	2
fd7543b9-1dc4-455e-916e-ffce01532ee7	chr7	62526960	133348840	3	2	1
fd7543b9-1dc4-455e-916e-ffce01532ee7	chr7	133358329	133714372	1	1	0
fd7543b9-1dc4-455e-916e-ffce01532ee7	chr7	133717499	141083854	3	2	1
fd7543b9-1dc4-455e-916e-ffce01532ee7	chr7	141086987	141792417	4	3	1
fd7543b9-1dc4-455e-916e-ffce01532ee7	chr7	141792710	159334314	3	2	1
fd7543b9-1dc4-455e-916e-ffce01532ee7	chr8	81254	2738156	4	2	2
fd7543b9-1dc4-455e-916e-ffce01532ee7	chr8	2738578	3193646	3	2	1
fd7543b9-1dc4-455e-916e-ffce01532ee7	chr8	3193801	27452263	4	2	2
fd7543b9-1dc4-455e-916e-ffce01532ee7	chr8	27452605	27467674	7	4	3
fd7543b9-1dc4-455e-916e-ffce01532ee7	chr8	27468423	59880445	4	2	2
fd7543b9-1dc4-455e-916e-ffce01532ee7	chr8	59888171	74167455	6	4	2
fd7543b9-1dc4-455e-916e-ffce01532ee7	chr8	74173035	74227711	4	3	1
fd7543b9-1dc4-455e-916e-ffce01532ee7	chr8	74231111	103597272	6	4	2
fd7543b9-1dc4-455e-916e-ffce01532ee7	chr8	103599865	111358659	7	5	2
fd7543b9-1dc4-455e-916e-ffce01532ee7	chr8	111359617	112416630	6	5	1
fd7543b9-1dc4-455e-916e-ffce01532ee7	chr8	112418190	114564481	7	5	2
fd7543b9-1dc4-455e-916e-ffce01532ee7	chr8	114565470	145072769	6	4	2
fd7543b9-1dc4-455e-916e-ffce01532ee7	chr9	46587	22130516	2	2	0
fd7543b9-1dc4-455e-916e-ffce01532ee7	chr9	22131826	22135211	4	4	0
fd7543b9-1dc4-455e-916e-ffce01532ee7	chr9	22136490	31969809	2	2	0
fd7543b9-1dc4-455e-916e-ffce01532ee7	chr9	31970535	31981379	1	1	0
fd7543b9-1dc4-455e-916e-ffce01532ee7	chr9	31983919	78096689	2	2	0
fd7543b9-1dc4-455e-916e-ffce01532ee7	chr9	78097328	78109151	1	1	0
fd7543b9-1dc4-455e-916e-ffce01532ee7	chr9	78112797	83290105	2	2	0
fd7543b9-1dc4-455e-916e-ffce01532ee7	chr9	83290145	83295597	1	1	0
fd7543b9-1dc4-455e-916e-ffce01532ee7	chr9	83296035	98503711	2	2	0
fd7543b9-1dc4-455e-916e-ffce01532ee7	chr9	98504169	98536425	1	1	0
fd7543b9-1dc4-455e-916e-ffce01532ee7	chr9	98536937	105049259	2	2	0
fd7543b9-1dc4-455e-916e-ffce01532ee7	chr9	105049283	105053194	4	4	0
fd7543b9-1dc4-455e-916e-ffce01532ee7	chr9	105053401	110935751	2	2	0
fd7543b9-1dc4-455e-916e-ffce01532ee7	chr9	110936625	110979640	1	1	0
fd7543b9-1dc4-455e-916e-ffce01532ee7	chr9	110980024	117562435	2	2	0
fd7543b9-1dc4-455e-916e-ffce01532ee7	chr9	117562485	117582652	1	1	0
fd7543b9-1dc4-455e-916e-ffce01532ee7	chr9	117586082	138200944	2	2	0
fd7543b9-1dc4-455e-916e-ffce01532ee7	chr10	45792	70434833	4	2	2
fd7543b9-1dc4-455e-916e-ffce01532ee7	chr10	70436088	71782395	2	2	0
fd7543b9-1dc4-455e-916e-ffce01532ee7	chr10	71784847	73836256	4	2	2
fd7543b9-1dc4-455e-916e-ffce01532ee7	chr10	73840893	73898591	3	2	1
fd7543b9-1dc4-455e-916e-ffce01532ee7	chr10	73898823	93835586	4	2	2
fd7543b9-1dc4-455e-916e-ffce01532ee7	chr10	93836168	93991730	5	3	2
fd7543b9-1dc4-455e-916e-ffce01532ee7	chr10	93991742	96220892	4	2	2
fd7543b9-1dc4-455e-916e-ffce01532ee7	chr10	96220965	96635237	4	3	1
fd7543b9-1dc4-455e-916e-ffce01532ee7	chr10	96636828	99501401	4	2	2
fd7543b9-1dc4-455e-916e-ffce01532ee7	chr10	99503371	99515503	7	4	3
fd7543b9-1dc4-455e-916e-ffce01532ee7	chr10	99518059	107193456	4	2	2
fd7543b9-1dc4-455e-916e-ffce01532ee7	chr10	107201342	107620121	4	3	1
fd7543b9-1dc4-455e-916e-ffce01532ee7	chr10	107620766	123389549	4	2	2
fd7543b9-1dc4-455e-916e-ffce01532ee7	chr10	123389727	124798490	2	2	0
fd7543b9-1dc4-455e-916e-ffce01532ee7	chr10	124798730	126978268	4	2	2
fd7543b9-1dc4-455e-916e-ffce01532ee7	chr10	126979389	133654968	2	2	0
fd7543b9-1dc4-455e-916e-ffce01532ee7	chr11	198510	24588473	2	2	0
fd7543b9-1dc4-455e-916e-ffce01532ee7	chr11	24588925	25135963	4	2	2
fd7543b9-1dc4-455e-916e-ffce01532ee7	chr11	25135983	27185188	2	2	0
fd7543b9-1dc4-455e-916e-ffce01532ee7	chr11	27187355	28400949	4	2	2
fd7543b9-1dc4-455e-916e-ffce01532ee7	chr11	28405717	43486606	2	2	0
fd7543b9-1dc4-455e-916e-ffce01532ee7	chr11	43486662	43615028	4	3	1
fd7543b9-1dc4-455e-916e-ffce01532ee7	chr11	43620580	47141053	2	2	0
fd7543b9-1dc4-455e-916e-ffce01532ee7	chr11	47143712	47784131	4	2	2
fd7543b9-1dc4-455e-916e-ffce01532ee7	chr11	47784964	48357398	2	2	0
fd7543b9-1dc4-455e-916e-ffce01532ee7	chr11	48359352	48762166	4	4	0
fd7543b9-1dc4-455e-916e-ffce01532ee7	chr11	48769548	54952548	2	2	0
fd7543b9-1dc4-455e-916e-ffce01532ee7	chr11	54953347	56732280	4	2	2
fd7543b9-1dc4-455e-916e-ffce01532ee7	chr11	56733143	58221047	2	2	0
fd7543b9-1dc4-455e-916e-ffce01532ee7	chr11	58221202	58580872	2	1	1
fd7543b9-1dc4-455e-916e-ffce01532ee7	chr11	58586212	58637260	2	2	0
fd7543b9-1dc4-455e-916e-ffce01532ee7	chr11	58637985	63320389	4	2	2
fd7543b9-1dc4-455e-916e-ffce01532ee7	chr11	63320479	64304733	2	2	0
fd7543b9-1dc4-455e-916e-ffce01532ee7	chr11	64304772	65072447	4	3	1
fd7543b9-1dc4-455e-916e-ffce01532ee7	chr11	65074431	67949879	4	2	2
fd7543b9-1dc4-455e-916e-ffce01532ee7	chr11	67960175	68727713	2	2	0
fd7543b9-1dc4-455e-916e-ffce01532ee7	chr11	68731558	68953903	7	5	2
fd7543b9-1dc4-455e-916e-ffce01532ee7	chr11	68956801	69786271	46	45	1
fd7543b9-1dc4-455e-916e-ffce01532ee7	chr11	69787878	69846566	4	3	1
fd7543b9-1dc4-455e-916e-ffce01532ee7	chr11	69848413	78167156	2	2	0
fd7543b9-1dc4-455e-916e-ffce01532ee7	chr11	78170065	78348836	52	52	0
fd7543b9-1dc4-455e-916e-ffce01532ee7	chr11	78350643	78540439	5	4	1
fd7543b9-1dc4-455e-916e-ffce01532ee7	chr11	78543440	78689973	4	3	1
fd7543b9-1dc4-455e-916e-ffce01532ee7	chr11	78690191	116330576	2	2	0
fd7543b9-1dc4-455e-916e-ffce01532ee7	chr11	116331318	116409535	1	1	0
fd7543b9-1dc4-455e-916e-ffce01532ee7	chr11	116410248	126898194	2	2	0
fd7543b9-1dc4-455e-916e-ffce01532ee7	chr11	126901905	127074882	4	2	2
fd7543b9-1dc4-455e-916e-ffce01532ee7	chr11	127077003	128030266	55	53	2
fd7543b9-1dc4-455e-916e-ffce01532ee7	chr11	128030684	131143730	2	2	0
fd7543b9-1dc4-455e-916e-ffce01532ee7	chr11	131144852	131160817	3	3	0
fd7543b9-1dc4-455e-916e-ffce01532ee7	chr11	131161032	135074876	2	2	0
fd7543b9-1dc4-455e-916e-ffce01532ee7	chr12	51460	15058280	4	2	2
fd7543b9-1dc4-455e-916e-ffce01532ee7	chr12	15058549	15117231	6	3	3
fd7543b9-1dc4-455e-916e-ffce01532ee7	chr12	15124179	77082066	4	2	2
fd7543b9-1dc4-455e-916e-ffce01532ee7	chr12	77083720	77088022	2	1	1
fd7543b9-1dc4-455e-916e-ffce01532ee7	chr12	77088108	89347934	4	2	2
fd7543b9-1dc4-455e-916e-ffce01532ee7	chr12	89348889	91845058	4	3	1
fd7543b9-1dc4-455e-916e-ffce01532ee7	chr12	91845477	133201603	4	2	2
fd7543b9-1dc4-455e-916e-ffce01532ee7	chr13	18452809	46968021	2	2	0
fd7543b9-1dc4-455e-916e-ffce01532ee7	chr13	46968386	48048243	1	1	0
fd7543b9-1dc4-455e-916e-ffce01532ee7	chr13	48050754	51835084	2	2	0
fd7543b9-1dc4-455e-916e-ffce01532ee7	chr13	51835101	53426108	3	3	0
fd7543b9-1dc4-455e-916e-ffce01532ee7	chr13	53428729	54331091	2	2	0
fd7543b9-1dc4-455e-916e-ffce01532ee7	chr13	54331299	54544560	3	3	0
fd7543b9-1dc4-455e-916e-ffce01532ee7	chr13	54545215	55708605	1	1	0
fd7543b9-1dc4-455e-916e-ffce01532ee7	chr13	55708713	56233241	2	2	0
fd7543b9-1dc4-455e-916e-ffce01532ee7	chr13	56249246	57310316	5	5	0
fd7543b9-1dc4-455e-916e-ffce01532ee7	chr13	57312101	63693804	3	3	0
fd7543b9-1dc4-455e-916e-ffce01532ee7	chr13	63694848	66526446	2	2	0
fd7543b9-1dc4-455e-916e-ffce01532ee7	chr13	66526852	77636176	1	1	0
fd7543b9-1dc4-455e-916e-ffce01532ee7	chr13	77636893	83333220	3	2	1
fd7543b9-1dc4-455e-916e-ffce01532ee7	chr13	83333997	84032518	2	2	0
fd7543b9-1dc4-455e-916e-ffce01532ee7	chr13	84032633	84301873	3	2	1
fd7543b9-1dc4-455e-916e-ffce01532ee7	chr13	84304719	84429461	2	1	1
fd7543b9-1dc4-455e-916e-ffce01532ee7	chr13	84430007	84820081	3	2	1
fd7543b9-1dc4-455e-916e-ffce01532ee7	chr13	84820208	85382018	2	1	1
fd7543b9-1dc4-455e-916e-ffce01532ee7	chr13	85382803	85747377	3	2	1
fd7543b9-1dc4-455e-916e-ffce01532ee7	chr13	85752817	85759563	2	1	1
fd7543b9-1dc4-455e-916e-ffce01532ee7	chr13	85762416	85806720	3	2	1
fd7543b9-1dc4-455e-916e-ffce01532ee7	chr13	85808628	87110868	2	1	1
fd7543b9-1dc4-455e-916e-ffce01532ee7	chr13	87116368	114342922	3	2	1
fd7543b9-1dc4-455e-916e-ffce01532ee7	chr14	18239283	22626643	2	1	1
fd7543b9-1dc4-455e-916e-ffce01532ee7	chr14	22626766	22632004	0	0	0
fd7543b9-1dc4-455e-916e-ffce01532ee7	chr14	22633534	22645313	4	2	2
fd7543b9-1dc4-455e-916e-ffce01532ee7	chr14	22645702	99551085	2	1	1
fd7543b9-1dc4-455e-916e-ffce01532ee7	chr14	99555057	99556527	0	0	0
fd7543b9-1dc4-455e-916e-ffce01532ee7	chr14	99557059	106877229	2	1	1
fd7543b9-1dc4-455e-916e-ffce01532ee7	chr15	19811075	45223505	4	2	2
fd7543b9-1dc4-455e-916e-ffce01532ee7	chr15	45224975	45237451	2	1	1
fd7543b9-1dc4-455e-916e-ffce01532ee7	chr15	45237569	101928837	4	2	2
fd7543b9-1dc4-455e-916e-ffce01532ee7	chr16	10777	17902428	2	2	0
fd7543b9-1dc4-455e-916e-ffce01532ee7	chr16	17912328	36048855	4	2	2
fd7543b9-1dc4-455e-916e-ffce01532ee7	chr16	46441986	50205466	5	3	2
fd7543b9-1dc4-455e-916e-ffce01532ee7	chr16	50206121	65862102	4	2	2
fd7543b9-1dc4-455e-916e-ffce01532ee7	chr16	65862453	65872676	7	4	3
fd7543b9-1dc4-455e-916e-ffce01532ee7	chr16	65874333	86104738	4	2	2
fd7543b9-1dc4-455e-916e-ffce01532ee7	chr16	86104964	86115902	10	5	5
fd7543b9-1dc4-455e-916e-ffce01532ee7	chr16	86119821	89596467	4	2	2
fd7543b9-1dc4-455e-916e-ffce01532ee7	chr16	89596664	89661038	7	4	3
fd7543b9-1dc4-455e-916e-ffce01532ee7	chr16	89661187	90096867	4	2	2
fd7543b9-1dc4-455e-916e-ffce01532ee7	chr17	150733	27745030	4	2	2
fd7543b9-1dc4-455e-916e-ffce01532ee7	chr17	27747965	27811722	3	2	1
fd7543b9-1dc4-455e-916e-ffce01532ee7	chr17	27811737	40952002	4	2	2
fd7543b9-1dc4-455e-916e-ffce01532ee7	chr17	40954668	40983709	2	1	1
fd7543b9-1dc4-455e-916e-ffce01532ee7	chr17	40985238	83024815	4	2	2
fd7543b9-1dc4-455e-916e-ffce01532ee7	chr17	83026199	83046894	2	1	1
fd7543b9-1dc4-455e-916e-ffce01532ee7	chr17	83048410	83091923	4	2	2
fd7543b9-1dc4-455e-916e-ffce01532ee7	chr18	48133	57314161	5	3	2
fd7543b9-1dc4-455e-916e-ffce01532ee7	chr18	57314394	57493445	7	5	2
fd7543b9-1dc4-455e-916e-ffce01532ee7	chr18	57493457	58347744	7	4	3
fd7543b9-1dc4-455e-916e-ffce01532ee7	chr18	58349170	64577976	5	3	2
fd7543b9-1dc4-455e-916e-ffce01532ee7	chr18	64579474	72759620	6	4	2
fd7543b9-1dc4-455e-916e-ffce01532ee7	chr18	72761318	72763217	7	5	2
fd7543b9-1dc4-455e-916e-ffce01532ee7	chr18	72763308	80257174	5	3	2
fd7543b9-1dc4-455e-916e-ffce01532ee7	chr19	90910	16945706	4	2	2
fd7543b9-1dc4-455e-916e-ffce01532ee7	chr19	16947511	17753127	3	2	1
fd7543b9-1dc4-455e-916e-ffce01532ee7	chr19	17753643	20975116	4	2	2
fd7543b9-1dc4-455e-916e-ffce01532ee7	chr19	20975328	23524606	5	3	2
fd7543b9-1dc4-455e-916e-ffce01532ee7	chr19	23526518	23555626	3	2	1
fd7543b9-1dc4-455e-916e-ffce01532ee7	chr19	23556678	29334307	5	3	2
fd7543b9-1dc4-455e-916e-ffce01532ee7	chr19	29339722	58586487	4	2	2
fd7543b9-1dc4-455e-916e-ffce01532ee7	chr20	80664	226548	4	3	1
fd7543b9-1dc4-455e-916e-ffce01532ee7	chr20	227527	64324800	4	2	2
fd7543b9-1dc4-455e-916e-ffce01532ee7	chr21	12973348	21511971	5	3	2
fd7543b9-1dc4-455e-916e-ffce01532ee7	chr21	21512305	23695844	3	2	1
fd7543b9-1dc4-455e-916e-ffce01532ee7	chr21	23698851	44088680	4	2	2
fd7543b9-1dc4-455e-916e-ffce01532ee7	chr21	44092475	45247943	3	2	1
fd7543b9-1dc4-455e-916e-ffce01532ee7	chr21	45249302	46677045	4	2	2
fd7543b9-1dc4-455e-916e-ffce01532ee7	chr22	16392123	17834855	5	3	2
fd7543b9-1dc4-455e-916e-ffce01532ee7	chr22	17836197	17884874	3	2	1
fd7543b9-1dc4-455e-916e-ffce01532ee7	chr22	17885308	32179162	4	2	2
fd7543b9-1dc4-455e-916e-ffce01532ee7	chr22	32179227	32196133	2	1	1
fd7543b9-1dc4-455e-916e-ffce01532ee7	chr22	32196403	50796027	4	2	2
fd7543b9-1dc4-455e-916e-ffce01532ee7	chrX	251810	10164183	2	2	0
fd7543b9-1dc4-455e-916e-ffce01532ee7	chrX	10166899	10172148	4	4	0
fd7543b9-1dc4-455e-916e-ffce01532ee7	chrX	10172734	38392270	2	2	0
fd7543b9-1dc4-455e-916e-ffce01532ee7	chrX	38394802	38403313	5	5	0
fd7543b9-1dc4-455e-916e-ffce01532ee7	chrX	38403555	89487337	2	2	0
fd7543b9-1dc4-455e-916e-ffce01532ee7	chrX	89500059	91759204	1	1	0
fd7543b9-1dc4-455e-916e-ffce01532ee7	chrX	91761558	92194779	2	2	0
fd7543b9-1dc4-455e-916e-ffce01532ee7	chrX	92195179	93396813	1	1	0
fd7543b9-1dc4-455e-916e-ffce01532ee7	chrX	93407888	95141627	2	2	0
fd7543b9-1dc4-455e-916e-ffce01532ee7	chrX	95141864	95159272	4	4	0
fd7543b9-1dc4-455e-916e-ffce01532ee7	chrX	95160023	102026587	2	2	0
fd7543b9-1dc4-455e-916e-ffce01532ee7	chrX	102026637	102032081	4	4	0
fd7543b9-1dc4-455e-916e-ffce01532ee7	chrX	102038109	127291742	2	2	0
fd7543b9-1dc4-455e-916e-ffce01532ee7	chrX	127291847	127295336	4	4	0
fd7543b9-1dc4-455e-916e-ffce01532ee7	chrX	127295792	141595849	2	2	0
fd7543b9-1dc4-455e-916e-ffce01532ee7	chrX	141598034	145866854	1	1	0
fd7543b9-1dc4-455e-916e-ffce01532ee7	chrX	145867572	150374140	2	2	0
fd7543b9-1dc4-455e-916e-ffce01532ee7	chrX	150375823	156004181	4	4	0
fd7543b9-1dc4-455e-916e-ffce01532ee7	chrY	2782397	26653788	0	0	0
fd7543b9-1dc4-455e-916e-ffce01532ee7	chrY	56872112	56872112	15	15	0
f62b3e34-05d3-4d4a-89ec-f60669dc8180	chr1	61735	74202002	2	2	0
f62b3e34-05d3-4d4a-89ec-f60669dc8180	chr1	74202144	85274763	3	2	1
f62b3e34-05d3-4d4a-89ec-f60669dc8180	chr1	85275129	121741181	4	3	1
f62b3e34-05d3-4d4a-89ec-f60669dc8180	chr1	143285278	248930189	5	3	2
f62b3e34-05d3-4d4a-89ec-f60669dc8180	chr2	12784	242147305	4	2	2
f62b3e34-05d3-4d4a-89ec-f60669dc8180	chr3	18667	83900031	2	2	0
f62b3e34-05d3-4d4a-89ec-f60669dc8180	chr3	83902993	85663360	5	3	2
f62b3e34-05d3-4d4a-89ec-f60669dc8180	chr3	85665227	87054700	2	2	0
f62b3e34-05d3-4d4a-89ec-f60669dc8180	chr3	87055749	146376915	4	2	2
f62b3e34-05d3-4d4a-89ec-f60669dc8180	chr3	146377222	146538279	2	2	0
f62b3e34-05d3-4d4a-89ec-f60669dc8180	chr3	146538495	198169247	4	2	2
f62b3e34-05d3-4d4a-89ec-f60669dc8180	chr4	12281	190106768	4	2	2
f62b3e34-05d3-4d4a-89ec-f60669dc8180	chr5	15532	97073488	4	2	2
f62b3e34-05d3-4d4a-89ec-f60669dc8180	chr5	97074359	181363319	5	3	2
f62b3e34-05d3-4d4a-89ec-f60669dc8180	chr6	149661	52354575	4	2	2
f62b3e34-05d3-4d4a-89ec-f60669dc8180	chr6	52355169	170741917	2	2	0
f62b3e34-05d3-4d4a-89ec-f60669dc8180	chr7	43259	5861567	5	3	2
f62b3e34-05d3-4d4a-89ec-f60669dc8180	chr7	5861644	159334314	4	2	2
f62b3e34-05d3-4d4a-89ec-f60669dc8180	chr8	81254	145072769	4	2	2
f62b3e34-05d3-4d4a-89ec-f60669dc8180	chr9	46587	138200944	4	2	2
f62b3e34-05d3-4d4a-89ec-f60669dc8180	chr10	26823	32498896	4	2	2
f62b3e34-05d3-4d4a-89ec-f60669dc8180	chr10	32499482	33758824	5	3	2
f62b3e34-05d3-4d4a-89ec-f60669dc8180	chr10	33759047	92567189	4	2	2
f62b3e34-05d3-4d4a-89ec-f60669dc8180	chr10	92567399	133769379	3	2	1
f62b3e34-05d3-4d4a-89ec-f60669dc8180	chr11	198572	135074876	4	2	2
f62b3e34-05d3-4d4a-89ec-f60669dc8180	chr12	51460	6723938	4	2	2
f62b3e34-05d3-4d4a-89ec-f60669dc8180	chr12	6725047	7541421	5	3	2
f62b3e34-05d3-4d4a-89ec-f60669dc8180	chr12	7545280	133201603	4	2	2
f62b3e34-05d3-4d4a-89ec-f60669dc8180	chr13	18452809	114342922	4	2	2
f62b3e34-05d3-4d4a-89ec-f60669dc8180	chr14	18225647	106877229	2	2	0
f62b3e34-05d3-4d4a-89ec-f60669dc8180	chr15	19811075	101928837	4	2	2
f62b3e34-05d3-4d4a-89ec-f60669dc8180	chr16	10777	36048855	4	2	2
f62b3e34-05d3-4d4a-89ec-f60669dc8180	chr16	46429870	51076914	3	2	1
f62b3e34-05d3-4d4a-89ec-f60669dc8180	chr16	51079426	90221127	4	2	2
f62b3e34-05d3-4d4a-89ec-f60669dc8180	chr17	150733	83090856	4	2	2
f62b3e34-05d3-4d4a-89ec-f60669dc8180	chr18	48133	15402409	4	2	2
f62b3e34-05d3-4d4a-89ec-f60669dc8180	chr18	20949392	23103435	5	3	2
f62b3e34-05d3-4d4a-89ec-f60669dc8180	chr18	23109276	33476208	2	2	0
f62b3e34-05d3-4d4a-89ec-f60669dc8180	chr18	33482508	33968472	5	3	2
f62b3e34-05d3-4d4a-89ec-f60669dc8180	chr18	33969119	80257174	2	2	0
f62b3e34-05d3-4d4a-89ec-f60669dc8180	chr19	90910	46289614	4	2	2
f62b3e34-05d3-4d4a-89ec-f60669dc8180	chr19	46289658	58586487	3	2	1
f62b3e34-05d3-4d4a-89ec-f60669dc8180	chr20	80664	64324800	4	2	2
f62b3e34-05d3-4d4a-89ec-f60669dc8180	chr21	10336543	46677045	4	2	2
f62b3e34-05d3-4d4a-89ec-f60669dc8180	chr22	15294545	50796027	4	2	2
f62b3e34-05d3-4d4a-89ec-f60669dc8180	chrX	251810	156004181	3	2	1
20eaff28-af32-4ac3-93b6-001d50ea23de	chr1	62920	7676563	1	1	0
20eaff28-af32-4ac3-93b6-001d50ea23de	chr1	7677739	89555359	2	1	1
20eaff28-af32-4ac3-93b6-001d50ea23de	chr1	89558197	94867816	1	1	0
20eaff28-af32-4ac3-93b6-001d50ea23de	chr1	94868272	112245488	2	1	1
20eaff28-af32-4ac3-93b6-001d50ea23de	chr1	112245565	112250711	0	0	0
20eaff28-af32-4ac3-93b6-001d50ea23de	chr1	112251219	152752050	2	1	1
20eaff28-af32-4ac3-93b6-001d50ea23de	chr1	152752340	152774650	9	5	4
20eaff28-af32-4ac3-93b6-001d50ea23de	chr1	152777257	157812355	2	1	1
20eaff28-af32-4ac3-93b6-001d50ea23de	chr1	157812428	157818760	7	4	3
20eaff28-af32-4ac3-93b6-001d50ea23de	chr1	157818970	236652977	2	1	1
20eaff28-af32-4ac3-93b6-001d50ea23de	chr1	236653273	236673025	0	0	0
20eaff28-af32-4ac3-93b6-001d50ea23de	chr1	236674058	248930189	2	1	1
20eaff28-af32-4ac3-93b6-001d50ea23de	chr2	12784	22353213	1	1	0
20eaff28-af32-4ac3-93b6-001d50ea23de	chr2	22353228	64438201	2	1	1
20eaff28-af32-4ac3-93b6-001d50ea23de	chr2	64440674	64462110	0	0	0
20eaff28-af32-4ac3-93b6-001d50ea23de	chr2	64463376	106010532	2	1	1
20eaff28-af32-4ac3-93b6-001d50ea23de	chr2	106010825	106028316	4	2	2
20eaff28-af32-4ac3-93b6-001d50ea23de	chr2	106028356	106106497	1	1	0
20eaff28-af32-4ac3-93b6-001d50ea23de	chr2	106106670	126615312	2	1	1
20eaff28-af32-4ac3-93b6-001d50ea23de	chr2	126618414	126622311	0	0	0
20eaff28-af32-4ac3-93b6-001d50ea23de	chr2	126622793	146104517	2	1	1
20eaff28-af32-4ac3-93b6-001d50ea23de	chr2	146106836	146109366	0	0	0
20eaff28-af32-4ac3-93b6-001d50ea23de	chr2	146120238	154361936	2	1	1
20eaff28-af32-4ac3-93b6-001d50ea23de	chr2	154366359	154375911	12	6	6
20eaff28-af32-4ac3-93b6-001d50ea23de	chr2	154377766	158669949	2	1	1
20eaff28-af32-4ac3-93b6-001d50ea23de	chr2	158675397	158707821	7	4	3
20eaff28-af32-4ac3-93b6-001d50ea23de	chr2	158711087	221407065	2	1	1
20eaff28-af32-4ac3-93b6-001d50ea23de	chr2	221407293	221422816	0	0	0
20eaff28-af32-4ac3-93b6-001d50ea23de	chr2	221423124	222018056	3	2	1
20eaff28-af32-4ac3-93b6-001d50ea23de	chr2	222020424	233856920	2	1	1
20eaff28-af32-4ac3-93b6-001d50ea23de	chr2	233858717	233883913	6	3	3
20eaff28-af32-4ac3-93b6-001d50ea23de	chr2	233883983	242147305	2	1	1
20eaff28-af32-4ac3-93b6-001d50ea23de	chr3	20930	20176057	2	1	1
20eaff28-af32-4ac3-93b6-001d50ea23de	chr3	20177985	20189819	0	0	0
20eaff28-af32-4ac3-93b6-001d50ea23de	chr3	20190027	22678829	2	1	1
20eaff28-af32-4ac3-93b6-001d50ea23de	chr3	22679137	22682504	0	0	0
20eaff28-af32-4ac3-93b6-001d50ea23de	chr3	22682659	24955839	2	1	1
20eaff28-af32-4ac3-93b6-001d50ea23de	chr3	24956021	24963313	5	3	2
20eaff28-af32-4ac3-93b6-001d50ea23de	chr3	24965708	69790067	2	1	1
20eaff28-af32-4ac3-93b6-001d50ea23de	chr3	69790626	69995183	3	2	1
20eaff28-af32-4ac3-93b6-001d50ea23de	chr3	69996287	73285269	2	1	1
20eaff28-af32-4ac3-93b6-001d50ea23de	chr3	73285928	73295630	0	0	0
20eaff28-af32-4ac3-93b6-001d50ea23de	chr3	73296012	126189655	2	1	1
20eaff28-af32-4ac3-93b6-001d50ea23de	chr3	126189998	126190895	0	0	0
20eaff28-af32-4ac3-93b6-001d50ea23de	chr3	126191161	198169247	2	1	1
20eaff28-af32-4ac3-93b6-001d50ea23de	chr4	68929	34777432	2	1	1
20eaff28-af32-4ac3-93b6-001d50ea23de	chr4	34784878	34823103	0	0	0
20eaff28-af32-4ac3-93b6-001d50ea23de	chr4	34828250	54635561	2	1	1
20eaff28-af32-4ac3-93b6-001d50ea23de	chr4	54635754	54747560	4	2	2
20eaff28-af32-4ac3-93b6-001d50ea23de	chr4	54747872	66611152	2	1	1
20eaff28-af32-4ac3-93b6-001d50ea23de	chr4	66617046	66641947	0	0	0
20eaff28-af32-4ac3-93b6-001d50ea23de	chr4	66642125	113101067	2	1	1
20eaff28-af32-4ac3-93b6-001d50ea23de	chr4	113101657	113122041	0	0	0
20eaff28-af32-4ac3-93b6-001d50ea23de	chr4	113129417	114250213	2	1	1
20eaff28-af32-4ac3-93b6-001d50ea23de	chr4	114250423	114267651	8	8	0
20eaff28-af32-4ac3-93b6-001d50ea23de	chr4	114268665	160120152	2	1	1
20eaff28-af32-4ac3-93b6-001d50ea23de	chr4	160131622	160149426	0	0	0
20eaff28-af32-4ac3-93b6-001d50ea23de	chr4	160149572	167932268	2	1	1
20eaff28-af32-4ac3-93b6-001d50ea23de	chr4	167932621	188493373	1	1	0
20eaff28-af32-4ac3-93b6-001d50ea23de	chr4	188493504	190106768	2	1	1
20eaff28-af32-4ac3-93b6-001d50ea23de	chr5	15532	31352902	2	1	1
20eaff28-af32-4ac3-93b6-001d50ea23de	chr5	31353113	31359612	0	0	0
20eaff28-af32-4ac3-93b6-001d50ea23de	chr5	31359979	46364756	2	1	1
20eaff28-af32-4ac3-93b6-001d50ea23de	chr5	46365339	55375330	1	1	0
20eaff28-af32-4ac3-93b6-001d50ea23de	chr5	55375985	56918585	2	2	0
20eaff28-af32-4ac3-93b6-001d50ea23de	chr5	56919056	125622065	1	1	0
20eaff28-af32-4ac3-93b6-001d50ea23de	chr5	125622154	133525617	2	1	1
20eaff28-af32-4ac3-93b6-001d50ea23de	chr5	133525810	133530590	10	5	5
20eaff28-af32-4ac3-93b6-001d50ea23de	chr5	133531057	135748163	3	2	1
20eaff28-af32-4ac3-93b6-001d50ea23de	chr5	135751154	151374732	2	1	1
20eaff28-af32-4ac3-93b6-001d50ea23de	chr5	151374784	151397487	6	4	2
20eaff28-af32-4ac3-93b6-001d50ea23de	chr5	151398237	157362640	2	1	1
20eaff28-af32-4ac3-93b6-001d50ea23de	chr5	157362702	158634132	3	2	1
20eaff28-af32-4ac3-93b6-001d50ea23de	chr5	158635348	167201209	2	1	1
20eaff28-af32-4ac3-93b6-001d50ea23de	chr5	167208543	167218417	0	0	0
20eaff28-af32-4ac3-93b6-001d50ea23de	chr5	167220806	181363319	2	1	1
20eaff28-af32-4ac3-93b6-001d50ea23de	chr6	149661	12198442	2	1	1
20eaff28-af32-4ac3-93b6-001d50ea23de	chr6	12198541	12226453	0	0	0
20eaff28-af32-4ac3-93b6-001d50ea23de	chr6	12227699	29868859	2	1	1
20eaff28-af32-4ac3-93b6-001d50ea23de	chr6	29868926	29946838	6	4	2
20eaff28-af32-4ac3-93b6-001d50ea23de	chr6	29947692	30467511	1	1	0
20eaff28-af32-4ac3-93b6-001d50ea23de	chr6	30470449	30509499	0	0	0
20eaff28-af32-4ac3-93b6-001d50ea23de	chr6	30515216	96943977	2	1	1
20eaff28-af32-4ac3-93b6-001d50ea23de	chr6	96944413	96997941	4	3	1
20eaff28-af32-4ac3-93b6-001d50ea23de	chr6	96998233	103286954	2	1	1
20eaff28-af32-4ac3-93b6-001d50ea23de	chr6	103290101	103323069	0	0	0
20eaff28-af32-4ac3-93b6-001d50ea23de	chr6	103326915	122348687	2	1	1
20eaff28-af32-4ac3-93b6-001d50ea23de	chr6	122349516	122365436	6	3	3
20eaff28-af32-4ac3-93b6-001d50ea23de	chr6	122365441	132693201	2	1	1
20eaff28-af32-4ac3-93b6-001d50ea23de	chr6	132693484	170741917	3	2	1
20eaff28-af32-4ac3-93b6-001d50ea23de	chr7	43259	57308413	1	1	0
20eaff28-af32-4ac3-93b6-001d50ea23de	chr7	57309358	159334314	2	1	1
20eaff28-af32-4ac3-93b6-001d50ea23de	chr8	81254	16093390	2	1	1
20eaff28-af32-4ac3-93b6-001d50ea23de	chr8	16093540	16176694	0	0	0
20eaff28-af32-4ac3-93b6-001d50ea23de	chr8	16177113	100671180	2	1	1
20eaff28-af32-4ac3-93b6-001d50ea23de	chr8	100671597	101153055	3	2	1
20eaff28-af32-4ac3-93b6-001d50ea23de	chr8	101153237	103105159	2	1	1
20eaff28-af32-4ac3-93b6-001d50ea23de	chr8	103105209	103113031	0	0	0
20eaff28-af32-4ac3-93b6-001d50ea23de	chr8	103116779	145072769	2	1	1
20eaff28-af32-4ac3-93b6-001d50ea23de	chr9	46587	3826418	1	1	0
20eaff28-af32-4ac3-93b6-001d50ea23de	chr9	3826710	14899710	2	1	1
20eaff28-af32-4ac3-93b6-001d50ea23de	chr9	14901324	19527943	1	1	0
20eaff28-af32-4ac3-93b6-001d50ea23de	chr9	19529534	19576364	3	2	1
20eaff28-af32-4ac3-93b6-001d50ea23de	chr9	19576951	21801531	1	1	0
20eaff28-af32-4ac3-93b6-001d50ea23de	chr9	21806565	24305063	0	0	0
20eaff28-af32-4ac3-93b6-001d50ea23de	chr9	24308939	30552010	2	1	1
20eaff28-af32-4ac3-93b6-001d50ea23de	chr9	30553331	30587786	0	0	0
20eaff28-af32-4ac3-93b6-001d50ea23de	chr9	30587811	107931685	2	1	1
20eaff28-af32-4ac3-93b6-001d50ea23de	chr9	107932645	108592638	1	1	0
20eaff28-af32-4ac3-93b6-001d50ea23de	chr9	108594458	138200944	2	1	1
20eaff28-af32-4ac3-93b6-001d50ea23de	chr10	45792	10602229	2	1	1
20eaff28-af32-4ac3-93b6-001d50ea23de	chr10	10602731	10676362	3	2	1
20eaff28-af32-4ac3-93b6-001d50ea23de	chr10	10678837	23570322	2	1	1
20eaff28-af32-4ac3-93b6-001d50ea23de	chr10	23571145	23580778	0	0	0
20eaff28-af32-4ac3-93b6-001d50ea23de	chr10	23580965	76955864	2	1	1
20eaff28-af32-4ac3-93b6-001d50ea23de	chr10	76956272	76992825	4	3	1
20eaff28-af32-4ac3-93b6-001d50ea23de	chr10	76992894	93836679	2	1	1
20eaff28-af32-4ac3-93b6-001d50ea23de	chr10	93836919	93991730	4	3	1
20eaff28-af32-4ac3-93b6-001d50ea23de	chr10	93991742	96404600	2	1	1
20eaff28-af32-4ac3-93b6-001d50ea23de	chr10	96405021	99504405	1	1	0
20eaff28-af32-4ac3-93b6-001d50ea23de	chr10	99512032	99515503	6	4	2
20eaff28-af32-4ac3-93b6-001d50ea23de	chr10	99518059	133654968	1	1	0
20eaff28-af32-4ac3-93b6-001d50ea23de	chr11	198510	946484	2	1	1
20eaff28-af32-4ac3-93b6-001d50ea23de	chr11	946985	2087564	1	1	0
20eaff28-af32-4ac3-93b6-001d50ea23de	chr11	2090301	19889471	2	1	1
20eaff28-af32-4ac3-93b6-001d50ea23de	chr11	19890187	29589996	1	1	0
20eaff28-af32-4ac3-93b6-001d50ea23de	chr11	29590151	31702647	2	1	1
20eaff28-af32-4ac3-93b6-001d50ea23de	chr11	31702977	36132122	1	1	0
20eaff28-af32-4ac3-93b6-001d50ea23de	chr11	36132410	40402317	2	1	1
20eaff28-af32-4ac3-93b6-001d50ea23de	chr11	40402661	43186515	1	1	0
20eaff28-af32-4ac3-93b6-001d50ea23de	chr11	43190271	135074876	2	1	1
20eaff28-af32-4ac3-93b6-001d50ea23de	chr12	51460	3740318	2	1	1
20eaff28-af32-4ac3-93b6-001d50ea23de	chr12	3740427	3748484	9	5	4
20eaff28-af32-4ac3-93b6-001d50ea23de	chr12	3751056	4648308	2	1	1
20eaff28-af32-4ac3-93b6-001d50ea23de	chr12	4659188	4679200	0	0	0
20eaff28-af32-4ac3-93b6-001d50ea23de	chr12	4680388	13335781	2	1	1
20eaff28-af32-4ac3-93b6-001d50ea23de	chr12	13337541	13340126	0	0	0
20eaff28-af32-4ac3-93b6-001d50ea23de	chr12	13340447	31203225	2	1	1
20eaff28-af32-4ac3-93b6-001d50ea23de	chr12	31203382	31253973	7	5	2
20eaff28-af32-4ac3-93b6-001d50ea23de	chr12	31254189	33141726	2	1	1
20eaff28-af32-4ac3-93b6-001d50ea23de	chr12	33146857	33150557	0	0	0
20eaff28-af32-4ac3-93b6-001d50ea23de	chr12	33150623	52526630	2	1	1
20eaff28-af32-4ac3-93b6-001d50ea23de	chr12	52527431	52531875	10	5	5
20eaff28-af32-4ac3-93b6-001d50ea23de	chr12	52532185	67598917	2	1	1
20eaff28-af32-4ac3-93b6-001d50ea23de	chr12	67599785	67609817	10	6	4
20eaff28-af32-4ac3-93b6-001d50ea23de	chr12	67610106	132882653	2	1	1
20eaff28-af32-4ac3-93b6-001d50ea23de	chr12	132882684	133201603	2	2	0
20eaff28-af32-4ac3-93b6-001d50ea23de	chr13	18452809	21222832	1	1	0
20eaff28-af32-4ac3-93b6-001d50ea23de	chr13	21223189	29975081	2	1	1
20eaff28-af32-4ac3-93b6-001d50ea23de	chr13	29976906	41562923	1	1	0
20eaff28-af32-4ac3-93b6-001d50ea23de	chr13	41563311	51847835	2	1	1
20eaff28-af32-4ac3-93b6-001d50ea23de	chr13	51848075	70556236	1	1	0
20eaff28-af32-4ac3-93b6-001d50ea23de	chr13	70558200	70564932	0	0	0
20eaff28-af32-4ac3-93b6-001d50ea23de	chr13	70568082	78444792	1	1	0
20eaff28-af32-4ac3-93b6-001d50ea23de	chr13	78444981	79105916	2	1	1
20eaff28-af32-4ac3-93b6-001d50ea23de	chr13	79106052	80562270	1	1	0
20eaff28-af32-4ac3-93b6-001d50ea23de	chr13	80562383	85746839	2	1	1
20eaff28-af32-4ac3-93b6-001d50ea23de	chr13	85746914	85753935	0	0	0
20eaff28-af32-4ac3-93b6-001d50ea23de	chr13	85755123	98598921	2	1	1
20eaff28-af32-4ac3-93b6-001d50ea23de	chr13	98599646	99299696	3	2	1
20eaff28-af32-4ac3-93b6-001d50ea23de	chr13	99299767	114342922	2	1	1
20eaff28-af32-4ac3-93b6-001d50ea23de	chr14	18239283	22012710	1	1	0
20eaff28-af32-4ac3-93b6-001d50ea23de	chr14	22013212	22632004	0	0	0
20eaff28-af32-4ac3-93b6-001d50ea23de	chr14	22633534	22644437	7	4	3
20eaff28-af32-4ac3-93b6-001d50ea23de	chr14	22645313	74892842	1	1	0
20eaff28-af32-4ac3-93b6-001d50ea23de	chr14	74894203	87407074	2	1	1
20eaff28-af32-4ac3-93b6-001d50ea23de	chr14	87410444	87573553	2	2	0
20eaff28-af32-4ac3-93b6-001d50ea23de	chr14	87574132	99539676	2	1	1
20eaff28-af32-4ac3-93b6-001d50ea23de	chr14	99539708	99556527	0	0	0
20eaff28-af32-4ac3-93b6-001d50ea23de	chr14	99557059	105757523	2	1	1
20eaff28-af32-4ac3-93b6-001d50ea23de	chr14	105758017	106418444	8	8	0
20eaff28-af32-4ac3-93b6-001d50ea23de	chr14	106423925	106877229	1	1	0
20eaff28-af32-4ac3-93b6-001d50ea23de	chr15	19811075	45223505	1	1	0
20eaff28-af32-4ac3-93b6-001d50ea23de	chr15	45224975	45237451	0	0	0
20eaff28-af32-4ac3-93b6-001d50ea23de	chr15	45237569	76598900	1	1	0
20eaff28-af32-4ac3-93b6-001d50ea23de	chr15	76599170	76603003	0	0	0
20eaff28-af32-4ac3-93b6-001d50ea23de	chr15	76603426	84764738	1	1	0
20eaff28-af32-4ac3-93b6-001d50ea23de	chr15	84766419	85950220	2	2	0
20eaff28-af32-4ac3-93b6-001d50ea23de	chr15	85954111	90206037	1	1	0
20eaff28-af32-4ac3-93b6-001d50ea23de	chr15	90206547	91045317	2	2	0
20eaff28-af32-4ac3-93b6-001d50ea23de	chr15	91045781	101928837	1	1	0
20eaff28-af32-4ac3-93b6-001d50ea23de	chr16	10777	57280560	2	1	1
20eaff28-af32-4ac3-93b6-001d50ea23de	chr16	57280738	57528308	1	1	0
20eaff28-af32-4ac3-93b6-001d50ea23de	chr16	57531862	90096867	2	1	1
20eaff28-af32-4ac3-93b6-001d50ea23de	chr17	150733	41258395	2	1	1
20eaff28-af32-4ac3-93b6-001d50ea23de	chr17	41262120	41274279	0	0	0
20eaff28-af32-4ac3-93b6-001d50ea23de	chr17	41276472	69113352	2	1	1
20eaff28-af32-4ac3-93b6-001d50ea23de	chr17	69113532	69778972	1	1	0
20eaff28-af32-4ac3-93b6-001d50ea23de	chr17	69781272	83091923	2	1	1
20eaff28-af32-4ac3-93b6-001d50ea23de	chr18	48133	80257174	2	1	1
20eaff28-af32-4ac3-93b6-001d50ea23de	chr19	90910	23475895	2	1	1
20eaff28-af32-4ac3-93b6-001d50ea23de	chr19	23476050	58586487	1	1	0
20eaff28-af32-4ac3-93b6-001d50ea23de	chr20	80664	61866795	2	1	1
20eaff28-af32-4ac3-93b6-001d50ea23de	chr20	61866825	64324800	1	1	0
20eaff28-af32-4ac3-93b6-001d50ea23de	chr21	12973348	16393106	1	1	0
20eaff28-af32-4ac3-93b6-001d50ea23de	chr21	16394859	17279271	2	1	1
20eaff28-af32-4ac3-93b6-001d50ea23de	chr21	17279457	46677045	1	1	0
20eaff28-af32-4ac3-93b6-001d50ea23de	chr22	16392123	32179162	2	1	1
20eaff28-af32-4ac3-93b6-001d50ea23de	chr22	32179227	32196133	0	0	0
20eaff28-af32-4ac3-93b6-001d50ea23de	chr22	32196403	50796027	2	1	1
20eaff28-af32-4ac3-93b6-001d50ea23de	chrX	251810	383238	0	0	0
20eaff28-af32-4ac3-93b6-001d50ea23de	chrX	383303	701944	2	1	1
20eaff28-af32-4ac3-93b6-001d50ea23de	chrX	702474	959750	0	0	0
20eaff28-af32-4ac3-93b6-001d50ea23de	chrX	960081	1882751	2	1	1
20eaff28-af32-4ac3-93b6-001d50ea23de	chrX	1892047	2589642	1	1	0
20eaff28-af32-4ac3-93b6-001d50ea23de	chrX	2597040	2649506	2	1	1
20eaff28-af32-4ac3-93b6-001d50ea23de	chrX	2649606	2720458	0	0	0
20eaff28-af32-4ac3-93b6-001d50ea23de	chrX	2723161	2759819	3	2	1
20eaff28-af32-4ac3-93b6-001d50ea23de	chrX	2761052	156004181	0	0	0
20eaff28-af32-4ac3-93b6-001d50ea23de	chrY	2782397	56872112	0	0	0
5031c071-bdf5-4c5e-b5f3-9ff7e906427b	chr1	62920	32860017	2	2	0
5031c071-bdf5-4c5e-b5f3-9ff7e906427b	chr1	32860571	32861080	7	7	0
5031c071-bdf5-4c5e-b5f3-9ff7e906427b	chr1	32869438	32929462	1	1	0
5031c071-bdf5-4c5e-b5f3-9ff7e906427b	chr1	32934779	72185778	5	3	2
5031c071-bdf5-4c5e-b5f3-9ff7e906427b	chr1	72186148	73178987	7	4	3
5031c071-bdf5-4c5e-b5f3-9ff7e906427b	chr1	73181704	88411617	6	3	3
5031c071-bdf5-4c5e-b5f3-9ff7e906427b	chr1	88412735	94865641	5	3	2
5031c071-bdf5-4c5e-b5f3-9ff7e906427b	chr1	94865952	107440725	6	3	3
5031c071-bdf5-4c5e-b5f3-9ff7e906427b	chr1	107440985	156172621	5	3	2
5031c071-bdf5-4c5e-b5f3-9ff7e906427b	chr1	156173146	158872663	4	3	1
5031c071-bdf5-4c5e-b5f3-9ff7e906427b	chr1	158872739	177840425	5	3	2
5031c071-bdf5-4c5e-b5f3-9ff7e906427b	chr1	177840726	177848289	9	5	4
5031c071-bdf5-4c5e-b5f3-9ff7e906427b	chr1	177850902	185896634	5	3	2
5031c071-bdf5-4c5e-b5f3-9ff7e906427b	chr1	185896798	198347569	6	4	2
5031c071-bdf5-4c5e-b5f3-9ff7e906427b	chr1	198347817	207945603	5	3	2
5031c071-bdf5-4c5e-b5f3-9ff7e906427b	chr1	207945851	213973107	6	3	3
5031c071-bdf5-4c5e-b5f3-9ff7e906427b	chr1	213974903	221353750	7	4	3
5031c071-bdf5-4c5e-b5f3-9ff7e906427b	chr1	221354200	248930189	5	3	2
5031c071-bdf5-4c5e-b5f3-9ff7e906427b	chr2	12784	18105090	4	3	1
5031c071-bdf5-4c5e-b5f3-9ff7e906427b	chr2	18105385	18186522	3	2	1
5031c071-bdf5-4c5e-b5f3-9ff7e906427b	chr2	18187089	98239240	4	3	1
5031c071-bdf5-4c5e-b5f3-9ff7e906427b	chr2	98241845	98261593	1	1	0
5031c071-bdf5-4c5e-b5f3-9ff7e906427b	chr2	98264732	102482112	4	3	1
5031c071-bdf5-4c5e-b5f3-9ff7e906427b	chr2	102482381	102505827	3	2	1
5031c071-bdf5-4c5e-b5f3-9ff7e906427b	chr2	102506572	126601823	4	3	1
5031c071-bdf5-4c5e-b5f3-9ff7e906427b	chr2	126604482	126622311	2	2	0
5031c071-bdf5-4c5e-b5f3-9ff7e906427b	chr2	126622793	154080967	4	3	1
5031c071-bdf5-4c5e-b5f3-9ff7e906427b	chr2	154081195	154098314	7	5	2
5031c071-bdf5-4c5e-b5f3-9ff7e906427b	chr2	154098421	177672948	4	3	1
5031c071-bdf5-4c5e-b5f3-9ff7e906427b	chr2	177673295	177742631	3	2	1
5031c071-bdf5-4c5e-b5f3-9ff7e906427b	chr2	177744408	242147305	4	3	1
5031c071-bdf5-4c5e-b5f3-9ff7e906427b	chr3	20930	8855481	2	2	0
5031c071-bdf5-4c5e-b5f3-9ff7e906427b	chr3	8855552	9129587	1	1	0
5031c071-bdf5-4c5e-b5f3-9ff7e906427b	chr3	9130894	38304801	2	2	0
5031c071-bdf5-4c5e-b5f3-9ff7e906427b	chr3	38305043	38309028	3	3	0
5031c071-bdf5-4c5e-b5f3-9ff7e906427b	chr3	38309052	38309139	7	6	1
5031c071-bdf5-4c5e-b5f3-9ff7e906427b	chr3	38310645	189642489	2	2	0
5031c071-bdf5-4c5e-b5f3-9ff7e906427b	chr3	189642965	189646849	0	0	0
5031c071-bdf5-4c5e-b5f3-9ff7e906427b	chr3	189653199	198169247	2	2	0
5031c071-bdf5-4c5e-b5f3-9ff7e906427b	chr4	68929	10208766	2	2	0
5031c071-bdf5-4c5e-b5f3-9ff7e906427b	chr4	10212536	10229874	0	0	0
5031c071-bdf5-4c5e-b5f3-9ff7e906427b	chr4	10232590	24043338	2	2	0
5031c071-bdf5-4c5e-b5f3-9ff7e906427b	chr4	24044033	24069422	3	3	0
5031c071-bdf5-4c5e-b5f3-9ff7e906427b	chr4	24069510	49087357	2	2	0
5031c071-bdf5-4c5e-b5f3-9ff7e906427b	chr4	49091769	49656595	5	5	0
5031c071-bdf5-4c5e-b5f3-9ff7e906427b	chr4	51819533	83231820	2	2	0
5031c071-bdf5-4c5e-b5f3-9ff7e906427b	chr4	83232305	83240369	1	1	0
5031c071-bdf5-4c5e-b5f3-9ff7e906427b	chr4	83240561	153824644	2	2	0
5031c071-bdf5-4c5e-b5f3-9ff7e906427b	chr4	153824771	153838051	1	1	0
5031c071-bdf5-4c5e-b5f3-9ff7e906427b	chr4	153839682	169025852	2	2	0
5031c071-bdf5-4c5e-b5f3-9ff7e906427b	chr4	169026849	169041453	4	4	0
5031c071-bdf5-4c5e-b5f3-9ff7e906427b	chr4	169042001	190106768	2	2	0
5031c071-bdf5-4c5e-b5f3-9ff7e906427b	chr5	15532	2286074	7	5	2
5031c071-bdf5-4c5e-b5f3-9ff7e906427b	chr5	2286173	5676334	9	7	2
5031c071-bdf5-4c5e-b5f3-9ff7e906427b	chr5	5678884	5680788	0	0	0
5031c071-bdf5-4c5e-b5f3-9ff7e906427b	chr5	5680888	16797685	9	7	2
5031c071-bdf5-4c5e-b5f3-9ff7e906427b	chr5	16799232	30537563	10	8	2
5031c071-bdf5-4c5e-b5f3-9ff7e906427b	chr5	30540766	45398951	9	7	2
5031c071-bdf5-4c5e-b5f3-9ff7e906427b	chr5	45401715	46382550	12	9	3
5031c071-bdf5-4c5e-b5f3-9ff7e906427b	chr5	46383233	50807784	6	4	2
5031c071-bdf5-4c5e-b5f3-9ff7e906427b	chr5	50808044	51344580	5	3	2
5031c071-bdf5-4c5e-b5f3-9ff7e906427b	chr5	51345320	56221975	4	2	2
5031c071-bdf5-4c5e-b5f3-9ff7e906427b	chr5	56227742	95123430	2	2	0
5031c071-bdf5-4c5e-b5f3-9ff7e906427b	chr5	95132326	107435356	4	2	2
5031c071-bdf5-4c5e-b5f3-9ff7e906427b	chr5	107435508	107445531	8	4	4
5031c071-bdf5-4c5e-b5f3-9ff7e906427b	chr5	107445875	116637506	4	2	2
5031c071-bdf5-4c5e-b5f3-9ff7e906427b	chr5	116637769	116849860	5	3	2
5031c071-bdf5-4c5e-b5f3-9ff7e906427b	chr5	116849890	181363319	4	2	2
5031c071-bdf5-4c5e-b5f3-9ff7e906427b	chr6	149661	11186198	4	2	2
5031c071-bdf5-4c5e-b5f3-9ff7e906427b	chr6	11187241	11214574	2	1	1
5031c071-bdf5-4c5e-b5f3-9ff7e906427b	chr6	11215870	51801606	4	2	2
5031c071-bdf5-4c5e-b5f3-9ff7e906427b	chr6	51803114	51806523	2	1	1
5031c071-bdf5-4c5e-b5f3-9ff7e906427b	chr6	51806552	66923961	4	2	2
5031c071-bdf5-4c5e-b5f3-9ff7e906427b	chr6	66924178	92639273	2	2	0
5031c071-bdf5-4c5e-b5f3-9ff7e906427b	chr6	92640045	92707340	3	3	0
5031c071-bdf5-4c5e-b5f3-9ff7e906427b	chr6	92708169	96994836	2	2	0
5031c071-bdf5-4c5e-b5f3-9ff7e906427b	chr6	96995270	97030143	3	3	0
5031c071-bdf5-4c5e-b5f3-9ff7e906427b	chr6	97030262	103286299	2	2	0
5031c071-bdf5-4c5e-b5f3-9ff7e906427b	chr6	103286770	103314186	5	5	0
5031c071-bdf5-4c5e-b5f3-9ff7e906427b	chr6	103317795	106533029	2	2	0
5031c071-bdf5-4c5e-b5f3-9ff7e906427b	chr6	106533410	106535590	0	0	0
5031c071-bdf5-4c5e-b5f3-9ff7e906427b	chr6	106535671	170741917	2	2	0
5031c071-bdf5-4c5e-b5f3-9ff7e906427b	chr7	43259	2088076	3	2	1
5031c071-bdf5-4c5e-b5f3-9ff7e906427b	chr7	2088160	2129631	2	1	1
5031c071-bdf5-4c5e-b5f3-9ff7e906427b	chr7	2130096	9293438	4	2	2
5031c071-bdf5-4c5e-b5f3-9ff7e906427b	chr7	9294438	9314771	3	2	1
5031c071-bdf5-4c5e-b5f3-9ff7e906427b	chr7	9316668	68335123	4	2	2
5031c071-bdf5-4c5e-b5f3-9ff7e906427b	chr7	68335406	68556740	5	3	2
5031c071-bdf5-4c5e-b5f3-9ff7e906427b	chr7	68557527	125952613	4	2	2
5031c071-bdf5-4c5e-b5f3-9ff7e906427b	chr7	125953286	126012749	6	3	3
5031c071-bdf5-4c5e-b5f3-9ff7e906427b	chr7	126015272	131649242	4	2	2
5031c071-bdf5-4c5e-b5f3-9ff7e906427b	chr7	131649823	131680684	7	4	3
5031c071-bdf5-4c5e-b5f3-9ff7e906427b	chr7	131684951	159334314	4	2	2
5031c071-bdf5-4c5e-b5f3-9ff7e906427b	chr8	81254	10476332	2	2	0
5031c071-bdf5-4c5e-b5f3-9ff7e906427b	chr8	10476633	10587380	1	1	0
5031c071-bdf5-4c5e-b5f3-9ff7e906427b	chr8	10588081	42684075	2	2	0
5031c071-bdf5-4c5e-b5f3-9ff7e906427b	chr8	42688195	74174970	4	2	2
5031c071-bdf5-4c5e-b5f3-9ff7e906427b	chr8	74175031	74194295	2	1	1
5031c071-bdf5-4c5e-b5f3-9ff7e906427b	chr8	74194992	95423660	4	2	2
5031c071-bdf5-4c5e-b5f3-9ff7e906427b	chr8	95423859	95583293	3	2	1
5031c071-bdf5-4c5e-b5f3-9ff7e906427b	chr8	95583508	97515380	4	2	2
5031c071-bdf5-4c5e-b5f3-9ff7e906427b	chr8	97515447	97575280	3	2	1
5031c071-bdf5-4c5e-b5f3-9ff7e906427b	chr8	97577914	123713088	4	2	2
5031c071-bdf5-4c5e-b5f3-9ff7e906427b	chr8	123714063	123727331	7	4	3
5031c071-bdf5-4c5e-b5f3-9ff7e906427b	chr8	123728471	139559173	4	2	2
5031c071-bdf5-4c5e-b5f3-9ff7e906427b	chr8	139559342	145072769	3	2	1
5031c071-bdf5-4c5e-b5f3-9ff7e906427b	chr9	46587	9414893	4	2	2
5031c071-bdf5-4c5e-b5f3-9ff7e906427b	chr9	9414923	20174660	2	2	0
5031c071-bdf5-4c5e-b5f3-9ff7e906427b	chr9	20178383	23222637	0	0	0
5031c071-bdf5-4c5e-b5f3-9ff7e906427b	chr9	23223115	31828574	2	2	0
5031c071-bdf5-4c5e-b5f3-9ff7e906427b	chr9	31832792	31846529	3	3	0
5031c071-bdf5-4c5e-b5f3-9ff7e906427b	chr9	31846731	138200944	2	2	0
5031c071-bdf5-4c5e-b5f3-9ff7e906427b	chr10	45792	29658825	2	1	1
5031c071-bdf5-4c5e-b5f3-9ff7e906427b	chr10	29659888	133654968	3	2	1
5031c071-bdf5-4c5e-b5f3-9ff7e906427b	chr11	198510	5768511	4	2	2
5031c071-bdf5-4c5e-b5f3-9ff7e906427b	chr11	5768639	5787909	0	0	0
5031c071-bdf5-4c5e-b5f3-9ff7e906427b	chr11	5788108	104500227	4	2	2
5031c071-bdf5-4c5e-b5f3-9ff7e906427b	chr11	104501428	135074876	2	2	0
5031c071-bdf5-4c5e-b5f3-9ff7e906427b	chr12	51460	5872187	3	3	0
5031c071-bdf5-4c5e-b5f3-9ff7e906427b	chr12	5872239	6199811	2	2	0
5031c071-bdf5-4c5e-b5f3-9ff7e906427b	chr12	6204193	9477960	3	3	0
5031c071-bdf5-4c5e-b5f3-9ff7e906427b	chr12	9481274	9582374	0	0	0
5031c071-bdf5-4c5e-b5f3-9ff7e906427b	chr12	9583090	40780208	3	3	0
5031c071-bdf5-4c5e-b5f3-9ff7e906427b	chr12	40781713	40798852	2	2	0
5031c071-bdf5-4c5e-b5f3-9ff7e906427b	chr12	40803017	48047965	3	3	0
5031c071-bdf5-4c5e-b5f3-9ff7e906427b	chr12	48049026	49922656	6	3	3
5031c071-bdf5-4c5e-b5f3-9ff7e906427b	chr12	49926225	50178516	3	2	1
5031c071-bdf5-4c5e-b5f3-9ff7e906427b	chr12	50181358	53299187	6	3	3
5031c071-bdf5-4c5e-b5f3-9ff7e906427b	chr12	53300705	55634083	9	6	3
5031c071-bdf5-4c5e-b5f3-9ff7e906427b	chr12	55635800	63545960	3	3	0
5031c071-bdf5-4c5e-b5f3-9ff7e906427b	chr12	63554371	63741025	7	6	1
5031c071-bdf5-4c5e-b5f3-9ff7e906427b	chr12	63741647	69987435	3	3	0
5031c071-bdf5-4c5e-b5f3-9ff7e906427b	chr12	69987515	70114772	2	2	0
5031c071-bdf5-4c5e-b5f3-9ff7e906427b	chr12	70116093	117542946	3	3	0
5031c071-bdf5-4c5e-b5f3-9ff7e906427b	chr12	117550444	117574586	4	4	0
5031c071-bdf5-4c5e-b5f3-9ff7e906427b	chr12	117575010	133201603	3	3	0
5031c071-bdf5-4c5e-b5f3-9ff7e906427b	chr13	18452809	19021251	3	2	1
5031c071-bdf5-4c5e-b5f3-9ff7e906427b	chr13	19021274	19030298	6	4	2
5031c071-bdf5-4c5e-b5f3-9ff7e906427b	chr13	19030345	114342922	3	2	1
5031c071-bdf5-4c5e-b5f3-9ff7e906427b	chr14	18239283	30197191	2	2	0
5031c071-bdf5-4c5e-b5f3-9ff7e906427b	chr14	30200557	30207633	1	1	0
5031c071-bdf5-4c5e-b5f3-9ff7e906427b	chr14	30209320	38970559	2	2	0
5031c071-bdf5-4c5e-b5f3-9ff7e906427b	chr14	38970902	39004670	3	3	0
5031c071-bdf5-4c5e-b5f3-9ff7e906427b	chr14	39007276	106877229	2	2	0
5031c071-bdf5-4c5e-b5f3-9ff7e906427b	chr15	19811075	23455960	6	4	2
5031c071-bdf5-4c5e-b5f3-9ff7e906427b	chr15	23456938	45224975	4	2	2
5031c071-bdf5-4c5e-b5f3-9ff7e906427b	chr15	45225274	45237451	2	1	1
5031c071-bdf5-4c5e-b5f3-9ff7e906427b	chr15	45237569	101928837	4	2	2
5031c071-bdf5-4c5e-b5f3-9ff7e906427b	chr16	10777	36048855	3	2	1
5031c071-bdf5-4c5e-b5f3-9ff7e906427b	chr16	46441986	48126499	4	2	2
5031c071-bdf5-4c5e-b5f3-9ff7e906427b	chr16	48127997	83624855	3	2	1
5031c071-bdf5-4c5e-b5f3-9ff7e906427b	chr16	83625044	83630621	9	5	4
5031c071-bdf5-4c5e-b5f3-9ff7e906427b	chr16	83630731	90096867	3	2	1
5031c071-bdf5-4c5e-b5f3-9ff7e906427b	chr17	150733	6197878	4	2	2
5031c071-bdf5-4c5e-b5f3-9ff7e906427b	chr17	6203166	6235611	1	1	0
5031c071-bdf5-4c5e-b5f3-9ff7e906427b	chr17	6239986	33120541	4	2	2
5031c071-bdf5-4c5e-b5f3-9ff7e906427b	chr17	33121216	33137252	5	3	2
5031c071-bdf5-4c5e-b5f3-9ff7e906427b	chr17	33139373	36725133	4	2	2
5031c071-bdf5-4c5e-b5f3-9ff7e906427b	chr17	36725564	83091923	5	3	2
5031c071-bdf5-4c5e-b5f3-9ff7e906427b	chr18	48133	45035667	3	3	0
5031c071-bdf5-4c5e-b5f3-9ff7e906427b	chr18	45036876	45054717	4	4	0
5031c071-bdf5-4c5e-b5f3-9ff7e906427b	chr18	45057127	80257174	3	3	0
5031c071-bdf5-4c5e-b5f3-9ff7e906427b	chr19	90910	22610572	4	2	2
5031c071-bdf5-4c5e-b5f3-9ff7e906427b	chr19	22611869	28509541	5	3	2
5031c071-bdf5-4c5e-b5f3-9ff7e906427b	chr19	28510460	58586487	4	2	2
5031c071-bdf5-4c5e-b5f3-9ff7e906427b	chr20	80664	64324800	4	2	2
5031c071-bdf5-4c5e-b5f3-9ff7e906427b	chr21	12973348	14086358	3	3	0
5031c071-bdf5-4c5e-b5f3-9ff7e906427b	chr21	14087115	37392535	2	2	0
5031c071-bdf5-4c5e-b5f3-9ff7e906427b	chr21	37393697	42366077	4	2	2
5031c071-bdf5-4c5e-b5f3-9ff7e906427b	chr21	42366204	42581685	1	1	0
5031c071-bdf5-4c5e-b5f3-9ff7e906427b	chr21	42583882	45903608	2	2	0
5031c071-bdf5-4c5e-b5f3-9ff7e906427b	chr21	45903828	45946440	3	3	0
5031c071-bdf5-4c5e-b5f3-9ff7e906427b	chr21	45949276	46448408	2	2	0
5031c071-bdf5-4c5e-b5f3-9ff7e906427b	chr21	46451081	46677045	4	2	2
5031c071-bdf5-4c5e-b5f3-9ff7e906427b	chr22	16392123	16651798	5	3	2
5031c071-bdf5-4c5e-b5f3-9ff7e906427b	chr22	16653948	22164140	3	2	1
5031c071-bdf5-4c5e-b5f3-9ff7e906427b	chr22	22164218	22165354	1	1	0
5031c071-bdf5-4c5e-b5f3-9ff7e906427b	chr22	22165674	32178696	3	2	1
5031c071-bdf5-4c5e-b5f3-9ff7e906427b	chr22	32179162	32197107	1	1	0
5031c071-bdf5-4c5e-b5f3-9ff7e906427b	chr22	32197866	50796027	3	2	1
5031c071-bdf5-4c5e-b5f3-9ff7e906427b	chrX	251810	10164183	2	2	0
5031c071-bdf5-4c5e-b5f3-9ff7e906427b	chrX	10166899	10172148	5	4	1
5031c071-bdf5-4c5e-b5f3-9ff7e906427b	chrX	10172734	34011782	2	2	0
5031c071-bdf5-4c5e-b5f3-9ff7e906427b	chrX	34011813	34020544	5	4	1
5031c071-bdf5-4c5e-b5f3-9ff7e906427b	chrX	34020958	38524769	2	2	0
5031c071-bdf5-4c5e-b5f3-9ff7e906427b	chrX	38525038	38527194	1	1	0
5031c071-bdf5-4c5e-b5f3-9ff7e906427b	chrX	38527234	38534201	3	3	0
5031c071-bdf5-4c5e-b5f3-9ff7e906427b	chrX	38538064	66404791	2	2	0
5031c071-bdf5-4c5e-b5f3-9ff7e906427b	chrX	66404821	66418123	3	3	0
5031c071-bdf5-4c5e-b5f3-9ff7e906427b	chrX	66425815	88151270	2	2	0
5031c071-bdf5-4c5e-b5f3-9ff7e906427b	chrX	88151339	88167221	4	3	1
5031c071-bdf5-4c5e-b5f3-9ff7e906427b	chrX	88167397	102020706	2	2	0
5031c071-bdf5-4c5e-b5f3-9ff7e906427b	chrX	102020755	102030833	3	3	0
5031c071-bdf5-4c5e-b5f3-9ff7e906427b	chrX	102030982	156004181	2	2	0
5031c071-bdf5-4c5e-b5f3-9ff7e906427b	chrY	2782397	26653788	0	0	0
5031c071-bdf5-4c5e-b5f3-9ff7e906427b	chrY	56872112	56872112	11	11	0
20eaff28-af32-4ac3-93b6-001d50ea23de	chr1	61735	7698738	1	1	0
20eaff28-af32-4ac3-93b6-001d50ea23de	chr1	7699004	89801557	2	1	1
20eaff28-af32-4ac3-93b6-001d50ea23de	chr1	89802420	93871945	1	1	0
20eaff28-af32-4ac3-93b6-001d50ea23de	chr1	93876168	248930189	2	1	1
20eaff28-af32-4ac3-93b6-001d50ea23de	chr2	12784	22473902	1	1	0
20eaff28-af32-4ac3-93b6-001d50ea23de	chr2	22473979	242147305	2	1	1
20eaff28-af32-4ac3-93b6-001d50ea23de	chr3	18667	198169247	2	1	1
20eaff28-af32-4ac3-93b6-001d50ea23de	chr4	12281	167932268	2	1	1
20eaff28-af32-4ac3-93b6-001d50ea23de	chr4	167932621	188493373	1	1	0
20eaff28-af32-4ac3-93b6-001d50ea23de	chr4	188493504	190106768	2	1	1
20eaff28-af32-4ac3-93b6-001d50ea23de	chr5	15532	50287911	2	1	1
20eaff28-af32-4ac3-93b6-001d50ea23de	chr5	50290047	55885243	1	1	0
20eaff28-af32-4ac3-93b6-001d50ea23de	chr5	55885794	56923092	2	2	0
20eaff28-af32-4ac3-93b6-001d50ea23de	chr5	56928297	125622065	1	1	0
20eaff28-af32-4ac3-93b6-001d50ea23de	chr5	125622154	133433023	2	1	1
20eaff28-af32-4ac3-93b6-001d50ea23de	chr5	133435655	134915908	3	2	1
20eaff28-af32-4ac3-93b6-001d50ea23de	chr5	134915993	157381656	2	1	1
20eaff28-af32-4ac3-93b6-001d50ea23de	chr5	157384435	158567295	3	2	1
20eaff28-af32-4ac3-93b6-001d50ea23de	chr5	158568795	181363319	2	1	1
20eaff28-af32-4ac3-93b6-001d50ea23de	chr6	149661	132912119	2	1	1
20eaff28-af32-4ac3-93b6-001d50ea23de	chr6	132913453	170741917	3	2	1
20eaff28-af32-4ac3-93b6-001d50ea23de	chr7	43259	57512608	1	1	0
20eaff28-af32-4ac3-93b6-001d50ea23de	chr7	57514410	117614089	2	1	1
20eaff28-af32-4ac3-93b6-001d50ea23de	chr7	117614473	119873104	1	1	0
20eaff28-af32-4ac3-93b6-001d50ea23de	chr7	119876197	159334314	2	1	1
20eaff28-af32-4ac3-93b6-001d50ea23de	chr8	81254	99623426	2	1	1
20eaff28-af32-4ac3-93b6-001d50ea23de	chr8	99623590	101216440	3	2	1
20eaff28-af32-4ac3-93b6-001d50ea23de	chr8	101217135	145072769	2	1	1
20eaff28-af32-4ac3-93b6-001d50ea23de	chr9	46587	3834038	1	1	0
20eaff28-af32-4ac3-93b6-001d50ea23de	chr9	3834432	14819501	2	1	1
20eaff28-af32-4ac3-93b6-001d50ea23de	chr9	14822728	21721940	1	1	0
20eaff28-af32-4ac3-93b6-001d50ea23de	chr9	21727209	24611223	0	0	0
20eaff28-af32-4ac3-93b6-001d50ea23de	chr9	24611324	107467328	2	1	1
20eaff28-af32-4ac3-93b6-001d50ea23de	chr9	107468889	108594458	1	1	0
20eaff28-af32-4ac3-93b6-001d50ea23de	chr9	108594525	138200944	2	1	1
20eaff28-af32-4ac3-93b6-001d50ea23de	chr10	26823	2184511	3	2	1
20eaff28-af32-4ac3-93b6-001d50ea23de	chr10	2185552	78275090	2	1	1
20eaff28-af32-4ac3-93b6-001d50ea23de	chr10	78275458	80508773	3	2	1
20eaff28-af32-4ac3-93b6-001d50ea23de	chr10	80509021	96084232	2	1	1
20eaff28-af32-4ac3-93b6-001d50ea23de	chr10	96087054	133769379	1	1	0
20eaff28-af32-4ac3-93b6-001d50ea23de	chr11	198572	19684863	2	1	1
20eaff28-af32-4ac3-93b6-001d50ea23de	chr11	19686186	29234531	1	1	0
20eaff28-af32-4ac3-93b6-001d50ea23de	chr11	29234586	31611086	2	1	1
20eaff28-af32-4ac3-93b6-001d50ea23de	chr11	31614553	36033547	1	1	0
20eaff28-af32-4ac3-93b6-001d50ea23de	chr11	36033711	40918604	2	1	1
20eaff28-af32-4ac3-93b6-001d50ea23de	chr11	40919178	43196874	1	1	0
20eaff28-af32-4ac3-93b6-001d50ea23de	chr11	43199989	135074876	2	1	1
20eaff28-af32-4ac3-93b6-001d50ea23de	chr12	51460	133201603	2	1	1
20eaff28-af32-4ac3-93b6-001d50ea23de	chr13	18452809	21247103	1	1	0
20eaff28-af32-4ac3-93b6-001d50ea23de	chr13	21247892	29998096	2	1	1
20eaff28-af32-4ac3-93b6-001d50ea23de	chr13	29998247	41545706	1	1	0
20eaff28-af32-4ac3-93b6-001d50ea23de	chr13	41545983	49561041	2	1	1
20eaff28-af32-4ac3-93b6-001d50ea23de	chr13	49561068	78346531	1	1	0
20eaff28-af32-4ac3-93b6-001d50ea23de	chr13	78347739	79087890	2	1	1
20eaff28-af32-4ac3-93b6-001d50ea23de	chr13	79090849	80609697	1	1	0
20eaff28-af32-4ac3-93b6-001d50ea23de	chr13	80609755	98323035	2	1	1
20eaff28-af32-4ac3-93b6-001d50ea23de	chr13	98326581	99807419	3	2	1
20eaff28-af32-4ac3-93b6-001d50ea23de	chr13	99807440	114342922	2	1	1
20eaff28-af32-4ac3-93b6-001d50ea23de	chr14	18225647	21965637	1	1	0
20eaff28-af32-4ac3-93b6-001d50ea23de	chr14	21967373	22519593	0	0	0
20eaff28-af32-4ac3-93b6-001d50ea23de	chr14	22524749	74945357	1	1	0
20eaff28-af32-4ac3-93b6-001d50ea23de	chr14	74945395	106877229	2	1	1
20eaff28-af32-4ac3-93b6-001d50ea23de	chr15	19811075	84860399	1	1	0
20eaff28-af32-4ac3-93b6-001d50ea23de	chr15	84860444	85909829	2	2	0
20eaff28-af32-4ac3-93b6-001d50ea23de	chr15	85911650	90206037	1	1	0
20eaff28-af32-4ac3-93b6-001d50ea23de	chr15	90206547	91066025	2	2	0
20eaff28-af32-4ac3-93b6-001d50ea23de	chr15	91066278	101928837	1	1	0
20eaff28-af32-4ac3-93b6-001d50ea23de	chr16	10777	90221127	2	1	1
20eaff28-af32-4ac3-93b6-001d50ea23de	chr17	150733	83090856	2	1	1
20eaff28-af32-4ac3-93b6-001d50ea23de	chr18	48133	80257174	2	1	1
20eaff28-af32-4ac3-93b6-001d50ea23de	chr19	90910	27718103	2	1	1
20eaff28-af32-4ac3-93b6-001d50ea23de	chr19	27741760	58586487	1	1	0
20eaff28-af32-4ac3-93b6-001d50ea23de	chr20	80664	64324800	2	1	1
20eaff28-af32-4ac3-93b6-001d50ea23de	chr21	10336543	46677045	1	1	0
20eaff28-af32-4ac3-93b6-001d50ea23de	chr22	15294545	50796027	2	1	1
20eaff28-af32-4ac3-93b6-001d50ea23de	chrX	251810	155630426	1	1	0
20eaff28-af32-4ac3-93b6-001d50ea23de	chrX	155632326	156004181	0	0	0
feba63a7-a670-475f-8077-9739e0bf30f8	chr1	62920	25256850	2	2	0
feba63a7-a670-475f-8077-9739e0bf30f8	chr1	25266637	25336853	0	0	0
feba63a7-a670-475f-8077-9739e0bf30f8	chr1	25346663	34708927	2	2	0
feba63a7-a670-475f-8077-9739e0bf30f8	chr1	34717923	93028713	6	3	3
feba63a7-a670-475f-8077-9739e0bf30f8	chr1	93033647	94457913	3	3	0
feba63a7-a670-475f-8077-9739e0bf30f8	chr1	94466153	97777321	8	4	4
feba63a7-a670-475f-8077-9739e0bf30f8	chr1	97778878	110129119	3	3	0
feba63a7-a670-475f-8077-9739e0bf30f8	chr1	110129603	112329954	5	3	2
feba63a7-a670-475f-8077-9739e0bf30f8	chr1	112331249	118210538	3	3	0
feba63a7-a670-475f-8077-9739e0bf30f8	chr1	118212766	121705338	7	4	3
feba63a7-a670-475f-8077-9739e0bf30f8	chr1	143541857	153124059	9	5	4
feba63a7-a670-475f-8077-9739e0bf30f8	chr1	153124764	155900727	12	8	4
feba63a7-a670-475f-8077-9739e0bf30f8	chr1	155903523	207948515	9	5	4
feba63a7-a670-475f-8077-9739e0bf30f8	chr1	207949654	208455862	5	5	0
feba63a7-a670-475f-8077-9739e0bf30f8	chr1	208456373	214790804	7	5	2
feba63a7-a670-475f-8077-9739e0bf30f8	chr1	214791758	214800147	16	11	5
feba63a7-a670-475f-8077-9739e0bf30f8	chr1	214801395	221315716	7	5	2
feba63a7-a670-475f-8077-9739e0bf30f8	chr1	221319834	221346528	14	9	5
feba63a7-a670-475f-8077-9739e0bf30f8	chr1	221353110	235940625	7	5	2
feba63a7-a670-475f-8077-9739e0bf30f8	chr1	235943125	236023335	6	4	2
feba63a7-a670-475f-8077-9739e0bf30f8	chr1	236023397	248930189	7	5	2
feba63a7-a670-475f-8077-9739e0bf30f8	chr2	12784	64438201	4	2	2
feba63a7-a670-475f-8077-9739e0bf30f8	chr2	64440674	64459805	0	0	0
feba63a7-a670-475f-8077-9739e0bf30f8	chr2	64460643	76698773	4	2	2
feba63a7-a670-475f-8077-9739e0bf30f8	chr2	76701007	76730025	10	6	4
feba63a7-a670-475f-8077-9739e0bf30f8	chr2	76730270	126615312	4	2	2
feba63a7-a670-475f-8077-9739e0bf30f8	chr2	126618414	126622311	0	0	0
feba63a7-a670-475f-8077-9739e0bf30f8	chr2	126622793	130486635	4	2	2
feba63a7-a670-475f-8077-9739e0bf30f8	chr2	130526595	137137416	2	2	0
feba63a7-a670-475f-8077-9739e0bf30f8	chr2	137139190	150594687	4	2	2
feba63a7-a670-475f-8077-9739e0bf30f8	chr2	150595528	151431383	4	3	1
feba63a7-a670-475f-8077-9739e0bf30f8	chr2	151431586	154361936	4	2	2
feba63a7-a670-475f-8077-9739e0bf30f8	chr2	154366359	154375911	15	8	7
feba63a7-a670-475f-8077-9739e0bf30f8	chr2	154377766	241975583	4	2	2
feba63a7-a670-475f-8077-9739e0bf30f8	chr2	241976006	242147305	0	0	0
feba63a7-a670-475f-8077-9739e0bf30f8	chr3	20930	66864979	2	2	0
feba63a7-a670-475f-8077-9739e0bf30f8	chr3	66865618	66945771	9	7	2
feba63a7-a670-475f-8077-9739e0bf30f8	chr3	66946134	77689040	2	2	0
feba63a7-a670-475f-8077-9739e0bf30f8	chr3	77689166	79456014	10	8	2
feba63a7-a670-475f-8077-9739e0bf30f8	chr3	79456678	80261825	5	3	2
feba63a7-a670-475f-8077-9739e0bf30f8	chr3	80262426	83102297	2	2	0
feba63a7-a670-475f-8077-9739e0bf30f8	chr3	83117022	84204093	8	6	2
feba63a7-a670-475f-8077-9739e0bf30f8	chr3	84204191	85348963	5	3	2
feba63a7-a670-475f-8077-9739e0bf30f8	chr3	85349042	85636949	8	6	2
feba63a7-a670-475f-8077-9739e0bf30f8	chr3	85639445	166260583	4	2	2
feba63a7-a670-475f-8077-9739e0bf30f8	chr3	166262933	167787643	4	3	1
feba63a7-a670-475f-8077-9739e0bf30f8	chr3	167787844	198169247	4	2	2
feba63a7-a670-475f-8077-9739e0bf30f8	chr4	68929	34777432	4	2	2
feba63a7-a670-475f-8077-9739e0bf30f8	chr4	34784878	34823103	0	0	0
feba63a7-a670-475f-8077-9739e0bf30f8	chr4	34828250	133852442	4	2	2
feba63a7-a670-475f-8077-9739e0bf30f8	chr4	133852839	134514486	5	4	1
feba63a7-a670-475f-8077-9739e0bf30f8	chr4	134515846	150735437	4	2	2
feba63a7-a670-475f-8077-9739e0bf30f8	chr4	150743286	151004246	2	2	0
feba63a7-a670-475f-8077-9739e0bf30f8	chr4	151004627	158402129	4	2	2
feba63a7-a670-475f-8077-9739e0bf30f8	chr4	158403271	168579870	2	2	0
feba63a7-a670-475f-8077-9739e0bf30f8	chr4	168580589	168605860	0	0	0
feba63a7-a670-475f-8077-9739e0bf30f8	chr4	168607425	190106768	2	2	0
feba63a7-a670-475f-8077-9739e0bf30f8	chr5	15532	2276209	2	1	1
feba63a7-a670-475f-8077-9739e0bf30f8	chr5	2277382	171571787	3	2	1
feba63a7-a670-475f-8077-9739e0bf30f8	chr5	171571977	171585900	1	1	0
feba63a7-a670-475f-8077-9739e0bf30f8	chr5	171586086	181363319	3	2	1
feba63a7-a670-475f-8077-9739e0bf30f8	chr6	149661	6736698	4	2	2
feba63a7-a670-475f-8077-9739e0bf30f8	chr6	6736939	7418007	5	3	2
feba63a7-a670-475f-8077-9739e0bf30f8	chr6	7425025	12196677	4	2	2
feba63a7-a670-475f-8077-9739e0bf30f8	chr6	12196705	12227699	2	1	1
feba63a7-a670-475f-8077-9739e0bf30f8	chr6	12228991	30499918	4	2	2
feba63a7-a670-475f-8077-9739e0bf30f8	chr6	30507638	30515216	0	0	0
feba63a7-a670-475f-8077-9739e0bf30f8	chr6	30544386	58416347	4	2	2
feba63a7-a670-475f-8077-9739e0bf30f8	chr6	58416354	62947598	2	2	0
feba63a7-a670-475f-8077-9739e0bf30f8	chr6	62947698	63693293	4	2	2
feba63a7-a670-475f-8077-9739e0bf30f8	chr6	63697501	64966663	2	2	0
feba63a7-a670-475f-8077-9739e0bf30f8	chr6	64966680	65968649	3	2	1
feba63a7-a670-475f-8077-9739e0bf30f8	chr6	65969415	66195850	13	11	2
feba63a7-a670-475f-8077-9739e0bf30f8	chr6	66196082	67138766	8	6	2
feba63a7-a670-475f-8077-9739e0bf30f8	chr6	67139038	68931631	13	11	2
feba63a7-a670-475f-8077-9739e0bf30f8	chr6	68932915	70703929	3	2	1
feba63a7-a670-475f-8077-9739e0bf30f8	chr6	70710924	90441374	2	2	0
feba63a7-a670-475f-8077-9739e0bf30f8	chr6	90441576	90450381	0	0	0
feba63a7-a670-475f-8077-9739e0bf30f8	chr6	90450805	103286299	2	2	0
feba63a7-a670-475f-8077-9739e0bf30f8	chr6	103286770	103314186	8	8	0
feba63a7-a670-475f-8077-9739e0bf30f8	chr6	103317795	119186279	2	2	0
feba63a7-a670-475f-8077-9739e0bf30f8	chr6	119186442	119191820	0	0	0
feba63a7-a670-475f-8077-9739e0bf30f8	chr6	119196074	170741917	2	2	0
feba63a7-a670-475f-8077-9739e0bf30f8	chr7	43259	7304769	4	2	2
feba63a7-a670-475f-8077-9739e0bf30f8	chr7	7305060	7309625	9	6	3
feba63a7-a670-475f-8077-9739e0bf30f8	chr7	7309864	22405051	4	2	2
feba63a7-a670-475f-8077-9739e0bf30f8	chr7	22405287	22413033	11	6	5
feba63a7-a670-475f-8077-9739e0bf30f8	chr7	22413126	35349889	4	2	2
feba63a7-a670-475f-8077-9739e0bf30f8	chr7	35353287	35365086	0	0	0
feba63a7-a670-475f-8077-9739e0bf30f8	chr7	35366118	49807550	4	2	2
feba63a7-a670-475f-8077-9739e0bf30f8	chr7	49808712	50482182	3	2	1
feba63a7-a670-475f-8077-9739e0bf30f8	chr7	50483182	50621587	5	3	2
feba63a7-a670-475f-8077-9739e0bf30f8	chr7	50622255	51753553	4	2	2
feba63a7-a670-475f-8077-9739e0bf30f8	chr7	51755211	54349404	5	3	2
feba63a7-a670-475f-8077-9739e0bf30f8	chr7	54349896	84822120	4	2	2
feba63a7-a670-475f-8077-9739e0bf30f8	chr7	84823968	84856747	1	1	0
feba63a7-a670-475f-8077-9739e0bf30f8	chr7	84860325	159334314	4	2	2
feba63a7-a670-475f-8077-9739e0bf30f8	chr8	81254	10873761	2	2	0
feba63a7-a670-475f-8077-9739e0bf30f8	chr8	10874540	10915248	0	0	0
feba63a7-a670-475f-8077-9739e0bf30f8	chr8	10917556	27907059	2	2	0
feba63a7-a670-475f-8077-9739e0bf30f8	chr8	27907477	27935320	7	6	1
feba63a7-a670-475f-8077-9739e0bf30f8	chr8	27936188	39368524	2	2	0
feba63a7-a670-475f-8077-9739e0bf30f8	chr8	39368830	39663114	0	0	0
feba63a7-a670-475f-8077-9739e0bf30f8	chr8	39663225	71612768	2	2	0
feba63a7-a670-475f-8077-9739e0bf30f8	chr8	71613070	74173035	6	3	3
feba63a7-a670-475f-8077-9739e0bf30f8	chr8	74174970	74200423	3	2	1
feba63a7-a670-475f-8077-9739e0bf30f8	chr8	74200535	81514177	6	3	3
feba63a7-a670-475f-8077-9739e0bf30f8	chr8	81514334	82815359	6	5	1
feba63a7-a670-475f-8077-9739e0bf30f8	chr8	82815624	139569771	6	3	3
feba63a7-a670-475f-8077-9739e0bf30f8	chr8	139570777	139573160	1	1	0
feba63a7-a670-475f-8077-9739e0bf30f8	chr8	139573283	139592959	11	6	5
feba63a7-a670-475f-8077-9739e0bf30f8	chr8	139593472	145072769	5	3	2
feba63a7-a670-475f-8077-9739e0bf30f8	chr9	46587	1709151	2	2	0
feba63a7-a670-475f-8077-9739e0bf30f8	chr9	1709187	1714607	0	0	0
feba63a7-a670-475f-8077-9739e0bf30f8	chr9	1714649	17633310	2	2	0
feba63a7-a670-475f-8077-9739e0bf30f8	chr9	17634922	17636653	0	0	0
feba63a7-a670-475f-8077-9739e0bf30f8	chr9	17636676	94563749	2	2	0
feba63a7-a670-475f-8077-9739e0bf30f8	chr9	94564118	94572423	0	0	0
feba63a7-a670-475f-8077-9739e0bf30f8	chr9	94573638	105048619	2	2	0
feba63a7-a670-475f-8077-9739e0bf30f8	chr9	105049259	105052907	7	6	1
feba63a7-a670-475f-8077-9739e0bf30f8	chr9	105053194	138200944	2	2	0
feba63a7-a670-475f-8077-9739e0bf30f8	chr10	45792	17288203	4	2	2
feba63a7-a670-475f-8077-9739e0bf30f8	chr10	17288251	17481042	6	3	3
feba63a7-a670-475f-8077-9739e0bf30f8	chr10	17484790	20315960	4	2	2
feba63a7-a670-475f-8077-9739e0bf30f8	chr10	20316259	22050540	5	3	2
feba63a7-a670-475f-8077-9739e0bf30f8	chr10	22052492	22482281	5	4	1
feba63a7-a670-475f-8077-9739e0bf30f8	chr10	22486280	46522571	4	2	2
feba63a7-a670-475f-8077-9739e0bf30f8	chr10	46525652	50877705	3	2	1
feba63a7-a670-475f-8077-9739e0bf30f8	chr10	50880303	52978586	2	2	0
feba63a7-a670-475f-8077-9739e0bf30f8	chr10	52979577	80584782	3	2	1
feba63a7-a670-475f-8077-9739e0bf30f8	chr10	80584920	80613225	5	3	2
feba63a7-a670-475f-8077-9739e0bf30f8	chr10	80613760	99490912	3	2	1
feba63a7-a670-475f-8077-9739e0bf30f8	chr10	99492408	99515503	6	4	2
feba63a7-a670-475f-8077-9739e0bf30f8	chr10	99518059	103027262	3	2	1
feba63a7-a670-475f-8077-9739e0bf30f8	chr10	103027498	133654968	2	2	0
feba63a7-a670-475f-8077-9739e0bf30f8	chr11	198510	5768511	6	4	2
feba63a7-a670-475f-8077-9739e0bf30f8	chr11	5768639	5787909	0	0	0
feba63a7-a670-475f-8077-9739e0bf30f8	chr11	5788108	9319418	6	4	2
feba63a7-a670-475f-8077-9739e0bf30f8	chr11	9324458	12305946	2	2	0
feba63a7-a670-475f-8077-9739e0bf30f8	chr11	12306666	13173083	4	2	2
feba63a7-a670-475f-8077-9739e0bf30f8	chr11	13174658	15311885	2	2	0
feba63a7-a670-475f-8077-9739e0bf30f8	chr11	15312490	18195772	6	4	2
feba63a7-a670-475f-8077-9739e0bf30f8	chr11	18196096	20230560	2	2	0
feba63a7-a670-475f-8077-9739e0bf30f8	chr11	20232053	22897875	4	2	2
feba63a7-a670-475f-8077-9739e0bf30f8	chr11	22898141	23100951	5	4	1
feba63a7-a670-475f-8077-9739e0bf30f8	chr11	23101058	24797022	5	3	2
feba63a7-a670-475f-8077-9739e0bf30f8	chr11	24797543	25320013	5	4	1
feba63a7-a670-475f-8077-9739e0bf30f8	chr11	25320028	26640999	4	2	2
feba63a7-a670-475f-8077-9739e0bf30f8	chr11	26641191	26652966	8	4	4
feba63a7-a670-475f-8077-9739e0bf30f8	chr11	26653170	32777949	4	2	2
feba63a7-a670-475f-8077-9739e0bf30f8	chr11	32780081	33967874	2	2	0
feba63a7-a670-475f-8077-9739e0bf30f8	chr11	33968611	35877607	4	2	2
feba63a7-a670-475f-8077-9739e0bf30f8	chr11	35878772	35982585	1	1	0
feba63a7-a670-475f-8077-9739e0bf30f8	chr11	35982766	66636341	2	2	0
feba63a7-a670-475f-8077-9739e0bf30f8	chr11	66638043	68369505	5	3	2
feba63a7-a670-475f-8077-9739e0bf30f8	chr11	68376815	69130057	2	2	0
feba63a7-a670-475f-8077-9739e0bf30f8	chr11	69131982	69832031	8	6	2
feba63a7-a670-475f-8077-9739e0bf30f8	chr11	69832611	135074876	2	2	0
feba63a7-a670-475f-8077-9739e0bf30f8	chr12	51460	126580469	4	2	2
feba63a7-a670-475f-8077-9739e0bf30f8	chr12	126581299	126765026	5	3	2
feba63a7-a670-475f-8077-9739e0bf30f8	chr12	126766568	133201603	4	2	2
feba63a7-a670-475f-8077-9739e0bf30f8	chr13	18452809	23055011	2	2	0
feba63a7-a670-475f-8077-9739e0bf30f8	chr13	23055025	23059376	0	0	0
feba63a7-a670-475f-8077-9739e0bf30f8	chr13	23064056	59262430	2	2	0
feba63a7-a670-475f-8077-9739e0bf30f8	chr13	59262768	59273122	7	6	1
feba63a7-a670-475f-8077-9739e0bf30f8	chr13	59273673	85755123	2	2	0
feba63a7-a670-475f-8077-9739e0bf30f8	chr13	85759563	86166440	4	2	2
feba63a7-a670-475f-8077-9739e0bf30f8	chr13	86166464	88039035	2	2	0
feba63a7-a670-475f-8077-9739e0bf30f8	chr13	88039376	89409783	5	3	2
feba63a7-a670-475f-8077-9739e0bf30f8	chr13	89413706	94627279	2	2	0
feba63a7-a670-475f-8077-9739e0bf30f8	chr13	94629752	100672046	4	2	2
feba63a7-a670-475f-8077-9739e0bf30f8	chr13	100672798	100840439	6	3	3
feba63a7-a670-475f-8077-9739e0bf30f8	chr13	100841488	101815000	2	2	0
feba63a7-a670-475f-8077-9739e0bf30f8	chr13	101821661	102422995	4	2	2
feba63a7-a670-475f-8077-9739e0bf30f8	chr13	102424143	105096717	7	5	2
feba63a7-a670-475f-8077-9739e0bf30f8	chr13	105100222	107871146	15	13	2
feba63a7-a670-475f-8077-9739e0bf30f8	chr13	107871875	110226325	11	9	2
feba63a7-a670-475f-8077-9739e0bf30f8	chr13	110226660	114342922	3	2	1
feba63a7-a670-475f-8077-9739e0bf30f8	chr14	18239283	19955213	9	6	3
feba63a7-a670-475f-8077-9739e0bf30f8	chr14	19956767	22632004	3	2	1
feba63a7-a670-475f-8077-9739e0bf30f8	chr14	22633534	22645313	8	5	3
feba63a7-a670-475f-8077-9739e0bf30f8	chr14	22645702	35992929	3	2	1
feba63a7-a670-475f-8077-9739e0bf30f8	chr14	35993297	106877229	2	1	1
feba63a7-a670-475f-8077-9739e0bf30f8	chr15	19811075	60925174	3	2	1
feba63a7-a670-475f-8077-9739e0bf30f8	chr15	60925786	60931519	0	0	0
feba63a7-a670-475f-8077-9739e0bf30f8	chr15	60931863	69457921	3	2	1
feba63a7-a670-475f-8077-9739e0bf30f8	chr15	69459432	71374424	4	2	2
feba63a7-a670-475f-8077-9739e0bf30f8	chr15	71375388	72306273	3	2	1
feba63a7-a670-475f-8077-9739e0bf30f8	chr15	72307722	72870575	3	3	0
feba63a7-a670-475f-8077-9739e0bf30f8	chr15	72874361	76279269	4	2	2
feba63a7-a670-475f-8077-9739e0bf30f8	chr15	76283575	80196326	3	2	1
feba63a7-a670-475f-8077-9739e0bf30f8	chr15	80198424	88243598	4	2	2
feba63a7-a670-475f-8077-9739e0bf30f8	chr15	88258758	89976554	3	2	1
feba63a7-a670-475f-8077-9739e0bf30f8	chr15	89978587	92103935	4	2	2
feba63a7-a670-475f-8077-9739e0bf30f8	chr15	92103962	94505294	3	2	1
feba63a7-a670-475f-8077-9739e0bf30f8	chr15	94505433	101928837	4	2	2
feba63a7-a670-475f-8077-9739e0bf30f8	chr16	10777	26083515	3	2	1
feba63a7-a670-475f-8077-9739e0bf30f8	chr16	26083979	26102964	7	5	2
feba63a7-a670-475f-8077-9739e0bf30f8	chr16	26104241	53995489	3	2	1
feba63a7-a670-475f-8077-9739e0bf30f8	chr16	53999882	54020999	1	1	0
feba63a7-a670-475f-8077-9739e0bf30f8	chr16	54022247	55282454	3	2	1
feba63a7-a670-475f-8077-9739e0bf30f8	chr16	55284193	55295349	8	4	4
feba63a7-a670-475f-8077-9739e0bf30f8	chr16	55295689	57280560	3	2	1
feba63a7-a670-475f-8077-9739e0bf30f8	chr16	57280738	57372107	2	2	0
feba63a7-a670-475f-8077-9739e0bf30f8	chr16	57373734	90096867	3	2	1
feba63a7-a670-475f-8077-9739e0bf30f8	chr17	150733	11300260	4	2	2
feba63a7-a670-475f-8077-9739e0bf30f8	chr17	11303558	11329218	10	5	5
feba63a7-a670-475f-8077-9739e0bf30f8	chr17	11330718	41265433	4	2	2
feba63a7-a670-475f-8077-9739e0bf30f8	chr17	41265456	41274279	0	0	0
feba63a7-a670-475f-8077-9739e0bf30f8	chr17	41276472	45680406	4	2	2
feba63a7-a670-475f-8077-9739e0bf30f8	chr17	45680765	45921981	3	2	1
feba63a7-a670-475f-8077-9739e0bf30f8	chr17	45924013	57757172	4	2	2
feba63a7-a670-475f-8077-9739e0bf30f8	chr17	57758262	57823060	5	3	2
feba63a7-a670-475f-8077-9739e0bf30f8	chr17	57823656	82990120	4	2	2
feba63a7-a670-475f-8077-9739e0bf30f8	chr17	82992415	83091923	3	2	1
feba63a7-a670-475f-8077-9739e0bf30f8	chr18	48133	80257174	4	2	2
feba63a7-a670-475f-8077-9739e0bf30f8	chr19	90910	41785242	4	2	2
feba63a7-a670-475f-8077-9739e0bf30f8	chr19	41786690	41809790	8	4	4
feba63a7-a670-475f-8077-9739e0bf30f8	chr19	41812198	58586487	4	2	2
feba63a7-a670-475f-8077-9739e0bf30f8	chr20	80664	64324800	5	3	2
feba63a7-a670-475f-8077-9739e0bf30f8	chr21	12973348	28741601	2	1	1
feba63a7-a670-475f-8077-9739e0bf30f8	chr21	28743329	28758456	0	0	0
feba63a7-a670-475f-8077-9739e0bf30f8	chr21	28759383	30806255	2	1	1
feba63a7-a670-475f-8077-9739e0bf30f8	chr21	30809037	30847917	3	2	1
feba63a7-a670-475f-8077-9739e0bf30f8	chr21	30850707	46677045	2	1	1
feba63a7-a670-475f-8077-9739e0bf30f8	chr22	16392123	32179162	5	4	1
feba63a7-a670-475f-8077-9739e0bf30f8	chr22	32179227	32196133	1	1	0
feba63a7-a670-475f-8077-9739e0bf30f8	chr22	32196403	50796027	5	4	1
feba63a7-a670-475f-8077-9739e0bf30f8	chrX	251810	359845	1	1	0
feba63a7-a670-475f-8077-9739e0bf30f8	chrX	372540	718786	3	2	1
feba63a7-a670-475f-8077-9739e0bf30f8	chrX	718862	876695	2	1	1
feba63a7-a670-475f-8077-9739e0bf30f8	chrX	890459	1059510	4	2	2
feba63a7-a670-475f-8077-9739e0bf30f8	chrX	1059715	1478856	2	1	1
feba63a7-a670-475f-8077-9739e0bf30f8	chrX	1479705	1731702	5	3	2
feba63a7-a670-475f-8077-9739e0bf30f8	chrX	1731860	1770302	2	1	1
feba63a7-a670-475f-8077-9739e0bf30f8	chrX	1771710	2377218	3	2	1
feba63a7-a670-475f-8077-9739e0bf30f8	chrX	2387078	2432545	1	1	0
feba63a7-a670-475f-8077-9739e0bf30f8	chrX	2440099	2671323	3	2	1
feba63a7-a670-475f-8077-9739e0bf30f8	chrX	2671476	2735511	2	1	1
feba63a7-a670-475f-8077-9739e0bf30f8	chrX	2735872	2775134	5	3	2
feba63a7-a670-475f-8077-9739e0bf30f8	chrX	2775583	155699837	0	0	0
feba63a7-a670-475f-8077-9739e0bf30f8	chrX	155733777	156004181	3	2	1
feba63a7-a670-475f-8077-9739e0bf30f8	chrY	2782397	26653788	2	2	0
feba63a7-a670-475f-8077-9739e0bf30f8	chrY	56872112	56872112	1	1	0
2bb39c53-bb3f-49af-bf8a-41994a1e5287	chr1	61735	85878467	1	1	0
2bb39c53-bb3f-49af-bf8a-41994a1e5287	chr1	85878606	248930189	2	1	1
2bb39c53-bb3f-49af-bf8a-41994a1e5287	chr2	12784	242147305	2	1	1
2bb39c53-bb3f-49af-bf8a-41994a1e5287	chr3	18667	11627848	1	1	0
2bb39c53-bb3f-49af-bf8a-41994a1e5287	chr3	11628074	11649861	0	0	0
2bb39c53-bb3f-49af-bf8a-41994a1e5287	chr3	11652925	198169247	1	1	0
2bb39c53-bb3f-49af-bf8a-41994a1e5287	chr4	12281	190106768	2	1	1
2bb39c53-bb3f-49af-bf8a-41994a1e5287	chr5	15532	181363319	2	1	1
2bb39c53-bb3f-49af-bf8a-41994a1e5287	chr6	149661	70317536	2	1	1
2bb39c53-bb3f-49af-bf8a-41994a1e5287	chr6	70323775	78438281	1	1	0
2bb39c53-bb3f-49af-bf8a-41994a1e5287	chr6	78443367	80304222	2	1	1
2bb39c53-bb3f-49af-bf8a-41994a1e5287	chr6	80305732	80774772	1	1	0
2bb39c53-bb3f-49af-bf8a-41994a1e5287	chr6	80775828	82044181	2	1	1
2bb39c53-bb3f-49af-bf8a-41994a1e5287	chr6	82044750	170741917	1	1	0
2bb39c53-bb3f-49af-bf8a-41994a1e5287	chr7	43259	159334314	1	1	0
2bb39c53-bb3f-49af-bf8a-41994a1e5287	chr8	81254	145072769	2	1	1
2bb39c53-bb3f-49af-bf8a-41994a1e5287	chr9	46587	138200944	1	1	0
2bb39c53-bb3f-49af-bf8a-41994a1e5287	chr10	26823	133769379	2	1	1
2bb39c53-bb3f-49af-bf8a-41994a1e5287	chr11	198572	68489918	2	1	1
2bb39c53-bb3f-49af-bf8a-41994a1e5287	chr11	68493759	69871309	18	17	1
2bb39c53-bb3f-49af-bf8a-41994a1e5287	chr11	69881218	69967139	2	2	0
2bb39c53-bb3f-49af-bf8a-41994a1e5287	chr11	69967622	70474991	2	1	1
2bb39c53-bb3f-49af-bf8a-41994a1e5287	chr11	70480702	70672963	17	15	2
2bb39c53-bb3f-49af-bf8a-41994a1e5287	chr11	70675286	135074876	2	1	1
2bb39c53-bb3f-49af-bf8a-41994a1e5287	chr12	51460	133201603	2	1	1
2bb39c53-bb3f-49af-bf8a-41994a1e5287	chr13	18452809	114342922	2	1	1
2bb39c53-bb3f-49af-bf8a-41994a1e5287	chr14	18225647	106877229	2	1	1
2bb39c53-bb3f-49af-bf8a-41994a1e5287	chr15	19811075	23025272	1	1	0
2bb39c53-bb3f-49af-bf8a-41994a1e5287	chr15	23025429	101928837	2	1	1
2bb39c53-bb3f-49af-bf8a-41994a1e5287	chr16	10777	90221127	2	1	1
2bb39c53-bb3f-49af-bf8a-41994a1e5287	chr17	150733	83090856	2	1	1
2bb39c53-bb3f-49af-bf8a-41994a1e5287	chr18	48133	80257174	2	1	1
2bb39c53-bb3f-49af-bf8a-41994a1e5287	chr19	90910	58586487	2	1	1
2bb39c53-bb3f-49af-bf8a-41994a1e5287	chr20	80664	64324800	2	1	1
2bb39c53-bb3f-49af-bf8a-41994a1e5287	chr21	10336543	46677045	2	1	1
2bb39c53-bb3f-49af-bf8a-41994a1e5287	chr22	15294545	50796027	2	1	1
2bb39c53-bb3f-49af-bf8a-41994a1e5287	chrX	251810	73264776	2	1	1
2bb39c53-bb3f-49af-bf8a-41994a1e5287	chrX	73267934	76229594	17	13	4
2bb39c53-bb3f-49af-bf8a-41994a1e5287	chrX	76241478	116505219	2	1	1
2bb39c53-bb3f-49af-bf8a-41994a1e5287	chrX	116508097	117745507	1	1	0
2bb39c53-bb3f-49af-bf8a-41994a1e5287	chrX	117750842	156004181	2	1	1
69bc84d9-acf9-444f-93cf-0d401a3836aa	chr1	61735	248930189	2	1	1
69bc84d9-acf9-444f-93cf-0d401a3836aa	chr2	12784	242147305	2	1	1
69bc84d9-acf9-444f-93cf-0d401a3836aa	chr3	18667	198169247	2	1	1
69bc84d9-acf9-444f-93cf-0d401a3836aa	chr4	12281	190106768	2	1	1
69bc84d9-acf9-444f-93cf-0d401a3836aa	chr5	15532	181363319	2	1	1
69bc84d9-acf9-444f-93cf-0d401a3836aa	chr6	149661	170741917	2	1	1
69bc84d9-acf9-444f-93cf-0d401a3836aa	chr7	43259	38255395	2	1	1
69bc84d9-acf9-444f-93cf-0d401a3836aa	chr7	38258234	38317707	4	2	2
69bc84d9-acf9-444f-93cf-0d401a3836aa	chr7	38317722	159334314	2	1	1
69bc84d9-acf9-444f-93cf-0d401a3836aa	chr8	81254	145072769	2	1	1
69bc84d9-acf9-444f-93cf-0d401a3836aa	chr9	46587	138200944	2	1	1
69bc84d9-acf9-444f-93cf-0d401a3836aa	chr10	26823	133769379	2	1	1
69bc84d9-acf9-444f-93cf-0d401a3836aa	chr11	198572	135074876	2	1	1
69bc84d9-acf9-444f-93cf-0d401a3836aa	chr12	51460	56670761	2	1	1
69bc84d9-acf9-444f-93cf-0d401a3836aa	chr12	56671929	58182138	3	2	1
69bc84d9-acf9-444f-93cf-0d401a3836aa	chr12	58182313	133201603	2	1	1
69bc84d9-acf9-444f-93cf-0d401a3836aa	chr13	18452809	114342922	2	1	1
69bc84d9-acf9-444f-93cf-0d401a3836aa	chr14	18225647	21907847	2	1	1
69bc84d9-acf9-444f-93cf-0d401a3836aa	chr14	21908468	22509533	4	2	2
69bc84d9-acf9-444f-93cf-0d401a3836aa	chr14	22509594	106877229	2	1	1
69bc84d9-acf9-444f-93cf-0d401a3836aa	chr15	19811075	101928837	2	1	1
69bc84d9-acf9-444f-93cf-0d401a3836aa	chr16	10777	90221127	2	1	1
69bc84d9-acf9-444f-93cf-0d401a3836aa	chr17	150733	83090856	2	1	1
69bc84d9-acf9-444f-93cf-0d401a3836aa	chr18	48133	80257174	2	1	1
69bc84d9-acf9-444f-93cf-0d401a3836aa	chr19	90910	58586487	2	1	1
69bc84d9-acf9-444f-93cf-0d401a3836aa	chr20	80664	64324800	2	1	1
69bc84d9-acf9-444f-93cf-0d401a3836aa	chr21	10336543	46677045	2	1	1
69bc84d9-acf9-444f-93cf-0d401a3836aa	chr22	15294545	50796027	2	1	1
69bc84d9-acf9-444f-93cf-0d401a3836aa	chrX	251810	23687569	2	1	1
69bc84d9-acf9-444f-93cf-0d401a3836aa	chrX	23688239	25462618	3	2	1
69bc84d9-acf9-444f-93cf-0d401a3836aa	chrX	25472395	156004181	2	1	1
a9abae69-e82c-46f5-a1e4-6c8045c6a1de	chr1	62920	114369590	1	1	0
a9abae69-e82c-46f5-a1e4-6c8045c6a1de	chr1	114371565	121705338	2	1	1
a9abae69-e82c-46f5-a1e4-6c8045c6a1de	chr1	143541857	169719922	4	3	1
a9abae69-e82c-46f5-a1e4-6c8045c6a1de	chr1	169720551	200235195	6	5	1
a9abae69-e82c-46f5-a1e4-6c8045c6a1de	chr1	200235236	214462543	5	4	1
a9abae69-e82c-46f5-a1e4-6c8045c6a1de	chr1	214462706	221346528	6	5	1
a9abae69-e82c-46f5-a1e4-6c8045c6a1de	chr1	221353110	231230601	5	4	1
a9abae69-e82c-46f5-a1e4-6c8045c6a1de	chr1	231232194	236635981	6	5	1
a9abae69-e82c-46f5-a1e4-6c8045c6a1de	chr1	236638477	236673025	4	3	1
a9abae69-e82c-46f5-a1e4-6c8045c6a1de	chr1	236674058	248930189	6	5	1
a9abae69-e82c-46f5-a1e4-6c8045c6a1de	chr2	12784	154361936	2	1	1
a9abae69-e82c-46f5-a1e4-6c8045c6a1de	chr2	154366359	154415877	4	2	2
a9abae69-e82c-46f5-a1e4-6c8045c6a1de	chr2	154415941	242147305	2	1	1
a9abae69-e82c-46f5-a1e4-6c8045c6a1de	chr3	20930	24104467	1	1	0
a9abae69-e82c-46f5-a1e4-6c8045c6a1de	chr3	24106252	27723804	2	1	1
a9abae69-e82c-46f5-a1e4-6c8045c6a1de	chr3	27732434	77998982	1	1	0
a9abae69-e82c-46f5-a1e4-6c8045c6a1de	chr3	78002284	126189655	2	1	1
a9abae69-e82c-46f5-a1e4-6c8045c6a1de	chr3	126189998	126190895	1	1	0
a9abae69-e82c-46f5-a1e4-6c8045c6a1de	chr3	126191161	146538692	2	1	1
a9abae69-e82c-46f5-a1e4-6c8045c6a1de	chr3	146539520	146558870	1	1	0
a9abae69-e82c-46f5-a1e4-6c8045c6a1de	chr3	146558925	162803835	2	1	1
a9abae69-e82c-46f5-a1e4-6c8045c6a1de	chr3	162807070	198169247	3	2	1
a9abae69-e82c-46f5-a1e4-6c8045c6a1de	chr4	68929	34777432	2	1	1
a9abae69-e82c-46f5-a1e4-6c8045c6a1de	chr4	34784878	34823103	1	1	0
a9abae69-e82c-46f5-a1e4-6c8045c6a1de	chr4	34828250	53831861	2	1	1
a9abae69-e82c-46f5-a1e4-6c8045c6a1de	chr4	53835382	190106768	1	1	0
a9abae69-e82c-46f5-a1e4-6c8045c6a1de	chr5	15532	133574461	2	1	1
a9abae69-e82c-46f5-a1e4-6c8045c6a1de	chr5	133574890	133589545	1	1	0
a9abae69-e82c-46f5-a1e4-6c8045c6a1de	chr5	133590365	153739869	2	1	1
a9abae69-e82c-46f5-a1e4-6c8045c6a1de	chr5	153740488	153743928	1	1	0
a9abae69-e82c-46f5-a1e4-6c8045c6a1de	chr5	153752746	181363319	2	1	1
a9abae69-e82c-46f5-a1e4-6c8045c6a1de	chr6	149661	30410670	2	1	1
a9abae69-e82c-46f5-a1e4-6c8045c6a1de	chr6	30411297	30515216	1	1	0
a9abae69-e82c-46f5-a1e4-6c8045c6a1de	chr6	30544386	76766675	2	1	1
a9abae69-e82c-46f5-a1e4-6c8045c6a1de	chr6	76766856	76773069	4	2	2
a9abae69-e82c-46f5-a1e4-6c8045c6a1de	chr6	76778010	78261995	2	1	1
a9abae69-e82c-46f5-a1e4-6c8045c6a1de	chr6	78262064	78293324	1	1	0
a9abae69-e82c-46f5-a1e4-6c8045c6a1de	chr6	78293764	87119450	2	1	1
a9abae69-e82c-46f5-a1e4-6c8045c6a1de	chr6	87119942	103280350	1	1	0
a9abae69-e82c-46f5-a1e4-6c8045c6a1de	chr6	103282618	103314186	3	3	0
a9abae69-e82c-46f5-a1e4-6c8045c6a1de	chr6	103317795	170741917	1	1	0
a9abae69-e82c-46f5-a1e4-6c8045c6a1de	chr7	43259	18779052	2	1	1
a9abae69-e82c-46f5-a1e4-6c8045c6a1de	chr7	18779183	18786415	4	2	2
a9abae69-e82c-46f5-a1e4-6c8045c6a1de	chr7	18788291	35358037	2	1	1
a9abae69-e82c-46f5-a1e4-6c8045c6a1de	chr7	35358281	35365086	1	1	0
a9abae69-e82c-46f5-a1e4-6c8045c6a1de	chr7	35366118	107962986	2	1	1
a9abae69-e82c-46f5-a1e4-6c8045c6a1de	chr7	107964373	108104619	3	2	1
a9abae69-e82c-46f5-a1e4-6c8045c6a1de	chr7	108104998	151577007	2	1	1
a9abae69-e82c-46f5-a1e4-6c8045c6a1de	chr7	151578720	151692235	1	1	0
a9abae69-e82c-46f5-a1e4-6c8045c6a1de	chr7	151692415	159334314	2	1	1
a9abae69-e82c-46f5-a1e4-6c8045c6a1de	chr8	81254	6781597	2	1	1
a9abae69-e82c-46f5-a1e4-6c8045c6a1de	chr8	6781904	6786811	4	2	2
a9abae69-e82c-46f5-a1e4-6c8045c6a1de	chr8	6787873	74167455	2	1	1
a9abae69-e82c-46f5-a1e4-6c8045c6a1de	chr8	74173035	74200423	1	1	0
a9abae69-e82c-46f5-a1e4-6c8045c6a1de	chr8	74200535	139569771	2	1	1
a9abae69-e82c-46f5-a1e4-6c8045c6a1de	chr8	139570777	139573160	1	1	0
a9abae69-e82c-46f5-a1e4-6c8045c6a1de	chr8	139573283	145072769	2	1	1
a9abae69-e82c-46f5-a1e4-6c8045c6a1de	chr9	46587	31373832	1	1	0
a9abae69-e82c-46f5-a1e4-6c8045c6a1de	chr9	31378586	31788578	2	1	1
a9abae69-e82c-46f5-a1e4-6c8045c6a1de	chr9	31789321	41741113	3	2	1
a9abae69-e82c-46f5-a1e4-6c8045c6a1de	chr9	60863881	71152948	2	1	1
a9abae69-e82c-46f5-a1e4-6c8045c6a1de	chr9	71153632	71179543	1	1	0
a9abae69-e82c-46f5-a1e4-6c8045c6a1de	chr9	71179676	83287003	2	1	1
a9abae69-e82c-46f5-a1e4-6c8045c6a1de	chr9	83288468	83290946	1	1	0
a9abae69-e82c-46f5-a1e4-6c8045c6a1de	chr9	83291151	110955644	2	1	1
a9abae69-e82c-46f5-a1e4-6c8045c6a1de	chr9	110957863	110979640	0	0	0
a9abae69-e82c-46f5-a1e4-6c8045c6a1de	chr9	110980024	138200944	2	1	1
a9abae69-e82c-46f5-a1e4-6c8045c6a1de	chr10	45792	26059544	2	1	1
a9abae69-e82c-46f5-a1e4-6c8045c6a1de	chr10	26060758	26068006	1	1	0
a9abae69-e82c-46f5-a1e4-6c8045c6a1de	chr10	26069705	29975893	2	1	1
a9abae69-e82c-46f5-a1e4-6c8045c6a1de	chr10	29976551	29989510	1	1	0
a9abae69-e82c-46f5-a1e4-6c8045c6a1de	chr10	29989619	58802932	2	1	1
a9abae69-e82c-46f5-a1e4-6c8045c6a1de	chr10	58803222	62397461	3	2	1
a9abae69-e82c-46f5-a1e4-6c8045c6a1de	chr10	62400357	93834258	2	2	0
a9abae69-e82c-46f5-a1e4-6c8045c6a1de	chr10	93835407	94069918	3	3	0
a9abae69-e82c-46f5-a1e4-6c8045c6a1de	chr10	94070906	95654939	2	2	0
a9abae69-e82c-46f5-a1e4-6c8045c6a1de	chr10	95655676	121502262	1	1	0
a9abae69-e82c-46f5-a1e4-6c8045c6a1de	chr10	121508268	129776481	2	2	0
a9abae69-e82c-46f5-a1e4-6c8045c6a1de	chr10	129777658	129785274	1	1	0
a9abae69-e82c-46f5-a1e4-6c8045c6a1de	chr10	129785289	133654968	2	2	0
a9abae69-e82c-46f5-a1e4-6c8045c6a1de	chr11	198510	26652044	2	1	1
a9abae69-e82c-46f5-a1e4-6c8045c6a1de	chr11	26652486	26653170	5	3	2
a9abae69-e82c-46f5-a1e4-6c8045c6a1de	chr11	26653221	75740298	2	1	1
a9abae69-e82c-46f5-a1e4-6c8045c6a1de	chr11	75740366	75778930	1	1	0
a9abae69-e82c-46f5-a1e4-6c8045c6a1de	chr11	75781158	135074876	2	1	1
a9abae69-e82c-46f5-a1e4-6c8045c6a1de	chr12	51460	31072776	2	1	1
a9abae69-e82c-46f5-a1e4-6c8045c6a1de	chr12	31080036	31253875	3	2	1
a9abae69-e82c-46f5-a1e4-6c8045c6a1de	chr12	31253938	133201603	2	1	1
a9abae69-e82c-46f5-a1e4-6c8045c6a1de	chr13	18452809	108694167	2	1	1
a9abae69-e82c-46f5-a1e4-6c8045c6a1de	chr13	108695217	108704165	3	2	1
a9abae69-e82c-46f5-a1e4-6c8045c6a1de	chr13	108705157	114342922	2	1	1
a9abae69-e82c-46f5-a1e4-6c8045c6a1de	chr14	18239283	19957350	3	2	1
a9abae69-e82c-46f5-a1e4-6c8045c6a1de	chr14	19957701	106877229	2	1	1
a9abae69-e82c-46f5-a1e4-6c8045c6a1de	chr15	19811075	29652320	2	1	1
a9abae69-e82c-46f5-a1e4-6c8045c6a1de	chr15	29654120	45223505	3	2	1
a9abae69-e82c-46f5-a1e4-6c8045c6a1de	chr15	45224975	45237451	1	1	0
a9abae69-e82c-46f5-a1e4-6c8045c6a1de	chr15	45237569	101928837	3	2	1
a9abae69-e82c-46f5-a1e4-6c8045c6a1de	chr16	10777	15410924	2	1	1
a9abae69-e82c-46f5-a1e4-6c8045c6a1de	chr16	15414055	18583078	3	2	1
a9abae69-e82c-46f5-a1e4-6c8045c6a1de	chr16	18595356	90096867	2	1	1
a9abae69-e82c-46f5-a1e4-6c8045c6a1de	chr17	150733	41265456	2	1	1
a9abae69-e82c-46f5-a1e4-6c8045c6a1de	chr17	41266762	41274279	0	0	0
a9abae69-e82c-46f5-a1e4-6c8045c6a1de	chr17	41276472	55289862	2	1	1
a9abae69-e82c-46f5-a1e4-6c8045c6a1de	chr17	55290280	55329485	1	1	0
a9abae69-e82c-46f5-a1e4-6c8045c6a1de	chr17	55330288	83091923	2	1	1
a9abae69-e82c-46f5-a1e4-6c8045c6a1de	chr18	48133	72759620	2	1	1
a9abae69-e82c-46f5-a1e4-6c8045c6a1de	chr18	72761318	72763217	3	2	1
a9abae69-e82c-46f5-a1e4-6c8045c6a1de	chr18	72763308	80257174	2	1	1
a9abae69-e82c-46f5-a1e4-6c8045c6a1de	chr19	90910	24282155	2	1	1
a9abae69-e82c-46f5-a1e4-6c8045c6a1de	chr19	24304880	58586487	3	2	1
a9abae69-e82c-46f5-a1e4-6c8045c6a1de	chr20	80664	64324800	2	1	1
a9abae69-e82c-46f5-a1e4-6c8045c6a1de	chr21	12973348	24360841	2	1	1
a9abae69-e82c-46f5-a1e4-6c8045c6a1de	chr21	24364836	24409256	4	2	2
a9abae69-e82c-46f5-a1e4-6c8045c6a1de	chr21	24410304	46677045	2	1	1
a9abae69-e82c-46f5-a1e4-6c8045c6a1de	chr22	16392123	50796027	2	1	1
a9abae69-e82c-46f5-a1e4-6c8045c6a1de	chrX	251810	35640420	2	1	1
a9abae69-e82c-46f5-a1e4-6c8045c6a1de	chrX	35641321	35660274	4	2	2
a9abae69-e82c-46f5-a1e4-6c8045c6a1de	chrX	35660622	38392270	2	1	1
a9abae69-e82c-46f5-a1e4-6c8045c6a1de	chrX	38394802	38398502	5	3	2
a9abae69-e82c-46f5-a1e4-6c8045c6a1de	chrX	38403313	95141627	2	1	1
a9abae69-e82c-46f5-a1e4-6c8045c6a1de	chrX	95141864	95159272	4	2	2
a9abae69-e82c-46f5-a1e4-6c8045c6a1de	chrX	95160023	156004181	2	1	1
a9abae69-e82c-46f5-a1e4-6c8045c6a1de	chrY	2782397	26653788	0	0	0
a9abae69-e82c-46f5-a1e4-6c8045c6a1de	chrY	56872112	56872112	5	5	0
2bc50e9a-7ef6-4bc9-8821-2355cf3d52e0	chr1	62920	31673463	1	1	0
2bc50e9a-7ef6-4bc9-8821-2355cf3d52e0	chr1	31673904	55667795	2	1	1
2bc50e9a-7ef6-4bc9-8821-2355cf3d52e0	chr1	55670395	55747513	6	4	2
2bc50e9a-7ef6-4bc9-8821-2355cf3d52e0	chr1	55749404	95681626	2	1	1
2bc50e9a-7ef6-4bc9-8821-2355cf3d52e0	chr1	95682626	95685985	0	0	0
2bc50e9a-7ef6-4bc9-8821-2355cf3d52e0	chr1	95686798	112167720	2	1	1
2bc50e9a-7ef6-4bc9-8821-2355cf3d52e0	chr1	112167902	112179797	1	1	0
2bc50e9a-7ef6-4bc9-8821-2355cf3d52e0	chr1	112180842	112243149	2	1	1
2bc50e9a-7ef6-4bc9-8821-2355cf3d52e0	chr1	112244774	112250711	0	0	0
2bc50e9a-7ef6-4bc9-8821-2355cf3d52e0	chr1	112251219	118748812	2	1	1
2bc50e9a-7ef6-4bc9-8821-2355cf3d52e0	chr1	118751421	118764243	0	0	0
2bc50e9a-7ef6-4bc9-8821-2355cf3d52e0	chr1	118774144	121705338	2	1	1
2bc50e9a-7ef6-4bc9-8821-2355cf3d52e0	chr1	143541857	152499244	3	2	1
2bc50e9a-7ef6-4bc9-8821-2355cf3d52e0	chr1	152499375	152618187	0	0	0
2bc50e9a-7ef6-4bc9-8821-2355cf3d52e0	chr1	152618274	248930189	3	2	1
2bc50e9a-7ef6-4bc9-8821-2355cf3d52e0	chr2	12784	88834118	2	1	1
2bc50e9a-7ef6-4bc9-8821-2355cf3d52e0	chr2	88836539	89069842	8	8	0
2bc50e9a-7ef6-4bc9-8821-2355cf3d52e0	chr2	89085826	89265460	4	4	0
2bc50e9a-7ef6-4bc9-8821-2355cf3d52e0	chr2	89268711	90228255	0	0	0
2bc50e9a-7ef6-4bc9-8821-2355cf3d52e0	chr2	90230139	112027216	2	1	1
2bc50e9a-7ef6-4bc9-8821-2355cf3d52e0	chr2	112028119	112037555	0	0	0
2bc50e9a-7ef6-4bc9-8821-2355cf3d52e0	chr2	112038518	120128210	2	1	1
2bc50e9a-7ef6-4bc9-8821-2355cf3d52e0	chr2	120129121	120208138	1	1	0
2bc50e9a-7ef6-4bc9-8821-2355cf3d52e0	chr2	120210061	127162808	2	1	1
2bc50e9a-7ef6-4bc9-8821-2355cf3d52e0	chr2	127164656	127173886	0	0	0
2bc50e9a-7ef6-4bc9-8821-2355cf3d52e0	chr2	127175928	132850678	2	1	1
2bc50e9a-7ef6-4bc9-8821-2355cf3d52e0	chr2	132852290	132857554	0	0	0
2bc50e9a-7ef6-4bc9-8821-2355cf3d52e0	chr2	132857634	154080967	2	1	1
2bc50e9a-7ef6-4bc9-8821-2355cf3d52e0	chr2	154081195	154098421	5	3	2
2bc50e9a-7ef6-4bc9-8821-2355cf3d52e0	chr2	154098852	220448637	2	1	1
2bc50e9a-7ef6-4bc9-8821-2355cf3d52e0	chr2	220451384	220464612	6	4	2
2bc50e9a-7ef6-4bc9-8821-2355cf3d52e0	chr2	220464623	242147305	2	1	1
2bc50e9a-7ef6-4bc9-8821-2355cf3d52e0	chr3	20930	89297671	1	1	0
2bc50e9a-7ef6-4bc9-8821-2355cf3d52e0	chr3	89307846	89586720	2	2	0
2bc50e9a-7ef6-4bc9-8821-2355cf3d52e0	chr3	89590036	90224641	1	1	0
2bc50e9a-7ef6-4bc9-8821-2355cf3d52e0	chr3	90230647	109385272	2	1	1
2bc50e9a-7ef6-4bc9-8821-2355cf3d52e0	chr3	109386129	109418858	6	3	3
2bc50e9a-7ef6-4bc9-8821-2355cf3d52e0	chr3	109419085	162404969	2	1	1
2bc50e9a-7ef6-4bc9-8821-2355cf3d52e0	chr3	162404983	162720023	3	2	1
2bc50e9a-7ef6-4bc9-8821-2355cf3d52e0	chr3	162721407	198169247	2	1	1
2bc50e9a-7ef6-4bc9-8821-2355cf3d52e0	chr4	68929	10208766	2	1	1
2bc50e9a-7ef6-4bc9-8821-2355cf3d52e0	chr4	10212536	10229874	0	0	0
2bc50e9a-7ef6-4bc9-8821-2355cf3d52e0	chr4	10232590	91461675	2	1	1
2bc50e9a-7ef6-4bc9-8821-2355cf3d52e0	chr4	91469191	94446264	1	1	0
2bc50e9a-7ef6-4bc9-8821-2355cf3d52e0	chr4	94446700	102204063	2	1	1
2bc50e9a-7ef6-4bc9-8821-2355cf3d52e0	chr4	102204226	102262061	1	1	0
2bc50e9a-7ef6-4bc9-8821-2355cf3d52e0	chr4	102262778	103182654	2	1	1
2bc50e9a-7ef6-4bc9-8821-2355cf3d52e0	chr4	103186498	114156934	1	1	0
2bc50e9a-7ef6-4bc9-8821-2355cf3d52e0	chr4	114156958	114188222	0	0	0
2bc50e9a-7ef6-4bc9-8821-2355cf3d52e0	chr4	114189499	190106768	1	1	0
2bc50e9a-7ef6-4bc9-8821-2355cf3d52e0	chr5	15532	76541652	2	1	1
2bc50e9a-7ef6-4bc9-8821-2355cf3d52e0	chr5	76541904	76545665	5	3	2
2bc50e9a-7ef6-4bc9-8821-2355cf3d52e0	chr5	76546510	125138960	2	1	1
2bc50e9a-7ef6-4bc9-8821-2355cf3d52e0	chr5	125141683	125147790	0	0	0
2bc50e9a-7ef6-4bc9-8821-2355cf3d52e0	chr5	125148575	140851980	2	1	1
2bc50e9a-7ef6-4bc9-8821-2355cf3d52e0	chr5	140852033	140864171	0	0	0
2bc50e9a-7ef6-4bc9-8821-2355cf3d52e0	chr5	140872578	181363319	2	1	1
2bc50e9a-7ef6-4bc9-8821-2355cf3d52e0	chr6	149661	6157375	2	1	1
2bc50e9a-7ef6-4bc9-8821-2355cf3d52e0	chr6	6157724	6177850	3	2	1
2bc50e9a-7ef6-4bc9-8821-2355cf3d52e0	chr6	6179649	45912683	2	1	1
2bc50e9a-7ef6-4bc9-8821-2355cf3d52e0	chr6	45913123	45935047	4	2	2
2bc50e9a-7ef6-4bc9-8821-2355cf3d52e0	chr6	45935788	63605305	2	1	1
2bc50e9a-7ef6-4bc9-8821-2355cf3d52e0	chr6	63605781	69995980	1	1	0
2bc50e9a-7ef6-4bc9-8821-2355cf3d52e0	chr6	69996398	71688633	2	1	1
2bc50e9a-7ef6-4bc9-8821-2355cf3d52e0	chr6	71689249	72598115	1	1	0
2bc50e9a-7ef6-4bc9-8821-2355cf3d52e0	chr6	72598766	72871971	2	1	1
2bc50e9a-7ef6-4bc9-8821-2355cf3d52e0	chr6	72872721	75908201	1	1	0
2bc50e9a-7ef6-4bc9-8821-2355cf3d52e0	chr6	75908615	76073214	2	1	1
2bc50e9a-7ef6-4bc9-8821-2355cf3d52e0	chr6	76073613	76643597	1	1	0
2bc50e9a-7ef6-4bc9-8821-2355cf3d52e0	chr6	76649312	77729462	2	1	1
2bc50e9a-7ef6-4bc9-8821-2355cf3d52e0	chr6	77737184	79159581	1	1	0
2bc50e9a-7ef6-4bc9-8821-2355cf3d52e0	chr6	79160724	82877053	2	1	1
2bc50e9a-7ef6-4bc9-8821-2355cf3d52e0	chr6	82878510	170741917	1	1	0
2bc50e9a-7ef6-4bc9-8821-2355cf3d52e0	chr7	43259	22405051	2	1	1
2bc50e9a-7ef6-4bc9-8821-2355cf3d52e0	chr7	22405287	22415274	5	3	2
2bc50e9a-7ef6-4bc9-8821-2355cf3d52e0	chr7	22417117	103822128	2	1	1
2bc50e9a-7ef6-4bc9-8821-2355cf3d52e0	chr7	103823551	103841283	0	0	0
2bc50e9a-7ef6-4bc9-8821-2355cf3d52e0	chr7	103843403	109793741	2	1	1
2bc50e9a-7ef6-4bc9-8821-2355cf3d52e0	chr7	109797035	109813853	0	0	0
2bc50e9a-7ef6-4bc9-8821-2355cf3d52e0	chr7	109813925	159334314	2	1	1
2bc50e9a-7ef6-4bc9-8821-2355cf3d52e0	chr8	81254	72089652	1	1	0
2bc50e9a-7ef6-4bc9-8821-2355cf3d52e0	chr8	72089751	72146665	0	0	0
2bc50e9a-7ef6-4bc9-8821-2355cf3d52e0	chr8	72146757	74167455	1	1	0
2bc50e9a-7ef6-4bc9-8821-2355cf3d52e0	chr8	74173035	74215475	0	0	0
2bc50e9a-7ef6-4bc9-8821-2355cf3d52e0	chr8	74216315	77185962	1	1	0
2bc50e9a-7ef6-4bc9-8821-2355cf3d52e0	chr8	77195625	132110254	2	1	1
2bc50e9a-7ef6-4bc9-8821-2355cf3d52e0	chr8	132110651	132115756	1	1	0
2bc50e9a-7ef6-4bc9-8821-2355cf3d52e0	chr8	132115926	145072769	2	1	1
2bc50e9a-7ef6-4bc9-8821-2355cf3d52e0	chr9	46587	138200944	1	1	0
2bc50e9a-7ef6-4bc9-8821-2355cf3d52e0	chr10	45792	30179430	2	1	1
2bc50e9a-7ef6-4bc9-8821-2355cf3d52e0	chr10	30181005	30189647	0	0	0
2bc50e9a-7ef6-4bc9-8821-2355cf3d52e0	chr10	30189661	125795004	2	1	1
2bc50e9a-7ef6-4bc9-8821-2355cf3d52e0	chr10	125795395	125808826	0	0	0
2bc50e9a-7ef6-4bc9-8821-2355cf3d52e0	chr10	125809346	133654968	2	1	1
2bc50e9a-7ef6-4bc9-8821-2355cf3d52e0	chr11	198510	44301153	1	1	0
2bc50e9a-7ef6-4bc9-8821-2355cf3d52e0	chr11	44301643	44331434	0	0	0
2bc50e9a-7ef6-4bc9-8821-2355cf3d52e0	chr11	44331664	60221957	1	1	0
2bc50e9a-7ef6-4bc9-8821-2355cf3d52e0	chr11	60222709	60426239	2	1	1
2bc50e9a-7ef6-4bc9-8821-2355cf3d52e0	chr11	60426704	61185105	1	1	0
2bc50e9a-7ef6-4bc9-8821-2355cf3d52e0	chr11	61185242	67162289	2	1	1
2bc50e9a-7ef6-4bc9-8821-2355cf3d52e0	chr11	67164973	70627889	8	7	1
2bc50e9a-7ef6-4bc9-8821-2355cf3d52e0	chr11	70629735	71592950	1	1	0
2bc50e9a-7ef6-4bc9-8821-2355cf3d52e0	chr11	71615907	72822822	2	1	1
2bc50e9a-7ef6-4bc9-8821-2355cf3d52e0	chr11	72825202	74679899	4	3	1
2bc50e9a-7ef6-4bc9-8821-2355cf3d52e0	chr11	74682970	75610917	3	2	1
2bc50e9a-7ef6-4bc9-8821-2355cf3d52e0	chr11	75616667	75901848	5	4	1
2bc50e9a-7ef6-4bc9-8821-2355cf3d52e0	chr11	75904255	77158728	10	10	0
2bc50e9a-7ef6-4bc9-8821-2355cf3d52e0	chr11	77159059	77624191	9	8	1
2bc50e9a-7ef6-4bc9-8821-2355cf3d52e0	chr11	77624291	79347550	1	1	0
2bc50e9a-7ef6-4bc9-8821-2355cf3d52e0	chr11	79347675	80471130	9	8	1
2bc50e9a-7ef6-4bc9-8821-2355cf3d52e0	chr11	80472789	80655140	4	4	0
2bc50e9a-7ef6-4bc9-8821-2355cf3d52e0	chr11	80655888	82033038	5	4	1
2bc50e9a-7ef6-4bc9-8821-2355cf3d52e0	chr11	82037079	86737050	1	1	0
2bc50e9a-7ef6-4bc9-8821-2355cf3d52e0	chr11	86737266	86743281	0	0	0
2bc50e9a-7ef6-4bc9-8821-2355cf3d52e0	chr11	86745484	90736673	2	1	1
2bc50e9a-7ef6-4bc9-8821-2355cf3d52e0	chr11	90737027	135074876	1	1	0
2bc50e9a-7ef6-4bc9-8821-2355cf3d52e0	chr12	51460	17975457	2	1	1
2bc50e9a-7ef6-4bc9-8821-2355cf3d52e0	chr12	17980767	24667797	1	1	0
2bc50e9a-7ef6-4bc9-8821-2355cf3d52e0	chr12	24668689	78764432	2	1	1
2bc50e9a-7ef6-4bc9-8821-2355cf3d52e0	chr12	78765378	133201603	1	1	0
2bc50e9a-7ef6-4bc9-8821-2355cf3d52e0	chr13	18452809	83535033	1	1	0
2bc50e9a-7ef6-4bc9-8821-2355cf3d52e0	chr13	83535100	83581877	0	0	0
2bc50e9a-7ef6-4bc9-8821-2355cf3d52e0	chr13	83586994	85747377	1	1	0
2bc50e9a-7ef6-4bc9-8821-2355cf3d52e0	chr13	85752817	85759563	0	0	0
2bc50e9a-7ef6-4bc9-8821-2355cf3d52e0	chr13	85762416	114342922	1	1	0
2bc50e9a-7ef6-4bc9-8821-2355cf3d52e0	chr14	18239283	21747284	2	1	1
2bc50e9a-7ef6-4bc9-8821-2355cf3d52e0	chr14	21748208	22167913	3	2	1
2bc50e9a-7ef6-4bc9-8821-2355cf3d52e0	chr14	22168888	22632004	1	1	0
2bc50e9a-7ef6-4bc9-8821-2355cf3d52e0	chr14	22633534	22645313	4	2	2
2bc50e9a-7ef6-4bc9-8821-2355cf3d52e0	chr14	22645702	25914873	2	1	1
2bc50e9a-7ef6-4bc9-8821-2355cf3d52e0	chr14	25925951	25930160	0	0	0
2bc50e9a-7ef6-4bc9-8821-2355cf3d52e0	chr14	25931348	41046362	2	1	1
2bc50e9a-7ef6-4bc9-8821-2355cf3d52e0	chr14	41046505	41066122	0	0	0
2bc50e9a-7ef6-4bc9-8821-2355cf3d52e0	chr14	41068624	80069269	2	1	1
2bc50e9a-7ef6-4bc9-8821-2355cf3d52e0	chr14	80070002	106877229	1	1	0
2bc50e9a-7ef6-4bc9-8821-2355cf3d52e0	chr15	19811075	24429740	2	1	1
2bc50e9a-7ef6-4bc9-8821-2355cf3d52e0	chr15	24429986	24473026	0	0	0
2bc50e9a-7ef6-4bc9-8821-2355cf3d52e0	chr15	24473449	27324064	2	1	1
2bc50e9a-7ef6-4bc9-8821-2355cf3d52e0	chr15	27324476	45223505	1	1	0
2bc50e9a-7ef6-4bc9-8821-2355cf3d52e0	chr15	45224975	45237451	0	0	0
2bc50e9a-7ef6-4bc9-8821-2355cf3d52e0	chr15	45237569	45943633	1	1	0
2bc50e9a-7ef6-4bc9-8821-2355cf3d52e0	chr15	45943946	45950067	0	0	0
2bc50e9a-7ef6-4bc9-8821-2355cf3d52e0	chr15	45950082	47502281	1	1	0
2bc50e9a-7ef6-4bc9-8821-2355cf3d52e0	chr15	47502766	76598900	2	1	1
2bc50e9a-7ef6-4bc9-8821-2355cf3d52e0	chr15	76599170	76603003	0	0	0
2bc50e9a-7ef6-4bc9-8821-2355cf3d52e0	chr15	76603426	101928837	2	1	1
2bc50e9a-7ef6-4bc9-8821-2355cf3d52e0	chr16	10777	54004059	2	1	1
2bc50e9a-7ef6-4bc9-8821-2355cf3d52e0	chr16	54009411	54020999	1	1	0
2bc50e9a-7ef6-4bc9-8821-2355cf3d52e0	chr16	54022247	78343037	2	1	1
2bc50e9a-7ef6-4bc9-8821-2355cf3d52e0	chr16	78343264	78350868	0	0	0
2bc50e9a-7ef6-4bc9-8821-2355cf3d52e0	chr16	78351104	86104738	2	1	1
2bc50e9a-7ef6-4bc9-8821-2355cf3d52e0	chr16	86104964	86115902	6	3	3
2bc50e9a-7ef6-4bc9-8821-2355cf3d52e0	chr16	86119821	90096867	2	1	1
2bc50e9a-7ef6-4bc9-8821-2355cf3d52e0	chr17	150733	1103206	2	1	1
2bc50e9a-7ef6-4bc9-8821-2355cf3d52e0	chr17	1104300	1777024	1	1	0
2bc50e9a-7ef6-4bc9-8821-2355cf3d52e0	chr17	1779990	83091923	2	1	1
2bc50e9a-7ef6-4bc9-8821-2355cf3d52e0	chr18	48133	80257174	2	1	1
2bc50e9a-7ef6-4bc9-8821-2355cf3d52e0	chr19	90910	366725	1	1	0
2bc50e9a-7ef6-4bc9-8821-2355cf3d52e0	chr19	366804	58586487	2	1	1
2bc50e9a-7ef6-4bc9-8821-2355cf3d52e0	chr20	80664	64324800	2	1	1
2bc50e9a-7ef6-4bc9-8821-2355cf3d52e0	chr21	12973348	18054262	2	1	1
2bc50e9a-7ef6-4bc9-8821-2355cf3d52e0	chr21	18055950	18071856	0	0	0
2bc50e9a-7ef6-4bc9-8821-2355cf3d52e0	chr21	18072479	18290001	2	1	1
2bc50e9a-7ef6-4bc9-8821-2355cf3d52e0	chr21	18291107	18299330	4	2	2
2bc50e9a-7ef6-4bc9-8821-2355cf3d52e0	chr21	18300891	46677045	2	1	1
2bc50e9a-7ef6-4bc9-8821-2355cf3d52e0	chr22	16392123	50796027	2	1	1
2bc50e9a-7ef6-4bc9-8821-2355cf3d52e0	chrX	251810	35641321	2	1	1
2bc50e9a-7ef6-4bc9-8821-2355cf3d52e0	chrX	35641862	35646466	5	3	2
2bc50e9a-7ef6-4bc9-8821-2355cf3d52e0	chrX	35648214	116606321	2	1	1
2bc50e9a-7ef6-4bc9-8821-2355cf3d52e0	chrX	116606879	116660619	3	2	1
2bc50e9a-7ef6-4bc9-8821-2355cf3d52e0	chrX	116664161	156004181	2	1	1
2bc50e9a-7ef6-4bc9-8821-2355cf3d52e0	chrY	2782397	56872112	0	0	0
d42bef4d-57f2-4dc5-8a1f-7da3363da362	chr1	62920	2833356	3	2	1
d42bef4d-57f2-4dc5-8a1f-7da3363da362	chr1	2837841	7491906	2	1	1
d42bef4d-57f2-4dc5-8a1f-7da3363da362	chr1	7492266	12128557	3	2	1
d42bef4d-57f2-4dc5-8a1f-7da3363da362	chr1	12132196	12611698	2	1	1
d42bef4d-57f2-4dc5-8a1f-7da3363da362	chr1	12612144	14120022	1	1	0
d42bef4d-57f2-4dc5-8a1f-7da3363da362	chr1	14123276	14134491	0	0	0
d42bef4d-57f2-4dc5-8a1f-7da3363da362	chr1	14134640	21252841	1	1	0
d42bef4d-57f2-4dc5-8a1f-7da3363da362	chr1	21255272	23289795	2	1	1
d42bef4d-57f2-4dc5-8a1f-7da3363da362	chr1	23292516	24291499	3	2	1
d42bef4d-57f2-4dc5-8a1f-7da3363da362	chr1	24294311	25447591	2	1	1
d42bef4d-57f2-4dc5-8a1f-7da3363da362	chr1	25562931	27057824	3	2	1
d42bef4d-57f2-4dc5-8a1f-7da3363da362	chr1	27058498	34737482	2	1	1
d42bef4d-57f2-4dc5-8a1f-7da3363da362	chr1	34743097	37325897	3	2	1
d42bef4d-57f2-4dc5-8a1f-7da3363da362	chr1	37328744	39220818	2	1	1
d42bef4d-57f2-4dc5-8a1f-7da3363da362	chr1	39222787	41371844	1	1	0
d42bef4d-57f2-4dc5-8a1f-7da3363da362	chr1	41372658	42107104	2	1	1
d42bef4d-57f2-4dc5-8a1f-7da3363da362	chr1	42111773	43720172	3	2	1
d42bef4d-57f2-4dc5-8a1f-7da3363da362	chr1	43721933	43833169	4	3	1
d42bef4d-57f2-4dc5-8a1f-7da3363da362	chr1	43837594	45307456	3	2	1
d42bef4d-57f2-4dc5-8a1f-7da3363da362	chr1	45309045	67193785	2	1	1
d42bef4d-57f2-4dc5-8a1f-7da3363da362	chr1	67196858	67528099	3	2	1
d42bef4d-57f2-4dc5-8a1f-7da3363da362	chr1	67528111	67856649	2	1	1
d42bef4d-57f2-4dc5-8a1f-7da3363da362	chr1	67857726	68135498	3	2	1
d42bef4d-57f2-4dc5-8a1f-7da3363da362	chr1	68135562	75033575	2	1	1
d42bef4d-57f2-4dc5-8a1f-7da3363da362	chr1	75034575	75617964	3	2	1
d42bef4d-57f2-4dc5-8a1f-7da3363da362	chr1	75617982	83252575	2	1	1
d42bef4d-57f2-4dc5-8a1f-7da3363da362	chr1	83253002	84693957	3	2	1
d42bef4d-57f2-4dc5-8a1f-7da3363da362	chr1	84702828	93871945	2	1	1
d42bef4d-57f2-4dc5-8a1f-7da3363da362	chr1	93876168	95263190	3	2	1
d42bef4d-57f2-4dc5-8a1f-7da3363da362	chr1	95263315	110027454	2	1	1
d42bef4d-57f2-4dc5-8a1f-7da3363da362	chr1	110027822	110693409	3	2	1
d42bef4d-57f2-4dc5-8a1f-7da3363da362	chr1	110693586	121705338	2	1	1
d42bef4d-57f2-4dc5-8a1f-7da3363da362	chr1	143541857	175617739	5	4	1
d42bef4d-57f2-4dc5-8a1f-7da3363da362	chr1	175618395	175625302	2	2	0
d42bef4d-57f2-4dc5-8a1f-7da3363da362	chr1	175627766	185474243	5	4	1
d42bef4d-57f2-4dc5-8a1f-7da3363da362	chr1	185477212	187244481	6	5	1
d42bef4d-57f2-4dc5-8a1f-7da3363da362	chr1	187250588	208035213	5	4	1
d42bef4d-57f2-4dc5-8a1f-7da3363da362	chr1	208036040	208070694	7	6	1
d42bef4d-57f2-4dc5-8a1f-7da3363da362	chr1	208071508	214790804	5	4	1
d42bef4d-57f2-4dc5-8a1f-7da3363da362	chr1	214791758	214800147	12	10	2
d42bef4d-57f2-4dc5-8a1f-7da3363da362	chr1	214801395	248930189	5	4	1
d42bef4d-57f2-4dc5-8a1f-7da3363da362	chr2	12784	29852027	4	2	2
d42bef4d-57f2-4dc5-8a1f-7da3363da362	chr2	29852145	29867475	9	5	4
d42bef4d-57f2-4dc5-8a1f-7da3363da362	chr2	29867763	88834118	4	2	2
d42bef4d-57f2-4dc5-8a1f-7da3363da362	chr2	88836539	89118119	12	12	0
d42bef4d-57f2-4dc5-8a1f-7da3363da362	chr2	89119438	91734095	5	5	0
d42bef4d-57f2-4dc5-8a1f-7da3363da362	chr2	91737435	129888085	3	2	1
d42bef4d-57f2-4dc5-8a1f-7da3363da362	chr2	129888211	146104517	4	2	2
d42bef4d-57f2-4dc5-8a1f-7da3363da362	chr2	146106836	146109366	0	0	0
d42bef4d-57f2-4dc5-8a1f-7da3363da362	chr2	146120238	151962324	4	2	2
d42bef4d-57f2-4dc5-8a1f-7da3363da362	chr2	151962748	152264122	3	2	1
d42bef4d-57f2-4dc5-8a1f-7da3363da362	chr2	152265492	205548808	4	2	2
d42bef4d-57f2-4dc5-8a1f-7da3363da362	chr2	205551015	205562776	7	4	3
d42bef4d-57f2-4dc5-8a1f-7da3363da362	chr2	205563504	206857701	4	2	2
d42bef4d-57f2-4dc5-8a1f-7da3363da362	chr2	206860892	206874154	2	1	1
d42bef4d-57f2-4dc5-8a1f-7da3363da362	chr2	206874407	230171029	4	2	2
d42bef4d-57f2-4dc5-8a1f-7da3363da362	chr2	230173687	230186974	3	2	1
d42bef4d-57f2-4dc5-8a1f-7da3363da362	chr2	230188602	242147305	4	2	2
d42bef4d-57f2-4dc5-8a1f-7da3363da362	chr3	20930	72229465	2	2	0
d42bef4d-57f2-4dc5-8a1f-7da3363da362	chr3	72229749	72266437	1	1	0
d42bef4d-57f2-4dc5-8a1f-7da3363da362	chr3	72266805	88053658	2	2	0
d42bef4d-57f2-4dc5-8a1f-7da3363da362	chr3	88061879	90453712	12	10	2
d42bef4d-57f2-4dc5-8a1f-7da3363da362	chr3	93800634	162822702	4	2	2
d42bef4d-57f2-4dc5-8a1f-7da3363da362	chr3	162827928	162898127	11	11	0
d42bef4d-57f2-4dc5-8a1f-7da3363da362	chr3	162906054	186442313	4	2	2
d42bef4d-57f2-4dc5-8a1f-7da3363da362	chr3	186443121	186461077	2	1	1
d42bef4d-57f2-4dc5-8a1f-7da3363da362	chr3	186462910	198169247	4	2	2
d42bef4d-57f2-4dc5-8a1f-7da3363da362	chr4	68929	12540308	2	2	0
d42bef4d-57f2-4dc5-8a1f-7da3363da362	chr4	12542177	12547566	4	4	0
d42bef4d-57f2-4dc5-8a1f-7da3363da362	chr4	12548146	18459555	2	2	0
d42bef4d-57f2-4dc5-8a1f-7da3363da362	chr4	18462349	18463819	4	4	0
d42bef4d-57f2-4dc5-8a1f-7da3363da362	chr4	18464261	24055004	2	2	0
d42bef4d-57f2-4dc5-8a1f-7da3363da362	chr4	24055643	24064272	4	4	0
d42bef4d-57f2-4dc5-8a1f-7da3363da362	chr4	24065360	101682171	2	2	0
d42bef4d-57f2-4dc5-8a1f-7da3363da362	chr4	101682592	101720035	3	3	0
d42bef4d-57f2-4dc5-8a1f-7da3363da362	chr4	101720271	114254167	2	2	0
d42bef4d-57f2-4dc5-8a1f-7da3363da362	chr4	114254188	114261019	0	0	0
d42bef4d-57f2-4dc5-8a1f-7da3363da362	chr4	114263073	153821103	2	2	0
d42bef4d-57f2-4dc5-8a1f-7da3363da362	chr4	153822039	153838051	1	1	0
d42bef4d-57f2-4dc5-8a1f-7da3363da362	chr4	153839682	190106768	2	2	0
d42bef4d-57f2-4dc5-8a1f-7da3363da362	chr5	15532	35159380	4	2	2
d42bef4d-57f2-4dc5-8a1f-7da3363da362	chr5	35160061	35168435	10	5	5
d42bef4d-57f2-4dc5-8a1f-7da3363da362	chr5	35169059	46251204	4	2	2
d42bef4d-57f2-4dc5-8a1f-7da3363da362	chr5	46270906	181363319	2	2	0
d42bef4d-57f2-4dc5-8a1f-7da3363da362	chr6	149661	30449208	4	2	2
d42bef4d-57f2-4dc5-8a1f-7da3363da362	chr6	30449372	30509499	2	1	1
d42bef4d-57f2-4dc5-8a1f-7da3363da362	chr6	30515216	90441576	4	2	2
d42bef4d-57f2-4dc5-8a1f-7da3363da362	chr6	90443123	90448972	1	1	0
d42bef4d-57f2-4dc5-8a1f-7da3363da362	chr6	90449791	122733995	4	2	2
d42bef4d-57f2-4dc5-8a1f-7da3363da362	chr6	122735174	122868246	6	4	2
d42bef4d-57f2-4dc5-8a1f-7da3363da362	chr6	122868325	123871421	7	5	2
d42bef4d-57f2-4dc5-8a1f-7da3363da362	chr6	123871674	149951396	4	2	2
d42bef4d-57f2-4dc5-8a1f-7da3363da362	chr6	149952210	149992868	3	2	1
d42bef4d-57f2-4dc5-8a1f-7da3363da362	chr6	149997145	153684478	4	2	2
d42bef4d-57f2-4dc5-8a1f-7da3363da362	chr6	153684741	153685870	1	1	0
d42bef4d-57f2-4dc5-8a1f-7da3363da362	chr6	153686331	170741917	4	2	2
d42bef4d-57f2-4dc5-8a1f-7da3363da362	chr7	43259	35349889	4	2	2
d42bef4d-57f2-4dc5-8a1f-7da3363da362	chr7	35353287	35365086	2	1	1
d42bef4d-57f2-4dc5-8a1f-7da3363da362	chr7	35366118	159334314	4	2	2
d42bef4d-57f2-4dc5-8a1f-7da3363da362	chr8	81254	46012589	2	2	0
d42bef4d-57f2-4dc5-8a1f-7da3363da362	chr8	46012735	54451655	3	2	1
d42bef4d-57f2-4dc5-8a1f-7da3363da362	chr8	54451777	55077310	2	2	0
d42bef4d-57f2-4dc5-8a1f-7da3363da362	chr8	55079920	111496572	3	2	1
d42bef4d-57f2-4dc5-8a1f-7da3363da362	chr8	111497032	122367260	6	5	1
d42bef4d-57f2-4dc5-8a1f-7da3363da362	chr8	122371556	125662751	5	4	1
d42bef4d-57f2-4dc5-8a1f-7da3363da362	chr8	125666057	126373949	4	3	1
d42bef4d-57f2-4dc5-8a1f-7da3363da362	chr8	126374334	138419862	5	4	1
d42bef4d-57f2-4dc5-8a1f-7da3363da362	chr8	138420417	138536520	4	4	0
d42bef4d-57f2-4dc5-8a1f-7da3363da362	chr8	138536583	139567149	5	4	1
d42bef4d-57f2-4dc5-8a1f-7da3363da362	chr8	139569771	139573160	2	2	0
d42bef4d-57f2-4dc5-8a1f-7da3363da362	chr8	139573283	145072769	5	4	1
d42bef4d-57f2-4dc5-8a1f-7da3363da362	chr9	46587	16028396	3	2	1
d42bef4d-57f2-4dc5-8a1f-7da3363da362	chr9	16030905	16043352	2	1	1
d42bef4d-57f2-4dc5-8a1f-7da3363da362	chr9	16045127	133709122	3	2	1
d42bef4d-57f2-4dc5-8a1f-7da3363da362	chr9	133713999	133753192	5	3	2
d42bef4d-57f2-4dc5-8a1f-7da3363da362	chr9	133753594	138200944	3	2	1
d42bef4d-57f2-4dc5-8a1f-7da3363da362	chr10	45792	38747590	2	2	0
d42bef4d-57f2-4dc5-8a1f-7da3363da362	chr10	38752615	133416364	3	2	1
d42bef4d-57f2-4dc5-8a1f-7da3363da362	chr10	133418490	133654968	5	3	2
d42bef4d-57f2-4dc5-8a1f-7da3363da362	chr11	198510	29763645	3	2	1
d42bef4d-57f2-4dc5-8a1f-7da3363da362	chr11	29766112	29800548	6	4	2
d42bef4d-57f2-4dc5-8a1f-7da3363da362	chr11	29805667	50791553	3	2	1
d42bef4d-57f2-4dc5-8a1f-7da3363da362	chr11	50792187	60772344	2	2	0
d42bef4d-57f2-4dc5-8a1f-7da3363da362	chr11	60782493	61067850	3	2	1
d42bef4d-57f2-4dc5-8a1f-7da3363da362	chr11	61068310	65717649	2	2	0
d42bef4d-57f2-4dc5-8a1f-7da3363da362	chr11	65717747	66365840	3	2	1
d42bef4d-57f2-4dc5-8a1f-7da3363da362	chr11	66368105	66909865	13	11	2
d42bef4d-57f2-4dc5-8a1f-7da3363da362	chr11	66909895	69753669	10	8	2
d42bef4d-57f2-4dc5-8a1f-7da3363da362	chr11	69754456	70474991	8	6	2
d42bef4d-57f2-4dc5-8a1f-7da3363da362	chr11	70480702	70510235	9	9	0
d42bef4d-57f2-4dc5-8a1f-7da3363da362	chr11	70514354	71340250	25	23	2
d42bef4d-57f2-4dc5-8a1f-7da3363da362	chr11	71340769	71822885	8	6	2
d42bef4d-57f2-4dc5-8a1f-7da3363da362	chr11	71825826	72479109	6	4	2
d42bef4d-57f2-4dc5-8a1f-7da3363da362	chr11	72481786	73665125	12	10	2
d42bef4d-57f2-4dc5-8a1f-7da3363da362	chr11	73665550	74005802	3	2	1
d42bef4d-57f2-4dc5-8a1f-7da3363da362	chr11	74006029	74975530	4	2	2
d42bef4d-57f2-4dc5-8a1f-7da3363da362	chr11	74978131	75930640	22	20	2
d42bef4d-57f2-4dc5-8a1f-7da3363da362	chr11	75944196	76286631	16	15	1
d42bef4d-57f2-4dc5-8a1f-7da3363da362	chr11	76288710	135074876	2	2	0
d42bef4d-57f2-4dc5-8a1f-7da3363da362	chr12	51460	34682902	4	2	2
d42bef4d-57f2-4dc5-8a1f-7da3363da362	chr12	34701563	37544473	3	3	0
d42bef4d-57f2-4dc5-8a1f-7da3363da362	chr12	37547019	51954717	2	2	0
d42bef4d-57f2-4dc5-8a1f-7da3363da362	chr12	51955287	52999664	11	9	2
d42bef4d-57f2-4dc5-8a1f-7da3363da362	chr12	53011715	57713053	2	2	0
d42bef4d-57f2-4dc5-8a1f-7da3363da362	chr12	57714586	57829725	29	29	0
d42bef4d-57f2-4dc5-8a1f-7da3363da362	chr12	57832121	57857874	2	2	0
d42bef4d-57f2-4dc5-8a1f-7da3363da362	chr12	57862227	59296779	38	37	1
d42bef4d-57f2-4dc5-8a1f-7da3363da362	chr12	59298842	59409154	20	18	2
d42bef4d-57f2-4dc5-8a1f-7da3363da362	chr12	59411001	61509306	2	2	0
d42bef4d-57f2-4dc5-8a1f-7da3363da362	chr12	61509834	62005800	12	10	2
d42bef4d-57f2-4dc5-8a1f-7da3363da362	chr12	62005843	62944169	8	6	2
d42bef4d-57f2-4dc5-8a1f-7da3363da362	chr12	62944352	63155813	46	44	2
d42bef4d-57f2-4dc5-8a1f-7da3363da362	chr12	63157269	63880850	25	23	2
d42bef4d-57f2-4dc5-8a1f-7da3363da362	chr12	63880900	64505252	17	15	2
d42bef4d-57f2-4dc5-8a1f-7da3363da362	chr12	64516653	64943296	9	7	2
d42bef4d-57f2-4dc5-8a1f-7da3363da362	chr12	64943457	65544880	15	13	2
d42bef4d-57f2-4dc5-8a1f-7da3363da362	chr12	65545636	66474195	2	2	0
d42bef4d-57f2-4dc5-8a1f-7da3363da362	chr12	66482424	66959691	16	14	2
d42bef4d-57f2-4dc5-8a1f-7da3363da362	chr12	66960139	67317950	2	2	0
d42bef4d-57f2-4dc5-8a1f-7da3363da362	chr12	67328087	68175411	4	2	2
d42bef4d-57f2-4dc5-8a1f-7da3363da362	chr12	68176743	68478560	14	12	2
d42bef4d-57f2-4dc5-8a1f-7da3363da362	chr12	68478916	69762271	30	28	2
d42bef4d-57f2-4dc5-8a1f-7da3363da362	chr12	69764010	70351307	16	14	2
d42bef4d-57f2-4dc5-8a1f-7da3363da362	chr12	70357495	133201603	2	2	0
d42bef4d-57f2-4dc5-8a1f-7da3363da362	chr13	18452809	114342922	4	2	2
d42bef4d-57f2-4dc5-8a1f-7da3363da362	chr14	18239283	25636041	3	2	1
d42bef4d-57f2-4dc5-8a1f-7da3363da362	chr14	25638536	25664177	2	1	1
d42bef4d-57f2-4dc5-8a1f-7da3363da362	chr14	25665591	40671145	3	2	1
d42bef4d-57f2-4dc5-8a1f-7da3363da362	chr14	40676397	41572007	4	2	2
d42bef4d-57f2-4dc5-8a1f-7da3363da362	chr14	41572918	106877229	3	2	1
d42bef4d-57f2-4dc5-8a1f-7da3363da362	chr15	19811075	23396367	2	1	1
d42bef4d-57f2-4dc5-8a1f-7da3363da362	chr15	23398898	27600129	4	2	2
d42bef4d-57f2-4dc5-8a1f-7da3363da362	chr15	27600424	27652395	5	3	2
d42bef4d-57f2-4dc5-8a1f-7da3363da362	chr15	27657615	45943616	4	2	2
d42bef4d-57f2-4dc5-8a1f-7da3363da362	chr15	45943633	45950067	2	1	1
d42bef4d-57f2-4dc5-8a1f-7da3363da362	chr15	45950082	87274811	4	2	2
d42bef4d-57f2-4dc5-8a1f-7da3363da362	chr15	87275644	87327270	1	1	0
d42bef4d-57f2-4dc5-8a1f-7da3363da362	chr15	87327502	101928837	4	2	2
d42bef4d-57f2-4dc5-8a1f-7da3363da362	chr16	10777	26088829	3	2	1
d42bef4d-57f2-4dc5-8a1f-7da3363da362	chr16	26089170	26114311	6	4	2
d42bef4d-57f2-4dc5-8a1f-7da3363da362	chr16	26114682	90096867	3	2	1
d42bef4d-57f2-4dc5-8a1f-7da3363da362	chr17	150733	224655	5	3	2
d42bef4d-57f2-4dc5-8a1f-7da3363da362	chr17	224661	33282797	4	2	2
d42bef4d-57f2-4dc5-8a1f-7da3363da362	chr17	33283244	33382772	5	3	2
d42bef4d-57f2-4dc5-8a1f-7da3363da362	chr17	33383350	34130318	4	2	2
d42bef4d-57f2-4dc5-8a1f-7da3363da362	chr17	34130922	34134830	2	1	1
d42bef4d-57f2-4dc5-8a1f-7da3363da362	chr17	34137651	36101021	4	2	2
d42bef4d-57f2-4dc5-8a1f-7da3363da362	chr17	36102943	36208249	10	6	4
d42bef4d-57f2-4dc5-8a1f-7da3363da362	chr17	36460442	41265456	4	2	2
d42bef4d-57f2-4dc5-8a1f-7da3363da362	chr17	41266762	41274279	0	0	0
d42bef4d-57f2-4dc5-8a1f-7da3363da362	chr17	41276472	46118359	4	2	2
d42bef4d-57f2-4dc5-8a1f-7da3363da362	chr17	46120237	46214714	3	2	1
d42bef4d-57f2-4dc5-8a1f-7da3363da362	chr17	46214760	51380913	4	2	2
d42bef4d-57f2-4dc5-8a1f-7da3363da362	chr17	51381980	51443807	3	2	1
d42bef4d-57f2-4dc5-8a1f-7da3363da362	chr17	51444022	53988238	4	2	2
d42bef4d-57f2-4dc5-8a1f-7da3363da362	chr17	53988347	53999539	3	2	1
d42bef4d-57f2-4dc5-8a1f-7da3363da362	chr17	53999835	83091923	4	2	2
d42bef4d-57f2-4dc5-8a1f-7da3363da362	chr18	48133	5026411	3	2	1
d42bef4d-57f2-4dc5-8a1f-7da3363da362	chr18	5029390	5411240	2	2	0
d42bef4d-57f2-4dc5-8a1f-7da3363da362	chr18	5411969	29628247	3	2	1
d42bef4d-57f2-4dc5-8a1f-7da3363da362	chr18	29628391	29838380	2	2	0
d42bef4d-57f2-4dc5-8a1f-7da3363da362	chr18	29840585	33212275	3	2	1
d42bef4d-57f2-4dc5-8a1f-7da3363da362	chr18	33213272	34766372	2	2	0
d42bef4d-57f2-4dc5-8a1f-7da3363da362	chr18	34766965	40089227	3	2	1
d42bef4d-57f2-4dc5-8a1f-7da3363da362	chr18	40090559	44523271	2	2	0
d42bef4d-57f2-4dc5-8a1f-7da3363da362	chr18	44528044	44637417	3	2	1
d42bef4d-57f2-4dc5-8a1f-7da3363da362	chr18	44639032	72759620	2	2	0
d42bef4d-57f2-4dc5-8a1f-7da3363da362	chr18	72761318	72763217	3	3	0
d42bef4d-57f2-4dc5-8a1f-7da3363da362	chr18	72763308	78807816	2	2	0
d42bef4d-57f2-4dc5-8a1f-7da3363da362	chr18	78810960	78975000	3	2	1
d42bef4d-57f2-4dc5-8a1f-7da3363da362	chr18	78975252	80257174	2	2	0
d42bef4d-57f2-4dc5-8a1f-7da3363da362	chr19	90910	27550604	2	2	0
d42bef4d-57f2-4dc5-8a1f-7da3363da362	chr19	27550922	27879572	3	2	1
d42bef4d-57f2-4dc5-8a1f-7da3363da362	chr19	27881970	28674055	2	2	0
d42bef4d-57f2-4dc5-8a1f-7da3363da362	chr19	28679799	58586487	3	2	1
d42bef4d-57f2-4dc5-8a1f-7da3363da362	chr20	80664	9611616	4	2	2
d42bef4d-57f2-4dc5-8a1f-7da3363da362	chr20	9611691	9615903	1	1	0
d42bef4d-57f2-4dc5-8a1f-7da3363da362	chr20	9618154	24443620	4	2	2
d42bef4d-57f2-4dc5-8a1f-7da3363da362	chr20	24444068	24935576	3	2	1
d42bef4d-57f2-4dc5-8a1f-7da3363da362	chr20	24936416	40644241	4	2	2
d42bef4d-57f2-4dc5-8a1f-7da3363da362	chr20	40644729	40807692	3	2	1
d42bef4d-57f2-4dc5-8a1f-7da3363da362	chr20	40810755	64324800	4	2	2
d42bef4d-57f2-4dc5-8a1f-7da3363da362	chr21	12973348	17051428	3	2	1
d42bef4d-57f2-4dc5-8a1f-7da3363da362	chr21	17051662	21936811	2	2	0
d42bef4d-57f2-4dc5-8a1f-7da3363da362	chr21	21937041	23226254	3	2	1
d42bef4d-57f2-4dc5-8a1f-7da3363da362	chr21	23227748	24892208	2	2	0
d42bef4d-57f2-4dc5-8a1f-7da3363da362	chr21	24892965	25416685	3	2	1
d42bef4d-57f2-4dc5-8a1f-7da3363da362	chr21	25417003	25766023	4	2	2
d42bef4d-57f2-4dc5-8a1f-7da3363da362	chr21	25766734	26351350	3	2	1
d42bef4d-57f2-4dc5-8a1f-7da3363da362	chr21	26352073	46677045	2	2	0
d42bef4d-57f2-4dc5-8a1f-7da3363da362	chr22	16392123	50796027	4	2	2
d42bef4d-57f2-4dc5-8a1f-7da3363da362	chrX	251810	776893	4	2	2
d42bef4d-57f2-4dc5-8a1f-7da3363da362	chrX	786390	959750	2	1	1
d42bef4d-57f2-4dc5-8a1f-7da3363da362	chrX	960081	2440099	4	2	2
d42bef4d-57f2-4dc5-8a1f-7da3363da362	chrX	2442260	2553051	5	3	2
d42bef4d-57f2-4dc5-8a1f-7da3363da362	chrX	2553080	2657110	3	2	1
d42bef4d-57f2-4dc5-8a1f-7da3363da362	chrX	2657703	2671476	5	3	2
d42bef4d-57f2-4dc5-8a1f-7da3363da362	chrX	2677018	2720458	3	2	1
d42bef4d-57f2-4dc5-8a1f-7da3363da362	chrX	2723161	2775583	5	3	2
d42bef4d-57f2-4dc5-8a1f-7da3363da362	chrX	2776199	89086758	1	1	0
d42bef4d-57f2-4dc5-8a1f-7da3363da362	chrX	89087059	94094199	2	2	0
d42bef4d-57f2-4dc5-8a1f-7da3363da362	chrX	94096188	156004181	1	1	0
d42bef4d-57f2-4dc5-8a1f-7da3363da362	chrY	2782397	26653788	3	2	1
d42bef4d-57f2-4dc5-8a1f-7da3363da362	chrY	56872112	56872112	2	2	0
7b705f56-19ae-4740-82f4-c832401fd32d	chr1	61735	2824185	2	1	1
7b705f56-19ae-4740-82f4-c832401fd32d	chr1	2832124	29590585	1	1	0
7b705f56-19ae-4740-82f4-c832401fd32d	chr1	29599702	248930189	2	1	1
7b705f56-19ae-4740-82f4-c832401fd32d	chr2	12784	242147305	2	1	1
7b705f56-19ae-4740-82f4-c832401fd32d	chr3	18667	18476670	1	1	0
7b705f56-19ae-4740-82f4-c832401fd32d	chr3	18491767	21481747	3	2	1
7b705f56-19ae-4740-82f4-c832401fd32d	chr3	21481850	21905971	2	1	1
7b705f56-19ae-4740-82f4-c832401fd32d	chr3	21906280	84602606	1	1	0
7b705f56-19ae-4740-82f4-c832401fd32d	chr3	84602894	86112431	2	1	1
7b705f56-19ae-4740-82f4-c832401fd32d	chr3	86113511	89503594	1	1	0
7b705f56-19ae-4740-82f4-c832401fd32d	chr3	89506877	93800634	2	1	1
7b705f56-19ae-4740-82f4-c832401fd32d	chr3	93801172	99810589	1	1	0
7b705f56-19ae-4740-82f4-c832401fd32d	chr3	99810679	198169247	2	1	1
7b705f56-19ae-4740-82f4-c832401fd32d	chr4	12281	48973455	2	1	1
7b705f56-19ae-4740-82f4-c832401fd32d	chr4	48974392	190106768	1	1	0
7b705f56-19ae-4740-82f4-c832401fd32d	chr5	15532	50136997	4	2	2
7b705f56-19ae-4740-82f4-c832401fd32d	chr5	50146124	93515331	1	1	0
7b705f56-19ae-4740-82f4-c832401fd32d	chr5	93517607	162201292	3	2	1
7b705f56-19ae-4740-82f4-c832401fd32d	chr5	162202969	167515321	4	2	2
7b705f56-19ae-4740-82f4-c832401fd32d	chr5	167515972	181363319	3	2	1
7b705f56-19ae-4740-82f4-c832401fd32d	chr6	149661	170741917	2	1	1
7b705f56-19ae-4740-82f4-c832401fd32d	chr7	43259	29746314	2	1	1
7b705f56-19ae-4740-82f4-c832401fd32d	chr7	29746766	36322077	1	1	0
7b705f56-19ae-4740-82f4-c832401fd32d	chr7	36324968	159334314	2	1	1
7b705f56-19ae-4740-82f4-c832401fd32d	chr8	81254	125421867	2	1	1
7b705f56-19ae-4740-82f4-c832401fd32d	chr8	125422488	125612814	1	1	0
7b705f56-19ae-4740-82f4-c832401fd32d	chr8	125613073	145072769	2	1	1
7b705f56-19ae-4740-82f4-c832401fd32d	chr9	46587	138200944	2	2	0
7b705f56-19ae-4740-82f4-c832401fd32d	chr10	26823	133769379	2	1	1
7b705f56-19ae-4740-82f4-c832401fd32d	chr11	198572	135074876	2	1	1
7b705f56-19ae-4740-82f4-c832401fd32d	chr12	51460	67778152	2	1	1
7b705f56-19ae-4740-82f4-c832401fd32d	chr12	67782093	68123627	1	1	0
7b705f56-19ae-4740-82f4-c832401fd32d	chr12	68124097	133201603	2	1	1
7b705f56-19ae-4740-82f4-c832401fd32d	chr13	18452809	114342922	1	1	0
7b705f56-19ae-4740-82f4-c832401fd32d	chr14	18225647	50291535	1	1	0
7b705f56-19ae-4740-82f4-c832401fd32d	chr14	50292391	50745088	0	0	0
7b705f56-19ae-4740-82f4-c832401fd32d	chr14	50746356	106877229	1	1	0
7b705f56-19ae-4740-82f4-c832401fd32d	chr15	19811075	101928837	2	1	1
7b705f56-19ae-4740-82f4-c832401fd32d	chr16	10777	36048855	2	1	1
7b705f56-19ae-4740-82f4-c832401fd32d	chr16	46429870	90221127	1	1	0
7b705f56-19ae-4740-82f4-c832401fd32d	chr17	150733	22727748	1	1	0
7b705f56-19ae-4740-82f4-c832401fd32d	chr17	22728414	33212858	2	1	1
7b705f56-19ae-4740-82f4-c832401fd32d	chr17	33214301	39357366	4	2	2
7b705f56-19ae-4740-82f4-c832401fd32d	chr17	39360469	83090856	2	1	1
7b705f56-19ae-4740-82f4-c832401fd32d	chr18	48133	15402409	2	1	1
7b705f56-19ae-4740-82f4-c832401fd32d	chr18	20949392	80257174	1	1	0
7b705f56-19ae-4740-82f4-c832401fd32d	chr19	90910	58586487	2	1	1
7b705f56-19ae-4740-82f4-c832401fd32d	chr20	80664	25962547	1	1	0
7b705f56-19ae-4740-82f4-c832401fd32d	chr20	25974486	64324800	2	1	1
7b705f56-19ae-4740-82f4-c832401fd32d	chr21	10336543	46677045	2	1	1
7b705f56-19ae-4740-82f4-c832401fd32d	chr22	15294545	50796027	2	1	1
7b705f56-19ae-4740-82f4-c832401fd32d	chrX	251810	2776199	2	1	1
7b705f56-19ae-4740-82f4-c832401fd32d	chrX	2785350	155522521	1	1	0
7b705f56-19ae-4740-82f4-c832401fd32d	chrX	155523319	156004181	0	0	0
f62b3e34-05d3-4d4a-89ec-f60669dc8180	chr1	62920	74198493	2	2	0
f62b3e34-05d3-4d4a-89ec-f60669dc8180	chr1	74202002	76021817	3	2	1
f62b3e34-05d3-4d4a-89ec-f60669dc8180	chr1	76021859	76025194	1	1	0
f62b3e34-05d3-4d4a-89ec-f60669dc8180	chr1	76025356	85267691	3	2	1
f62b3e34-05d3-4d4a-89ec-f60669dc8180	chr1	85267950	121705338	4	3	1
f62b3e34-05d3-4d4a-89ec-f60669dc8180	chr1	143541857	214660839	5	3	2
f62b3e34-05d3-4d4a-89ec-f60669dc8180	chr1	214662422	221342717	6	3	3
f62b3e34-05d3-4d4a-89ec-f60669dc8180	chr1	221346528	248930189	5	3	2
f62b3e34-05d3-4d4a-89ec-f60669dc8180	chr2	12784	64438201	4	2	2
f62b3e34-05d3-4d4a-89ec-f60669dc8180	chr2	64440674	64465937	1	1	0
f62b3e34-05d3-4d4a-89ec-f60669dc8180	chr2	64466295	88833611	4	2	2
f62b3e34-05d3-4d4a-89ec-f60669dc8180	chr2	88834118	89118119	13	13	0
f62b3e34-05d3-4d4a-89ec-f60669dc8180	chr2	89119438	105410144	4	2	2
f62b3e34-05d3-4d4a-89ec-f60669dc8180	chr2	105419458	105430250	8	5	3
f62b3e34-05d3-4d4a-89ec-f60669dc8180	chr2	105431199	152030293	4	2	2
f62b3e34-05d3-4d4a-89ec-f60669dc8180	chr2	152031276	152081921	2	1	1
f62b3e34-05d3-4d4a-89ec-f60669dc8180	chr2	152083033	154080967	4	2	2
f62b3e34-05d3-4d4a-89ec-f60669dc8180	chr2	154081195	154098314	7	4	3
f62b3e34-05d3-4d4a-89ec-f60669dc8180	chr2	154098421	168131907	4	2	2
f62b3e34-05d3-4d4a-89ec-f60669dc8180	chr2	168132833	168171045	2	1	1
f62b3e34-05d3-4d4a-89ec-f60669dc8180	chr2	168171357	205557416	4	2	2
f62b3e34-05d3-4d4a-89ec-f60669dc8180	chr2	205558272	205570085	7	4	3
f62b3e34-05d3-4d4a-89ec-f60669dc8180	chr2	205573312	242147305	4	2	2
f62b3e34-05d3-4d4a-89ec-f60669dc8180	chr3	20930	8933658	2	2	0
f62b3e34-05d3-4d4a-89ec-f60669dc8180	chr3	8934058	9145717	1	1	0
f62b3e34-05d3-4d4a-89ec-f60669dc8180	chr3	9149298	52989195	2	2	0
f62b3e34-05d3-4d4a-89ec-f60669dc8180	chr3	52994359	53005247	0	0	0
f62b3e34-05d3-4d4a-89ec-f60669dc8180	chr3	53005263	83903739	2	2	0
f62b3e34-05d3-4d4a-89ec-f60669dc8180	chr3	83904919	85663360	5	3	2
f62b3e34-05d3-4d4a-89ec-f60669dc8180	chr3	85665227	87054700	2	2	0
f62b3e34-05d3-4d4a-89ec-f60669dc8180	chr3	87055749	126189655	4	2	2
f62b3e34-05d3-4d4a-89ec-f60669dc8180	chr3	126189998	126190895	1	1	0
f62b3e34-05d3-4d4a-89ec-f60669dc8180	chr3	126191161	146351674	4	2	2
f62b3e34-05d3-4d4a-89ec-f60669dc8180	chr3	146352093	146543309	2	2	0
f62b3e34-05d3-4d4a-89ec-f60669dc8180	chr3	146543340	198169247	4	2	2
f62b3e34-05d3-4d4a-89ec-f60669dc8180	chr4	68929	114252544	4	2	2
f62b3e34-05d3-4d4a-89ec-f60669dc8180	chr4	114254167	114261019	0	0	0
f62b3e34-05d3-4d4a-89ec-f60669dc8180	chr4	114263073	190106768	4	2	2
f62b3e34-05d3-4d4a-89ec-f60669dc8180	chr5	15532	9982854	4	2	2
f62b3e34-05d3-4d4a-89ec-f60669dc8180	chr5	9982952	9990669	1	1	0
f62b3e34-05d3-4d4a-89ec-f60669dc8180	chr5	9997086	22592516	4	2	2
f62b3e34-05d3-4d4a-89ec-f60669dc8180	chr5	22599054	22660455	6	3	3
f62b3e34-05d3-4d4a-89ec-f60669dc8180	chr5	22664966	41267623	4	2	2
f62b3e34-05d3-4d4a-89ec-f60669dc8180	chr5	41269001	41635320	3	2	1
f62b3e34-05d3-4d4a-89ec-f60669dc8180	chr5	41635436	97045359	4	2	2
f62b3e34-05d3-4d4a-89ec-f60669dc8180	chr5	97045503	151380464	5	3	2
f62b3e34-05d3-4d4a-89ec-f60669dc8180	chr5	151380721	151397487	9	5	4
f62b3e34-05d3-4d4a-89ec-f60669dc8180	chr5	151398237	157879238	5	3	2
f62b3e34-05d3-4d4a-89ec-f60669dc8180	chr5	157888341	157924795	1	1	0
f62b3e34-05d3-4d4a-89ec-f60669dc8180	chr5	157927091	181363319	5	3	2
f62b3e34-05d3-4d4a-89ec-f60669dc8180	chr6	149661	52355995	4	2	2
f62b3e34-05d3-4d4a-89ec-f60669dc8180	chr6	52356137	103286299	2	2	0
f62b3e34-05d3-4d4a-89ec-f60669dc8180	chr6	103286770	103317795	5	5	0
f62b3e34-05d3-4d4a-89ec-f60669dc8180	chr6	103317836	170741917	2	2	0
f62b3e34-05d3-4d4a-89ec-f60669dc8180	chr7	43259	6023652	5	3	2
f62b3e34-05d3-4d4a-89ec-f60669dc8180	chr7	6025563	57193663	4	2	2
f62b3e34-05d3-4d4a-89ec-f60669dc8180	chr7	57198178	62616927	8	5	3
f62b3e34-05d3-4d4a-89ec-f60669dc8180	chr7	62617259	159334314	4	2	2
f62b3e34-05d3-4d4a-89ec-f60669dc8180	chr8	81254	103108868	4	2	2
f62b3e34-05d3-4d4a-89ec-f60669dc8180	chr8	103108982	103113031	1	1	0
f62b3e34-05d3-4d4a-89ec-f60669dc8180	chr8	103116779	139570777	4	2	2
f62b3e34-05d3-4d4a-89ec-f60669dc8180	chr8	139570997	139573160	1	1	0
f62b3e34-05d3-4d4a-89ec-f60669dc8180	chr8	139573283	145072769	4	2	2
f62b3e34-05d3-4d4a-89ec-f60669dc8180	chr9	46587	22170984	4	2	2
f62b3e34-05d3-4d4a-89ec-f60669dc8180	chr9	22171485	23366284	3	2	1
f62b3e34-05d3-4d4a-89ec-f60669dc8180	chr9	23367171	83290105	4	2	2
f62b3e34-05d3-4d4a-89ec-f60669dc8180	chr9	83290145	83293307	1	1	0
f62b3e34-05d3-4d4a-89ec-f60669dc8180	chr9	83293553	90587681	4	2	2
f62b3e34-05d3-4d4a-89ec-f60669dc8180	chr9	90588094	90598985	2	1	1
f62b3e34-05d3-4d4a-89ec-f60669dc8180	chr9	90599525	110937100	4	2	2
f62b3e34-05d3-4d4a-89ec-f60669dc8180	chr9	110937218	110979640	1	1	0
f62b3e34-05d3-4d4a-89ec-f60669dc8180	chr9	110980024	133721819	4	2	2
f62b3e34-05d3-4d4a-89ec-f60669dc8180	chr9	133721832	133753192	8	5	3
f62b3e34-05d3-4d4a-89ec-f60669dc8180	chr9	133753594	138200944	4	2	2
f62b3e34-05d3-4d4a-89ec-f60669dc8180	chr10	45792	113276	4	3	1
f62b3e34-05d3-4d4a-89ec-f60669dc8180	chr10	113464	23570322	4	2	2
f62b3e34-05d3-4d4a-89ec-f60669dc8180	chr10	23571145	23608569	2	1	1
f62b3e34-05d3-4d4a-89ec-f60669dc8180	chr10	23608844	32435600	4	2	2
f62b3e34-05d3-4d4a-89ec-f60669dc8180	chr10	32437601	33758824	6	4	2
f62b3e34-05d3-4d4a-89ec-f60669dc8180	chr10	33759047	83862356	4	2	2
f62b3e34-05d3-4d4a-89ec-f60669dc8180	chr10	83865166	83873173	1	1	0
f62b3e34-05d3-4d4a-89ec-f60669dc8180	chr10	83873402	92561853	4	2	2
f62b3e34-05d3-4d4a-89ec-f60669dc8180	chr10	92567145	133654968	3	2	1
f62b3e34-05d3-4d4a-89ec-f60669dc8180	chr11	198510	135074876	4	2	2
f62b3e34-05d3-4d4a-89ec-f60669dc8180	chr12	51460	6736682	4	2	2
f62b3e34-05d3-4d4a-89ec-f60669dc8180	chr12	6736879	7527868	5	3	2
f62b3e34-05d3-4d4a-89ec-f60669dc8180	chr12	7533609	52526630	4	2	2
f62b3e34-05d3-4d4a-89ec-f60669dc8180	chr12	52527431	52531875	9	5	4
f62b3e34-05d3-4d4a-89ec-f60669dc8180	chr12	52532185	52546044	2	1	1
f62b3e34-05d3-4d4a-89ec-f60669dc8180	chr12	52546945	133201603	4	2	2
f62b3e34-05d3-4d4a-89ec-f60669dc8180	chr13	18452809	114342922	4	2	2
f62b3e34-05d3-4d4a-89ec-f60669dc8180	chr14	18239283	22632004	2	2	0
f62b3e34-05d3-4d4a-89ec-f60669dc8180	chr14	22633534	22644437	4	4	0
f62b3e34-05d3-4d4a-89ec-f60669dc8180	chr14	22645313	25658632	2	2	0
f62b3e34-05d3-4d4a-89ec-f60669dc8180	chr14	25658883	25946060	1	1	0
f62b3e34-05d3-4d4a-89ec-f60669dc8180	chr14	25946237	106877229	2	2	0
f62b3e34-05d3-4d4a-89ec-f60669dc8180	chr15	19811075	60913793	4	2	2
f62b3e34-05d3-4d4a-89ec-f60669dc8180	chr15	60914721	60931911	2	1	1
f62b3e34-05d3-4d4a-89ec-f60669dc8180	chr15	60932693	91619866	4	2	2
f62b3e34-05d3-4d4a-89ec-f60669dc8180	chr15	91620365	91633047	7	4	3
f62b3e34-05d3-4d4a-89ec-f60669dc8180	chr15	91633173	101928837	4	2	2
f62b3e34-05d3-4d4a-89ec-f60669dc8180	chr16	10777	79704898	4	2	2
f62b3e34-05d3-4d4a-89ec-f60669dc8180	chr16	79704937	90096867	3	2	1
f62b3e34-05d3-4d4a-89ec-f60669dc8180	chr17	150733	33328771	4	2	2
f62b3e34-05d3-4d4a-89ec-f60669dc8180	chr17	33329786	33382772	6	4	2
f62b3e34-05d3-4d4a-89ec-f60669dc8180	chr17	33383350	55656592	4	2	2
f62b3e34-05d3-4d4a-89ec-f60669dc8180	chr17	55656663	55661890	7	4	3
f62b3e34-05d3-4d4a-89ec-f60669dc8180	chr17	55663336	83091923	4	2	2
f62b3e34-05d3-4d4a-89ec-f60669dc8180	chr18	48133	13965705	4	2	2
f62b3e34-05d3-4d4a-89ec-f60669dc8180	chr18	13969149	23109276	5	3	2
f62b3e34-05d3-4d4a-89ec-f60669dc8180	chr18	23109984	33476208	2	2	0
f62b3e34-05d3-4d4a-89ec-f60669dc8180	chr18	33482508	33968472	6	3	3
f62b3e34-05d3-4d4a-89ec-f60669dc8180	chr18	33969119	50741267	2	2	0
f62b3e34-05d3-4d4a-89ec-f60669dc8180	chr18	50742412	50847248	3	3	0
f62b3e34-05d3-4d4a-89ec-f60669dc8180	chr18	50847506	80257174	2	2	0
f62b3e34-05d3-4d4a-89ec-f60669dc8180	chr19	90910	58586487	4	2	2
f62b3e34-05d3-4d4a-89ec-f60669dc8180	chr20	80664	42773757	4	2	2
f62b3e34-05d3-4d4a-89ec-f60669dc8180	chr20	42774058	42790477	6	3	3
f62b3e34-05d3-4d4a-89ec-f60669dc8180	chr20	42791078	64324800	4	2	2
f62b3e34-05d3-4d4a-89ec-f60669dc8180	chr21	12973348	19529821	4	2	2
f62b3e34-05d3-4d4a-89ec-f60669dc8180	chr21	19531116	19561085	8	4	4
f62b3e34-05d3-4d4a-89ec-f60669dc8180	chr21	19562130	46677045	4	2	2
f62b3e34-05d3-4d4a-89ec-f60669dc8180	chr22	16392123	25330822	4	2	2
f62b3e34-05d3-4d4a-89ec-f60669dc8180	chr22	25330992	25482488	1	1	0
f62b3e34-05d3-4d4a-89ec-f60669dc8180	chr22	25482547	25484618	0	0	0
f62b3e34-05d3-4d4a-89ec-f60669dc8180	chr22	25484741	25510537	1	1	0
f62b3e34-05d3-4d4a-89ec-f60669dc8180	chr22	25510931	32179162	4	2	2
f62b3e34-05d3-4d4a-89ec-f60669dc8180	chr22	32179227	32196133	1	1	0
f62b3e34-05d3-4d4a-89ec-f60669dc8180	chr22	32196403	50796027	4	2	2
f62b3e34-05d3-4d4a-89ec-f60669dc8180	chrX	251810	35640420	3	2	1
f62b3e34-05d3-4d4a-89ec-f60669dc8180	chrX	35641321	35646466	6	4	2
f62b3e34-05d3-4d4a-89ec-f60669dc8180	chrX	35648214	95130644	3	2	1
f62b3e34-05d3-4d4a-89ec-f60669dc8180	chrX	95132630	95141627	1	1	0
f62b3e34-05d3-4d4a-89ec-f60669dc8180	chrX	95141864	95159272	6	4	2
f62b3e34-05d3-4d4a-89ec-f60669dc8180	chrX	95160023	153023626	3	2	1
f62b3e34-05d3-4d4a-89ec-f60669dc8180	chrX	153024515	153034342	1	1	0
f62b3e34-05d3-4d4a-89ec-f60669dc8180	chrX	153035165	156004181	3	2	1
f62b3e34-05d3-4d4a-89ec-f60669dc8180	chrY	2782397	26653788	0	0	0
f62b3e34-05d3-4d4a-89ec-f60669dc8180	chrY	56872112	56872112	3	3	0
133639c8-d39f-4431-b478-8091e4776fbe	chr1	62920	36033741	1	1	0
133639c8-d39f-4431-b478-8091e4776fbe	chr1	36043841	38158831	3	2	1
133639c8-d39f-4431-b478-8091e4776fbe	chr1	38159106	38171898	1	1	0
133639c8-d39f-4431-b478-8091e4776fbe	chr1	38172026	66497948	3	2	1
133639c8-d39f-4431-b478-8091e4776fbe	chr1	66498096	66527474	2	1	1
133639c8-d39f-4431-b478-8091e4776fbe	chr1	66529206	121705338	3	2	1
133639c8-d39f-4431-b478-8091e4776fbe	chr1	143541857	149844715	4	3	1
133639c8-d39f-4431-b478-8091e4776fbe	chr1	149844893	183015414	3	2	1
133639c8-d39f-4431-b478-8091e4776fbe	chr1	183015462	184088847	2	1	1
133639c8-d39f-4431-b478-8091e4776fbe	chr1	184091147	212867587	3	2	1
133639c8-d39f-4431-b478-8091e4776fbe	chr1	212867683	212920308	2	1	1
133639c8-d39f-4431-b478-8091e4776fbe	chr1	212921215	248930189	3	2	1
133639c8-d39f-4431-b478-8091e4776fbe	chr2	12784	154357840	2	1	1
133639c8-d39f-4431-b478-8091e4776fbe	chr2	154361936	154382623	3	2	1
133639c8-d39f-4431-b478-8091e4776fbe	chr2	154382727	179784204	2	1	1
133639c8-d39f-4431-b478-8091e4776fbe	chr2	179784800	179804807	1	1	0
133639c8-d39f-4431-b478-8091e4776fbe	chr2	179805343	242147305	2	1	1
133639c8-d39f-4431-b478-8091e4776fbe	chr3	20930	93800634	1	1	0
133639c8-d39f-4431-b478-8091e4776fbe	chr3	93801172	162822702	2	1	1
133639c8-d39f-4431-b478-8091e4776fbe	chr3	162827928	162898127	6	6	0
133639c8-d39f-4431-b478-8091e4776fbe	chr3	162906054	169596120	2	1	1
133639c8-d39f-4431-b478-8091e4776fbe	chr3	169596636	169689198	1	1	0
133639c8-d39f-4431-b478-8091e4776fbe	chr3	169689241	198169247	2	1	1
133639c8-d39f-4431-b478-8091e4776fbe	chr4	68929	10208766	2	1	1
133639c8-d39f-4431-b478-8091e4776fbe	chr4	10212536	10229874	0	0	0
133639c8-d39f-4431-b478-8091e4776fbe	chr4	10232590	56227038	2	1	1
133639c8-d39f-4431-b478-8091e4776fbe	chr4	56227290	56282008	3	2	1
133639c8-d39f-4431-b478-8091e4776fbe	chr4	56282860	101734205	2	1	1
133639c8-d39f-4431-b478-8091e4776fbe	chr4	101734221	101759756	1	1	0
133639c8-d39f-4431-b478-8091e4776fbe	chr4	101763456	168579870	2	1	1
133639c8-d39f-4431-b478-8091e4776fbe	chr4	168580589	168605860	1	1	0
133639c8-d39f-4431-b478-8091e4776fbe	chr4	168607425	190106768	2	1	1
133639c8-d39f-4431-b478-8091e4776fbe	chr5	15532	22592516	2	1	1
133639c8-d39f-4431-b478-8091e4776fbe	chr5	22599054	22660455	3	2	1
133639c8-d39f-4431-b478-8091e4776fbe	chr5	22664966	169089796	2	1	1
133639c8-d39f-4431-b478-8091e4776fbe	chr5	169089951	169155335	3	2	1
133639c8-d39f-4431-b478-8091e4776fbe	chr5	169156488	181363319	2	1	1
133639c8-d39f-4431-b478-8091e4776fbe	chr6	149661	30507638	3	2	1
133639c8-d39f-4431-b478-8091e4776fbe	chr6	30507940	30544386	1	1	0
133639c8-d39f-4431-b478-8091e4776fbe	chr6	30559068	60368538	3	2	1
133639c8-d39f-4431-b478-8091e4776fbe	chr6	60372586	122348687	1	1	0
133639c8-d39f-4431-b478-8091e4776fbe	chr6	122349516	122365441	2	2	0
133639c8-d39f-4431-b478-8091e4776fbe	chr6	122366265	170741917	1	1	0
133639c8-d39f-4431-b478-8091e4776fbe	chr7	43259	18776474	2	1	1
133639c8-d39f-4431-b478-8091e4776fbe	chr7	18778774	18785082	4	2	2
133639c8-d39f-4431-b478-8091e4776fbe	chr7	18785119	35357045	2	1	1
133639c8-d39f-4431-b478-8091e4776fbe	chr7	35357957	35366118	0	0	0
133639c8-d39f-4431-b478-8091e4776fbe	chr7	35367534	68716989	2	1	1
133639c8-d39f-4431-b478-8091e4776fbe	chr7	68717035	68719415	1	1	0
133639c8-d39f-4431-b478-8091e4776fbe	chr7	68719447	159334314	2	1	1
133639c8-d39f-4431-b478-8091e4776fbe	chr8	81254	2053507	2	1	1
133639c8-d39f-4431-b478-8091e4776fbe	chr8	2053637	2062978	4	2	2
133639c8-d39f-4431-b478-8091e4776fbe	chr8	2063095	53562881	2	1	1
133639c8-d39f-4431-b478-8091e4776fbe	chr8	53566339	53576978	4	2	2
133639c8-d39f-4431-b478-8091e4776fbe	chr8	53581502	139570997	2	1	1
133639c8-d39f-4431-b478-8091e4776fbe	chr8	139571559	139573160	0	0	0
133639c8-d39f-4431-b478-8091e4776fbe	chr8	139573283	145072769	2	1	1
133639c8-d39f-4431-b478-8091e4776fbe	chr9	46587	41741113	1	1	0
133639c8-d39f-4431-b478-8091e4776fbe	chr9	60863881	61633080	4	4	0
133639c8-d39f-4431-b478-8091e4776fbe	chr9	61647899	67915741	3	3	0
133639c8-d39f-4431-b478-8091e4776fbe	chr9	68325679	110878827	1	1	0
133639c8-d39f-4431-b478-8091e4776fbe	chr9	110880820	132699150	3	2	1
133639c8-d39f-4431-b478-8091e4776fbe	chr9	132702634	132727281	7	5	2
133639c8-d39f-4431-b478-8091e4776fbe	chr9	132727340	138200944	3	2	1
133639c8-d39f-4431-b478-8091e4776fbe	chr10	45792	21101369	2	1	1
133639c8-d39f-4431-b478-8091e4776fbe	chr10	21101384	21125264	4	2	2
133639c8-d39f-4431-b478-8091e4776fbe	chr10	21125963	48830264	2	1	1
133639c8-d39f-4431-b478-8091e4776fbe	chr10	48833078	48862793	1	1	0
133639c8-d39f-4431-b478-8091e4776fbe	chr10	48863470	49093620	2	1	1
133639c8-d39f-4431-b478-8091e4776fbe	chr10	49094850	49109733	1	1	0
133639c8-d39f-4431-b478-8091e4776fbe	chr10	49110439	65548272	2	1	1
133639c8-d39f-4431-b478-8091e4776fbe	chr10	65548833	65554688	0	0	0
133639c8-d39f-4431-b478-8091e4776fbe	chr10	65563037	89015872	2	1	1
133639c8-d39f-4431-b478-8091e4776fbe	chr10	89016326	89024998	1	1	0
133639c8-d39f-4431-b478-8091e4776fbe	chr10	89025503	92561853	2	1	1
133639c8-d39f-4431-b478-8091e4776fbe	chr10	92567145	133654968	2	2	0
133639c8-d39f-4431-b478-8091e4776fbe	chr11	198510	42015155	2	1	1
133639c8-d39f-4431-b478-8091e4776fbe	chr11	42015773	42619119	1	1	0
133639c8-d39f-4431-b478-8091e4776fbe	chr11	42619762	69993211	2	1	1
133639c8-d39f-4431-b478-8091e4776fbe	chr11	69995642	70003258	1	1	0
133639c8-d39f-4431-b478-8091e4776fbe	chr11	70003328	107416217	2	1	1
133639c8-d39f-4431-b478-8091e4776fbe	chr11	107416413	135074876	1	1	0
133639c8-d39f-4431-b478-8091e4776fbe	chr12	51460	33140973	2	1	1
133639c8-d39f-4431-b478-8091e4776fbe	chr12	33141564	40241418	3	2	1
133639c8-d39f-4431-b478-8091e4776fbe	chr12	40242288	133201603	2	1	1
133639c8-d39f-4431-b478-8091e4776fbe	chr13	18452809	52960549	1	1	0
133639c8-d39f-4431-b478-8091e4776fbe	chr13	52962040	52966723	2	2	0
133639c8-d39f-4431-b478-8091e4776fbe	chr13	52967168	70558492	1	1	0
133639c8-d39f-4431-b478-8091e4776fbe	chr13	70558673	70564695	0	0	0
133639c8-d39f-4431-b478-8091e4776fbe	chr13	70564740	114342922	1	1	0
133639c8-d39f-4431-b478-8091e4776fbe	chr14	18239283	59792323	2	1	1
133639c8-d39f-4431-b478-8091e4776fbe	chr14	59793316	106877229	1	1	0
133639c8-d39f-4431-b478-8091e4776fbe	chr15	19811075	101928837	2	1	1
133639c8-d39f-4431-b478-8091e4776fbe	chr16	10777	20272598	2	1	1
133639c8-d39f-4431-b478-8091e4776fbe	chr16	20272710	20397055	1	1	0
133639c8-d39f-4431-b478-8091e4776fbe	chr16	20399347	36048855	2	1	1
133639c8-d39f-4431-b478-8091e4776fbe	chr16	46441986	48458950	3	2	1
133639c8-d39f-4431-b478-8091e4776fbe	chr16	48463924	90096867	1	1	0
133639c8-d39f-4431-b478-8091e4776fbe	chr17	150733	34701671	2	1	1
133639c8-d39f-4431-b478-8091e4776fbe	chr17	34702551	34730635	3	2	1
133639c8-d39f-4431-b478-8091e4776fbe	chr17	34737585	46085732	2	1	1
133639c8-d39f-4431-b478-8091e4776fbe	chr17	46088437	46286848	7	7	0
133639c8-d39f-4431-b478-8091e4776fbe	chr17	46323701	83091923	2	1	1
133639c8-d39f-4431-b478-8091e4776fbe	chr18	48133	15402409	2	1	1
133639c8-d39f-4431-b478-8091e4776fbe	chr18	20949392	27773281	3	2	1
133639c8-d39f-4431-b478-8091e4776fbe	chr18	27773890	27784359	1	1	0
133639c8-d39f-4431-b478-8091e4776fbe	chr18	27787625	37275719	3	2	1
133639c8-d39f-4431-b478-8091e4776fbe	chr18	37280374	37308309	1	1	0
133639c8-d39f-4431-b478-8091e4776fbe	chr18	37308380	45686497	3	2	1
133639c8-d39f-4431-b478-8091e4776fbe	chr18	45686567	64222630	2	1	1
133639c8-d39f-4431-b478-8091e4776fbe	chr18	64224441	80257174	3	2	1
133639c8-d39f-4431-b478-8091e4776fbe	chr19	90910	17660204	2	1	1
133639c8-d39f-4431-b478-8091e4776fbe	chr19	17660393	17684551	1	1	0
133639c8-d39f-4431-b478-8091e4776fbe	chr19	17684606	58586487	2	1	1
133639c8-d39f-4431-b478-8091e4776fbe	chr20	80664	15700448	3	2	1
133639c8-d39f-4431-b478-8091e4776fbe	chr20	15700795	15718624	5	3	2
133639c8-d39f-4431-b478-8091e4776fbe	chr20	15719244	64324800	3	2	1
133639c8-d39f-4431-b478-8091e4776fbe	chr21	12973348	46677045	1	1	0
133639c8-d39f-4431-b478-8091e4776fbe	chr22	16392123	31539653	1	1	0
133639c8-d39f-4431-b478-8091e4776fbe	chr22	31540114	32179162	2	1	1
133639c8-d39f-4431-b478-8091e4776fbe	chr22	32179227	32189600	1	1	0
133639c8-d39f-4431-b478-8091e4776fbe	chr22	32192365	45483103	2	1	1
133639c8-d39f-4431-b478-8091e4776fbe	chr22	45483190	45486720	1	1	0
133639c8-d39f-4431-b478-8091e4776fbe	chr22	45488606	50796027	2	1	1
133639c8-d39f-4431-b478-8091e4776fbe	chrX	251810	38395543	2	1	1
133639c8-d39f-4431-b478-8091e4776fbe	chrX	38395567	38493662	3	2	1
133639c8-d39f-4431-b478-8091e4776fbe	chrX	38494149	140773810	2	1	1
133639c8-d39f-4431-b478-8091e4776fbe	chrX	140776978	146794296	3	2	1
133639c8-d39f-4431-b478-8091e4776fbe	chrX	146795654	156004181	2	1	1
133639c8-d39f-4431-b478-8091e4776fbe	chrY	2782397	26653788	0	0	0
133639c8-d39f-4431-b478-8091e4776fbe	chrY	56872112	56872112	14	14	0
f81a2b3c-372a-4bd9-91d0-231fe860a9f2	chr1	62920	31161566	1	1	0
f81a2b3c-372a-4bd9-91d0-231fe860a9f2	chr1	31163610	66412262	2	1	1
f81a2b3c-372a-4bd9-91d0-231fe860a9f2	chr1	66413586	72303233	2	2	0
f81a2b3c-372a-4bd9-91d0-231fe860a9f2	chr1	72303253	72345465	47	47	0
f81a2b3c-372a-4bd9-91d0-231fe860a9f2	chr1	72346221	74725098	2	2	0
f81a2b3c-372a-4bd9-91d0-231fe860a9f2	chr1	74727351	184781901	2	1	1
f81a2b3c-372a-4bd9-91d0-231fe860a9f2	chr1	184786047	186749713	2	2	0
f81a2b3c-372a-4bd9-91d0-231fe860a9f2	chr1	186750337	196873141	2	1	1
f81a2b3c-372a-4bd9-91d0-231fe860a9f2	chr1	196874041	197063913	3	2	1
f81a2b3c-372a-4bd9-91d0-231fe860a9f2	chr1	197066408	212867587	2	1	1
f81a2b3c-372a-4bd9-91d0-231fe860a9f2	chr1	212867683	212920308	0	0	0
f81a2b3c-372a-4bd9-91d0-231fe860a9f2	chr1	212921215	248930189	2	1	1
f81a2b3c-372a-4bd9-91d0-231fe860a9f2	chr2	12784	31023383	2	1	1
f81a2b3c-372a-4bd9-91d0-231fe860a9f2	chr2	31024619	31029795	0	0	0
f81a2b3c-372a-4bd9-91d0-231fe860a9f2	chr2	31031886	52527330	2	1	1
f81a2b3c-372a-4bd9-91d0-231fe860a9f2	chr2	52527342	52554404	0	0	0
f81a2b3c-372a-4bd9-91d0-231fe860a9f2	chr2	52560811	88486248	2	1	1
f81a2b3c-372a-4bd9-91d0-231fe860a9f2	chr2	88487994	120128210	3	2	1
f81a2b3c-372a-4bd9-91d0-231fe860a9f2	chr2	120129121	120195904	0	0	0
f81a2b3c-372a-4bd9-91d0-231fe860a9f2	chr2	120201648	126391562	3	2	1
f81a2b3c-372a-4bd9-91d0-231fe860a9f2	chr2	126394657	242147305	2	1	1
f81a2b3c-372a-4bd9-91d0-231fe860a9f2	chr3	20930	73285269	1	1	0
f81a2b3c-372a-4bd9-91d0-231fe860a9f2	chr3	73285928	73295630	0	0	0
f81a2b3c-372a-4bd9-91d0-231fe860a9f2	chr3	73296012	76407423	2	1	1
f81a2b3c-372a-4bd9-91d0-231fe860a9f2	chr3	76409910	79682023	3	2	1
f81a2b3c-372a-4bd9-91d0-231fe860a9f2	chr3	79683017	130057833	2	1	1
f81a2b3c-372a-4bd9-91d0-231fe860a9f2	chr3	130062033	130087393	0	0	0
f81a2b3c-372a-4bd9-91d0-231fe860a9f2	chr3	130088081	159151236	2	1	1
f81a2b3c-372a-4bd9-91d0-231fe860a9f2	chr3	159151317	198169247	3	2	1
f81a2b3c-372a-4bd9-91d0-231fe860a9f2	chr4	68929	44056130	1	1	0
f81a2b3c-372a-4bd9-91d0-231fe860a9f2	chr4	44056262	78581366	2	1	1
f81a2b3c-372a-4bd9-91d0-231fe860a9f2	chr4	78581415	78589819	0	0	0
f81a2b3c-372a-4bd9-91d0-231fe860a9f2	chr4	78590946	190106768	2	1	1
f81a2b3c-372a-4bd9-91d0-231fe860a9f2	chr5	15532	9982419	2	1	1
f81a2b3c-372a-4bd9-91d0-231fe860a9f2	chr5	9982854	9990669	0	0	0
f81a2b3c-372a-4bd9-91d0-231fe860a9f2	chr5	9997086	17704165	2	1	1
f81a2b3c-372a-4bd9-91d0-231fe860a9f2	chr5	17707066	17814353	0	0	0
f81a2b3c-372a-4bd9-91d0-231fe860a9f2	chr5	17815493	54736999	2	1	1
f81a2b3c-372a-4bd9-91d0-231fe860a9f2	chr5	54737454	54752190	5	4	1
f81a2b3c-372a-4bd9-91d0-231fe860a9f2	chr5	54753025	153739869	1	1	0
f81a2b3c-372a-4bd9-91d0-231fe860a9f2	chr5	153740488	153743928	0	0	0
f81a2b3c-372a-4bd9-91d0-231fe860a9f2	chr5	153752746	181363319	1	1	0
f81a2b3c-372a-4bd9-91d0-231fe860a9f2	chr6	149661	3213817	2	1	1
f81a2b3c-372a-4bd9-91d0-231fe860a9f2	chr6	3217588	3271960	6	3	3
f81a2b3c-372a-4bd9-91d0-231fe860a9f2	chr6	3272573	38995783	2	1	1
f81a2b3c-372a-4bd9-91d0-231fe860a9f2	chr6	38995903	39908672	3	2	1
f81a2b3c-372a-4bd9-91d0-231fe860a9f2	chr6	39908743	40702977	2	1	1
f81a2b3c-372a-4bd9-91d0-231fe860a9f2	chr6	40704787	41277698	2	2	0
f81a2b3c-372a-4bd9-91d0-231fe860a9f2	chr6	41278735	73819926	2	1	1
f81a2b3c-372a-4bd9-91d0-231fe860a9f2	chr6	73820613	76719978	1	1	0
f81a2b3c-372a-4bd9-91d0-231fe860a9f2	chr6	76720013	76743040	0	0	0
f81a2b3c-372a-4bd9-91d0-231fe860a9f2	chr6	76743087	103286954	1	1	0
f81a2b3c-372a-4bd9-91d0-231fe860a9f2	chr6	103290101	103323069	0	0	0
f81a2b3c-372a-4bd9-91d0-231fe860a9f2	chr6	103326915	170741917	1	1	0
f81a2b3c-372a-4bd9-91d0-231fe860a9f2	chr7	43259	134100981	2	1	1
f81a2b3c-372a-4bd9-91d0-231fe860a9f2	chr7	134100986	134114444	0	0	0
f81a2b3c-372a-4bd9-91d0-231fe860a9f2	chr7	134121491	159334314	2	1	1
f81a2b3c-372a-4bd9-91d0-231fe860a9f2	chr8	81254	39373140	1	1	0
f81a2b3c-372a-4bd9-91d0-231fe860a9f2	chr8	39378084	39531260	0	0	0
f81a2b3c-372a-4bd9-91d0-231fe860a9f2	chr8	39531496	46575802	1	1	0
f81a2b3c-372a-4bd9-91d0-231fe860a9f2	chr8	46577641	62098251	2	1	1
f81a2b3c-372a-4bd9-91d0-231fe860a9f2	chr8	62098402	62102627	11	6	5
f81a2b3c-372a-4bd9-91d0-231fe860a9f2	chr8	62103634	83069427	2	1	1
f81a2b3c-372a-4bd9-91d0-231fe860a9f2	chr8	83072390	83708373	2	2	0
f81a2b3c-372a-4bd9-91d0-231fe860a9f2	chr8	83708497	143520527	2	1	1
f81a2b3c-372a-4bd9-91d0-231fe860a9f2	chr8	143524975	143601631	0	0	0
f81a2b3c-372a-4bd9-91d0-231fe860a9f2	chr8	143601764	145072769	2	1	1
f81a2b3c-372a-4bd9-91d0-231fe860a9f2	chr9	46587	7120491	1	1	0
f81a2b3c-372a-4bd9-91d0-231fe860a9f2	chr9	7121029	7163938	3	2	1
f81a2b3c-372a-4bd9-91d0-231fe860a9f2	chr9	7164039	83287003	1	1	0
f81a2b3c-372a-4bd9-91d0-231fe860a9f2	chr9	83288468	83293553	0	0	0
f81a2b3c-372a-4bd9-91d0-231fe860a9f2	chr9	83295597	138200944	1	1	0
f81a2b3c-372a-4bd9-91d0-231fe860a9f2	chr10	45792	3821172	2	1	1
f81a2b3c-372a-4bd9-91d0-231fe860a9f2	chr10	3825592	15464484	2	2	0
f81a2b3c-372a-4bd9-91d0-231fe860a9f2	chr10	15464938	44564457	2	1	1
f81a2b3c-372a-4bd9-91d0-231fe860a9f2	chr10	44564856	44579410	5	3	2
f81a2b3c-372a-4bd9-91d0-231fe860a9f2	chr10	44582663	95105336	2	1	1
f81a2b3c-372a-4bd9-91d0-231fe860a9f2	chr10	95105427	95109349	22	22	0
f81a2b3c-372a-4bd9-91d0-231fe860a9f2	chr10	95109949	133654968	3	2	1
f81a2b3c-372a-4bd9-91d0-231fe860a9f2	chr11	198510	43992862	2	1	1
f81a2b3c-372a-4bd9-91d0-231fe860a9f2	chr11	43992981	44091423	4	2	2
f81a2b3c-372a-4bd9-91d0-231fe860a9f2	chr11	44093828	69997781	2	1	1
f81a2b3c-372a-4bd9-91d0-231fe860a9f2	chr11	69997924	70003258	0	0	0
f81a2b3c-372a-4bd9-91d0-231fe860a9f2	chr11	70003328	135074876	2	1	1
f81a2b3c-372a-4bd9-91d0-231fe860a9f2	chr12	51460	126670855	2	1	1
f81a2b3c-372a-4bd9-91d0-231fe860a9f2	chr12	126673131	126801353	4	2	2
f81a2b3c-372a-4bd9-91d0-231fe860a9f2	chr12	126802003	128755180	1	1	0
f81a2b3c-372a-4bd9-91d0-231fe860a9f2	chr12	128758279	129031765	4	3	1
f81a2b3c-372a-4bd9-91d0-231fe860a9f2	chr12	129032116	132430955	2	1	1
f81a2b3c-372a-4bd9-91d0-231fe860a9f2	chr12	132431226	133201603	1	1	0
f81a2b3c-372a-4bd9-91d0-231fe860a9f2	chr13	18452809	28983083	1	1	0
f81a2b3c-372a-4bd9-91d0-231fe860a9f2	chr13	28986009	52945557	2	1	1
f81a2b3c-372a-4bd9-91d0-231fe860a9f2	chr13	52947200	53863458	3	2	1
f81a2b3c-372a-4bd9-91d0-231fe860a9f2	chr13	53863635	53894467	0	0	0
f81a2b3c-372a-4bd9-91d0-231fe860a9f2	chr13	53896972	59262430	2	1	1
f81a2b3c-372a-4bd9-91d0-231fe860a9f2	chr13	59262768	59273122	8	4	4
f81a2b3c-372a-4bd9-91d0-231fe860a9f2	chr13	59273673	63993601	2	1	1
f81a2b3c-372a-4bd9-91d0-231fe860a9f2	chr13	63993932	64025043	0	0	0
f81a2b3c-372a-4bd9-91d0-231fe860a9f2	chr13	64025237	70558492	2	1	1
f81a2b3c-372a-4bd9-91d0-231fe860a9f2	chr13	70558673	70564932	0	0	0
f81a2b3c-372a-4bd9-91d0-231fe860a9f2	chr13	70568082	85747377	2	1	1
f81a2b3c-372a-4bd9-91d0-231fe860a9f2	chr13	85752817	85763351	0	0	0
f81a2b3c-372a-4bd9-91d0-231fe860a9f2	chr13	85763582	114342922	2	1	1
f81a2b3c-372a-4bd9-91d0-231fe860a9f2	chr14	18239283	22012710	2	1	1
f81a2b3c-372a-4bd9-91d0-231fe860a9f2	chr14	22013212	22501272	0	0	0
f81a2b3c-372a-4bd9-91d0-231fe860a9f2	chr14	22501343	46187834	2	1	1
f81a2b3c-372a-4bd9-91d0-231fe860a9f2	chr14	46188333	56290025	2	2	0
f81a2b3c-372a-4bd9-91d0-231fe860a9f2	chr14	56295047	106877229	2	1	1
f81a2b3c-372a-4bd9-91d0-231fe860a9f2	chr15	19811075	29118375	2	1	1
f81a2b3c-372a-4bd9-91d0-231fe860a9f2	chr15	29118459	45223505	1	1	0
f81a2b3c-372a-4bd9-91d0-231fe860a9f2	chr15	45224975	45237451	0	0	0
f81a2b3c-372a-4bd9-91d0-231fe860a9f2	chr15	45237569	52874343	1	1	0
f81a2b3c-372a-4bd9-91d0-231fe860a9f2	chr15	52874476	53412923	2	2	0
f81a2b3c-372a-4bd9-91d0-231fe860a9f2	chr15	53413137	66047011	1	1	0
f81a2b3c-372a-4bd9-91d0-231fe860a9f2	chr15	66047062	67131220	2	2	0
f81a2b3c-372a-4bd9-91d0-231fe860a9f2	chr15	67133118	101928837	2	1	1
f81a2b3c-372a-4bd9-91d0-231fe860a9f2	chr16	10777	57280560	2	1	1
f81a2b3c-372a-4bd9-91d0-231fe860a9f2	chr16	57280738	57512218	1	1	0
f81a2b3c-372a-4bd9-91d0-231fe860a9f2	chr16	57512234	65888893	3	2	1
f81a2b3c-372a-4bd9-91d0-231fe860a9f2	chr16	65889031	87654962	2	1	1
f81a2b3c-372a-4bd9-91d0-231fe860a9f2	chr16	87655730	90096867	1	1	0
f81a2b3c-372a-4bd9-91d0-231fe860a9f2	chr17	150733	33130907	1	1	0
f81a2b3c-372a-4bd9-91d0-231fe860a9f2	chr17	33131952	33139614	6	4	2
f81a2b3c-372a-4bd9-91d0-231fe860a9f2	chr17	33139749	36134487	1	1	0
f81a2b3c-372a-4bd9-91d0-231fe860a9f2	chr17	36134521	45040809	2	1	1
f81a2b3c-372a-4bd9-91d0-231fe860a9f2	chr17	45043709	45106052	1	1	0
f81a2b3c-372a-4bd9-91d0-231fe860a9f2	chr17	45108452	70929467	2	1	1
f81a2b3c-372a-4bd9-91d0-231fe860a9f2	chr17	70931578	71290759	4	2	2
f81a2b3c-372a-4bd9-91d0-231fe860a9f2	chr17	71291220	83091923	2	1	1
f81a2b3c-372a-4bd9-91d0-231fe860a9f2	chr18	48133	15402409	1	1	0
f81a2b3c-372a-4bd9-91d0-231fe860a9f2	chr18	20949392	25143116	3	2	1
f81a2b3c-372a-4bd9-91d0-231fe860a9f2	chr18	25145134	80257174	1	1	0
f81a2b3c-372a-4bd9-91d0-231fe860a9f2	chr19	90910	1423673	0	0	0
f81a2b3c-372a-4bd9-91d0-231fe860a9f2	chr19	1425809	20363846	1	1	0
f81a2b3c-372a-4bd9-91d0-231fe860a9f2	chr19	20364376	20555515	0	0	0
f81a2b3c-372a-4bd9-91d0-231fe860a9f2	chr19	20557440	34854971	2	1	1
f81a2b3c-372a-4bd9-91d0-231fe860a9f2	chr19	34866434	41801881	1	1	0
f81a2b3c-372a-4bd9-91d0-231fe860a9f2	chr19	41802111	41809790	7	4	3
f81a2b3c-372a-4bd9-91d0-231fe860a9f2	chr19	41812198	58586487	2	1	1
f81a2b3c-372a-4bd9-91d0-231fe860a9f2	chr20	80664	14836441	3	2	1
f81a2b3c-372a-4bd9-91d0-231fe860a9f2	chr20	14836523	15064440	1	1	0
f81a2b3c-372a-4bd9-91d0-231fe860a9f2	chr20	15064569	64324800	3	2	1
f81a2b3c-372a-4bd9-91d0-231fe860a9f2	chr21	12973348	23180875	2	1	1
f81a2b3c-372a-4bd9-91d0-231fe860a9f2	chr21	23181224	46677045	1	1	0
f81a2b3c-372a-4bd9-91d0-231fe860a9f2	chr22	16392123	50796027	2	1	1
f81a2b3c-372a-4bd9-91d0-231fe860a9f2	chrX	251810	786390	1	1	0
f81a2b3c-372a-4bd9-91d0-231fe860a9f2	chrX	809468	959750	0	0	0
f81a2b3c-372a-4bd9-91d0-231fe860a9f2	chrX	960081	1882751	2	1	1
f81a2b3c-372a-4bd9-91d0-231fe860a9f2	chrX	1892047	2446094	0	0	0
f81a2b3c-372a-4bd9-91d0-231fe860a9f2	chrX	2450101	2467531	4	2	2
f81a2b3c-372a-4bd9-91d0-231fe860a9f2	chrX	2467555	2821586	1	1	0
f81a2b3c-372a-4bd9-91d0-231fe860a9f2	chrX	2822496	155734393	0	0	0
f81a2b3c-372a-4bd9-91d0-231fe860a9f2	chrX	155734427	156004181	1	1	0
f81a2b3c-372a-4bd9-91d0-231fe860a9f2	chrY	2782397	56872112	0	0	0
f81a2b3c-372a-4bd9-91d0-231fe860a9f2	chr1	61735	21833764	1	1	0
f81a2b3c-372a-4bd9-91d0-231fe860a9f2	chr1	21837671	22278530	2	2	0
f81a2b3c-372a-4bd9-91d0-231fe860a9f2	chr1	22281903	31177972	1	1	0
f81a2b3c-372a-4bd9-91d0-231fe860a9f2	chr1	31181141	66392050	2	1	1
f81a2b3c-372a-4bd9-91d0-231fe860a9f2	chr1	66392232	74823099	2	2	0
f81a2b3c-372a-4bd9-91d0-231fe860a9f2	chr1	74827333	248930189	2	1	1
f81a2b3c-372a-4bd9-91d0-231fe860a9f2	chr2	12784	242147305	2	1	1
f81a2b3c-372a-4bd9-91d0-231fe860a9f2	chr3	18667	76035469	1	1	0
f81a2b3c-372a-4bd9-91d0-231fe860a9f2	chr3	76035489	143592003	2	1	1
f81a2b3c-372a-4bd9-91d0-231fe860a9f2	chr3	143592171	147262992	3	2	1
f81a2b3c-372a-4bd9-91d0-231fe860a9f2	chr3	147265275	159372014	2	1	1
f81a2b3c-372a-4bd9-91d0-231fe860a9f2	chr3	159373185	187495160	3	2	1
f81a2b3c-372a-4bd9-91d0-231fe860a9f2	chr3	187498370	193661727	4	2	2
f81a2b3c-372a-4bd9-91d0-231fe860a9f2	chr3	193662638	198169247	3	2	1
f81a2b3c-372a-4bd9-91d0-231fe860a9f2	chr4	12281	27542026	1	1	0
f81a2b3c-372a-4bd9-91d0-231fe860a9f2	chr4	27542764	37777978	2	1	1
f81a2b3c-372a-4bd9-91d0-231fe860a9f2	chr4	37778254	43980110	1	1	0
f81a2b3c-372a-4bd9-91d0-231fe860a9f2	chr4	43980513	93692311	2	1	1
f81a2b3c-372a-4bd9-91d0-231fe860a9f2	chr4	93692749	96253401	1	1	0
f81a2b3c-372a-4bd9-91d0-231fe860a9f2	chr4	96254082	190106768	2	1	1
f81a2b3c-372a-4bd9-91d0-231fe860a9f2	chr5	15532	17195863	2	1	1
f81a2b3c-372a-4bd9-91d0-231fe860a9f2	chr5	17196431	30077765	3	2	1
f81a2b3c-372a-4bd9-91d0-231fe860a9f2	chr5	30079348	50268794	2	1	1
f81a2b3c-372a-4bd9-91d0-231fe860a9f2	chr5	50268964	83567909	1	1	0
f81a2b3c-372a-4bd9-91d0-231fe860a9f2	chr5	83574657	97618126	2	1	1
f81a2b3c-372a-4bd9-91d0-231fe860a9f2	chr5	97618799	101758847	2	2	0
f81a2b3c-372a-4bd9-91d0-231fe860a9f2	chr5	101758901	181363319	1	1	0
f81a2b3c-372a-4bd9-91d0-231fe860a9f2	chr6	149661	45619481	2	1	1
f81a2b3c-372a-4bd9-91d0-231fe860a9f2	chr6	45619857	50648921	3	2	1
f81a2b3c-372a-4bd9-91d0-231fe860a9f2	chr6	50650577	78602306	2	1	1
f81a2b3c-372a-4bd9-91d0-231fe860a9f2	chr6	78602944	170741917	1	1	0
f81a2b3c-372a-4bd9-91d0-231fe860a9f2	chr7	43259	159334314	2	1	1
f81a2b3c-372a-4bd9-91d0-231fe860a9f2	chr8	81254	43203158	1	1	0
f81a2b3c-372a-4bd9-91d0-231fe860a9f2	chr8	43206802	52949407	3	2	1
f81a2b3c-372a-4bd9-91d0-231fe860a9f2	chr8	52955221	61644967	2	1	1
f81a2b3c-372a-4bd9-91d0-231fe860a9f2	chr8	61645590	69707640	3	2	1
f81a2b3c-372a-4bd9-91d0-231fe860a9f2	chr8	69709150	82475632	2	1	1
f81a2b3c-372a-4bd9-91d0-231fe860a9f2	chr8	82476438	89131841	3	2	1
f81a2b3c-372a-4bd9-91d0-231fe860a9f2	chr8	89132265	106071589	2	1	1
f81a2b3c-372a-4bd9-91d0-231fe860a9f2	chr8	106076708	121163586	3	2	1
f81a2b3c-372a-4bd9-91d0-231fe860a9f2	chr8	121163694	145072769	2	1	1
f81a2b3c-372a-4bd9-91d0-231fe860a9f2	chr9	46587	1337971	2	1	1
f81a2b3c-372a-4bd9-91d0-231fe860a9f2	chr9	1341674	22082341	1	1	0
f81a2b3c-372a-4bd9-91d0-231fe860a9f2	chr9	22082381	26529419	2	1	1
f81a2b3c-372a-4bd9-91d0-231fe860a9f2	chr9	26530983	138200944	1	1	0
f81a2b3c-372a-4bd9-91d0-231fe860a9f2	chr10	26823	3875410	2	1	1
f81a2b3c-372a-4bd9-91d0-231fe860a9f2	chr10	3875501	15428568	2	2	0
f81a2b3c-372a-4bd9-91d0-231fe860a9f2	chr10	15432551	133769379	2	1	1
f81a2b3c-372a-4bd9-91d0-231fe860a9f2	chr11	198572	135074876	2	1	1
f81a2b3c-372a-4bd9-91d0-231fe860a9f2	chr12	51460	13616791	2	1	1
f81a2b3c-372a-4bd9-91d0-231fe860a9f2	chr12	13617009	18617643	3	2	1
f81a2b3c-372a-4bd9-91d0-231fe860a9f2	chr12	18617701	126839363	2	1	1
f81a2b3c-372a-4bd9-91d0-231fe860a9f2	chr12	126839476	128514041	1	1	0
f81a2b3c-372a-4bd9-91d0-231fe860a9f2	chr12	128514090	129011648	4	3	1
f81a2b3c-372a-4bd9-91d0-231fe860a9f2	chr12	129014632	133201603	2	1	1
f81a2b3c-372a-4bd9-91d0-231fe860a9f2	chr13	18452809	27663186	1	1	0
f81a2b3c-372a-4bd9-91d0-231fe860a9f2	chr13	27663764	114342922	2	1	1
f81a2b3c-372a-4bd9-91d0-231fe860a9f2	chr14	18225647	45949682	2	1	1
f81a2b3c-372a-4bd9-91d0-231fe860a9f2	chr14	45949739	56304435	2	2	0
f81a2b3c-372a-4bd9-91d0-231fe860a9f2	chr14	56304489	78294141	2	1	1
f81a2b3c-372a-4bd9-91d0-231fe860a9f2	chr14	78294172	87920050	3	2	1
f81a2b3c-372a-4bd9-91d0-231fe860a9f2	chr14	87920886	106877229	2	1	1
f81a2b3c-372a-4bd9-91d0-231fe860a9f2	chr15	19811075	26763576	2	1	1
f81a2b3c-372a-4bd9-91d0-231fe860a9f2	chr15	26766385	66719642	1	1	0
f81a2b3c-372a-4bd9-91d0-231fe860a9f2	chr15	66720867	94823233	2	1	1
f81a2b3c-372a-4bd9-91d0-231fe860a9f2	chr15	94823569	98390781	3	2	1
f81a2b3c-372a-4bd9-91d0-231fe860a9f2	chr15	98391687	101928837	2	1	1
f81a2b3c-372a-4bd9-91d0-231fe860a9f2	chr16	10777	90221127	2	1	1
f81a2b3c-372a-4bd9-91d0-231fe860a9f2	chr17	150733	36624787	1	1	0
f81a2b3c-372a-4bd9-91d0-231fe860a9f2	chr17	36626278	83090856	2	1	1
f81a2b3c-372a-4bd9-91d0-231fe860a9f2	chr18	48133	15402409	1	1	0
f81a2b3c-372a-4bd9-91d0-231fe860a9f2	chr18	20949392	25159965	3	2	1
f81a2b3c-372a-4bd9-91d0-231fe860a9f2	chr18	25160190	80257174	1	1	0
f81a2b3c-372a-4bd9-91d0-231fe860a9f2	chr19	90910	21939580	1	1	0
f81a2b3c-372a-4bd9-91d0-231fe860a9f2	chr19	21946485	28777436	2	1	1
f81a2b3c-372a-4bd9-91d0-231fe860a9f2	chr19	28778774	48842879	1	1	0
f81a2b3c-372a-4bd9-91d0-231fe860a9f2	chr19	48843103	58586487	2	1	1
f81a2b3c-372a-4bd9-91d0-231fe860a9f2	chr20	80664	64324800	3	2	1
f81a2b3c-372a-4bd9-91d0-231fe860a9f2	chr21	10336543	46677045	1	1	0
f81a2b3c-372a-4bd9-91d0-231fe860a9f2	chr22	15294545	50796027	2	1	1
f81a2b3c-372a-4bd9-91d0-231fe860a9f2	chrX	251810	2701613	1	1	0
f81a2b3c-372a-4bd9-91d0-231fe860a9f2	chrX	2703417	2776199	2	2	0
f81a2b3c-372a-4bd9-91d0-231fe860a9f2	chrX	2785350	7315220	1	1	0
f81a2b3c-372a-4bd9-91d0-231fe860a9f2	chrX	7318094	7653043	3	3	0
f81a2b3c-372a-4bd9-91d0-231fe860a9f2	chrX	7654695	155699647	1	1	0
f81a2b3c-372a-4bd9-91d0-231fe860a9f2	chrX	155699837	156004181	2	2	0
fcf718b5-834b-4624-9980-105f7ebc9f1b	chr1	62920	75243991	2	1	1
fcf718b5-834b-4624-9980-105f7ebc9f1b	chr1	75244224	75248869	0	0	0
fcf718b5-834b-4624-9980-105f7ebc9f1b	chr1	75249570	99120887	2	1	1
fcf718b5-834b-4624-9980-105f7ebc9f1b	chr1	99120960	99136011	6	3	3
fcf718b5-834b-4624-9980-105f7ebc9f1b	chr1	99136053	103847893	1	1	0
fcf718b5-834b-4624-9980-105f7ebc9f1b	chr1	103850735	195946353	2	1	1
fcf718b5-834b-4624-9980-105f7ebc9f1b	chr1	195946450	195958262	0	0	0
fcf718b5-834b-4624-9980-105f7ebc9f1b	chr1	195958481	248930189	2	1	1
fcf718b5-834b-4624-9980-105f7ebc9f1b	chr2	12784	111886554	2	1	1
fcf718b5-834b-4624-9980-105f7ebc9f1b	chr2	111891895	111976450	0	0	0
fcf718b5-834b-4624-9980-105f7ebc9f1b	chr2	111983716	154080967	2	1	1
fcf718b5-834b-4624-9980-105f7ebc9f1b	chr2	154081195	154098314	4	2	2
fcf718b5-834b-4624-9980-105f7ebc9f1b	chr2	154098421	167903484	2	1	1
fcf718b5-834b-4624-9980-105f7ebc9f1b	chr2	167903938	168845941	1	1	0
fcf718b5-834b-4624-9980-105f7ebc9f1b	chr2	168846419	168854721	4	2	2
fcf718b5-834b-4624-9980-105f7ebc9f1b	chr2	168856841	205548808	2	1	1
fcf718b5-834b-4624-9980-105f7ebc9f1b	chr2	205551015	205570085	3	2	1
fcf718b5-834b-4624-9980-105f7ebc9f1b	chr2	205573312	242147305	2	1	1
fcf718b5-834b-4624-9980-105f7ebc9f1b	chr3	20930	59486914	2	1	1
fcf718b5-834b-4624-9980-105f7ebc9f1b	chr3	59488689	59506975	3	2	1
fcf718b5-834b-4624-9980-105f7ebc9f1b	chr3	59507323	156382755	2	1	1
fcf718b5-834b-4624-9980-105f7ebc9f1b	chr3	156387295	156393585	5	3	2
fcf718b5-834b-4624-9980-105f7ebc9f1b	chr3	156393844	198169247	2	1	1
fcf718b5-834b-4624-9980-105f7ebc9f1b	chr4	68929	35491097	2	1	1
fcf718b5-834b-4624-9980-105f7ebc9f1b	chr4	35492523	35497420	0	0	0
fcf718b5-834b-4624-9980-105f7ebc9f1b	chr4	35498338	54635561	2	1	1
fcf718b5-834b-4624-9980-105f7ebc9f1b	chr4	54635754	54660796	4	2	2
fcf718b5-834b-4624-9980-105f7ebc9f1b	chr4	54660899	68548225	2	1	1
fcf718b5-834b-4624-9980-105f7ebc9f1b	chr4	68554305	68623617	7	7	0
fcf718b5-834b-4624-9980-105f7ebc9f1b	chr4	68639397	190106768	2	1	1
fcf718b5-834b-4624-9980-105f7ebc9f1b	chr5	15532	34708820	2	1	1
fcf718b5-834b-4624-9980-105f7ebc9f1b	chr5	34709176	34737898	5	3	2
fcf718b5-834b-4624-9980-105f7ebc9f1b	chr5	34738652	50146124	2	1	1
fcf718b5-834b-4624-9980-105f7ebc9f1b	chr5	50151472	83604631	1	1	0
fcf718b5-834b-4624-9980-105f7ebc9f1b	chr5	83605102	83615929	3	2	1
fcf718b5-834b-4624-9980-105f7ebc9f1b	chr5	83616088	92570964	1	1	0
fcf718b5-834b-4624-9980-105f7ebc9f1b	chr5	92573465	163539716	2	1	1
fcf718b5-834b-4624-9980-105f7ebc9f1b	chr5	163539781	163551277	6	3	3
fcf718b5-834b-4624-9980-105f7ebc9f1b	chr5	163552205	181363319	2	1	1
fcf718b5-834b-4624-9980-105f7ebc9f1b	chr6	149661	61115204	2	1	1
fcf718b5-834b-4624-9980-105f7ebc9f1b	chr6	61496363	77541488	1	1	0
fcf718b5-834b-4624-9980-105f7ebc9f1b	chr6	77543964	77559164	2	2	0
fcf718b5-834b-4624-9980-105f7ebc9f1b	chr6	77559199	170741917	1	1	0
fcf718b5-834b-4624-9980-105f7ebc9f1b	chr7	43259	18779052	2	1	1
fcf718b5-834b-4624-9980-105f7ebc9f1b	chr7	18779183	18791965	4	2	2
fcf718b5-834b-4624-9980-105f7ebc9f1b	chr7	18792135	35358012	2	1	1
fcf718b5-834b-4624-9980-105f7ebc9f1b	chr7	35358037	35366118	0	0	0
fcf718b5-834b-4624-9980-105f7ebc9f1b	chr7	35367534	79861300	2	1	1
fcf718b5-834b-4624-9980-105f7ebc9f1b	chr7	79866662	91108393	3	2	1
fcf718b5-834b-4624-9980-105f7ebc9f1b	chr7	91108654	97062779	9	8	1
fcf718b5-834b-4624-9980-105f7ebc9f1b	chr7	97068175	102695668	6	5	1
fcf718b5-834b-4624-9980-105f7ebc9f1b	chr7	102695717	102927851	3	2	1
fcf718b5-834b-4624-9980-105f7ebc9f1b	chr7	102931266	154889200	1	1	0
fcf718b5-834b-4624-9980-105f7ebc9f1b	chr7	154889340	154895247	2	2	0
fcf718b5-834b-4624-9980-105f7ebc9f1b	chr7	154898158	159334314	1	1	0
fcf718b5-834b-4624-9980-105f7ebc9f1b	chr8	81254	2053507	2	1	1
fcf718b5-834b-4624-9980-105f7ebc9f1b	chr8	2053637	2092353	3	2	1
fcf718b5-834b-4624-9980-105f7ebc9f1b	chr8	2092470	2113215	1	1	0
fcf718b5-834b-4624-9980-105f7ebc9f1b	chr8	2113293	27907059	2	1	1
fcf718b5-834b-4624-9980-105f7ebc9f1b	chr8	27907477	27929707	4	2	2
fcf718b5-834b-4624-9980-105f7ebc9f1b	chr8	27929792	61232374	2	1	1
fcf718b5-834b-4624-9980-105f7ebc9f1b	chr8	61234299	61243168	4	3	1
fcf718b5-834b-4624-9980-105f7ebc9f1b	chr8	61243491	143580513	2	1	1
fcf718b5-834b-4624-9980-105f7ebc9f1b	chr8	143582129	143601764	0	0	0
fcf718b5-834b-4624-9980-105f7ebc9f1b	chr8	143604922	145072769	1	1	0
fcf718b5-834b-4624-9980-105f7ebc9f1b	chr9	46587	21721940	2	2	0
fcf718b5-834b-4624-9980-105f7ebc9f1b	chr9	21727209	22005395	0	0	0
fcf718b5-834b-4624-9980-105f7ebc9f1b	chr9	22009961	110937600	2	2	0
fcf718b5-834b-4624-9980-105f7ebc9f1b	chr9	110937947	110998479	0	0	0
fcf718b5-834b-4624-9980-105f7ebc9f1b	chr9	110998814	129994136	2	2	0
fcf718b5-834b-4624-9980-105f7ebc9f1b	chr9	129996068	130623327	0	0	0
fcf718b5-834b-4624-9980-105f7ebc9f1b	chr9	130623601	138200944	2	2	0
fcf718b5-834b-4624-9980-105f7ebc9f1b	chr10	45792	23570322	1	1	0
fcf718b5-834b-4624-9980-105f7ebc9f1b	chr10	23571145	23608569	0	0	0
fcf718b5-834b-4624-9980-105f7ebc9f1b	chr10	23608844	45761333	1	1	0
fcf718b5-834b-4624-9980-105f7ebc9f1b	chr10	45798061	46522571	4	3	1
fcf718b5-834b-4624-9980-105f7ebc9f1b	chr10	46525652	83845453	1	1	0
fcf718b5-834b-4624-9980-105f7ebc9f1b	chr10	83848984	83868083	0	0	0
fcf718b5-834b-4624-9980-105f7ebc9f1b	chr10	83872776	111439637	1	1	0
fcf718b5-834b-4624-9980-105f7ebc9f1b	chr10	111439932	111447018	0	0	0
fcf718b5-834b-4624-9980-105f7ebc9f1b	chr10	111447265	133654968	1	1	0
fcf718b5-834b-4624-9980-105f7ebc9f1b	chr11	198510	69725959	2	1	1
fcf718b5-834b-4624-9980-105f7ebc9f1b	chr11	69726222	69961088	3	2	1
fcf718b5-834b-4624-9980-105f7ebc9f1b	chr11	69967139	70000098	1	1	0
fcf718b5-834b-4624-9980-105f7ebc9f1b	chr11	70002038	70546349	2	1	1
fcf718b5-834b-4624-9980-105f7ebc9f1b	chr11	70547213	70553041	7	4	3
fcf718b5-834b-4624-9980-105f7ebc9f1b	chr11	70553754	93480154	2	1	1
fcf718b5-834b-4624-9980-105f7ebc9f1b	chr11	93480178	93494913	1	1	0
fcf718b5-834b-4624-9980-105f7ebc9f1b	chr11	93502582	135074876	2	1	1
fcf718b5-834b-4624-9980-105f7ebc9f1b	chr12	51460	34219799	2	1	1
fcf718b5-834b-4624-9980-105f7ebc9f1b	chr12	34222685	34317439	2	2	0
fcf718b5-834b-4624-9980-105f7ebc9f1b	chr12	34321138	34701563	3	2	1
fcf718b5-834b-4624-9980-105f7ebc9f1b	chr12	37463949	105952954	1	1	0
fcf718b5-834b-4624-9980-105f7ebc9f1b	chr12	105953338	105955186	0	0	0
fcf718b5-834b-4624-9980-105f7ebc9f1b	chr12	105955482	126694704	1	1	0
fcf718b5-834b-4624-9980-105f7ebc9f1b	chr12	126694898	126723513	3	2	1
fcf718b5-834b-4624-9980-105f7ebc9f1b	chr12	126724450	133201603	1	1	0
fcf718b5-834b-4624-9980-105f7ebc9f1b	chr13	18452809	19021274	2	1	1
fcf718b5-834b-4624-9980-105f7ebc9f1b	chr13	19022192	19030298	8	4	4
fcf718b5-834b-4624-9980-105f7ebc9f1b	chr13	19030345	63985364	2	1	1
fcf718b5-834b-4624-9980-105f7ebc9f1b	chr13	63985816	64020622	1	1	0
fcf718b5-834b-4624-9980-105f7ebc9f1b	chr13	64020682	70558492	2	1	1
fcf718b5-834b-4624-9980-105f7ebc9f1b	chr13	70558673	70564932	0	0	0
fcf718b5-834b-4624-9980-105f7ebc9f1b	chr13	70568082	78945513	2	1	1
fcf718b5-834b-4624-9980-105f7ebc9f1b	chr13	78947721	79061148	1	1	0
fcf718b5-834b-4624-9980-105f7ebc9f1b	chr13	79062447	114342922	2	1	1
fcf718b5-834b-4624-9980-105f7ebc9f1b	chr14	18239283	56659654	2	1	1
fcf718b5-834b-4624-9980-105f7ebc9f1b	chr14	56660011	56677232	6	3	3
fcf718b5-834b-4624-9980-105f7ebc9f1b	chr14	56677522	105520403	2	1	1
fcf718b5-834b-4624-9980-105f7ebc9f1b	chr14	105521701	106462169	5	5	0
fcf718b5-834b-4624-9980-105f7ebc9f1b	chr14	106462183	106877229	2	1	1
fcf718b5-834b-4624-9980-105f7ebc9f1b	chr15	19811075	24424598	1	1	0
fcf718b5-834b-4624-9980-105f7ebc9f1b	chr15	24429604	24515594	0	0	0
fcf718b5-834b-4624-9980-105f7ebc9f1b	chr15	24516042	24847119	1	1	0
fcf718b5-834b-4624-9980-105f7ebc9f1b	chr15	24849954	25081548	2	2	0
fcf718b5-834b-4624-9980-105f7ebc9f1b	chr15	25081683	27592226	1	1	0
fcf718b5-834b-4624-9980-105f7ebc9f1b	chr15	27592568	27621050	2	2	0
fcf718b5-834b-4624-9980-105f7ebc9f1b	chr15	27621352	45223505	1	1	0
fcf718b5-834b-4624-9980-105f7ebc9f1b	chr15	45224975	45237451	0	0	0
fcf718b5-834b-4624-9980-105f7ebc9f1b	chr15	45237569	101928837	1	1	0
fcf718b5-834b-4624-9980-105f7ebc9f1b	chr16	10777	78879218	2	1	1
fcf718b5-834b-4624-9980-105f7ebc9f1b	chr16	78879267	78896496	6	3	3
fcf718b5-834b-4624-9980-105f7ebc9f1b	chr16	78897123	90096867	2	1	1
fcf718b5-834b-4624-9980-105f7ebc9f1b	chr17	150733	26970127	1	1	0
fcf718b5-834b-4624-9980-105f7ebc9f1b	chr17	26970669	34701671	2	1	1
fcf718b5-834b-4624-9980-105f7ebc9f1b	chr17	34702551	34801374	3	2	1
fcf718b5-834b-4624-9980-105f7ebc9f1b	chr17	34801695	41265433	2	1	1
fcf718b5-834b-4624-9980-105f7ebc9f1b	chr17	41265456	41274279	0	0	0
fcf718b5-834b-4624-9980-105f7ebc9f1b	chr17	41276472	53851924	2	1	1
fcf718b5-834b-4624-9980-105f7ebc9f1b	chr17	53852496	79470107	1	1	0
fcf718b5-834b-4624-9980-105f7ebc9f1b	chr17	79471697	83091923	2	1	1
fcf718b5-834b-4624-9980-105f7ebc9f1b	chr18	48133	15402409	2	1	1
fcf718b5-834b-4624-9980-105f7ebc9f1b	chr18	20949392	24883575	3	2	1
fcf718b5-834b-4624-9980-105f7ebc9f1b	chr18	24887716	26265972	2	1	1
fcf718b5-834b-4624-9980-105f7ebc9f1b	chr18	26272239	30603543	1	1	0
fcf718b5-834b-4624-9980-105f7ebc9f1b	chr18	30603909	31898333	2	1	1
fcf718b5-834b-4624-9980-105f7ebc9f1b	chr18	31901498	32392761	3	2	1
fcf718b5-834b-4624-9980-105f7ebc9f1b	chr18	32392811	33853623	2	1	1
fcf718b5-834b-4624-9980-105f7ebc9f1b	chr18	33864010	80257174	1	1	0
fcf718b5-834b-4624-9980-105f7ebc9f1b	chr19	90910	29576946	2	1	1
fcf718b5-834b-4624-9980-105f7ebc9f1b	chr19	29577270	29599620	0	0	0
fcf718b5-834b-4624-9980-105f7ebc9f1b	chr19	29599742	58586487	2	1	1
fcf718b5-834b-4624-9980-105f7ebc9f1b	chr20	80664	19475820	1	1	0
fcf718b5-834b-4624-9980-105f7ebc9f1b	chr20	19476108	48247794	2	1	1
fcf718b5-834b-4624-9980-105f7ebc9f1b	chr20	48249591	48257279	0	0	0
fcf718b5-834b-4624-9980-105f7ebc9f1b	chr20	48260141	61791877	2	1	1
fcf718b5-834b-4624-9980-105f7ebc9f1b	chr20	61801114	64324800	1	1	0
fcf718b5-834b-4624-9980-105f7ebc9f1b	chr21	12973348	46677045	1	1	0
fcf718b5-834b-4624-9980-105f7ebc9f1b	chr22	16392123	50796027	2	1	1
fcf718b5-834b-4624-9980-105f7ebc9f1b	chrX	251810	35640420	2	1	1
fcf718b5-834b-4624-9980-105f7ebc9f1b	chrX	35641321	35661895	5	3	2
fcf718b5-834b-4624-9980-105f7ebc9f1b	chrX	35662780	124573888	2	1	1
fcf718b5-834b-4624-9980-105f7ebc9f1b	chrX	124575218	124577193	1	1	0
fcf718b5-834b-4624-9980-105f7ebc9f1b	chrX	124577895	127291742	2	1	1
fcf718b5-834b-4624-9980-105f7ebc9f1b	chrX	127291847	127295336	6	3	3
fcf718b5-834b-4624-9980-105f7ebc9f1b	chrX	127295792	156004181	2	1	1
fcf718b5-834b-4624-9980-105f7ebc9f1b	chrY	2782397	56872112	0	0	0
f490c8ff-9017-446a-ae6e-3b198e7a5095	chr1	62920	32185310	2	2	0
f490c8ff-9017-446a-ae6e-3b198e7a5095	chr1	32188792	50723503	4	2	2
f490c8ff-9017-446a-ae6e-3b198e7a5095	chr1	50724201	53280923	3	2	1
f490c8ff-9017-446a-ae6e-3b198e7a5095	chr1	53285938	53306823	7	4	3
f490c8ff-9017-446a-ae6e-3b198e7a5095	chr1	53306872	65279924	4	2	2
f490c8ff-9017-446a-ae6e-3b198e7a5095	chr1	65280048	65352187	5	3	2
f490c8ff-9017-446a-ae6e-3b198e7a5095	chr1	65352798	72302815	4	2	2
f490c8ff-9017-446a-ae6e-3b198e7a5095	chr1	72303233	72345465	2	2	0
f490c8ff-9017-446a-ae6e-3b198e7a5095	chr1	72346221	94620818	4	2	2
f490c8ff-9017-446a-ae6e-3b198e7a5095	chr1	94620853	94635769	8	4	4
f490c8ff-9017-446a-ae6e-3b198e7a5095	chr1	94636361	112083979	4	2	2
f490c8ff-9017-446a-ae6e-3b198e7a5095	chr1	112086434	112179797	3	2	1
f490c8ff-9017-446a-ae6e-3b198e7a5095	chr1	112180842	117371418	4	2	2
f490c8ff-9017-446a-ae6e-3b198e7a5095	chr1	117372410	117524684	2	2	0
f490c8ff-9017-446a-ae6e-3b198e7a5095	chr1	117526312	157232111	4	2	2
f490c8ff-9017-446a-ae6e-3b198e7a5095	chr1	157234232	157261989	6	4	2
f490c8ff-9017-446a-ae6e-3b198e7a5095	chr1	157262228	183829035	4	2	2
f490c8ff-9017-446a-ae6e-3b198e7a5095	chr1	183829667	183890358	1	1	0
f490c8ff-9017-446a-ae6e-3b198e7a5095	chr1	183894034	236654322	4	2	2
f490c8ff-9017-446a-ae6e-3b198e7a5095	chr1	236659022	236673025	2	1	1
f490c8ff-9017-446a-ae6e-3b198e7a5095	chr1	236674058	248930189	4	2	2
f490c8ff-9017-446a-ae6e-3b198e7a5095	chr2	12784	12825033	3	2	1
f490c8ff-9017-446a-ae6e-3b198e7a5095	chr2	12828759	12832477	1	1	0
f490c8ff-9017-446a-ae6e-3b198e7a5095	chr2	12834118	36615842	3	2	1
f490c8ff-9017-446a-ae6e-3b198e7a5095	chr2	36620459	36634499	6	4	2
f490c8ff-9017-446a-ae6e-3b198e7a5095	chr2	36635674	64438201	3	2	1
f490c8ff-9017-446a-ae6e-3b198e7a5095	chr2	64440674	64465937	1	1	0
f490c8ff-9017-446a-ae6e-3b198e7a5095	chr2	64466295	64902740	3	2	1
f490c8ff-9017-446a-ae6e-3b198e7a5095	chr2	64902834	64904445	8	5	3
f490c8ff-9017-446a-ae6e-3b198e7a5095	chr2	64904598	85828823	3	2	1
f490c8ff-9017-446a-ae6e-3b198e7a5095	chr2	85831059	85956304	2	1	1
f490c8ff-9017-446a-ae6e-3b198e7a5095	chr2	85956774	242147305	3	2	1
f490c8ff-9017-446a-ae6e-3b198e7a5095	chr3	20930	58643694	2	2	0
f490c8ff-9017-446a-ae6e-3b198e7a5095	chr3	58646571	58665890	3	3	0
f490c8ff-9017-446a-ae6e-3b198e7a5095	chr3	58666126	59449432	1	1	0
f490c8ff-9017-446a-ae6e-3b198e7a5095	chr3	59450044	70999878	2	2	0
f490c8ff-9017-446a-ae6e-3b198e7a5095	chr3	71000602	71313368	0	0	0
f490c8ff-9017-446a-ae6e-3b198e7a5095	chr3	71314568	82719551	2	2	0
f490c8ff-9017-446a-ae6e-3b198e7a5095	chr3	82723687	90375879	4	2	2
f490c8ff-9017-446a-ae6e-3b198e7a5095	chr3	90376841	100525833	2	2	0
f490c8ff-9017-446a-ae6e-3b198e7a5095	chr3	100525981	101904450	1	1	0
f490c8ff-9017-446a-ae6e-3b198e7a5095	chr3	101905785	102534209	2	2	0
f490c8ff-9017-446a-ae6e-3b198e7a5095	chr3	102540581	102645453	4	3	1
f490c8ff-9017-446a-ae6e-3b198e7a5095	chr3	102646169	102646569	2	2	0
f490c8ff-9017-446a-ae6e-3b198e7a5095	chr3	102647611	148836602	3	2	1
f490c8ff-9017-446a-ae6e-3b198e7a5095	chr3	148836881	149138191	4	3	1
f490c8ff-9017-446a-ae6e-3b198e7a5095	chr3	149144427	162794951	3	2	1
f490c8ff-9017-446a-ae6e-3b198e7a5095	chr3	162795304	162898127	8	8	0
f490c8ff-9017-446a-ae6e-3b198e7a5095	chr3	162906054	198169247	3	2	1
f490c8ff-9017-446a-ae6e-3b198e7a5095	chr4	68929	83230703	3	2	1
f490c8ff-9017-446a-ae6e-3b198e7a5095	chr4	83230832	83238618	1	1	0
f490c8ff-9017-446a-ae6e-3b198e7a5095	chr4	83238749	190106768	3	2	1
f490c8ff-9017-446a-ae6e-3b198e7a5095	chr5	15532	1749100	4	3	1
f490c8ff-9017-446a-ae6e-3b198e7a5095	chr5	1763546	9982854	6	4	2
f490c8ff-9017-446a-ae6e-3b198e7a5095	chr5	9982952	9990669	1	1	0
f490c8ff-9017-446a-ae6e-3b198e7a5095	chr5	9997086	36759711	6	4	2
f490c8ff-9017-446a-ae6e-3b198e7a5095	chr5	36772442	167031765	3	2	1
f490c8ff-9017-446a-ae6e-3b198e7a5095	chr5	167033679	167200300	4	2	2
f490c8ff-9017-446a-ae6e-3b198e7a5095	chr5	167200864	167218417	1	1	0
f490c8ff-9017-446a-ae6e-3b198e7a5095	chr5	167220806	181363319	3	2	1
f490c8ff-9017-446a-ae6e-3b198e7a5095	chr6	149661	38883893	3	2	1
f490c8ff-9017-446a-ae6e-3b198e7a5095	chr6	38884943	45918125	4	2	2
f490c8ff-9017-446a-ae6e-3b198e7a5095	chr6	45919684	45935047	6	3	3
f490c8ff-9017-446a-ae6e-3b198e7a5095	chr6	45935788	65550084	3	2	1
f490c8ff-9017-446a-ae6e-3b198e7a5095	chr6	65556072	81224827	2	2	0
f490c8ff-9017-446a-ae6e-3b198e7a5095	chr6	81227983	83246752	4	2	2
f490c8ff-9017-446a-ae6e-3b198e7a5095	chr6	83247005	153684478	2	2	0
f490c8ff-9017-446a-ae6e-3b198e7a5095	chr6	153684741	153685870	0	0	0
f490c8ff-9017-446a-ae6e-3b198e7a5095	chr6	153686331	170741917	2	2	0
f490c8ff-9017-446a-ae6e-3b198e7a5095	chr7	43259	35357045	3	2	1
f490c8ff-9017-446a-ae6e-3b198e7a5095	chr7	35357957	35365086	0	0	0
f490c8ff-9017-446a-ae6e-3b198e7a5095	chr7	35366118	142392270	3	2	1
f490c8ff-9017-446a-ae6e-3b198e7a5095	chr7	142392830	142406173	1	1	0
f490c8ff-9017-446a-ae6e-3b198e7a5095	chr7	142407041	151849504	3	2	1
f490c8ff-9017-446a-ae6e-3b198e7a5095	chr7	151850922	151864353	6	4	2
f490c8ff-9017-446a-ae6e-3b198e7a5095	chr7	151865158	159334314	3	2	1
f490c8ff-9017-446a-ae6e-3b198e7a5095	chr8	81254	17610973	4	2	2
f490c8ff-9017-446a-ae6e-3b198e7a5095	chr8	17611071	17621502	7	4	3
f490c8ff-9017-446a-ae6e-3b198e7a5095	chr8	17621984	74173035	3	2	1
f490c8ff-9017-446a-ae6e-3b198e7a5095	chr8	74174970	74200423	2	1	1
f490c8ff-9017-446a-ae6e-3b198e7a5095	chr8	74200535	78115773	4	2	2
f490c8ff-9017-446a-ae6e-3b198e7a5095	chr8	78115840	81025560	3	2	1
f490c8ff-9017-446a-ae6e-3b198e7a5095	chr8	81027451	93398056	4	2	2
f490c8ff-9017-446a-ae6e-3b198e7a5095	chr8	93398542	129357989	3	2	1
f490c8ff-9017-446a-ae6e-3b198e7a5095	chr8	129358168	139569771	4	2	2
f490c8ff-9017-446a-ae6e-3b198e7a5095	chr8	139570777	139573160	1	1	0
f490c8ff-9017-446a-ae6e-3b198e7a5095	chr8	139573283	145072769	3	2	1
f490c8ff-9017-446a-ae6e-3b198e7a5095	chr9	46587	14111173	3	2	1
f490c8ff-9017-446a-ae6e-3b198e7a5095	chr9	14111874	14213300	1	1	0
f490c8ff-9017-446a-ae6e-3b198e7a5095	chr9	14214045	78096689	3	2	1
f490c8ff-9017-446a-ae6e-3b198e7a5095	chr9	78097328	78103193	2	1	1
f490c8ff-9017-446a-ae6e-3b198e7a5095	chr9	78103822	78109151	0	0	0
f490c8ff-9017-446a-ae6e-3b198e7a5095	chr9	78112797	138200944	3	2	1
f490c8ff-9017-446a-ae6e-3b198e7a5095	chr10	45792	48555121	3	2	1
f490c8ff-9017-446a-ae6e-3b198e7a5095	chr10	48555202	48568386	2	1	1
f490c8ff-9017-446a-ae6e-3b198e7a5095	chr10	48569588	93834258	3	2	1
f490c8ff-9017-446a-ae6e-3b198e7a5095	chr10	93835407	93904988	4	3	1
f490c8ff-9017-446a-ae6e-3b198e7a5095	chr10	93905209	133654968	3	2	1
f490c8ff-9017-446a-ae6e-3b198e7a5095	chr11	198510	69982505	3	2	1
f490c8ff-9017-446a-ae6e-3b198e7a5095	chr11	69982527	70064784	2	1	1
f490c8ff-9017-446a-ae6e-3b198e7a5095	chr11	70070163	132211979	3	2	1
f490c8ff-9017-446a-ae6e-3b198e7a5095	chr11	132214382	132253080	5	3	2
f490c8ff-9017-446a-ae6e-3b198e7a5095	chr11	132256277	135074876	3	2	1
f490c8ff-9017-446a-ae6e-3b198e7a5095	chr12	51460	223496	5	3	2
f490c8ff-9017-446a-ae6e-3b198e7a5095	chr12	224027	9477960	3	2	1
f490c8ff-9017-446a-ae6e-3b198e7a5095	chr12	9481274	9575696	0	0	0
f490c8ff-9017-446a-ae6e-3b198e7a5095	chr12	9582373	16366766	3	2	1
f490c8ff-9017-446a-ae6e-3b198e7a5095	chr12	16367558	24052364	4	2	2
f490c8ff-9017-446a-ae6e-3b198e7a5095	chr12	24054096	27795682	3	2	1
f490c8ff-9017-446a-ae6e-3b198e7a5095	chr12	27802566	33476584	4	2	2
f490c8ff-9017-446a-ae6e-3b198e7a5095	chr12	33476607	38652114	4	3	1
f490c8ff-9017-446a-ae6e-3b198e7a5095	chr12	38652181	43883222	4	2	2
f490c8ff-9017-446a-ae6e-3b198e7a5095	chr12	43884855	52526608	3	2	1
f490c8ff-9017-446a-ae6e-3b198e7a5095	chr12	52526630	52531875	8	4	4
f490c8ff-9017-446a-ae6e-3b198e7a5095	chr12	52532185	133201603	4	2	2
f490c8ff-9017-446a-ae6e-3b198e7a5095	chr13	18452809	19021274	3	2	1
f490c8ff-9017-446a-ae6e-3b198e7a5095	chr13	19022192	19030298	7	4	3
f490c8ff-9017-446a-ae6e-3b198e7a5095	chr13	19030345	70556236	3	2	1
f490c8ff-9017-446a-ae6e-3b198e7a5095	chr13	70558200	70564932	1	1	0
f490c8ff-9017-446a-ae6e-3b198e7a5095	chr13	70568082	114342922	3	2	1
f490c8ff-9017-446a-ae6e-3b198e7a5095	chr14	18239283	19955213	3	3	0
f490c8ff-9017-446a-ae6e-3b198e7a5095	chr14	19956767	92063938	2	2	0
f490c8ff-9017-446a-ae6e-3b198e7a5095	chr14	92064169	92085718	1	1	0
f490c8ff-9017-446a-ae6e-3b198e7a5095	chr14	92085728	106877229	2	2	0
f490c8ff-9017-446a-ae6e-3b198e7a5095	chr15	19811075	45223505	3	2	1
f490c8ff-9017-446a-ae6e-3b198e7a5095	chr15	45224975	45237451	1	1	0
f490c8ff-9017-446a-ae6e-3b198e7a5095	chr15	45237569	45943616	3	2	1
f490c8ff-9017-446a-ae6e-3b198e7a5095	chr15	45943633	45950393	1	1	0
f490c8ff-9017-446a-ae6e-3b198e7a5095	chr15	45950456	56497331	3	2	1
f490c8ff-9017-446a-ae6e-3b198e7a5095	chr15	56497449	56508779	0	0	0
f490c8ff-9017-446a-ae6e-3b198e7a5095	chr15	56509425	57532145	3	2	1
f490c8ff-9017-446a-ae6e-3b198e7a5095	chr15	57532188	57547590	6	3	3
f490c8ff-9017-446a-ae6e-3b198e7a5095	chr15	57547633	101928837	3	2	1
f490c8ff-9017-446a-ae6e-3b198e7a5095	chr16	10777	5566210	3	2	1
f490c8ff-9017-446a-ae6e-3b198e7a5095	chr16	5566333	7237579	4	2	2
f490c8ff-9017-446a-ae6e-3b198e7a5095	chr16	7238267	7264485	2	1	1
f490c8ff-9017-446a-ae6e-3b198e7a5095	chr16	7267929	19933041	4	2	2
f490c8ff-9017-446a-ae6e-3b198e7a5095	chr16	19934328	19956040	0	0	0
f490c8ff-9017-446a-ae6e-3b198e7a5095	chr16	19958932	36048855	3	2	1
f490c8ff-9017-446a-ae6e-3b198e7a5095	chr16	46441986	55282454	4	2	2
f490c8ff-9017-446a-ae6e-3b198e7a5095	chr16	55284193	55295101	7	4	3
f490c8ff-9017-446a-ae6e-3b198e7a5095	chr16	55295349	66067880	4	2	2
f490c8ff-9017-446a-ae6e-3b198e7a5095	chr16	66068948	66083017	1	1	0
f490c8ff-9017-446a-ae6e-3b198e7a5095	chr16	66085273	80735670	4	2	2
f490c8ff-9017-446a-ae6e-3b198e7a5095	chr16	80736173	90096867	3	2	1
f490c8ff-9017-446a-ae6e-3b198e7a5095	chr17	150733	33127866	3	2	1
f490c8ff-9017-446a-ae6e-3b198e7a5095	chr17	33128256	33137252	7	4	3
f490c8ff-9017-446a-ae6e-3b198e7a5095	chr17	33139373	83091923	3	2	1
f490c8ff-9017-446a-ae6e-3b198e7a5095	chr18	48133	68796060	4	2	2
f490c8ff-9017-446a-ae6e-3b198e7a5095	chr18	68797388	69560509	3	2	1
f490c8ff-9017-446a-ae6e-3b198e7a5095	chr18	69560788	80257174	4	2	2
f490c8ff-9017-446a-ae6e-3b198e7a5095	chr19	90910	30039623	3	2	1
f490c8ff-9017-446a-ae6e-3b198e7a5095	chr19	30040028	33257986	4	2	2
f490c8ff-9017-446a-ae6e-3b198e7a5095	chr19	33259408	33289577	7	4	3
f490c8ff-9017-446a-ae6e-3b198e7a5095	chr19	33290102	58586487	3	2	1
f490c8ff-9017-446a-ae6e-3b198e7a5095	chr20	80664	16991427	4	2	2
f490c8ff-9017-446a-ae6e-3b198e7a5095	chr20	16994845	19074200	3	2	1
f490c8ff-9017-446a-ae6e-3b198e7a5095	chr20	19074315	64324800	4	2	2
f490c8ff-9017-446a-ae6e-3b198e7a5095	chr21	12973348	14517747	3	2	1
f490c8ff-9017-446a-ae6e-3b198e7a5095	chr21	14517899	46677045	4	2	2
f490c8ff-9017-446a-ae6e-3b198e7a5095	chr22	16392123	23914745	4	2	2
f490c8ff-9017-446a-ae6e-3b198e7a5095	chr22	23915150	50796027	2	2	0
f490c8ff-9017-446a-ae6e-3b198e7a5095	chrX	251810	552634	3	2	1
f490c8ff-9017-446a-ae6e-3b198e7a5095	chrX	552855	689797	5	3	2
f490c8ff-9017-446a-ae6e-3b198e7a5095	chrX	689999	1006176	3	2	1
f490c8ff-9017-446a-ae6e-3b198e7a5095	chrX	1007312	1731702	5	3	2
f490c8ff-9017-446a-ae6e-3b198e7a5095	chrX	1731860	1767510	3	2	1
f490c8ff-9017-446a-ae6e-3b198e7a5095	chrX	1770302	2377218	4	2	2
f490c8ff-9017-446a-ae6e-3b198e7a5095	chrX	2387078	2446094	3	2	1
f490c8ff-9017-446a-ae6e-3b198e7a5095	chrX	2450101	2479863	6	3	3
f490c8ff-9017-446a-ae6e-3b198e7a5095	chrX	2487700	2553051	4	2	2
f490c8ff-9017-446a-ae6e-3b198e7a5095	chrX	2553080	2627552	3	2	1
f490c8ff-9017-446a-ae6e-3b198e7a5095	chrX	2627862	2649506	5	3	2
f490c8ff-9017-446a-ae6e-3b198e7a5095	chrX	2649606	2723161	3	2	1
f490c8ff-9017-446a-ae6e-3b198e7a5095	chrX	2726475	2775583	5	3	2
f490c8ff-9017-446a-ae6e-3b198e7a5095	chrX	2776199	156004181	1	1	0
f490c8ff-9017-446a-ae6e-3b198e7a5095	chrY	2782397	26653788	4	2	2
f490c8ff-9017-446a-ae6e-3b198e7a5095	chrY	56872112	56872112	2	2	0
2bb39c53-bb3f-49af-bf8a-41994a1e5287	chr1	62920	12775725	1	1	0
2bb39c53-bb3f-49af-bf8a-41994a1e5287	chr1	12776299	12802114	3	3	0
2bb39c53-bb3f-49af-bf8a-41994a1e5287	chr1	12802116	85878467	1	1	0
2bb39c53-bb3f-49af-bf8a-41994a1e5287	chr1	85878606	152567611	2	1	1
2bb39c53-bb3f-49af-bf8a-41994a1e5287	chr1	152567682	152711830	3	2	1
2bb39c53-bb3f-49af-bf8a-41994a1e5287	chr1	152712390	152774650	4	2	2
2bb39c53-bb3f-49af-bf8a-41994a1e5287	chr1	152777257	157812355	2	1	1
2bb39c53-bb3f-49af-bf8a-41994a1e5287	chr1	157812428	157818760	5	3	2
2bb39c53-bb3f-49af-bf8a-41994a1e5287	chr1	157818970	196131960	2	1	1
2bb39c53-bb3f-49af-bf8a-41994a1e5287	chr1	196132290	197050466	3	2	1
2bb39c53-bb3f-49af-bf8a-41994a1e5287	chr1	197050728	248930189	2	1	1
2bb39c53-bb3f-49af-bf8a-41994a1e5287	chr2	12784	242147305	2	1	1
2bb39c53-bb3f-49af-bf8a-41994a1e5287	chr3	20930	11627848	1	1	0
2bb39c53-bb3f-49af-bf8a-41994a1e5287	chr3	11628074	11649861	0	0	0
2bb39c53-bb3f-49af-bf8a-41994a1e5287	chr3	11652925	45080856	1	1	0
2bb39c53-bb3f-49af-bf8a-41994a1e5287	chr3	45082859	45091085	0	0	0
2bb39c53-bb3f-49af-bf8a-41994a1e5287	chr3	45091145	75660674	1	1	0
2bb39c53-bb3f-49af-bf8a-41994a1e5287	chr3	75663676	75715277	3	3	0
2bb39c53-bb3f-49af-bf8a-41994a1e5287	chr3	75718431	195060592	1	1	0
2bb39c53-bb3f-49af-bf8a-41994a1e5287	chr3	195061665	195128432	0	0	0
2bb39c53-bb3f-49af-bf8a-41994a1e5287	chr3	195129526	198169247	1	1	0
2bb39c53-bb3f-49af-bf8a-41994a1e5287	chr4	68929	10208766	2	1	1
2bb39c53-bb3f-49af-bf8a-41994a1e5287	chr4	10212536	10227178	0	0	0
2bb39c53-bb3f-49af-bf8a-41994a1e5287	chr4	10227193	48303758	2	1	1
2bb39c53-bb3f-49af-bf8a-41994a1e5287	chr4	48310167	48323533	1	1	0
2bb39c53-bb3f-49af-bf8a-41994a1e5287	chr4	48323698	168579870	2	1	1
2bb39c53-bb3f-49af-bf8a-41994a1e5287	chr4	168580589	168605860	1	1	0
2bb39c53-bb3f-49af-bf8a-41994a1e5287	chr4	168607425	188831989	2	1	1
2bb39c53-bb3f-49af-bf8a-41994a1e5287	chr4	188839097	188849599	1	1	0
2bb39c53-bb3f-49af-bf8a-41994a1e5287	chr4	188852200	190106768	2	1	1
2bb39c53-bb3f-49af-bf8a-41994a1e5287	chr5	15532	9982854	2	1	1
2bb39c53-bb3f-49af-bf8a-41994a1e5287	chr5	9982952	9997673	1	1	0
2bb39c53-bb3f-49af-bf8a-41994a1e5287	chr5	9998176	36367885	2	1	1
2bb39c53-bb3f-49af-bf8a-41994a1e5287	chr5	36368152	36377297	4	2	2
2bb39c53-bb3f-49af-bf8a-41994a1e5287	chr5	36379299	76541904	2	1	1
2bb39c53-bb3f-49af-bf8a-41994a1e5287	chr5	76542009	76636160	3	2	1
2bb39c53-bb3f-49af-bf8a-41994a1e5287	chr5	76636557	151380464	2	1	1
2bb39c53-bb3f-49af-bf8a-41994a1e5287	chr5	151380721	151397487	5	3	2
2bb39c53-bb3f-49af-bf8a-41994a1e5287	chr5	151398237	151414457	1	1	0
2bb39c53-bb3f-49af-bf8a-41994a1e5287	chr5	151414897	181251717	2	1	1
2bb39c53-bb3f-49af-bf8a-41994a1e5287	chr5	181252117	181363319	3	2	1
2bb39c53-bb3f-49af-bf8a-41994a1e5287	chr6	149661	6157375	2	1	1
2bb39c53-bb3f-49af-bf8a-41994a1e5287	chr6	6157724	6177850	3	2	1
2bb39c53-bb3f-49af-bf8a-41994a1e5287	chr6	6179649	41226885	2	1	1
2bb39c53-bb3f-49af-bf8a-41994a1e5287	chr6	41227682	41230684	0	0	0
2bb39c53-bb3f-49af-bf8a-41994a1e5287	chr6	41231364	45912574	2	1	1
2bb39c53-bb3f-49af-bf8a-41994a1e5287	chr6	45912683	45930577	3	2	1
2bb39c53-bb3f-49af-bf8a-41994a1e5287	chr6	45931284	70316621	2	1	1
2bb39c53-bb3f-49af-bf8a-41994a1e5287	chr6	70317256	78486620	1	1	0
2bb39c53-bb3f-49af-bf8a-41994a1e5287	chr6	78487662	80297329	2	1	1
2bb39c53-bb3f-49af-bf8a-41994a1e5287	chr6	80300531	80777494	1	1	0
2bb39c53-bb3f-49af-bf8a-41994a1e5287	chr6	80781583	82036882	2	1	1
2bb39c53-bb3f-49af-bf8a-41994a1e5287	chr6	82037980	122340193	1	1	0
2bb39c53-bb3f-49af-bf8a-41994a1e5287	chr6	122348687	122365436	2	2	0
2bb39c53-bb3f-49af-bf8a-41994a1e5287	chr6	122365441	170741917	1	1	0
2bb39c53-bb3f-49af-bf8a-41994a1e5287	chr7	43259	18775529	1	1	0
2bb39c53-bb3f-49af-bf8a-41994a1e5287	chr7	18775850	18782572	3	2	1
2bb39c53-bb3f-49af-bf8a-41994a1e5287	chr7	18784270	159334314	1	1	0
2bb39c53-bb3f-49af-bf8a-41994a1e5287	chr8	81254	39316381	2	1	1
2bb39c53-bb3f-49af-bf8a-41994a1e5287	chr8	39316760	39600835	0	0	0
2bb39c53-bb3f-49af-bf8a-41994a1e5287	chr8	39600880	145072769	2	1	1
2bb39c53-bb3f-49af-bf8a-41994a1e5287	chr9	46587	31828574	1	1	0
2bb39c53-bb3f-49af-bf8a-41994a1e5287	chr9	31832792	31846529	2	2	0
2bb39c53-bb3f-49af-bf8a-41994a1e5287	chr9	31846731	138200944	1	1	0
2bb39c53-bb3f-49af-bf8a-41994a1e5287	chr10	45792	29773422	2	1	1
2bb39c53-bb3f-49af-bf8a-41994a1e5287	chr10	29773786	29787540	0	0	0
2bb39c53-bb3f-49af-bf8a-41994a1e5287	chr10	29789554	44564457	2	1	1
2bb39c53-bb3f-49af-bf8a-41994a1e5287	chr10	44564856	44570470	3	2	1
2bb39c53-bb3f-49af-bf8a-41994a1e5287	chr10	44571544	51888167	2	1	1
2bb39c53-bb3f-49af-bf8a-41994a1e5287	chr10	51888254	51919059	3	2	1
2bb39c53-bb3f-49af-bf8a-41994a1e5287	chr10	51919300	52044157	1	1	0
2bb39c53-bb3f-49af-bf8a-41994a1e5287	chr10	52044952	82722865	2	1	1
2bb39c53-bb3f-49af-bf8a-41994a1e5287	chr10	82723172	82741498	4	2	2
2bb39c53-bb3f-49af-bf8a-41994a1e5287	chr10	82742030	95105336	2	1	1
2bb39c53-bb3f-49af-bf8a-41994a1e5287	chr10	95105427	95109349	9	9	0
2bb39c53-bb3f-49af-bf8a-41994a1e5287	chr10	95109949	133654968	2	1	1
2bb39c53-bb3f-49af-bf8a-41994a1e5287	chr11	198510	26645937	2	1	1
2bb39c53-bb3f-49af-bf8a-41994a1e5287	chr11	26646266	26652966	4	2	2
2bb39c53-bb3f-49af-bf8a-41994a1e5287	chr11	26653170	68493759	2	1	1
2bb39c53-bb3f-49af-bf8a-41994a1e5287	chr11	68498305	69871309	19	18	1
2bb39c53-bb3f-49af-bf8a-41994a1e5287	chr11	69881218	69967139	2	2	0
2bb39c53-bb3f-49af-bf8a-41994a1e5287	chr11	69967622	70474991	2	1	1
2bb39c53-bb3f-49af-bf8a-41994a1e5287	chr11	70480702	70672963	19	16	3
2bb39c53-bb3f-49af-bf8a-41994a1e5287	chr11	70675286	117457385	2	1	1
2bb39c53-bb3f-49af-bf8a-41994a1e5287	chr11	117457923	117534981	1	1	0
2bb39c53-bb3f-49af-bf8a-41994a1e5287	chr11	117535617	135074876	2	1	1
2bb39c53-bb3f-49af-bf8a-41994a1e5287	chr12	51460	4648189	2	1	1
2bb39c53-bb3f-49af-bf8a-41994a1e5287	chr12	4648308	4677960	1	1	0
2bb39c53-bb3f-49af-bf8a-41994a1e5287	chr12	4678655	133201603	2	1	1
2bb39c53-bb3f-49af-bf8a-41994a1e5287	chr13	18452809	70556236	2	1	1
2bb39c53-bb3f-49af-bf8a-41994a1e5287	chr13	70558200	70564932	0	0	0
2bb39c53-bb3f-49af-bf8a-41994a1e5287	chr13	70568082	114342922	2	1	1
2bb39c53-bb3f-49af-bf8a-41994a1e5287	chr14	18239283	22632004	2	1	1
2bb39c53-bb3f-49af-bf8a-41994a1e5287	chr14	22633534	22645702	4	2	2
2bb39c53-bb3f-49af-bf8a-41994a1e5287	chr14	22646052	105779965	2	1	1
2bb39c53-bb3f-49af-bf8a-41994a1e5287	chr14	105780462	106320716	5	5	0
2bb39c53-bb3f-49af-bf8a-41994a1e5287	chr14	106321086	106877229	2	1	1
2bb39c53-bb3f-49af-bf8a-41994a1e5287	chr15	19811075	101928837	2	1	1
2bb39c53-bb3f-49af-bf8a-41994a1e5287	chr16	10777	26083515	2	1	1
2bb39c53-bb3f-49af-bf8a-41994a1e5287	chr16	26083979	26114311	4	2	2
2bb39c53-bb3f-49af-bf8a-41994a1e5287	chr16	26114682	86104738	2	1	1
2bb39c53-bb3f-49af-bf8a-41994a1e5287	chr16	86104964	86204336	3	2	1
2bb39c53-bb3f-49af-bf8a-41994a1e5287	chr16	86204565	90096867	2	1	1
2bb39c53-bb3f-49af-bf8a-41994a1e5287	chr17	150733	33122974	2	1	1
2bb39c53-bb3f-49af-bf8a-41994a1e5287	chr17	33123646	33137252	3	2	1
2bb39c53-bb3f-49af-bf8a-41994a1e5287	chr17	33139373	33330590	2	1	1
2bb39c53-bb3f-49af-bf8a-41994a1e5287	chr17	33330657	33359902	4	2	2
2bb39c53-bb3f-49af-bf8a-41994a1e5287	chr17	33362600	41265433	2	1	1
2bb39c53-bb3f-49af-bf8a-41994a1e5287	chr17	41265456	41274279	0	0	0
2bb39c53-bb3f-49af-bf8a-41994a1e5287	chr17	41276472	46939206	2	1	1
2bb39c53-bb3f-49af-bf8a-41994a1e5287	chr17	46940493	46956655	4	2	2
2bb39c53-bb3f-49af-bf8a-41994a1e5287	chr17	46957017	83091923	2	1	1
2bb39c53-bb3f-49af-bf8a-41994a1e5287	chr18	48133	76617704	2	1	1
2bb39c53-bb3f-49af-bf8a-41994a1e5287	chr18	76618715	76731670	1	1	0
2bb39c53-bb3f-49af-bf8a-41994a1e5287	chr18	76733068	80257174	2	1	1
2bb39c53-bb3f-49af-bf8a-41994a1e5287	chr19	90910	29576946	2	1	1
2bb39c53-bb3f-49af-bf8a-41994a1e5287	chr19	29577270	29721240	1	1	0
2bb39c53-bb3f-49af-bf8a-41994a1e5287	chr19	29721754	58586487	2	1	1
2bb39c53-bb3f-49af-bf8a-41994a1e5287	chr20	80664	64324800	2	1	1
2bb39c53-bb3f-49af-bf8a-41994a1e5287	chr21	12973348	46677045	2	1	1
2bb39c53-bb3f-49af-bf8a-41994a1e5287	chr22	16392123	50796027	2	1	1
2bb39c53-bb3f-49af-bf8a-41994a1e5287	chrX	251810	26953398	2	1	1
2bb39c53-bb3f-49af-bf8a-41994a1e5287	chrX	26955322	27146388	1	1	0
2bb39c53-bb3f-49af-bf8a-41994a1e5287	chrX	27148337	35640420	2	1	1
2bb39c53-bb3f-49af-bf8a-41994a1e5287	chrX	35641321	35660274	3	2	1
2bb39c53-bb3f-49af-bf8a-41994a1e5287	chrX	35660622	73264776	2	1	1
2bb39c53-bb3f-49af-bf8a-41994a1e5287	chrX	73267934	76229594	18	14	4
2bb39c53-bb3f-49af-bf8a-41994a1e5287	chrX	76241478	116524636	2	1	1
2bb39c53-bb3f-49af-bf8a-41994a1e5287	chrX	116526239	117736858	1	1	0
2bb39c53-bb3f-49af-bf8a-41994a1e5287	chrX	117737110	156004181	2	1	1
2bb39c53-bb3f-49af-bf8a-41994a1e5287	chrY	2782397	26653788	0	0	0
2bb39c53-bb3f-49af-bf8a-41994a1e5287	chrY	56872112	56872112	1	1	0
ffd3f925-4cf3-4aaa-8b4d-1e4e9500f63a	chr1	61735	28827489	1	1	0
ffd3f925-4cf3-4aaa-8b4d-1e4e9500f63a	chr1	28829152	237157891	2	1	1
ffd3f925-4cf3-4aaa-8b4d-1e4e9500f63a	chr1	237158255	240886278	3	2	1
ffd3f925-4cf3-4aaa-8b4d-1e4e9500f63a	chr1	240886918	248930189	2	1	1
ffd3f925-4cf3-4aaa-8b4d-1e4e9500f63a	chr2	12784	242147305	2	1	1
ffd3f925-4cf3-4aaa-8b4d-1e4e9500f63a	chr3	18667	90375879	1	1	0
ffd3f925-4cf3-4aaa-8b4d-1e4e9500f63a	chr3	90376841	191919843	2	1	1
ffd3f925-4cf3-4aaa-8b4d-1e4e9500f63a	chr3	191926682	192875747	1	1	0
ffd3f925-4cf3-4aaa-8b4d-1e4e9500f63a	chr3	192877518	198169247	2	1	1
ffd3f925-4cf3-4aaa-8b4d-1e4e9500f63a	chr4	12281	95077341	2	1	1
ffd3f925-4cf3-4aaa-8b4d-1e4e9500f63a	chr4	95079306	97521550	3	2	1
ffd3f925-4cf3-4aaa-8b4d-1e4e9500f63a	chr4	97522466	103915696	2	1	1
ffd3f925-4cf3-4aaa-8b4d-1e4e9500f63a	chr4	103924246	131934722	1	1	0
ffd3f925-4cf3-4aaa-8b4d-1e4e9500f63a	chr4	131940431	152376104	2	1	1
ffd3f925-4cf3-4aaa-8b4d-1e4e9500f63a	chr4	152378465	152392333	2	2	0
ffd3f925-4cf3-4aaa-8b4d-1e4e9500f63a	chr4	152407528	153589424	1	1	0
ffd3f925-4cf3-4aaa-8b4d-1e4e9500f63a	chr4	153589691	160731978	2	1	1
ffd3f925-4cf3-4aaa-8b4d-1e4e9500f63a	chr4	160734138	190106768	1	1	0
ffd3f925-4cf3-4aaa-8b4d-1e4e9500f63a	chr5	15532	181363319	2	1	1
ffd3f925-4cf3-4aaa-8b4d-1e4e9500f63a	chr6	149661	61274996	2	1	1
ffd3f925-4cf3-4aaa-8b4d-1e4e9500f63a	chr6	61288158	170741917	1	1	0
ffd3f925-4cf3-4aaa-8b4d-1e4e9500f63a	chr7	43259	159334314	2	1	1
ffd3f925-4cf3-4aaa-8b4d-1e4e9500f63a	chr8	81254	145072769	2	1	1
ffd3f925-4cf3-4aaa-8b4d-1e4e9500f63a	chr9	46587	13432829	2	2	0
ffd3f925-4cf3-4aaa-8b4d-1e4e9500f63a	chr9	13435676	77029057	1	1	0
ffd3f925-4cf3-4aaa-8b4d-1e4e9500f63a	chr9	77036716	79030288	2	2	0
ffd3f925-4cf3-4aaa-8b4d-1e4e9500f63a	chr9	79032252	138200944	1	1	0
ffd3f925-4cf3-4aaa-8b4d-1e4e9500f63a	chr10	26823	63537817	2	1	1
ffd3f925-4cf3-4aaa-8b4d-1e4e9500f63a	chr10	63541565	132081974	1	1	0
ffd3f925-4cf3-4aaa-8b4d-1e4e9500f63a	chr10	132082131	133769379	2	1	1
ffd3f925-4cf3-4aaa-8b4d-1e4e9500f63a	chr11	198572	2483645	2	1	1
ffd3f925-4cf3-4aaa-8b4d-1e4e9500f63a	chr11	2487244	58513190	1	1	0
ffd3f925-4cf3-4aaa-8b4d-1e4e9500f63a	chr11	58519413	135074876	2	1	1
ffd3f925-4cf3-4aaa-8b4d-1e4e9500f63a	chr12	51460	2257335	5	4	1
ffd3f925-4cf3-4aaa-8b4d-1e4e9500f63a	chr12	2257363	4027378	3	2	1
ffd3f925-4cf3-4aaa-8b4d-1e4e9500f63a	chr12	4029908	133201603	2	1	1
ffd3f925-4cf3-4aaa-8b4d-1e4e9500f63a	chr13	18452809	114342922	1	1	0
ffd3f925-4cf3-4aaa-8b4d-1e4e9500f63a	chr14	18225647	60345281	2	1	1
ffd3f925-4cf3-4aaa-8b4d-1e4e9500f63a	chr14	60345371	74133944	1	1	0
ffd3f925-4cf3-4aaa-8b4d-1e4e9500f63a	chr14	74139474	77917683	2	1	1
ffd3f925-4cf3-4aaa-8b4d-1e4e9500f63a	chr14	77919996	106877229	1	1	0
ffd3f925-4cf3-4aaa-8b4d-1e4e9500f63a	chr15	19811075	101928837	2	1	1
ffd3f925-4cf3-4aaa-8b4d-1e4e9500f63a	chr16	10777	90221127	2	1	1
ffd3f925-4cf3-4aaa-8b4d-1e4e9500f63a	chr17	150733	7034313	2	1	1
ffd3f925-4cf3-4aaa-8b4d-1e4e9500f63a	chr17	7044260	7994460	1	1	0
ffd3f925-4cf3-4aaa-8b4d-1e4e9500f63a	chr17	7995165	83090856	2	1	1
ffd3f925-4cf3-4aaa-8b4d-1e4e9500f63a	chr18	48133	80257174	2	1	1
ffd3f925-4cf3-4aaa-8b4d-1e4e9500f63a	chr19	90910	1386005	3	2	1
ffd3f925-4cf3-4aaa-8b4d-1e4e9500f63a	chr19	1386397	16914729	2	1	1
ffd3f925-4cf3-4aaa-8b4d-1e4e9500f63a	chr19	16915048	19190309	3	2	1
ffd3f925-4cf3-4aaa-8b4d-1e4e9500f63a	chr19	19194936	58586487	2	1	1
ffd3f925-4cf3-4aaa-8b4d-1e4e9500f63a	chr20	80664	64324800	2	1	1
ffd3f925-4cf3-4aaa-8b4d-1e4e9500f63a	chr21	10336543	46677045	2	1	1
ffd3f925-4cf3-4aaa-8b4d-1e4e9500f63a	chr22	15294545	50796027	2	1	1
ffd3f925-4cf3-4aaa-8b4d-1e4e9500f63a	chrX	251810	156004181	1	1	0
133639c8-d39f-4431-b478-8091e4776fbe	chr1	61735	36032086	2	2	0
133639c8-d39f-4431-b478-8091e4776fbe	chr1	36033741	182778068	6	4	2
133639c8-d39f-4431-b478-8091e4776fbe	chr1	182780329	184038024	5	3	2
133639c8-d39f-4431-b478-8091e4776fbe	chr1	184043572	248930189	6	4	2
133639c8-d39f-4431-b478-8091e4776fbe	chr2	12784	242147305	4	2	2
133639c8-d39f-4431-b478-8091e4776fbe	chr3	18667	90436812	2	2	0
133639c8-d39f-4431-b478-8091e4776fbe	chr3	90453712	198169247	4	2	2
133639c8-d39f-4431-b478-8091e4776fbe	chr4	12281	190106768	4	2	2
133639c8-d39f-4431-b478-8091e4776fbe	chr5	15532	181363319	4	2	2
133639c8-d39f-4431-b478-8091e4776fbe	chr6	149661	60356903	6	3	3
133639c8-d39f-4431-b478-8091e4776fbe	chr6	60358041	61218922	3	2	1
133639c8-d39f-4431-b478-8091e4776fbe	chr6	61220625	86662067	2	2	0
133639c8-d39f-4431-b478-8091e4776fbe	chr6	86676430	170741917	3	2	1
133639c8-d39f-4431-b478-8091e4776fbe	chr7	43259	159334314	4	2	2
133639c8-d39f-4431-b478-8091e4776fbe	chr8	81254	145072769	4	2	2
133639c8-d39f-4431-b478-8091e4776fbe	chr9	46587	42995504	3	2	1
133639c8-d39f-4431-b478-8091e4776fbe	chr9	60840363	110878827	2	2	0
133639c8-d39f-4431-b478-8091e4776fbe	chr9	110880820	138200944	6	4	2
133639c8-d39f-4431-b478-8091e4776fbe	chr10	26823	92569214	4	2	2
133639c8-d39f-4431-b478-8091e4776fbe	chr10	92569356	133769379	4	4	0
133639c8-d39f-4431-b478-8091e4776fbe	chr11	198572	107412313	4	2	2
133639c8-d39f-4431-b478-8091e4776fbe	chr11	107414618	135074876	3	2	1
133639c8-d39f-4431-b478-8091e4776fbe	chr12	51460	133201603	5	3	2
133639c8-d39f-4431-b478-8091e4776fbe	chr13	18452809	114342922	2	2	0
133639c8-d39f-4431-b478-8091e4776fbe	chr14	18225647	21910616	4	2	2
133639c8-d39f-4431-b478-8091e4776fbe	chr14	21910654	22508844	5	3	2
133639c8-d39f-4431-b478-8091e4776fbe	chr14	22509094	59792065	4	2	2
133639c8-d39f-4431-b478-8091e4776fbe	chr14	59792323	106877229	2	2	0
133639c8-d39f-4431-b478-8091e4776fbe	chr15	19811075	101928837	4	2	2
133639c8-d39f-4431-b478-8091e4776fbe	chr16	10777	48458950	4	2	2
133639c8-d39f-4431-b478-8091e4776fbe	chr16	48463924	70805434	2	2	0
133639c8-d39f-4431-b478-8091e4776fbe	chr16	70808194	71192193	4	3	1
133639c8-d39f-4431-b478-8091e4776fbe	chr16	71196176	90221127	2	2	0
133639c8-d39f-4431-b478-8091e4776fbe	chr17	150733	83090856	4	2	2
133639c8-d39f-4431-b478-8091e4776fbe	chr18	48133	80257174	5	3	2
133639c8-d39f-4431-b478-8091e4776fbe	chr19	90910	58586487	4	2	2
133639c8-d39f-4431-b478-8091e4776fbe	chr20	80664	64324800	6	4	2
133639c8-d39f-4431-b478-8091e4776fbe	chr21	10336543	46677045	2	2	0
133639c8-d39f-4431-b478-8091e4776fbe	chr22	15294545	31540114	2	2	0
133639c8-d39f-4431-b478-8091e4776fbe	chr22	31541428	50796027	4	2	2
133639c8-d39f-4431-b478-8091e4776fbe	chrX	251810	156004181	5	3	2
5031c071-bdf5-4c5e-b5f3-9ff7e906427b	chr1	61735	32929462	2	2	0
5031c071-bdf5-4c5e-b5f3-9ff7e906427b	chr1	32934779	156165450	5	3	2
5031c071-bdf5-4c5e-b5f3-9ff7e906427b	chr1	156170495	158852333	4	3	1
5031c071-bdf5-4c5e-b5f3-9ff7e906427b	chr1	158852964	207969440	5	3	2
5031c071-bdf5-4c5e-b5f3-9ff7e906427b	chr1	207970141	221306379	6	3	3
5031c071-bdf5-4c5e-b5f3-9ff7e906427b	chr1	221307416	248930189	5	3	2
5031c071-bdf5-4c5e-b5f3-9ff7e906427b	chr2	12784	242147305	4	3	1
5031c071-bdf5-4c5e-b5f3-9ff7e906427b	chr3	18667	198169247	2	2	0
5031c071-bdf5-4c5e-b5f3-9ff7e906427b	chr4	12281	190106768	2	2	0
5031c071-bdf5-4c5e-b5f3-9ff7e906427b	chr5	15532	5154102	9	7	2
5031c071-bdf5-4c5e-b5f3-9ff7e906427b	chr5	5154301	6838476	8	6	2
5031c071-bdf5-4c5e-b5f3-9ff7e906427b	chr5	6839233	13942864	9	7	2
5031c071-bdf5-4c5e-b5f3-9ff7e906427b	chr5	13943103	17670829	8	6	2
5031c071-bdf5-4c5e-b5f3-9ff7e906427b	chr5	17670916	30528936	10	8	2
5031c071-bdf5-4c5e-b5f3-9ff7e906427b	chr5	30530417	46389171	9	7	2
5031c071-bdf5-4c5e-b5f3-9ff7e906427b	chr5	50136997	56221975	4	2	2
5031c071-bdf5-4c5e-b5f3-9ff7e906427b	chr5	56227742	95118749	2	2	0
5031c071-bdf5-4c5e-b5f3-9ff7e906427b	chr5	95119027	181363319	4	2	2
5031c071-bdf5-4c5e-b5f3-9ff7e906427b	chr6	149661	66918965	4	2	2
5031c071-bdf5-4c5e-b5f3-9ff7e906427b	chr6	66923797	170741917	2	2	0
5031c071-bdf5-4c5e-b5f3-9ff7e906427b	chr7	43259	159334314	4	2	2
5031c071-bdf5-4c5e-b5f3-9ff7e906427b	chr8	81254	42701270	2	2	0
5031c071-bdf5-4c5e-b5f3-9ff7e906427b	chr8	42704599	67884836	4	2	2
5031c071-bdf5-4c5e-b5f3-9ff7e906427b	chr8	67885569	69704810	5	3	2
5031c071-bdf5-4c5e-b5f3-9ff7e906427b	chr8	69706089	95430345	4	2	2
5031c071-bdf5-4c5e-b5f3-9ff7e906427b	chr8	95430448	95580747	3	2	1
5031c071-bdf5-4c5e-b5f3-9ff7e906427b	chr8	95583293	145072769	4	2	2
5031c071-bdf5-4c5e-b5f3-9ff7e906427b	chr9	46587	9414893	4	2	2
5031c071-bdf5-4c5e-b5f3-9ff7e906427b	chr9	9414923	20174660	2	2	0
5031c071-bdf5-4c5e-b5f3-9ff7e906427b	chr9	20178383	23219437	0	0	0
5031c071-bdf5-4c5e-b5f3-9ff7e906427b	chr9	23219699	138200944	2	2	0
5031c071-bdf5-4c5e-b5f3-9ff7e906427b	chr10	26823	29678717	2	1	1
5031c071-bdf5-4c5e-b5f3-9ff7e906427b	chr10	29679395	133769379	3	2	1
5031c071-bdf5-4c5e-b5f3-9ff7e906427b	chr11	198572	104499033	4	2	2
5031c071-bdf5-4c5e-b5f3-9ff7e906427b	chr11	104499473	135074876	2	2	0
5031c071-bdf5-4c5e-b5f3-9ff7e906427b	chr12	51460	48047965	3	3	0
5031c071-bdf5-4c5e-b5f3-9ff7e906427b	chr12	48049026	49922656	6	3	3
5031c071-bdf5-4c5e-b5f3-9ff7e906427b	chr12	49926225	50164060	3	2	1
5031c071-bdf5-4c5e-b5f3-9ff7e906427b	chr12	50170323	53316141	6	3	3
5031c071-bdf5-4c5e-b5f3-9ff7e906427b	chr12	53318810	55634083	9	6	3
5031c071-bdf5-4c5e-b5f3-9ff7e906427b	chr12	55635800	133201603	3	3	0
5031c071-bdf5-4c5e-b5f3-9ff7e906427b	chr13	18452809	114342922	3	2	1
5031c071-bdf5-4c5e-b5f3-9ff7e906427b	chr14	18225647	106877229	2	2	0
5031c071-bdf5-4c5e-b5f3-9ff7e906427b	chr15	19811075	101928837	4	2	2
5031c071-bdf5-4c5e-b5f3-9ff7e906427b	chr16	10777	90221127	3	2	1
5031c071-bdf5-4c5e-b5f3-9ff7e906427b	chr17	150733	36724598	4	2	2
5031c071-bdf5-4c5e-b5f3-9ff7e906427b	chr17	36724726	83090856	5	3	2
5031c071-bdf5-4c5e-b5f3-9ff7e906427b	chr18	48133	80257174	3	3	0
5031c071-bdf5-4c5e-b5f3-9ff7e906427b	chr19	90910	58586487	4	2	2
5031c071-bdf5-4c5e-b5f3-9ff7e906427b	chr20	80664	64324800	4	2	2
5031c071-bdf5-4c5e-b5f3-9ff7e906427b	chr21	10336543	37392535	2	2	0
5031c071-bdf5-4c5e-b5f3-9ff7e906427b	chr21	37393697	42366077	4	2	2
5031c071-bdf5-4c5e-b5f3-9ff7e906427b	chr21	42366204	46455742	2	2	0
5031c071-bdf5-4c5e-b5f3-9ff7e906427b	chr21	46460612	46677045	4	2	2
5031c071-bdf5-4c5e-b5f3-9ff7e906427b	chr22	15294545	50796027	3	2	1
5031c071-bdf5-4c5e-b5f3-9ff7e906427b	chrX	251810	156004181	2	2	0
df8d6b25-985f-476f-a4b3-5d3decf0ea61	chr1	61735	28816074	1	1	0
df8d6b25-985f-476f-a4b3-5d3decf0ea61	chr1	28816480	43657192	2	2	0
df8d6b25-985f-476f-a4b3-5d3decf0ea61	chr1	43657520	57903887	1	1	0
df8d6b25-985f-476f-a4b3-5d3decf0ea61	chr1	57903990	92221736	2	1	1
df8d6b25-985f-476f-a4b3-5d3decf0ea61	chr1	92224486	97947646	1	1	0
df8d6b25-985f-476f-a4b3-5d3decf0ea61	chr1	97951890	248930189	2	1	1
df8d6b25-985f-476f-a4b3-5d3decf0ea61	chr2	12784	27778184	2	1	1
df8d6b25-985f-476f-a4b3-5d3decf0ea61	chr2	27780307	28306475	1	1	0
df8d6b25-985f-476f-a4b3-5d3decf0ea61	chr2	28312194	29320082	2	1	1
df8d6b25-985f-476f-a4b3-5d3decf0ea61	chr2	29322329	29404995	1	1	0
df8d6b25-985f-476f-a4b3-5d3decf0ea61	chr2	29405330	82591536	2	1	1
df8d6b25-985f-476f-a4b3-5d3decf0ea61	chr2	82592760	84026734	1	1	0
df8d6b25-985f-476f-a4b3-5d3decf0ea61	chr2	84030343	197357930	2	1	1
df8d6b25-985f-476f-a4b3-5d3decf0ea61	chr2	197364889	197607955	1	1	0
df8d6b25-985f-476f-a4b3-5d3decf0ea61	chr2	197608734	242147305	2	1	1
df8d6b25-985f-476f-a4b3-5d3decf0ea61	chr3	18667	136014371	1	1	0
df8d6b25-985f-476f-a4b3-5d3decf0ea61	chr3	136018791	198169247	2	1	1
df8d6b25-985f-476f-a4b3-5d3decf0ea61	chr4	12281	145010541	2	1	1
df8d6b25-985f-476f-a4b3-5d3decf0ea61	chr4	145012695	157894053	1	1	0
df8d6b25-985f-476f-a4b3-5d3decf0ea61	chr4	157895895	175673332	2	1	1
df8d6b25-985f-476f-a4b3-5d3decf0ea61	chr4	175674047	180971617	1	1	0
df8d6b25-985f-476f-a4b3-5d3decf0ea61	chr4	180973692	190106768	2	1	1
df8d6b25-985f-476f-a4b3-5d3decf0ea61	chr5	15532	181363319	2	1	1
df8d6b25-985f-476f-a4b3-5d3decf0ea61	chr6	149661	20837345	3	2	1
df8d6b25-985f-476f-a4b3-5d3decf0ea61	chr6	20843920	21230605	1	1	0
df8d6b25-985f-476f-a4b3-5d3decf0ea61	chr6	21230776	46690119	3	2	1
df8d6b25-985f-476f-a4b3-5d3decf0ea61	chr6	46690471	47201196	1	1	0
df8d6b25-985f-476f-a4b3-5d3decf0ea61	chr6	47203935	74933135	2	1	1
df8d6b25-985f-476f-a4b3-5d3decf0ea61	chr6	74937583	170741917	1	1	0
df8d6b25-985f-476f-a4b3-5d3decf0ea61	chr7	43259	34595188	2	1	1
df8d6b25-985f-476f-a4b3-5d3decf0ea61	chr7	34595726	35054582	1	1	0
df8d6b25-985f-476f-a4b3-5d3decf0ea61	chr7	35055633	36156091	2	1	1
df8d6b25-985f-476f-a4b3-5d3decf0ea61	chr7	36157312	36365408	1	1	0
df8d6b25-985f-476f-a4b3-5d3decf0ea61	chr7	36369382	53601758	2	1	1
df8d6b25-985f-476f-a4b3-5d3decf0ea61	chr7	53602520	53627068	1	1	0
df8d6b25-985f-476f-a4b3-5d3decf0ea61	chr7	53627097	108188913	2	1	1
df8d6b25-985f-476f-a4b3-5d3decf0ea61	chr7	108189416	108246220	1	1	0
df8d6b25-985f-476f-a4b3-5d3decf0ea61	chr7	108246980	127065472	2	1	1
df8d6b25-985f-476f-a4b3-5d3decf0ea61	chr7	127066835	128139075	1	1	0
df8d6b25-985f-476f-a4b3-5d3decf0ea61	chr7	128142297	142619143	2	1	1
df8d6b25-985f-476f-a4b3-5d3decf0ea61	chr7	142623838	144462472	1	1	0
df8d6b25-985f-476f-a4b3-5d3decf0ea61	chr7	144462577	147043485	2	1	1
df8d6b25-985f-476f-a4b3-5d3decf0ea61	chr7	147043950	150509952	1	1	0
df8d6b25-985f-476f-a4b3-5d3decf0ea61	chr7	150513060	150873101	2	1	1
df8d6b25-985f-476f-a4b3-5d3decf0ea61	chr7	150875349	151384974	1	1	0
df8d6b25-985f-476f-a4b3-5d3decf0ea61	chr7	151388510	153409391	2	1	1
df8d6b25-985f-476f-a4b3-5d3decf0ea61	chr7	153414330	157136882	1	1	0
df8d6b25-985f-476f-a4b3-5d3decf0ea61	chr7	157138352	159334314	2	1	1
df8d6b25-985f-476f-a4b3-5d3decf0ea61	chr8	81254	5924535	2	1	1
df8d6b25-985f-476f-a4b3-5d3decf0ea61	chr8	5924723	5996770	1	1	0
df8d6b25-985f-476f-a4b3-5d3decf0ea61	chr8	5997438	101480881	2	1	1
df8d6b25-985f-476f-a4b3-5d3decf0ea61	chr8	101484440	101798363	1	1	0
df8d6b25-985f-476f-a4b3-5d3decf0ea61	chr8	101798634	145072769	2	1	1
df8d6b25-985f-476f-a4b3-5d3decf0ea61	chr9	46587	14080433	2	1	1
df8d6b25-985f-476f-a4b3-5d3decf0ea61	chr9	14087797	14299990	1	1	0
df8d6b25-985f-476f-a4b3-5d3decf0ea61	chr9	14300235	21899356	2	1	1
df8d6b25-985f-476f-a4b3-5d3decf0ea61	chr9	21900125	21936240	1	1	0
df8d6b25-985f-476f-a4b3-5d3decf0ea61	chr9	21944288	22130345	0	0	0
df8d6b25-985f-476f-a4b3-5d3decf0ea61	chr9	22130516	34178036	2	1	1
df8d6b25-985f-476f-a4b3-5d3decf0ea61	chr9	34197252	34365359	1	1	0
df8d6b25-985f-476f-a4b3-5d3decf0ea61	chr9	34368099	138200944	2	1	1
df8d6b25-985f-476f-a4b3-5d3decf0ea61	chr10	26823	133769379	2	1	1
df8d6b25-985f-476f-a4b3-5d3decf0ea61	chr11	198572	135074876	2	1	1
df8d6b25-985f-476f-a4b3-5d3decf0ea61	chr12	51460	754908	1	1	0
df8d6b25-985f-476f-a4b3-5d3decf0ea61	chr12	756570	878453	0	0	0
df8d6b25-985f-476f-a4b3-5d3decf0ea61	chr12	879103	20353639	1	1	0
df8d6b25-985f-476f-a4b3-5d3decf0ea61	chr12	20354275	133201603	2	2	0
df8d6b25-985f-476f-a4b3-5d3decf0ea61	chr13	18452809	114342922	2	1	1
df8d6b25-985f-476f-a4b3-5d3decf0ea61	chr14	18225647	50590688	1	1	0
df8d6b25-985f-476f-a4b3-5d3decf0ea61	chr14	50591009	51723023	0	0	0
df8d6b25-985f-476f-a4b3-5d3decf0ea61	chr14	51725822	106877229	1	1	0
df8d6b25-985f-476f-a4b3-5d3decf0ea61	chr15	19811075	101928837	2	1	1
df8d6b25-985f-476f-a4b3-5d3decf0ea61	chr16	10777	90221127	2	1	1
df8d6b25-985f-476f-a4b3-5d3decf0ea61	chr17	150733	83090856	2	1	1
df8d6b25-985f-476f-a4b3-5d3decf0ea61	chr18	48133	55956580	2	1	1
df8d6b25-985f-476f-a4b3-5d3decf0ea61	chr18	55958065	56002524	1	1	0
df8d6b25-985f-476f-a4b3-5d3decf0ea61	chr18	56007189	80257174	2	1	1
df8d6b25-985f-476f-a4b3-5d3decf0ea61	chr19	90910	58586487	2	1	1
df8d6b25-985f-476f-a4b3-5d3decf0ea61	chr20	80664	64324800	2	1	1
df8d6b25-985f-476f-a4b3-5d3decf0ea61	chr21	10336543	46677045	2	1	1
df8d6b25-985f-476f-a4b3-5d3decf0ea61	chr22	15294545	50796027	2	1	1
df8d6b25-985f-476f-a4b3-5d3decf0ea61	chrX	251810	156004181	2	1	1
3e685778-e314-40de-a8e3-b506c8ba6039	chr1	62920	19445640	3	2	1
3e685778-e314-40de-a8e3-b506c8ba6039	chr1	19446353	19465462	1	1	0
3e685778-e314-40de-a8e3-b506c8ba6039	chr1	19466033	109684893	3	2	1
3e685778-e314-40de-a8e3-b506c8ba6039	chr1	109690352	109697556	0	0	0
3e685778-e314-40de-a8e3-b506c8ba6039	chr1	109702376	112166934	3	2	1
3e685778-e314-40de-a8e3-b506c8ba6039	chr1	112167166	112178012	1	1	0
3e685778-e314-40de-a8e3-b506c8ba6039	chr1	112178478	248930189	3	2	1
3e685778-e314-40de-a8e3-b506c8ba6039	chr2	12784	29852145	3	2	1
3e685778-e314-40de-a8e3-b506c8ba6039	chr2	29852185	29867763	6	4	2
3e685778-e314-40de-a8e3-b506c8ba6039	chr2	29868729	36615842	3	2	1
3e685778-e314-40de-a8e3-b506c8ba6039	chr2	36620459	36634499	6	4	2
3e685778-e314-40de-a8e3-b506c8ba6039	chr2	36635674	52527330	3	2	1
3e685778-e314-40de-a8e3-b506c8ba6039	chr2	52527342	52554404	0	0	0
3e685778-e314-40de-a8e3-b506c8ba6039	chr2	52560811	76698773	3	2	1
3e685778-e314-40de-a8e3-b506c8ba6039	chr2	76701007	76722438	6	4	2
3e685778-e314-40de-a8e3-b506c8ba6039	chr2	76729368	88834118	3	2	1
3e685778-e314-40de-a8e3-b506c8ba6039	chr2	88836539	89069842	9	9	0
3e685778-e314-40de-a8e3-b506c8ba6039	chr2	89085826	126604482	3	2	1
3e685778-e314-40de-a8e3-b506c8ba6039	chr2	126608179	126622311	1	1	0
3e685778-e314-40de-a8e3-b506c8ba6039	chr2	126622793	221405740	3	2	1
3e685778-e314-40de-a8e3-b506c8ba6039	chr2	221407065	221422816	1	1	0
3e685778-e314-40de-a8e3-b506c8ba6039	chr2	221423124	242147305	3	2	1
3e685778-e314-40de-a8e3-b506c8ba6039	chr3	20930	24945776	2	2	0
3e685778-e314-40de-a8e3-b506c8ba6039	chr3	24947447	24957232	4	4	0
3e685778-e314-40de-a8e3-b506c8ba6039	chr3	24958774	52989195	2	2	0
3e685778-e314-40de-a8e3-b506c8ba6039	chr3	52994359	53005247	0	0	0
3e685778-e314-40de-a8e3-b506c8ba6039	chr3	53005263	73282133	2	2	0
3e685778-e314-40de-a8e3-b506c8ba6039	chr3	73283439	73326220	1	1	0
3e685778-e314-40de-a8e3-b506c8ba6039	chr3	73326862	87204631	2	2	0
3e685778-e314-40de-a8e3-b506c8ba6039	chr3	87210046	120390582	5	3	2
3e685778-e314-40de-a8e3-b506c8ba6039	chr3	120395281	120455459	3	2	1
3e685778-e314-40de-a8e3-b506c8ba6039	chr3	120455684	156382755	5	3	2
3e685778-e314-40de-a8e3-b506c8ba6039	chr3	156387295	156393585	9	6	3
3e685778-e314-40de-a8e3-b506c8ba6039	chr3	156393844	162790480	5	3	2
3e685778-e314-40de-a8e3-b506c8ba6039	chr3	162794869	162908207	0	0	0
3e685778-e314-40de-a8e3-b506c8ba6039	chr3	162908784	193160113	5	3	2
3e685778-e314-40de-a8e3-b506c8ba6039	chr3	193160173	193165114	1	1	0
3e685778-e314-40de-a8e3-b506c8ba6039	chr3	193168646	198169247	4	2	2
3e685778-e314-40de-a8e3-b506c8ba6039	chr4	68929	34777432	3	3	0
3e685778-e314-40de-a8e3-b506c8ba6039	chr4	34784878	34823103	0	0	0
3e685778-e314-40de-a8e3-b506c8ba6039	chr4	34828250	190106768	3	3	0
3e685778-e314-40de-a8e3-b506c8ba6039	chr5	15532	1060034	27	27	0
3e685778-e314-40de-a8e3-b506c8ba6039	chr5	1062329	10524391	8	8	0
3e685778-e314-40de-a8e3-b506c8ba6039	chr5	10525237	13026984	11	11	0
3e685778-e314-40de-a8e3-b506c8ba6039	chr5	13031402	13470893	24	24	0
3e685778-e314-40de-a8e3-b506c8ba6039	chr5	13471046	38933647	4	4	0
3e685778-e314-40de-a8e3-b506c8ba6039	chr5	38935142	77912749	2	2	0
3e685778-e314-40de-a8e3-b506c8ba6039	chr5	77914344	78579206	1	1	0
3e685778-e314-40de-a8e3-b506c8ba6039	chr5	78579476	151380464	2	2	0
3e685778-e314-40de-a8e3-b506c8ba6039	chr5	151380721	151397487	4	4	0
3e685778-e314-40de-a8e3-b506c8ba6039	chr5	151398237	153740488	2	2	0
3e685778-e314-40de-a8e3-b506c8ba6039	chr5	153740704	153754442	0	0	0
3e685778-e314-40de-a8e3-b506c8ba6039	chr5	153755521	181363319	2	2	0
3e685778-e314-40de-a8e3-b506c8ba6039	chr6	149661	16391419	2	2	0
3e685778-e314-40de-a8e3-b506c8ba6039	chr6	16391928	16646927	1	1	0
3e685778-e314-40de-a8e3-b506c8ba6039	chr6	16647760	27483111	2	2	0
3e685778-e314-40de-a8e3-b506c8ba6039	chr6	27483789	27530220	4	3	1
3e685778-e314-40de-a8e3-b506c8ba6039	chr6	27534838	27774389	30	28	2
3e685778-e314-40de-a8e3-b506c8ba6039	chr6	27774407	27942930	12	11	1
3e685778-e314-40de-a8e3-b506c8ba6039	chr6	27942961	28254038	28	27	1
3e685778-e314-40de-a8e3-b506c8ba6039	chr6	28255202	29210737	38	37	1
3e685778-e314-40de-a8e3-b506c8ba6039	chr6	29212944	29869295	2	2	0
3e685778-e314-40de-a8e3-b506c8ba6039	chr6	29869410	29946838	4	4	0
3e685778-e314-40de-a8e3-b506c8ba6039	chr6	29947692	30507638	1	1	0
3e685778-e314-40de-a8e3-b506c8ba6039	chr6	30507940	30561698	0	0	0
3e685778-e314-40de-a8e3-b506c8ba6039	chr6	30561845	41732652	2	2	0
3e685778-e314-40de-a8e3-b506c8ba6039	chr6	41741200	42110132	39	38	1
3e685778-e314-40de-a8e3-b506c8ba6039	chr6	42111214	43266592	2	2	0
3e685778-e314-40de-a8e3-b506c8ba6039	chr6	43267667	44093870	17	16	1
3e685778-e314-40de-a8e3-b506c8ba6039	chr6	44096327	44330145	31	30	1
3e685778-e314-40de-a8e3-b506c8ba6039	chr6	44330492	51407965	2	2	0
3e685778-e314-40de-a8e3-b506c8ba6039	chr6	51408146	77528187	3	2	1
3e685778-e314-40de-a8e3-b506c8ba6039	chr6	77536799	77559199	5	3	2
3e685778-e314-40de-a8e3-b506c8ba6039	chr6	77559214	80575042	3	2	1
3e685778-e314-40de-a8e3-b506c8ba6039	chr6	80575241	80579817	0	0	0
3e685778-e314-40de-a8e3-b506c8ba6039	chr6	80584624	170741917	3	2	1
3e685778-e314-40de-a8e3-b506c8ba6039	chr7	43259	35357045	4	2	2
3e685778-e314-40de-a8e3-b506c8ba6039	chr7	35357957	35362887	0	0	0
3e685778-e314-40de-a8e3-b506c8ba6039	chr7	35364980	111082068	4	2	2
3e685778-e314-40de-a8e3-b506c8ba6039	chr7	111084377	111094441	3	2	1
3e685778-e314-40de-a8e3-b506c8ba6039	chr7	111096225	111151136	1	1	0
3e685778-e314-40de-a8e3-b506c8ba6039	chr7	111151586	142262927	4	2	2
3e685778-e314-40de-a8e3-b506c8ba6039	chr7	142263156	142275595	1	1	0
3e685778-e314-40de-a8e3-b506c8ba6039	chr7	142282488	142433430	3	2	1
3e685778-e314-40de-a8e3-b506c8ba6039	chr7	142433557	142442624	7	4	3
3e685778-e314-40de-a8e3-b506c8ba6039	chr7	142442973	159334314	4	2	2
3e685778-e314-40de-a8e3-b506c8ba6039	chr8	81254	27912250	1	1	0
3e685778-e314-40de-a8e3-b506c8ba6039	chr8	27912560	27929707	2	2	0
3e685778-e314-40de-a8e3-b506c8ba6039	chr8	27929792	31391671	1	1	0
3e685778-e314-40de-a8e3-b506c8ba6039	chr8	31391705	31950578	2	2	0
3e685778-e314-40de-a8e3-b506c8ba6039	chr8	31950603	31967765	3	3	0
3e685778-e314-40de-a8e3-b506c8ba6039	chr8	31967970	31988484	1	1	0
3e685778-e314-40de-a8e3-b506c8ba6039	chr8	31988864	32985537	2	2	0
3e685778-e314-40de-a8e3-b506c8ba6039	chr8	32985727	36947564	1	1	0
3e685778-e314-40de-a8e3-b506c8ba6039	chr8	36950063	40062496	6	6	0
3e685778-e314-40de-a8e3-b506c8ba6039	chr8	40063676	40380618	4	4	0
3e685778-e314-40de-a8e3-b506c8ba6039	chr8	40381056	40530272	3	3	0
3e685778-e314-40de-a8e3-b506c8ba6039	chr8	40530799	43931659	2	2	0
3e685778-e314-40de-a8e3-b506c8ba6039	chr8	45951913	48543699	7	4	3
3e685778-e314-40de-a8e3-b506c8ba6039	chr8	48544972	145072769	5	4	1
3e685778-e314-40de-a8e3-b506c8ba6039	chr9	46587	105046343	2	2	0
3e685778-e314-40de-a8e3-b506c8ba6039	chr9	105046738	105053194	3	3	0
3e685778-e314-40de-a8e3-b506c8ba6039	chr9	105053401	110937600	2	2	0
3e685778-e314-40de-a8e3-b506c8ba6039	chr9	110937947	111003790	1	1	0
3e685778-e314-40de-a8e3-b506c8ba6039	chr9	111011626	124325547	2	2	0
3e685778-e314-40de-a8e3-b506c8ba6039	chr9	124327496	124356107	3	3	0
3e685778-e314-40de-a8e3-b506c8ba6039	chr9	124356893	138200944	2	2	0
3e685778-e314-40de-a8e3-b506c8ba6039	chr10	45792	23571145	2	2	0
3e685778-e314-40de-a8e3-b506c8ba6039	chr10	23575025	23608569	1	1	0
3e685778-e314-40de-a8e3-b506c8ba6039	chr10	23608844	38737005	2	2	0
3e685778-e314-40de-a8e3-b506c8ba6039	chr10	38747590	44564457	3	2	1
3e685778-e314-40de-a8e3-b506c8ba6039	chr10	44564856	44579410	4	2	2
3e685778-e314-40de-a8e3-b506c8ba6039	chr10	44582663	93895170	3	2	1
3e685778-e314-40de-a8e3-b506c8ba6039	chr10	93895733	93953388	5	3	2
3e685778-e314-40de-a8e3-b506c8ba6039	chr10	93953765	111439637	3	2	1
3e685778-e314-40de-a8e3-b506c8ba6039	chr10	111439932	111447018	1	1	0
3e685778-e314-40de-a8e3-b506c8ba6039	chr10	111447265	133654968	3	2	1
3e685778-e314-40de-a8e3-b506c8ba6039	chr11	198510	43513688	3	2	1
3e685778-e314-40de-a8e3-b506c8ba6039	chr11	43513851	67582428	2	2	0
3e685778-e314-40de-a8e3-b506c8ba6039	chr11	67582583	68678826	3	2	1
3e685778-e314-40de-a8e3-b506c8ba6039	chr11	68680729	79755725	2	2	0
3e685778-e314-40de-a8e3-b506c8ba6039	chr11	79755768	81763407	3	2	1
3e685778-e314-40de-a8e3-b506c8ba6039	chr11	81767467	82431329	4	2	2
3e685778-e314-40de-a8e3-b506c8ba6039	chr11	82431470	82571809	4	3	1
3e685778-e314-40de-a8e3-b506c8ba6039	chr11	82581366	93906165	2	2	0
3e685778-e314-40de-a8e3-b506c8ba6039	chr11	93907189	95765499	3	2	1
3e685778-e314-40de-a8e3-b506c8ba6039	chr11	95766271	109584359	2	2	0
3e685778-e314-40de-a8e3-b506c8ba6039	chr11	109589456	120386655	3	2	1
3e685778-e314-40de-a8e3-b506c8ba6039	chr11	120386786	135074876	2	2	0
3e685778-e314-40de-a8e3-b506c8ba6039	chr12	51460	1871935	4	3	1
3e685778-e314-40de-a8e3-b506c8ba6039	chr12	1872284	13335781	3	3	0
3e685778-e314-40de-a8e3-b506c8ba6039	chr12	13337541	13346171	1	1	0
3e685778-e314-40de-a8e3-b506c8ba6039	chr12	13346276	30398250	3	3	0
3e685778-e314-40de-a8e3-b506c8ba6039	chr12	30401839	30463113	4	4	0
3e685778-e314-40de-a8e3-b506c8ba6039	chr12	30463660	52526630	3	3	0
3e685778-e314-40de-a8e3-b506c8ba6039	chr12	52527431	52531875	8	7	1
3e685778-e314-40de-a8e3-b506c8ba6039	chr12	52532185	52546044	1	1	0
3e685778-e314-40de-a8e3-b506c8ba6039	chr12	52546945	102970160	3	3	0
3e685778-e314-40de-a8e3-b506c8ba6039	chr12	102975111	105449943	2	2	0
3e685778-e314-40de-a8e3-b506c8ba6039	chr12	105450243	105503950	5	5	0
3e685778-e314-40de-a8e3-b506c8ba6039	chr12	105504615	133201603	3	3	0
3e685778-e314-40de-a8e3-b506c8ba6039	chr13	18452809	19021274	3	2	1
3e685778-e314-40de-a8e3-b506c8ba6039	chr13	19022192	19030298	10	5	5
3e685778-e314-40de-a8e3-b506c8ba6039	chr13	19030345	70558492	4	2	2
3e685778-e314-40de-a8e3-b506c8ba6039	chr13	70558673	70564932	1	1	0
3e685778-e314-40de-a8e3-b506c8ba6039	chr13	70568082	76310405	4	2	2
3e685778-e314-40de-a8e3-b506c8ba6039	chr13	76313382	80032097	3	2	1
3e685778-e314-40de-a8e3-b506c8ba6039	chr13	80032330	114342922	4	2	2
3e685778-e314-40de-a8e3-b506c8ba6039	chr14	18239283	87341894	3	2	1
3e685778-e314-40de-a8e3-b506c8ba6039	chr14	87342735	87363137	1	1	0
3e685778-e314-40de-a8e3-b506c8ba6039	chr14	87365502	106877229	3	2	1
3e685778-e314-40de-a8e3-b506c8ba6039	chr15	19811075	34379111	4	2	2
3e685778-e314-40de-a8e3-b506c8ba6039	chr15	34379885	34522341	1	1	0
3e685778-e314-40de-a8e3-b506c8ba6039	chr15	34526116	76598900	3	2	1
3e685778-e314-40de-a8e3-b506c8ba6039	chr15	76599170	76603003	0	0	0
3e685778-e314-40de-a8e3-b506c8ba6039	chr15	76603426	101928837	3	2	1
3e685778-e314-40de-a8e3-b506c8ba6039	chr16	10777	6354317	5	3	2
3e685778-e314-40de-a8e3-b506c8ba6039	chr16	6354836	6855071	4	2	2
3e685778-e314-40de-a8e3-b506c8ba6039	chr16	6859387	6900274	2	1	1
3e685778-e314-40de-a8e3-b506c8ba6039	chr16	6904273	6924618	2	2	0
3e685778-e314-40de-a8e3-b506c8ba6039	chr16	6927963	6973873	5	3	2
3e685778-e314-40de-a8e3-b506c8ba6039	chr16	6974870	7127258	4	3	1
3e685778-e314-40de-a8e3-b506c8ba6039	chr16	7128494	36048855	4	2	2
3e685778-e314-40de-a8e3-b506c8ba6039	chr16	46441986	78343037	5	3	2
3e685778-e314-40de-a8e3-b506c8ba6039	chr16	78343264	78350868	0	0	0
3e685778-e314-40de-a8e3-b506c8ba6039	chr16	78351104	78879218	5	3	2
3e685778-e314-40de-a8e3-b506c8ba6039	chr16	78879267	78892801	10	5	5
3e685778-e314-40de-a8e3-b506c8ba6039	chr16	78896319	80539067	5	3	2
3e685778-e314-40de-a8e3-b506c8ba6039	chr16	80539127	90096867	4	2	2
3e685778-e314-40de-a8e3-b506c8ba6039	chr17	150733	16024908	2	2	0
3e685778-e314-40de-a8e3-b506c8ba6039	chr17	16026693	21624398	4	2	2
3e685778-e314-40de-a8e3-b506c8ba6039	chr17	21661661	22736323	2	2	0
3e685778-e314-40de-a8e3-b506c8ba6039	chr17	26943491	33328771	3	3	0
3e685778-e314-40de-a8e3-b506c8ba6039	chr17	33329786	33349473	6	6	0
3e685778-e314-40de-a8e3-b506c8ba6039	chr17	33350044	37541272	3	3	0
3e685778-e314-40de-a8e3-b506c8ba6039	chr17	37549384	37788306	62	60	2
3e685778-e314-40de-a8e3-b506c8ba6039	chr17	37792127	38719062	22	20	2
3e685778-e314-40de-a8e3-b506c8ba6039	chr17	38733306	43884690	3	3	0
3e685778-e314-40de-a8e3-b506c8ba6039	chr17	43886681	44097491	5	3	2
3e685778-e314-40de-a8e3-b506c8ba6039	chr17	44098855	44145807	2	2	0
3e685778-e314-40de-a8e3-b506c8ba6039	chr17	44150247	44298195	5	3	2
3e685778-e314-40de-a8e3-b506c8ba6039	chr17	44306946	46084918	3	3	0
3e685778-e314-40de-a8e3-b506c8ba6039	chr17	46084941	46274563	6	6	0
3e685778-e314-40de-a8e3-b506c8ba6039	chr17	46275506	68827930	3	3	0
3e685778-e314-40de-a8e3-b506c8ba6039	chr17	68830668	69781272	2	2	0
3e685778-e314-40de-a8e3-b506c8ba6039	chr17	69786038	83091923	3	3	0
3e685778-e314-40de-a8e3-b506c8ba6039	chr18	48133	2163553	4	3	1
3e685778-e314-40de-a8e3-b506c8ba6039	chr18	2164295	2212296	2	2	0
3e685778-e314-40de-a8e3-b506c8ba6039	chr18	2216533	9511183	4	3	1
3e685778-e314-40de-a8e3-b506c8ba6039	chr18	9518516	12181351	4	2	2
3e685778-e314-40de-a8e3-b506c8ba6039	chr18	12187976	13231313	2	2	0
3e685778-e314-40de-a8e3-b506c8ba6039	chr18	13234324	23379010	4	2	2
3e685778-e314-40de-a8e3-b506c8ba6039	chr18	23379115	25385821	2	2	0
3e685778-e314-40de-a8e3-b506c8ba6039	chr18	25386187	26787448	1	1	0
3e685778-e314-40de-a8e3-b506c8ba6039	chr18	26787465	28303969	2	2	0
3e685778-e314-40de-a8e3-b506c8ba6039	chr18	28310236	29298064	5	3	2
3e685778-e314-40de-a8e3-b506c8ba6039	chr18	29298197	37271793	2	2	0
3e685778-e314-40de-a8e3-b506c8ba6039	chr18	37274312	37292778	0	0	0
3e685778-e314-40de-a8e3-b506c8ba6039	chr18	37295440	80257174	2	2	0
3e685778-e314-40de-a8e3-b506c8ba6039	chr19	90910	23524606	2	2	0
3e685778-e314-40de-a8e3-b506c8ba6039	chr19	23526518	23555077	1	1	0
3e685778-e314-40de-a8e3-b506c8ba6039	chr19	23555626	28443455	2	2	0
3e685778-e314-40de-a8e3-b506c8ba6039	chr19	28446090	35723272	3	2	1
3e685778-e314-40de-a8e3-b506c8ba6039	chr19	35725155	43185398	2	2	0
3e685778-e314-40de-a8e3-b506c8ba6039	chr19	43187166	43290001	1	1	0
3e685778-e314-40de-a8e3-b506c8ba6039	chr19	43300610	54577735	2	2	0
3e685778-e314-40de-a8e3-b506c8ba6039	chr19	54578604	58485576	3	2	1
3e685778-e314-40de-a8e3-b506c8ba6039	chr19	58492265	58586487	2	2	0
3e685778-e314-40de-a8e3-b506c8ba6039	chr20	80664	16574819	2	1	1
3e685778-e314-40de-a8e3-b506c8ba6039	chr20	16575325	16583528	0	0	0
3e685778-e314-40de-a8e3-b506c8ba6039	chr20	16583565	22087768	2	1	1
3e685778-e314-40de-a8e3-b506c8ba6039	chr20	22092093	31923418	3	2	1
3e685778-e314-40de-a8e3-b506c8ba6039	chr20	31926581	64324800	4	2	2
3e685778-e314-40de-a8e3-b506c8ba6039	chr21	12973348	32948203	2	1	1
3e685778-e314-40de-a8e3-b506c8ba6039	chr21	32950837	46677045	4	3	1
3e685778-e314-40de-a8e3-b506c8ba6039	chr22	16392123	45483551	2	2	0
3e685778-e314-40de-a8e3-b506c8ba6039	chr22	45483950	45494149	1	1	0
3e685778-e314-40de-a8e3-b506c8ba6039	chr22	45496553	50796027	2	2	0
3e685778-e314-40de-a8e3-b506c8ba6039	chrX	251810	382896	2	1	1
3e685778-e314-40de-a8e3-b506c8ba6039	chrX	383012	22516473	4	2	2
3e685778-e314-40de-a8e3-b506c8ba6039	chrX	22517291	22525337	5	3	2
3e685778-e314-40de-a8e3-b506c8ba6039	chrX	22525922	23221421	3	2	1
3e685778-e314-40de-a8e3-b506c8ba6039	chrX	23222567	23226324	1	1	0
3e685778-e314-40de-a8e3-b506c8ba6039	chrX	23226352	35641862	4	2	2
3e685778-e314-40de-a8e3-b506c8ba6039	chrX	35642003	35660274	7	4	3
3e685778-e314-40de-a8e3-b506c8ba6039	chrX	35660622	117212506	4	2	2
3e685778-e314-40de-a8e3-b506c8ba6039	chrX	117215925	117310381	2	1	1
3e685778-e314-40de-a8e3-b506c8ba6039	chrX	117316462	127291742	4	2	2
3e685778-e314-40de-a8e3-b506c8ba6039	chrX	127291847	127299472	7	4	3
3e685778-e314-40de-a8e3-b506c8ba6039	chrX	127300101	152918876	4	2	2
3e685778-e314-40de-a8e3-b506c8ba6039	chrX	152919708	152929952	2	1	1
3e685778-e314-40de-a8e3-b506c8ba6039	chrX	152930597	156004181	3	2	1
3e685778-e314-40de-a8e3-b506c8ba6039	chrY	2782397	26653788	0	0	0
3e685778-e314-40de-a8e3-b506c8ba6039	chrY	56872112	56872112	3	3	0
544016e1-410a-44bd-ba8e-33e0ac627615	chr1	61735	248930189	2	1	1
544016e1-410a-44bd-ba8e-33e0ac627615	chr2	12784	242147305	2	1	1
544016e1-410a-44bd-ba8e-33e0ac627615	chr3	18667	198169247	2	1	1
544016e1-410a-44bd-ba8e-33e0ac627615	chr4	12281	190106768	2	1	1
544016e1-410a-44bd-ba8e-33e0ac627615	chr5	15532	181363319	2	1	1
544016e1-410a-44bd-ba8e-33e0ac627615	chr6	149661	170741917	2	1	1
544016e1-410a-44bd-ba8e-33e0ac627615	chr7	43259	159334314	2	1	1
544016e1-410a-44bd-ba8e-33e0ac627615	chr8	81254	145072769	2	1	1
544016e1-410a-44bd-ba8e-33e0ac627615	chr9	46587	138200944	2	1	1
544016e1-410a-44bd-ba8e-33e0ac627615	chr10	26823	133769379	2	1	1
544016e1-410a-44bd-ba8e-33e0ac627615	chr11	198572	135074876	2	1	1
544016e1-410a-44bd-ba8e-33e0ac627615	chr12	51460	133201603	2	1	1
544016e1-410a-44bd-ba8e-33e0ac627615	chr13	18452809	114342922	2	1	1
544016e1-410a-44bd-ba8e-33e0ac627615	chr14	18225647	106877229	2	1	1
544016e1-410a-44bd-ba8e-33e0ac627615	chr15	19811075	101928837	2	1	1
544016e1-410a-44bd-ba8e-33e0ac627615	chr16	10777	90221127	2	1	1
544016e1-410a-44bd-ba8e-33e0ac627615	chr17	150733	83090856	2	1	1
544016e1-410a-44bd-ba8e-33e0ac627615	chr18	48133	80257174	2	1	1
544016e1-410a-44bd-ba8e-33e0ac627615	chr19	90910	58586487	2	1	1
544016e1-410a-44bd-ba8e-33e0ac627615	chr20	80664	64324800	2	1	1
544016e1-410a-44bd-ba8e-33e0ac627615	chr21	10336543	46677045	2	1	1
544016e1-410a-44bd-ba8e-33e0ac627615	chr22	15294545	50796027	2	1	1
544016e1-410a-44bd-ba8e-33e0ac627615	chrX	251810	156004181	2	1	1
4b148ff4-e661-497e-baee-afbc481350ed	chr1	61735	32137624	1	1	0
4b148ff4-e661-497e-baee-afbc481350ed	chr1	32143004	121741181	2	1	1
4b148ff4-e661-497e-baee-afbc481350ed	chr1	143285278	177527171	8	7	1
4b148ff4-e661-497e-baee-afbc481350ed	chr1	177528003	237495847	7	6	1
4b148ff4-e661-497e-baee-afbc481350ed	chr1	237496006	241032185	8	7	1
4b148ff4-e661-497e-baee-afbc481350ed	chr1	241032678	248930189	7	6	1
4b148ff4-e661-497e-baee-afbc481350ed	chr2	12784	34571109	2	1	1
4b148ff4-e661-497e-baee-afbc481350ed	chr2	34576741	35558980	3	2	1
4b148ff4-e661-497e-baee-afbc481350ed	chr2	35569309	65307161	2	1	1
4b148ff4-e661-497e-baee-afbc481350ed	chr2	65314200	65429232	3	2	1
4b148ff4-e661-497e-baee-afbc481350ed	chr2	65429804	97878589	2	1	1
4b148ff4-e661-497e-baee-afbc481350ed	chr2	97880179	131695429	3	2	1
4b148ff4-e661-497e-baee-afbc481350ed	chr2	131696316	137647291	4	3	1
4b148ff4-e661-497e-baee-afbc481350ed	chr2	137649270	139849527	6	5	1
4b148ff4-e661-497e-baee-afbc481350ed	chr2	139850720	141866266	5	4	1
4b148ff4-e661-497e-baee-afbc481350ed	chr2	141866452	142618900	3	2	1
4b148ff4-e661-497e-baee-afbc481350ed	chr2	142618960	149594686	4	3	1
4b148ff4-e661-497e-baee-afbc481350ed	chr2	149596715	192765218	3	2	1
4b148ff4-e661-497e-baee-afbc481350ed	chr2	192765986	193089811	5	4	1
4b148ff4-e661-497e-baee-afbc481350ed	chr2	193089825	242147305	3	2	1
4b148ff4-e661-497e-baee-afbc481350ed	chr3	18667	4482414	2	1	1
4b148ff4-e661-497e-baee-afbc481350ed	chr3	4482492	4616635	3	2	1
4b148ff4-e661-497e-baee-afbc481350ed	chr3	4616657	198169247	2	1	1
4b148ff4-e661-497e-baee-afbc481350ed	chr4	12281	7603747	2	1	1
4b148ff4-e661-497e-baee-afbc481350ed	chr4	7606197	14335229	3	2	1
4b148ff4-e661-497e-baee-afbc481350ed	chr4	14337993	158431717	2	1	1
4b148ff4-e661-497e-baee-afbc481350ed	chr4	158436668	159137283	3	2	1
4b148ff4-e661-497e-baee-afbc481350ed	chr4	159139308	176049004	2	1	1
4b148ff4-e661-497e-baee-afbc481350ed	chr4	176054924	190106768	1	1	0
4b148ff4-e661-497e-baee-afbc481350ed	chr5	15532	181363319	2	1	1
4b148ff4-e661-497e-baee-afbc481350ed	chr6	149661	58014194	3	2	1
4b148ff4-e661-497e-baee-afbc481350ed	chr6	58018478	167700590	2	1	1
4b148ff4-e661-497e-baee-afbc481350ed	chr6	167703217	170741917	3	2	1
4b148ff4-e661-497e-baee-afbc481350ed	chr7	43259	159334314	2	1	1
4b148ff4-e661-497e-baee-afbc481350ed	chr8	81254	145072769	2	1	1
4b148ff4-e661-497e-baee-afbc481350ed	chr9	46587	138200944	2	1	1
4b148ff4-e661-497e-baee-afbc481350ed	chr10	26823	41761755	3	2	1
4b148ff4-e661-497e-baee-afbc481350ed	chr10	41762348	47993783	4	3	1
4b148ff4-e661-497e-baee-afbc481350ed	chr10	48004737	59955556	2	1	1
4b148ff4-e661-497e-baee-afbc481350ed	chr10	59955830	67542727	5	4	1
4b148ff4-e661-497e-baee-afbc481350ed	chr10	67543071	81037000	4	3	1
4b148ff4-e661-497e-baee-afbc481350ed	chr10	81042324	83700241	5	4	1
4b148ff4-e661-497e-baee-afbc481350ed	chr10	83701305	116951091	4	3	1
4b148ff4-e661-497e-baee-afbc481350ed	chr10	116954163	121446224	2	1	1
4b148ff4-e661-497e-baee-afbc481350ed	chr10	121451107	133769379	4	3	1
4b148ff4-e661-497e-baee-afbc481350ed	chr11	198572	135074876	2	1	1
4b148ff4-e661-497e-baee-afbc481350ed	chr12	51460	133201603	2	1	1
4b148ff4-e661-497e-baee-afbc481350ed	chr13	18452809	86185706	2	1	1
4b148ff4-e661-497e-baee-afbc481350ed	chr13	86269547	114342922	3	2	1
4b148ff4-e661-497e-baee-afbc481350ed	chr14	18225647	106877229	2	1	1
4b148ff4-e661-497e-baee-afbc481350ed	chr15	19811075	101928837	2	1	1
4b148ff4-e661-497e-baee-afbc481350ed	chr16	10777	34962980	3	2	1
4b148ff4-e661-497e-baee-afbc481350ed	chr16	34963231	70808194	2	1	1
4b148ff4-e661-497e-baee-afbc481350ed	chr16	70820478	71174297	5	3	2
4b148ff4-e661-497e-baee-afbc481350ed	chr16	71176023	90221127	2	1	1
4b148ff4-e661-497e-baee-afbc481350ed	chr17	150733	83090856	2	1	1
4b148ff4-e661-497e-baee-afbc481350ed	chr18	48133	29785441	2	1	1
4b148ff4-e661-497e-baee-afbc481350ed	chr18	29785547	80257174	1	1	0
4b148ff4-e661-497e-baee-afbc481350ed	chr19	90910	58586487	2	1	1
4b148ff4-e661-497e-baee-afbc481350ed	chr20	80664	24816539	2	1	1
4b148ff4-e661-497e-baee-afbc481350ed	chr20	24818220	25294153	3	2	1
4b148ff4-e661-497e-baee-afbc481350ed	chr20	25295145	64324800	2	1	1
4b148ff4-e661-497e-baee-afbc481350ed	chr21	10336543	46677045	2	1	1
4b148ff4-e661-497e-baee-afbc481350ed	chr22	15294545	50796027	2	1	1
4b148ff4-e661-497e-baee-afbc481350ed	chrX	251810	2776199	2	1	1
4b148ff4-e661-497e-baee-afbc481350ed	chrX	2785350	109635434	1	1	0
4b148ff4-e661-497e-baee-afbc481350ed	chrX	109638149	109821239	2	2	0
4b148ff4-e661-497e-baee-afbc481350ed	chrX	109822784	156004181	1	1	0
69bc84d9-acf9-444f-93cf-0d401a3836aa	chr1	62920	38158831	2	1	1
69bc84d9-acf9-444f-93cf-0d401a3836aa	chr1	38159106	38171898	0	0	0
69bc84d9-acf9-444f-93cf-0d401a3836aa	chr1	38172026	175617739	2	1	1
69bc84d9-acf9-444f-93cf-0d401a3836aa	chr1	175618395	175625302	1	1	0
69bc84d9-acf9-444f-93cf-0d401a3836aa	chr1	175627766	214790804	2	1	1
69bc84d9-acf9-444f-93cf-0d401a3836aa	chr1	214791758	214800147	5	3	2
69bc84d9-acf9-444f-93cf-0d401a3836aa	chr1	214801395	248930189	2	1	1
69bc84d9-acf9-444f-93cf-0d401a3836aa	chr2	12784	64438201	2	1	1
69bc84d9-acf9-444f-93cf-0d401a3836aa	chr2	64440674	64459805	0	0	0
69bc84d9-acf9-444f-93cf-0d401a3836aa	chr2	64460643	65488310	2	1	1
69bc84d9-acf9-444f-93cf-0d401a3836aa	chr2	65489482	65498670	1	1	0
69bc84d9-acf9-444f-93cf-0d401a3836aa	chr2	65499064	106263639	2	1	1
69bc84d9-acf9-444f-93cf-0d401a3836aa	chr2	106264257	106270799	0	0	0
69bc84d9-acf9-444f-93cf-0d401a3836aa	chr2	106270952	133833769	2	1	1
69bc84d9-acf9-444f-93cf-0d401a3836aa	chr2	133835711	133842366	4	2	2
69bc84d9-acf9-444f-93cf-0d401a3836aa	chr2	133842403	154080967	2	1	1
69bc84d9-acf9-444f-93cf-0d401a3836aa	chr2	154081195	154425285	3	2	1
69bc84d9-acf9-444f-93cf-0d401a3836aa	chr2	154425689	220894260	2	1	1
69bc84d9-acf9-444f-93cf-0d401a3836aa	chr2	220894396	220937438	3	2	1
69bc84d9-acf9-444f-93cf-0d401a3836aa	chr2	220938076	241833619	2	1	1
69bc84d9-acf9-444f-93cf-0d401a3836aa	chr2	241840119	242147305	3	2	1
69bc84d9-acf9-444f-93cf-0d401a3836aa	chr3	20930	198169247	2	1	1
69bc84d9-acf9-444f-93cf-0d401a3836aa	chr4	68929	79688228	2	1	1
69bc84d9-acf9-444f-93cf-0d401a3836aa	chr4	79688325	79719071	1	1	0
69bc84d9-acf9-444f-93cf-0d401a3836aa	chr4	79719143	143921040	2	1	1
69bc84d9-acf9-444f-93cf-0d401a3836aa	chr4	143921485	144022456	0	0	0
69bc84d9-acf9-444f-93cf-0d401a3836aa	chr4	144031375	150955157	2	1	1
69bc84d9-acf9-444f-93cf-0d401a3836aa	chr4	150955173	150963148	0	0	0
69bc84d9-acf9-444f-93cf-0d401a3836aa	chr4	150963154	182326351	2	1	1
69bc84d9-acf9-444f-93cf-0d401a3836aa	chr4	182326448	182368576	1	1	0
69bc84d9-acf9-444f-93cf-0d401a3836aa	chr4	182371172	190106768	2	1	1
69bc84d9-acf9-444f-93cf-0d401a3836aa	chr5	15532	35148083	2	1	1
69bc84d9-acf9-444f-93cf-0d401a3836aa	chr5	35148442	35165833	5	3	2
69bc84d9-acf9-444f-93cf-0d401a3836aa	chr5	35168268	181363319	2	1	1
69bc84d9-acf9-444f-93cf-0d401a3836aa	chr6	149661	29696354	2	1	1
69bc84d9-acf9-444f-93cf-0d401a3836aa	chr6	29696675	29771223	1	1	0
69bc84d9-acf9-444f-93cf-0d401a3836aa	chr6	29771280	119045037	2	1	1
69bc84d9-acf9-444f-93cf-0d401a3836aa	chr6	119045354	119231009	1	1	0
69bc84d9-acf9-444f-93cf-0d401a3836aa	chr6	119231630	170741917	2	1	1
69bc84d9-acf9-444f-93cf-0d401a3836aa	chr7	43259	18778774	2	1	1
69bc84d9-acf9-444f-93cf-0d401a3836aa	chr7	18779052	18791841	4	2	2
69bc84d9-acf9-444f-93cf-0d401a3836aa	chr7	18791965	35358012	2	1	1
69bc84d9-acf9-444f-93cf-0d401a3836aa	chr7	35358037	35366118	0	0	0
69bc84d9-acf9-444f-93cf-0d401a3836aa	chr7	35367534	50473607	2	1	1
69bc84d9-acf9-444f-93cf-0d401a3836aa	chr7	50474784	50482182	1	1	0
69bc84d9-acf9-444f-93cf-0d401a3836aa	chr7	50483182	70905356	2	1	1
69bc84d9-acf9-444f-93cf-0d401a3836aa	chr7	70905483	70965195	3	2	1
69bc84d9-acf9-444f-93cf-0d401a3836aa	chr7	70965943	103827896	2	1	1
69bc84d9-acf9-444f-93cf-0d401a3836aa	chr7	103828422	103841283	0	0	0
69bc84d9-acf9-444f-93cf-0d401a3836aa	chr7	103843403	142384213	2	1	1
69bc84d9-acf9-444f-93cf-0d401a3836aa	chr7	142387034	142405350	0	0	0
69bc84d9-acf9-444f-93cf-0d401a3836aa	chr7	142406173	142493614	3	2	1
69bc84d9-acf9-444f-93cf-0d401a3836aa	chr7	142494784	159334314	2	1	1
69bc84d9-acf9-444f-93cf-0d401a3836aa	chr8	81254	27452263	2	1	1
69bc84d9-acf9-444f-93cf-0d401a3836aa	chr8	27452605	27467674	5	3	2
69bc84d9-acf9-444f-93cf-0d401a3836aa	chr8	27468423	145072769	2	1	1
69bc84d9-acf9-444f-93cf-0d401a3836aa	chr9	46587	83287003	2	1	1
69bc84d9-acf9-444f-93cf-0d401a3836aa	chr9	83288468	83293553	1	1	0
69bc84d9-acf9-444f-93cf-0d401a3836aa	chr9	83295597	94563716	2	1	1
69bc84d9-acf9-444f-93cf-0d401a3836aa	chr9	94563749	94628419	1	1	0
69bc84d9-acf9-444f-93cf-0d401a3836aa	chr9	94628575	113540950	2	1	1
69bc84d9-acf9-444f-93cf-0d401a3836aa	chr9	113548284	113578876	4	2	2
69bc84d9-acf9-444f-93cf-0d401a3836aa	chr9	113583191	138200944	2	1	1
69bc84d9-acf9-444f-93cf-0d401a3836aa	chr10	45792	23512431	2	1	1
69bc84d9-acf9-444f-93cf-0d401a3836aa	chr10	23515286	23607098	1	1	0
69bc84d9-acf9-444f-93cf-0d401a3836aa	chr10	23607430	83967816	2	1	1
69bc84d9-acf9-444f-93cf-0d401a3836aa	chr10	83968914	84013753	1	1	0
69bc84d9-acf9-444f-93cf-0d401a3836aa	chr10	84015915	133654968	2	1	1
69bc84d9-acf9-444f-93cf-0d401a3836aa	chr11	198510	55706751	2	1	1
69bc84d9-acf9-444f-93cf-0d401a3836aa	chr11	55707880	55832581	1	1	0
69bc84d9-acf9-444f-93cf-0d401a3836aa	chr11	55835699	69510313	2	1	1
69bc84d9-acf9-444f-93cf-0d401a3836aa	chr11	69510343	69534101	5	3	2
69bc84d9-acf9-444f-93cf-0d401a3836aa	chr11	69536953	69993211	2	1	1
69bc84d9-acf9-444f-93cf-0d401a3836aa	chr11	69995642	70003258	1	1	0
69bc84d9-acf9-444f-93cf-0d401a3836aa	chr11	70003328	135074876	2	1	1
69bc84d9-acf9-444f-93cf-0d401a3836aa	chr12	51460	56670761	2	1	1
69bc84d9-acf9-444f-93cf-0d401a3836aa	chr12	56671929	58180356	3	2	1
69bc84d9-acf9-444f-93cf-0d401a3836aa	chr12	58180645	58180645	2	2	0
69bc84d9-acf9-444f-93cf-0d401a3836aa	chr12	58181504	58233093	4	2	2
69bc84d9-acf9-444f-93cf-0d401a3836aa	chr12	58234054	133201603	2	1	1
69bc84d9-acf9-444f-93cf-0d401a3836aa	chr13	18452809	80572659	2	1	1
69bc84d9-acf9-444f-93cf-0d401a3836aa	chr13	80573704	80587519	5	3	2
69bc84d9-acf9-444f-93cf-0d401a3836aa	chr13	80587828	101375139	2	1	1
69bc84d9-acf9-444f-93cf-0d401a3836aa	chr13	101375184	101397855	1	1	0
69bc84d9-acf9-444f-93cf-0d401a3836aa	chr13	101398295	114342922	2	1	1
69bc84d9-acf9-444f-93cf-0d401a3836aa	chr14	18239283	23977508	2	1	1
69bc84d9-acf9-444f-93cf-0d401a3836aa	chr14	23982222	24025440	0	0	0
69bc84d9-acf9-444f-93cf-0d401a3836aa	chr14	24025841	45357534	2	1	1
69bc84d9-acf9-444f-93cf-0d401a3836aa	chr14	45359556	45368325	0	0	0
69bc84d9-acf9-444f-93cf-0d401a3836aa	chr14	45368511	61477168	2	1	1
69bc84d9-acf9-444f-93cf-0d401a3836aa	chr14	61478164	61488926	1	1	0
69bc84d9-acf9-444f-93cf-0d401a3836aa	chr14	61489213	99551024	2	1	1
69bc84d9-acf9-444f-93cf-0d401a3836aa	chr14	99551085	99556527	1	1	0
69bc84d9-acf9-444f-93cf-0d401a3836aa	chr14	99557059	106877229	2	1	1
69bc84d9-acf9-444f-93cf-0d401a3836aa	chr15	19811075	51381185	2	1	1
69bc84d9-acf9-444f-93cf-0d401a3836aa	chr15	51381433	51396812	3	2	1
69bc84d9-acf9-444f-93cf-0d401a3836aa	chr15	51397575	56497449	2	1	1
69bc84d9-acf9-444f-93cf-0d401a3836aa	chr15	56498505	56519006	0	0	0
69bc84d9-acf9-444f-93cf-0d401a3836aa	chr15	56520133	101928837	2	1	1
69bc84d9-acf9-444f-93cf-0d401a3836aa	chr16	10777	90096867	2	1	1
69bc84d9-acf9-444f-93cf-0d401a3836aa	chr17	150733	41265456	2	1	1
69bc84d9-acf9-444f-93cf-0d401a3836aa	chr17	41266762	41267082	11	11	0
69bc84d9-acf9-444f-93cf-0d401a3836aa	chr17	41267234	55865326	2	1	1
69bc84d9-acf9-444f-93cf-0d401a3836aa	chr17	55865582	55890413	1	1	0
69bc84d9-acf9-444f-93cf-0d401a3836aa	chr17	55893381	83091923	2	1	1
69bc84d9-acf9-444f-93cf-0d401a3836aa	chr18	48133	57292869	2	1	1
69bc84d9-acf9-444f-93cf-0d401a3836aa	chr18	57294551	57314161	1	1	0
69bc84d9-acf9-444f-93cf-0d401a3836aa	chr18	57314394	80257174	2	1	1
69bc84d9-acf9-444f-93cf-0d401a3836aa	chr19	90910	29576946	2	1	1
69bc84d9-acf9-444f-93cf-0d401a3836aa	chr19	29577270	29601670	1	1	0
69bc84d9-acf9-444f-93cf-0d401a3836aa	chr19	29602077	58586487	2	1	1
69bc84d9-acf9-444f-93cf-0d401a3836aa	chr20	80664	42680714	2	1	1
69bc84d9-acf9-444f-93cf-0d401a3836aa	chr20	42680746	42733189	3	2	1
69bc84d9-acf9-444f-93cf-0d401a3836aa	chr20	42734044	64324800	2	1	1
69bc84d9-acf9-444f-93cf-0d401a3836aa	chr21	12973348	46677045	2	1	1
69bc84d9-acf9-444f-93cf-0d401a3836aa	chr22	16392123	50796027	2	1	1
69bc84d9-acf9-444f-93cf-0d401a3836aa	chrX	251810	23688239	2	1	1
69bc84d9-acf9-444f-93cf-0d401a3836aa	chrX	23701305	25524243	4	3	1
69bc84d9-acf9-444f-93cf-0d401a3836aa	chrX	25524623	35640420	2	1	1
69bc84d9-acf9-444f-93cf-0d401a3836aa	chrX	35641321	35660274	4	2	2
69bc84d9-acf9-444f-93cf-0d401a3836aa	chrX	35660622	156004181	2	1	1
69bc84d9-acf9-444f-93cf-0d401a3836aa	chrY	2782397	26653788	0	0	0
69bc84d9-acf9-444f-93cf-0d401a3836aa	chrY	56872112	56872112	1	1	0
4b148ff4-e661-497e-baee-afbc481350ed	chr1	62920	32143745	1	1	0
4b148ff4-e661-497e-baee-afbc481350ed	chr1	32151351	32806776	3	2	1
4b148ff4-e661-497e-baee-afbc481350ed	chr1	32807282	121705338	2	1	1
4b148ff4-e661-497e-baee-afbc481350ed	chr1	143541857	154338019	8	7	1
4b148ff4-e661-497e-baee-afbc481350ed	chr1	154339220	154751916	7	6	1
4b148ff4-e661-497e-baee-afbc481350ed	chr1	154752909	156334991	8	7	1
4b148ff4-e661-497e-baee-afbc481350ed	chr1	156335020	157812355	7	6	1
4b148ff4-e661-497e-baee-afbc481350ed	chr1	157812428	157818760	13	11	2
4b148ff4-e661-497e-baee-afbc481350ed	chr1	157818970	177189460	8	7	1
4b148ff4-e661-497e-baee-afbc481350ed	chr1	177189495	182148553	7	6	1
4b148ff4-e661-497e-baee-afbc481350ed	chr1	182149187	198282305	8	7	1
4b148ff4-e661-497e-baee-afbc481350ed	chr1	198283322	221314554	7	6	1
4b148ff4-e661-497e-baee-afbc481350ed	chr1	221315179	221346528	11	9	2
4b148ff4-e661-497e-baee-afbc481350ed	chr1	221353110	230157231	6	5	1
4b148ff4-e661-497e-baee-afbc481350ed	chr1	230157290	230176466	9	8	1
4b148ff4-e661-497e-baee-afbc481350ed	chr1	230177149	236652977	7	6	1
4b148ff4-e661-497e-baee-afbc481350ed	chr1	236653273	236673025	4	3	1
4b148ff4-e661-497e-baee-afbc481350ed	chr1	236674058	248930189	7	6	1
4b148ff4-e661-497e-baee-afbc481350ed	chr2	12784	29852145	2	1	1
4b148ff4-e661-497e-baee-afbc481350ed	chr2	29852185	29867763	4	2	2
4b148ff4-e661-497e-baee-afbc481350ed	chr2	29868729	34667234	2	1	1
4b148ff4-e661-497e-baee-afbc481350ed	chr2	34667250	35575071	3	2	1
4b148ff4-e661-497e-baee-afbc481350ed	chr2	35575220	65320968	2	1	1
4b148ff4-e661-497e-baee-afbc481350ed	chr2	65328586	65439992	3	2	1
4b148ff4-e661-497e-baee-afbc481350ed	chr2	65440138	88834118	2	1	1
4b148ff4-e661-497e-baee-afbc481350ed	chr2	88836539	89069842	6	6	0
4b148ff4-e661-497e-baee-afbc481350ed	chr2	89085826	97883134	2	1	1
4b148ff4-e661-497e-baee-afbc481350ed	chr2	97883349	126604482	3	2	1
4b148ff4-e661-497e-baee-afbc481350ed	chr2	126608179	126622311	1	1	0
4b148ff4-e661-497e-baee-afbc481350ed	chr2	126622793	131695429	3	2	1
4b148ff4-e661-497e-baee-afbc481350ed	chr2	131696316	137321286	4	3	1
4b148ff4-e661-497e-baee-afbc481350ed	chr2	137322180	139801172	6	5	1
4b148ff4-e661-497e-baee-afbc481350ed	chr2	139807575	141866032	5	4	1
4b148ff4-e661-497e-baee-afbc481350ed	chr2	141866266	142623515	3	2	1
4b148ff4-e661-497e-baee-afbc481350ed	chr2	142624271	149744195	5	4	1
4b148ff4-e661-497e-baee-afbc481350ed	chr2	149744346	152054916	3	2	1
4b148ff4-e661-497e-baee-afbc481350ed	chr2	152056429	152081921	2	1	1
4b148ff4-e661-497e-baee-afbc481350ed	chr2	152083033	154361936	3	2	1
4b148ff4-e661-497e-baee-afbc481350ed	chr2	154366359	154375911	9	6	3
4b148ff4-e661-497e-baee-afbc481350ed	chr2	154377766	154681536	4	3	1
4b148ff4-e661-497e-baee-afbc481350ed	chr2	154681867	192748151	3	2	1
4b148ff4-e661-497e-baee-afbc481350ed	chr2	192748503	193086253	4	3	1
4b148ff4-e661-497e-baee-afbc481350ed	chr2	193089732	242147305	3	2	1
4b148ff4-e661-497e-baee-afbc481350ed	chr3	20930	4477356	2	1	1
4b148ff4-e661-497e-baee-afbc481350ed	chr3	4478183	4616635	3	2	1
4b148ff4-e661-497e-baee-afbc481350ed	chr3	4616657	45691023	2	1	1
4b148ff4-e661-497e-baee-afbc481350ed	chr3	45691938	45699406	1	1	0
4b148ff4-e661-497e-baee-afbc481350ed	chr3	45708230	73285269	2	1	1
4b148ff4-e661-497e-baee-afbc481350ed	chr3	73285928	73295630	1	1	0
4b148ff4-e661-497e-baee-afbc481350ed	chr3	73296012	75338404	2	1	1
4b148ff4-e661-497e-baee-afbc481350ed	chr3	75342398	75357247	1	1	0
4b148ff4-e661-497e-baee-afbc481350ed	chr3	75366712	120390582	2	1	1
4b148ff4-e661-497e-baee-afbc481350ed	chr3	120395281	120416198	1	1	0
4b148ff4-e661-497e-baee-afbc481350ed	chr3	120417721	198169247	2	1	1
4b148ff4-e661-497e-baee-afbc481350ed	chr4	68929	23273058	2	1	1
4b148ff4-e661-497e-baee-afbc481350ed	chr4	23273458	23280307	0	0	0
4b148ff4-e661-497e-baee-afbc481350ed	chr4	23280416	35491097	2	1	1
4b148ff4-e661-497e-baee-afbc481350ed	chr4	35492523	35497420	1	1	0
4b148ff4-e661-497e-baee-afbc481350ed	chr4	35498338	74932626	2	1	1
4b148ff4-e661-497e-baee-afbc481350ed	chr4	74934362	74948165	4	2	2
4b148ff4-e661-497e-baee-afbc481350ed	chr4	74949774	91443366	2	1	1
4b148ff4-e661-497e-baee-afbc481350ed	chr4	91444031	91459943	1	1	0
4b148ff4-e661-497e-baee-afbc481350ed	chr4	91461532	158444942	2	1	1
4b148ff4-e661-497e-baee-afbc481350ed	chr4	158449716	159096783	3	2	1
4b148ff4-e661-497e-baee-afbc481350ed	chr4	159105660	176057583	2	1	1
4b148ff4-e661-497e-baee-afbc481350ed	chr4	176057849	190106768	1	1	0
4b148ff4-e661-497e-baee-afbc481350ed	chr5	15532	36362403	2	1	1
4b148ff4-e661-497e-baee-afbc481350ed	chr5	36367885	36379299	4	2	2
4b148ff4-e661-497e-baee-afbc481350ed	chr5	36380113	43453972	2	1	1
4b148ff4-e661-497e-baee-afbc481350ed	chr5	43457797	54007379	3	2	1
4b148ff4-e661-497e-baee-afbc481350ed	chr5	54007765	76647432	2	1	1
4b148ff4-e661-497e-baee-afbc481350ed	chr5	76648451	76661842	4	2	2
4b148ff4-e661-497e-baee-afbc481350ed	chr5	76662029	96545781	2	1	1
4b148ff4-e661-497e-baee-afbc481350ed	chr5	96546313	96562131	1	1	0
4b148ff4-e661-497e-baee-afbc481350ed	chr5	96562214	178464131	2	1	1
4b148ff4-e661-497e-baee-afbc481350ed	chr5	178465346	178476111	1	1	0
4b148ff4-e661-497e-baee-afbc481350ed	chr5	178476200	181363319	2	1	1
4b148ff4-e661-497e-baee-afbc481350ed	chr6	149661	6157375	3	2	1
4b148ff4-e661-497e-baee-afbc481350ed	chr6	6157724	6163937	7	5	2
4b148ff4-e661-497e-baee-afbc481350ed	chr6	6163975	30470449	3	2	1
4b148ff4-e661-497e-baee-afbc481350ed	chr6	30484127	30509499	1	1	0
4b148ff4-e661-497e-baee-afbc481350ed	chr6	30515216	46981168	3	2	1
4b148ff4-e661-497e-baee-afbc481350ed	chr6	46981810	46998537	2	1	1
4b148ff4-e661-497e-baee-afbc481350ed	chr6	46998807	60585656	3	2	1
4b148ff4-e661-497e-baee-afbc481350ed	chr6	60585948	71014821	2	1	1
4b148ff4-e661-497e-baee-afbc481350ed	chr6	71014896	71019316	1	1	0
4b148ff4-e661-497e-baee-afbc481350ed	chr6	71023299	96992760	2	1	1
4b148ff4-e661-497e-baee-afbc481350ed	chr6	96994050	97028802	3	2	1
4b148ff4-e661-497e-baee-afbc481350ed	chr6	97030143	103286954	2	1	1
4b148ff4-e661-497e-baee-afbc481350ed	chr6	103290101	103323069	0	0	0
4b148ff4-e661-497e-baee-afbc481350ed	chr6	103326915	167710924	2	1	1
4b148ff4-e661-497e-baee-afbc481350ed	chr6	167710944	170741917	3	2	1
4b148ff4-e661-497e-baee-afbc481350ed	chr7	43259	35349305	2	1	1
4b148ff4-e661-497e-baee-afbc481350ed	chr7	35349774	35366118	1	1	0
4b148ff4-e661-497e-baee-afbc481350ed	chr7	35367534	91639846	2	1	1
4b148ff4-e661-497e-baee-afbc481350ed	chr7	91640172	91669846	1	1	0
4b148ff4-e661-497e-baee-afbc481350ed	chr7	91677959	103775848	2	1	1
4b148ff4-e661-497e-baee-afbc481350ed	chr7	103777110	103843929	1	1	0
4b148ff4-e661-497e-baee-afbc481350ed	chr7	103845181	159334314	2	1	1
4b148ff4-e661-497e-baee-afbc481350ed	chr8	81254	2053507	2	1	1
4b148ff4-e661-497e-baee-afbc481350ed	chr8	2053637	2062978	4	2	2
4b148ff4-e661-497e-baee-afbc481350ed	chr8	2063095	30064493	2	1	1
4b148ff4-e661-497e-baee-afbc481350ed	chr8	30064915	30318725	3	2	1
4b148ff4-e661-497e-baee-afbc481350ed	chr8	30324552	39316381	2	1	1
4b148ff4-e661-497e-baee-afbc481350ed	chr8	39316760	39531260	0	0	0
4b148ff4-e661-497e-baee-afbc481350ed	chr8	39531496	126990627	2	1	1
4b148ff4-e661-497e-baee-afbc481350ed	chr8	126990792	127014017	1	1	0
4b148ff4-e661-497e-baee-afbc481350ed	chr8	127014072	142705196	2	1	1
4b148ff4-e661-497e-baee-afbc481350ed	chr8	142705417	142846742	3	2	1
4b148ff4-e661-497e-baee-afbc481350ed	chr8	142847540	145072769	2	1	1
4b148ff4-e661-497e-baee-afbc481350ed	chr9	46587	1378881	2	1	1
4b148ff4-e661-497e-baee-afbc481350ed	chr9	1381203	1417905	3	2	1
4b148ff4-e661-497e-baee-afbc481350ed	chr9	1417953	19473614	2	1	1
4b148ff4-e661-497e-baee-afbc481350ed	chr9	19474462	19556065	3	2	1
4b148ff4-e661-497e-baee-afbc481350ed	chr9	19556837	41741113	2	1	1
4b148ff4-e661-497e-baee-afbc481350ed	chr9	60863881	62870649	6	6	0
4b148ff4-e661-497e-baee-afbc481350ed	chr9	62877894	67832331	3	3	0
4b148ff4-e661-497e-baee-afbc481350ed	chr9	67832599	134271816	2	1	1
4b148ff4-e661-497e-baee-afbc481350ed	chr9	134271872	134298009	4	2	2
4b148ff4-e661-497e-baee-afbc481350ed	chr9	134309238	138200944	2	1	1
4b148ff4-e661-497e-baee-afbc481350ed	chr10	45792	29763623	3	2	1
4b148ff4-e661-497e-baee-afbc481350ed	chr10	29763944	29787425	2	1	1
4b148ff4-e661-497e-baee-afbc481350ed	chr10	29787540	42267782	3	2	1
4b148ff4-e661-497e-baee-afbc481350ed	chr10	42272195	46522571	4	3	1
4b148ff4-e661-497e-baee-afbc481350ed	chr10	46525652	52696953	2	1	1
4b148ff4-e661-497e-baee-afbc481350ed	chr10	52697206	52742775	1	1	0
4b148ff4-e661-497e-baee-afbc481350ed	chr10	52743309	56325318	2	1	1
4b148ff4-e661-497e-baee-afbc481350ed	chr10	56325587	56331599	4	2	2
4b148ff4-e661-497e-baee-afbc481350ed	chr10	56331833	59955556	2	1	1
4b148ff4-e661-497e-baee-afbc481350ed	chr10	59955830	60520018	5	4	1
4b148ff4-e661-497e-baee-afbc481350ed	chr10	60520478	116951091	4	3	1
4b148ff4-e661-497e-baee-afbc481350ed	chr10	116954163	121446224	2	1	1
4b148ff4-e661-497e-baee-afbc481350ed	chr10	121451107	133654968	4	3	1
4b148ff4-e661-497e-baee-afbc481350ed	chr11	198510	26620667	2	1	1
4b148ff4-e661-497e-baee-afbc481350ed	chr11	26621113	26640999	1	1	0
4b148ff4-e661-497e-baee-afbc481350ed	chr11	26641191	26653170	3	2	1
4b148ff4-e661-497e-baee-afbc481350ed	chr11	26653221	135074876	2	1	1
4b148ff4-e661-497e-baee-afbc481350ed	chr12	51460	23591716	2	1	1
4b148ff4-e661-497e-baee-afbc481350ed	chr12	23592671	23617526	3	2	1
4b148ff4-e661-497e-baee-afbc481350ed	chr12	23618001	52522238	2	1	1
4b148ff4-e661-497e-baee-afbc481350ed	chr12	52523127	52531875	4	2	2
4b148ff4-e661-497e-baee-afbc481350ed	chr12	52532185	52546044	1	1	0
4b148ff4-e661-497e-baee-afbc481350ed	chr12	52546945	63009978	2	1	1
4b148ff4-e661-497e-baee-afbc481350ed	chr12	63010325	63110172	3	2	1
4b148ff4-e661-497e-baee-afbc481350ed	chr12	63110183	133201603	2	1	1
4b148ff4-e661-497e-baee-afbc481350ed	chr13	18452809	19060654	3	2	1
4b148ff4-e661-497e-baee-afbc481350ed	chr13	19060750	23055038	2	1	1
4b148ff4-e661-497e-baee-afbc481350ed	chr13	23055048	23059376	0	0	0
4b148ff4-e661-497e-baee-afbc481350ed	chr13	23064056	63993601	2	1	1
4b148ff4-e661-497e-baee-afbc481350ed	chr13	63993932	64025043	1	1	0
4b148ff4-e661-497e-baee-afbc481350ed	chr13	64025237	70556236	2	1	1
4b148ff4-e661-497e-baee-afbc481350ed	chr13	70558200	70564932	1	1	0
4b148ff4-e661-497e-baee-afbc481350ed	chr13	70568082	86185706	2	1	1
4b148ff4-e661-497e-baee-afbc481350ed	chr13	86269547	92256732	3	2	1
4b148ff4-e661-497e-baee-afbc481350ed	chr13	92257303	93336385	4	3	1
4b148ff4-e661-497e-baee-afbc481350ed	chr13	93337665	114342922	3	2	1
4b148ff4-e661-497e-baee-afbc481350ed	chr14	18239283	20714641	3	2	1
4b148ff4-e661-497e-baee-afbc481350ed	chr14	20714783	106877229	2	1	1
4b148ff4-e661-497e-baee-afbc481350ed	chr15	19811075	45943616	2	1	1
4b148ff4-e661-497e-baee-afbc481350ed	chr15	45943633	45950067	1	1	0
4b148ff4-e661-497e-baee-afbc481350ed	chr15	45950082	76598900	2	1	1
4b148ff4-e661-497e-baee-afbc481350ed	chr15	76599170	76603003	0	0	0
4b148ff4-e661-497e-baee-afbc481350ed	chr15	76603426	101928837	2	1	1
4b148ff4-e661-497e-baee-afbc481350ed	chr16	10777	26083515	3	2	1
4b148ff4-e661-497e-baee-afbc481350ed	chr16	26083979	26102964	6	4	2
4b148ff4-e661-497e-baee-afbc481350ed	chr16	26104241	34200155	3	2	1
4b148ff4-e661-497e-baee-afbc481350ed	chr16	34208816	36048855	2	1	1
4b148ff4-e661-497e-baee-afbc481350ed	chr16	46441986	49463762	3	2	1
4b148ff4-e661-497e-baee-afbc481350ed	chr16	49471533	53995489	2	1	1
4b148ff4-e661-497e-baee-afbc481350ed	chr16	53999882	54020999	1	1	0
4b148ff4-e661-497e-baee-afbc481350ed	chr16	54022247	86104606	2	1	1
4b148ff4-e661-497e-baee-afbc481350ed	chr16	86104738	86115902	5	3	2
4b148ff4-e661-497e-baee-afbc481350ed	chr16	86119821	90096867	2	1	1
4b148ff4-e661-497e-baee-afbc481350ed	chr17	150733	41265433	2	1	1
4b148ff4-e661-497e-baee-afbc481350ed	chr17	41265456	41274279	0	0	0
4b148ff4-e661-497e-baee-afbc481350ed	chr17	41276472	73839356	2	1	1
4b148ff4-e661-497e-baee-afbc481350ed	chr17	73840135	73843149	0	0	0
4b148ff4-e661-497e-baee-afbc481350ed	chr17	73843763	83091923	2	1	1
4b148ff4-e661-497e-baee-afbc481350ed	chr18	48133	462327	2	1	1
4b148ff4-e661-497e-baee-afbc481350ed	chr18	463020	492832	1	1	0
4b148ff4-e661-497e-baee-afbc481350ed	chr18	492874	29785441	2	1	1
4b148ff4-e661-497e-baee-afbc481350ed	chr18	29785547	44465096	1	1	0
4b148ff4-e661-497e-baee-afbc481350ed	chr18	44468249	44516512	0	0	0
4b148ff4-e661-497e-baee-afbc481350ed	chr18	44517058	80257174	1	1	0
4b148ff4-e661-497e-baee-afbc481350ed	chr19	90910	29576946	2	1	1
4b148ff4-e661-497e-baee-afbc481350ed	chr19	29577270	29594238	1	1	0
4b148ff4-e661-497e-baee-afbc481350ed	chr19	29599257	33266685	2	1	1
4b148ff4-e661-497e-baee-afbc481350ed	chr19	33271351	33278637	6	3	3
4b148ff4-e661-497e-baee-afbc481350ed	chr19	33284962	58586487	2	1	1
4b148ff4-e661-497e-baee-afbc481350ed	chr20	80664	24816539	2	1	1
4b148ff4-e661-497e-baee-afbc481350ed	chr20	24818220	25289703	3	2	1
4b148ff4-e661-497e-baee-afbc481350ed	chr20	25291997	64324800	2	1	1
4b148ff4-e661-497e-baee-afbc481350ed	chr21	12973348	14242529	3	2	1
4b148ff4-e661-497e-baee-afbc481350ed	chr21	14242899	14521652	2	1	1
4b148ff4-e661-497e-baee-afbc481350ed	chr21	14523364	17279271	3	2	1
4b148ff4-e661-497e-baee-afbc481350ed	chr21	17279457	46677045	2	1	1
4b148ff4-e661-497e-baee-afbc481350ed	chr22	16392123	32179162	2	1	1
4b148ff4-e661-497e-baee-afbc481350ed	chr22	32179227	32196133	1	1	0
4b148ff4-e661-497e-baee-afbc481350ed	chr22	32196403	50796027	2	1	1
4b148ff4-e661-497e-baee-afbc481350ed	chrX	251810	966477	2	1	1
4b148ff4-e661-497e-baee-afbc481350ed	chrX	970067	1401237	3	2	1
4b148ff4-e661-497e-baee-afbc481350ed	chrX	1420810	1478856	1	1	0
4b148ff4-e661-497e-baee-afbc481350ed	chrX	1479705	1731702	3	2	1
4b148ff4-e661-497e-baee-afbc481350ed	chrX	1731860	2446094	2	1	1
4b148ff4-e661-497e-baee-afbc481350ed	chrX	2450101	2551717	3	2	1
4b148ff4-e661-497e-baee-afbc481350ed	chrX	2553051	2627552	1	1	0
4b148ff4-e661-497e-baee-afbc481350ed	chrX	2627862	2649506	3	2	1
4b148ff4-e661-497e-baee-afbc481350ed	chrX	2649606	2667074	1	1	0
4b148ff4-e661-497e-baee-afbc481350ed	chrX	2667580	2726475	2	1	1
4b148ff4-e661-497e-baee-afbc481350ed	chrX	2727325	2776199	3	2	1
4b148ff4-e661-497e-baee-afbc481350ed	chrX	2785350	109727297	1	1	0
4b148ff4-e661-497e-baee-afbc481350ed	chrX	109727372	109822784	2	2	0
4b148ff4-e661-497e-baee-afbc481350ed	chrX	109825183	117106727	1	1	0
4b148ff4-e661-497e-baee-afbc481350ed	chrX	117107947	117287494	0	0	0
4b148ff4-e661-497e-baee-afbc481350ed	chrX	117292733	156004181	1	1	0
4b148ff4-e661-497e-baee-afbc481350ed	chrY	2782397	26653788	3	2	1
4b148ff4-e661-497e-baee-afbc481350ed	chrY	56872112	56872112	14	14	0
b2d6a644-b31f-4fdd-96a2-91ee01ef3819	chr1	62920	5687428	2	1	1
b2d6a644-b31f-4fdd-96a2-91ee01ef3819	chr1	5688551	5836947	3	2	1
b2d6a644-b31f-4fdd-96a2-91ee01ef3819	chr1	5838263	12357215	2	1	1
b2d6a644-b31f-4fdd-96a2-91ee01ef3819	chr1	12358644	40038107	1	1	0
b2d6a644-b31f-4fdd-96a2-91ee01ef3819	chr1	40038796	53863141	3	2	1
b2d6a644-b31f-4fdd-96a2-91ee01ef3819	chr1	53863315	53908447	2	1	1
b2d6a644-b31f-4fdd-96a2-91ee01ef3819	chr1	53909897	99120240	3	2	1
b2d6a644-b31f-4fdd-96a2-91ee01ef3819	chr1	99120887	99145008	6	4	2
b2d6a644-b31f-4fdd-96a2-91ee01ef3819	chr1	99145803	223727079	3	2	1
b2d6a644-b31f-4fdd-96a2-91ee01ef3819	chr1	223728357	223745192	6	4	2
b2d6a644-b31f-4fdd-96a2-91ee01ef3819	chr1	223745377	248930189	3	2	1
b2d6a644-b31f-4fdd-96a2-91ee01ef3819	chr2	12784	18134141	2	1	1
b2d6a644-b31f-4fdd-96a2-91ee01ef3819	chr2	18134892	18156734	0	0	0
b2d6a644-b31f-4fdd-96a2-91ee01ef3819	chr2	18156763	76698773	2	1	1
b2d6a644-b31f-4fdd-96a2-91ee01ef3819	chr2	76701007	76722438	5	3	2
b2d6a644-b31f-4fdd-96a2-91ee01ef3819	chr2	76729368	100471135	2	1	1
b2d6a644-b31f-4fdd-96a2-91ee01ef3819	chr2	100471798	100490686	1	1	0
b2d6a644-b31f-4fdd-96a2-91ee01ef3819	chr2	100490891	136301021	2	1	1
b2d6a644-b31f-4fdd-96a2-91ee01ef3819	chr2	136304189	136691496	1	1	0
b2d6a644-b31f-4fdd-96a2-91ee01ef3819	chr2	136692262	152054916	2	1	1
b2d6a644-b31f-4fdd-96a2-91ee01ef3819	chr2	152056429	152081921	1	1	0
b2d6a644-b31f-4fdd-96a2-91ee01ef3819	chr2	152083033	242147305	2	1	1
b2d6a644-b31f-4fdd-96a2-91ee01ef3819	chr3	20930	7348297	2	1	1
b2d6a644-b31f-4fdd-96a2-91ee01ef3819	chr3	7348818	13606407	1	1	0
b2d6a644-b31f-4fdd-96a2-91ee01ef3819	chr3	13607839	13682268	2	2	0
b2d6a644-b31f-4fdd-96a2-91ee01ef3819	chr3	13684807	13694614	0	0	0
b2d6a644-b31f-4fdd-96a2-91ee01ef3819	chr3	13695134	98898616	1	1	0
b2d6a644-b31f-4fdd-96a2-91ee01ef3819	chr3	98898855	162790480	2	1	1
b2d6a644-b31f-4fdd-96a2-91ee01ef3819	chr3	162794869	162898127	7	7	0
b2d6a644-b31f-4fdd-96a2-91ee01ef3819	chr3	162906054	198169247	2	1	1
b2d6a644-b31f-4fdd-96a2-91ee01ef3819	chr4	68929	54631494	2	1	1
b2d6a644-b31f-4fdd-96a2-91ee01ef3819	chr4	54631719	54782202	3	2	1
b2d6a644-b31f-4fdd-96a2-91ee01ef3819	chr4	54782534	176741927	2	1	1
b2d6a644-b31f-4fdd-96a2-91ee01ef3819	chr4	176752475	188839203	1	1	0
b2d6a644-b31f-4fdd-96a2-91ee01ef3819	chr4	188839231	188844630	0	0	0
b2d6a644-b31f-4fdd-96a2-91ee01ef3819	chr4	188844689	190106768	1	1	0
b2d6a644-b31f-4fdd-96a2-91ee01ef3819	chr5	15532	107941658	3	2	1
b2d6a644-b31f-4fdd-96a2-91ee01ef3819	chr5	107942125	107963219	6	4	2
b2d6a644-b31f-4fdd-96a2-91ee01ef3819	chr5	107967319	115832322	3	2	1
b2d6a644-b31f-4fdd-96a2-91ee01ef3819	chr5	115834223	116336439	4	3	1
b2d6a644-b31f-4fdd-96a2-91ee01ef3819	chr5	116337151	181363319	3	2	1
b2d6a644-b31f-4fdd-96a2-91ee01ef3819	chr6	149661	6157375	2	1	1
b2d6a644-b31f-4fdd-96a2-91ee01ef3819	chr6	6157724	6177850	3	2	1
b2d6a644-b31f-4fdd-96a2-91ee01ef3819	chr6	6179649	11181476	2	1	1
b2d6a644-b31f-4fdd-96a2-91ee01ef3819	chr6	11181528	11214574	1	1	0
b2d6a644-b31f-4fdd-96a2-91ee01ef3819	chr6	11215870	16806110	2	1	1
b2d6a644-b31f-4fdd-96a2-91ee01ef3819	chr6	16806342	16924573	3	2	1
b2d6a644-b31f-4fdd-96a2-91ee01ef3819	chr6	16927175	24575809	2	1	1
b2d6a644-b31f-4fdd-96a2-91ee01ef3819	chr6	24576108	25203526	1	1	0
b2d6a644-b31f-4fdd-96a2-91ee01ef3819	chr6	25212330	30507638	2	1	1
b2d6a644-b31f-4fdd-96a2-91ee01ef3819	chr6	30507940	30544386	0	0	0
b2d6a644-b31f-4fdd-96a2-91ee01ef3819	chr6	30559068	51804764	2	1	1
b2d6a644-b31f-4fdd-96a2-91ee01ef3819	chr6	51804801	51808503	1	1	0
b2d6a644-b31f-4fdd-96a2-91ee01ef3819	chr6	51808641	65109525	2	1	1
b2d6a644-b31f-4fdd-96a2-91ee01ef3819	chr6	65112100	69416996	1	1	0
b2d6a644-b31f-4fdd-96a2-91ee01ef3819	chr6	69420363	69963010	2	1	1
b2d6a644-b31f-4fdd-96a2-91ee01ef3819	chr6	69964135	72681442	1	1	0
b2d6a644-b31f-4fdd-96a2-91ee01ef3819	chr6	72682595	73638419	2	1	1
b2d6a644-b31f-4fdd-96a2-91ee01ef3819	chr6	73638605	78261995	1	1	0
b2d6a644-b31f-4fdd-96a2-91ee01ef3819	chr6	78262064	78293324	0	0	0
b2d6a644-b31f-4fdd-96a2-91ee01ef3819	chr6	78293764	122340193	1	1	0
b2d6a644-b31f-4fdd-96a2-91ee01ef3819	chr6	122348687	122365441	2	2	0
b2d6a644-b31f-4fdd-96a2-91ee01ef3819	chr6	122366265	170741917	1	1	0
b2d6a644-b31f-4fdd-96a2-91ee01ef3819	chr7	43259	35349305	2	1	1
b2d6a644-b31f-4fdd-96a2-91ee01ef3819	chr7	35349774	35365086	0	0	0
b2d6a644-b31f-4fdd-96a2-91ee01ef3819	chr7	35366118	84822120	2	1	1
b2d6a644-b31f-4fdd-96a2-91ee01ef3819	chr7	84823968	84860325	1	1	0
b2d6a644-b31f-4fdd-96a2-91ee01ef3819	chr7	84861042	104440641	2	1	1
b2d6a644-b31f-4fdd-96a2-91ee01ef3819	chr7	104441184	104505171	1	1	0
b2d6a644-b31f-4fdd-96a2-91ee01ef3819	chr7	104505433	159334314	2	1	1
b2d6a644-b31f-4fdd-96a2-91ee01ef3819	chr8	81254	2053507	3	2	1
b2d6a644-b31f-4fdd-96a2-91ee01ef3819	chr8	2053637	2091927	6	4	2
b2d6a644-b31f-4fdd-96a2-91ee01ef3819	chr8	2091945	4531501	3	2	1
b2d6a644-b31f-4fdd-96a2-91ee01ef3819	chr8	4533855	4703232	3	3	0
b2d6a644-b31f-4fdd-96a2-91ee01ef3819	chr8	4703702	103108868	3	2	1
b2d6a644-b31f-4fdd-96a2-91ee01ef3819	chr8	103108982	103113031	1	1	0
b2d6a644-b31f-4fdd-96a2-91ee01ef3819	chr8	103116779	145072769	3	2	1
b2d6a644-b31f-4fdd-96a2-91ee01ef3819	chr9	46587	2076174	2	1	1
b2d6a644-b31f-4fdd-96a2-91ee01ef3819	chr9	2077875	2124140	3	2	1
b2d6a644-b31f-4fdd-96a2-91ee01ef3819	chr9	2125101	85270132	2	1	1
b2d6a644-b31f-4fdd-96a2-91ee01ef3819	chr9	85270232	85405337	3	2	1
b2d6a644-b31f-4fdd-96a2-91ee01ef3819	chr9	85405920	138200944	2	1	1
b2d6a644-b31f-4fdd-96a2-91ee01ef3819	chr10	45792	25564472	3	2	1
b2d6a644-b31f-4fdd-96a2-91ee01ef3819	chr10	25564592	25588647	2	1	1
b2d6a644-b31f-4fdd-96a2-91ee01ef3819	chr10	25588722	63966827	3	2	1
b2d6a644-b31f-4fdd-96a2-91ee01ef3819	chr10	63967244	64034110	2	2	0
b2d6a644-b31f-4fdd-96a2-91ee01ef3819	chr10	64034234	94028304	3	2	1
b2d6a644-b31f-4fdd-96a2-91ee01ef3819	chr10	94033394	94069918	3	3	0
b2d6a644-b31f-4fdd-96a2-91ee01ef3819	chr10	94070906	114135200	2	2	0
b2d6a644-b31f-4fdd-96a2-91ee01ef3819	chr10	114139369	121483194	1	1	0
b2d6a644-b31f-4fdd-96a2-91ee01ef3819	chr10	121483266	133654968	2	2	0
b2d6a644-b31f-4fdd-96a2-91ee01ef3819	chr11	198510	69997781	2	1	1
b2d6a644-b31f-4fdd-96a2-91ee01ef3819	chr11	69997924	70003219	0	0	0
b2d6a644-b31f-4fdd-96a2-91ee01ef3819	chr11	70003258	104900759	2	1	1
b2d6a644-b31f-4fdd-96a2-91ee01ef3819	chr11	104901412	104910172	3	2	1
b2d6a644-b31f-4fdd-96a2-91ee01ef3819	chr11	104910307	135074876	2	1	1
b2d6a644-b31f-4fdd-96a2-91ee01ef3819	chr12	51460	2126723	3	2	1
b2d6a644-b31f-4fdd-96a2-91ee01ef3819	chr12	2136696	2148857	1	1	0
b2d6a644-b31f-4fdd-96a2-91ee01ef3819	chr12	2148938	30090521	3	2	1
b2d6a644-b31f-4fdd-96a2-91ee01ef3819	chr12	30090606	30090756	0	0	0
b2d6a644-b31f-4fdd-96a2-91ee01ef3819	chr12	30090789	52526608	3	2	1
b2d6a644-b31f-4fdd-96a2-91ee01ef3819	chr12	52526630	52531875	7	5	2
b2d6a644-b31f-4fdd-96a2-91ee01ef3819	chr12	52532185	133201603	3	2	1
b2d6a644-b31f-4fdd-96a2-91ee01ef3819	chr13	18452809	19021274	1	1	0
b2d6a644-b31f-4fdd-96a2-91ee01ef3819	chr13	19022192	19031270	4	3	1
b2d6a644-b31f-4fdd-96a2-91ee01ef3819	chr13	19036189	100816176	1	1	0
b2d6a644-b31f-4fdd-96a2-91ee01ef3819	chr13	100816553	100833567	2	2	0
b2d6a644-b31f-4fdd-96a2-91ee01ef3819	chr13	100836801	114342922	1	1	0
b2d6a644-b31f-4fdd-96a2-91ee01ef3819	chr14	18239283	19955213	3	2	1
b2d6a644-b31f-4fdd-96a2-91ee01ef3819	chr14	19956767	106877229	2	1	1
b2d6a644-b31f-4fdd-96a2-91ee01ef3819	chr15	19811075	79571949	2	1	1
b2d6a644-b31f-4fdd-96a2-91ee01ef3819	chr15	79573568	79637916	1	1	0
b2d6a644-b31f-4fdd-96a2-91ee01ef3819	chr15	79638536	101928837	2	1	1
b2d6a644-b31f-4fdd-96a2-91ee01ef3819	chr16	10777	10906991	2	1	1
b2d6a644-b31f-4fdd-96a2-91ee01ef3819	chr16	10908769	10917871	5	3	2
b2d6a644-b31f-4fdd-96a2-91ee01ef3819	chr16	10918693	26083515	2	1	1
b2d6a644-b31f-4fdd-96a2-91ee01ef3819	chr16	26083979	26121058	4	2	2
b2d6a644-b31f-4fdd-96a2-91ee01ef3819	chr16	26121117	35332827	2	1	1
b2d6a644-b31f-4fdd-96a2-91ee01ef3819	chr16	35332841	35504887	1	1	0
b2d6a644-b31f-4fdd-96a2-91ee01ef3819	chr16	35505200	36048855	2	1	1
b2d6a644-b31f-4fdd-96a2-91ee01ef3819	chr16	46441986	53995489	1	1	0
b2d6a644-b31f-4fdd-96a2-91ee01ef3819	chr16	53999882	56785567	2	1	1
b2d6a644-b31f-4fdd-96a2-91ee01ef3819	chr16	56786007	90096867	1	1	0
b2d6a644-b31f-4fdd-96a2-91ee01ef3819	chr17	150733	33328771	2	1	1
b2d6a644-b31f-4fdd-96a2-91ee01ef3819	chr17	33329786	33353893	5	3	2
b2d6a644-b31f-4fdd-96a2-91ee01ef3819	chr17	33354829	83091923	2	1	1
b2d6a644-b31f-4fdd-96a2-91ee01ef3819	chr18	48133	32706159	2	1	1
b2d6a644-b31f-4fdd-96a2-91ee01ef3819	chr18	32706276	32726130	1	1	0
b2d6a644-b31f-4fdd-96a2-91ee01ef3819	chr18	32726881	80257174	2	1	1
b2d6a644-b31f-4fdd-96a2-91ee01ef3819	chr19	90910	58586487	2	1	1
b2d6a644-b31f-4fdd-96a2-91ee01ef3819	chr20	80664	1987231	3	2	1
b2d6a644-b31f-4fdd-96a2-91ee01ef3819	chr20	1991814	48738343	2	1	1
b2d6a644-b31f-4fdd-96a2-91ee01ef3819	chr20	48738472	48765097	1	1	0
b2d6a644-b31f-4fdd-96a2-91ee01ef3819	chr20	48765466	64324800	2	1	1
b2d6a644-b31f-4fdd-96a2-91ee01ef3819	chr21	12973348	46677045	1	1	0
b2d6a644-b31f-4fdd-96a2-91ee01ef3819	chr22	16392123	50796027	2	1	1
b2d6a644-b31f-4fdd-96a2-91ee01ef3819	chrX	251810	10164183	2	1	1
b2d6a644-b31f-4fdd-96a2-91ee01ef3819	chrX	10166899	10172148	5	3	2
b2d6a644-b31f-4fdd-96a2-91ee01ef3819	chrX	10172734	35640420	2	1	1
b2d6a644-b31f-4fdd-96a2-91ee01ef3819	chrX	35641321	35661895	4	2	2
b2d6a644-b31f-4fdd-96a2-91ee01ef3819	chrX	35662780	66396083	2	1	1
b2d6a644-b31f-4fdd-96a2-91ee01ef3819	chrX	66396498	66413005	4	2	2
b2d6a644-b31f-4fdd-96a2-91ee01ef3819	chrX	66413233	101530673	2	1	1
b2d6a644-b31f-4fdd-96a2-91ee01ef3819	chrX	101534758	102884970	3	2	1
b2d6a644-b31f-4fdd-96a2-91ee01ef3819	chrX	102889857	127291742	2	1	1
b2d6a644-b31f-4fdd-96a2-91ee01ef3819	chrX	127291847	127295336	5	3	2
b2d6a644-b31f-4fdd-96a2-91ee01ef3819	chrX	127295792	156004181	3	2	1
b2d6a644-b31f-4fdd-96a2-91ee01ef3819	chrY	2782397	26653788	0	0	0
b2d6a644-b31f-4fdd-96a2-91ee01ef3819	chrY	56872112	56872112	1	1	0
b2d6a644-b31f-4fdd-96a2-91ee01ef3819	chr1	61735	12297031	2	1	1
b2d6a644-b31f-4fdd-96a2-91ee01ef3819	chr1	12297928	40038796	1	1	0
b2d6a644-b31f-4fdd-96a2-91ee01ef3819	chr1	40048038	248930189	3	2	1
b2d6a644-b31f-4fdd-96a2-91ee01ef3819	chr2	12784	242147305	2	1	1
b2d6a644-b31f-4fdd-96a2-91ee01ef3819	chr3	18667	7347517	2	1	1
b2d6a644-b31f-4fdd-96a2-91ee01ef3819	chr3	7347712	98897586	1	1	0
b2d6a644-b31f-4fdd-96a2-91ee01ef3819	chr3	98898616	198169247	2	1	1
b2d6a644-b31f-4fdd-96a2-91ee01ef3819	chr4	12281	176739008	2	1	1
b2d6a644-b31f-4fdd-96a2-91ee01ef3819	chr4	176741927	190106768	1	1	0
b2d6a644-b31f-4fdd-96a2-91ee01ef3819	chr5	15532	181363319	3	2	1
b2d6a644-b31f-4fdd-96a2-91ee01ef3819	chr6	149661	65101784	2	1	1
b2d6a644-b31f-4fdd-96a2-91ee01ef3819	chr6	65102112	69416162	1	1	0
b2d6a644-b31f-4fdd-96a2-91ee01ef3819	chr6	69416996	69980997	2	1	1
b2d6a644-b31f-4fdd-96a2-91ee01ef3819	chr6	69981459	72663851	1	1	0
b2d6a644-b31f-4fdd-96a2-91ee01ef3819	chr6	72667637	73638228	2	1	1
b2d6a644-b31f-4fdd-96a2-91ee01ef3819	chr6	73638342	170741917	1	1	0
b2d6a644-b31f-4fdd-96a2-91ee01ef3819	chr7	43259	159334314	2	1	1
b2d6a644-b31f-4fdd-96a2-91ee01ef3819	chr8	81254	145072769	3	2	1
b2d6a644-b31f-4fdd-96a2-91ee01ef3819	chr9	46587	85270132	2	1	1
b2d6a644-b31f-4fdd-96a2-91ee01ef3819	chr9	85270232	85432159	3	2	1
b2d6a644-b31f-4fdd-96a2-91ee01ef3819	chr9	85432576	138200944	2	1	1
b2d6a644-b31f-4fdd-96a2-91ee01ef3819	chr10	26823	631821	3	3	0
b2d6a644-b31f-4fdd-96a2-91ee01ef3819	chr10	634535	94028304	3	2	1
b2d6a644-b31f-4fdd-96a2-91ee01ef3819	chr10	94033394	114152022	2	2	0
b2d6a644-b31f-4fdd-96a2-91ee01ef3819	chr10	114155093	121481329	1	1	0
b2d6a644-b31f-4fdd-96a2-91ee01ef3819	chr10	121481351	133769379	2	2	0
b2d6a644-b31f-4fdd-96a2-91ee01ef3819	chr11	198572	135074876	2	1	1
b2d6a644-b31f-4fdd-96a2-91ee01ef3819	chr12	51460	133201603	3	2	1
b2d6a644-b31f-4fdd-96a2-91ee01ef3819	chr13	18452809	114342922	1	1	0
b2d6a644-b31f-4fdd-96a2-91ee01ef3819	chr14	18225647	106877229	2	1	1
b2d6a644-b31f-4fdd-96a2-91ee01ef3819	chr15	19811075	101928837	2	1	1
b2d6a644-b31f-4fdd-96a2-91ee01ef3819	chr16	10777	36048855	2	1	1
b2d6a644-b31f-4fdd-96a2-91ee01ef3819	chr16	46429870	53994715	1	1	0
b2d6a644-b31f-4fdd-96a2-91ee01ef3819	chr16	53995392	56785567	2	1	1
b2d6a644-b31f-4fdd-96a2-91ee01ef3819	chr16	56786007	70808194	1	1	0
b2d6a644-b31f-4fdd-96a2-91ee01ef3819	chr16	70820478	71168586	2	2	0
b2d6a644-b31f-4fdd-96a2-91ee01ef3819	chr16	71168894	90221127	1	1	0
b2d6a644-b31f-4fdd-96a2-91ee01ef3819	chr17	150733	83090856	2	1	1
b2d6a644-b31f-4fdd-96a2-91ee01ef3819	chr18	48133	80257174	2	1	1
b2d6a644-b31f-4fdd-96a2-91ee01ef3819	chr19	90910	58586487	2	1	1
b2d6a644-b31f-4fdd-96a2-91ee01ef3819	chr20	80664	1987231	3	2	1
b2d6a644-b31f-4fdd-96a2-91ee01ef3819	chr20	1991814	64324800	2	1	1
b2d6a644-b31f-4fdd-96a2-91ee01ef3819	chr21	10336543	46677045	1	1	0
b2d6a644-b31f-4fdd-96a2-91ee01ef3819	chr22	15294545	50796027	2	1	1
b2d6a644-b31f-4fdd-96a2-91ee01ef3819	chrX	251810	156004181	2	1	1
634b12f9-51f3-4c06-bbf5-162c2519e33a	chr1	62920	5311874	2	1	1
634b12f9-51f3-4c06-bbf5-162c2519e33a	chr1	5312441	13745350	1	1	0
634b12f9-51f3-4c06-bbf5-162c2519e33a	chr1	13751668	19435972	2	1	1
634b12f9-51f3-4c06-bbf5-162c2519e33a	chr1	19436885	19465462	1	1	0
634b12f9-51f3-4c06-bbf5-162c2519e33a	chr1	19466033	38569858	2	1	1
634b12f9-51f3-4c06-bbf5-162c2519e33a	chr1	38570303	38626321	1	1	0
634b12f9-51f3-4c06-bbf5-162c2519e33a	chr1	38626384	72303233	2	1	1
634b12f9-51f3-4c06-bbf5-162c2519e33a	chr1	72303253	72345465	19	19	0
634b12f9-51f3-4c06-bbf5-162c2519e33a	chr1	72346221	75243991	2	1	1
634b12f9-51f3-4c06-bbf5-162c2519e33a	chr1	75244224	75248869	1	1	0
634b12f9-51f3-4c06-bbf5-162c2519e33a	chr1	75249570	84279416	2	1	1
634b12f9-51f3-4c06-bbf5-162c2519e33a	chr1	84279647	84846941	3	2	1
634b12f9-51f3-4c06-bbf5-162c2519e33a	chr1	84847425	85649327	2	1	1
634b12f9-51f3-4c06-bbf5-162c2519e33a	chr1	85652764	85769758	3	3	0
634b12f9-51f3-4c06-bbf5-162c2519e33a	chr1	85770098	85804978	2	2	0
634b12f9-51f3-4c06-bbf5-162c2519e33a	chr1	85809602	118551612	1	1	0
634b12f9-51f3-4c06-bbf5-162c2519e33a	chr1	118553180	121705338	2	1	1
634b12f9-51f3-4c06-bbf5-162c2519e33a	chr1	143541857	162645077	4	3	1
634b12f9-51f3-4c06-bbf5-162c2519e33a	chr1	162646983	162894686	4	4	0
634b12f9-51f3-4c06-bbf5-162c2519e33a	chr1	162894833	165168323	5	4	1
634b12f9-51f3-4c06-bbf5-162c2519e33a	chr1	165168353	165371846	4	4	0
634b12f9-51f3-4c06-bbf5-162c2519e33a	chr1	165372346	168265614	4	3	1
634b12f9-51f3-4c06-bbf5-162c2519e33a	chr1	168266410	168294920	7	5	2
634b12f9-51f3-4c06-bbf5-162c2519e33a	chr1	168296026	185570010	4	3	1
634b12f9-51f3-4c06-bbf5-162c2519e33a	chr1	185570711	189782771	5	4	1
634b12f9-51f3-4c06-bbf5-162c2519e33a	chr1	189782978	190590022	5	5	0
634b12f9-51f3-4c06-bbf5-162c2519e33a	chr1	190591632	192903064	4	3	1
634b12f9-51f3-4c06-bbf5-162c2519e33a	chr1	192904768	193175517	2	2	0
634b12f9-51f3-4c06-bbf5-162c2519e33a	chr1	193178606	197769318	5	4	1
634b12f9-51f3-4c06-bbf5-162c2519e33a	chr1	197769650	214115051	4	3	1
634b12f9-51f3-4c06-bbf5-162c2519e33a	chr1	214115086	215883006	5	4	1
634b12f9-51f3-4c06-bbf5-162c2519e33a	chr1	215883716	227207593	4	3	1
634b12f9-51f3-4c06-bbf5-162c2519e33a	chr1	227210098	245784557	5	3	2
634b12f9-51f3-4c06-bbf5-162c2519e33a	chr1	245785384	246425428	5	4	1
634b12f9-51f3-4c06-bbf5-162c2519e33a	chr1	246426700	248930189	5	3	2
634b12f9-51f3-4c06-bbf5-162c2519e33a	chr2	12784	346269	2	2	0
634b12f9-51f3-4c06-bbf5-162c2519e33a	chr2	346493	105404502	2	1	1
634b12f9-51f3-4c06-bbf5-162c2519e33a	chr2	105405031	105430250	3	2	1
634b12f9-51f3-4c06-bbf5-162c2519e33a	chr2	105431199	147396620	2	1	1
634b12f9-51f3-4c06-bbf5-162c2519e33a	chr2	147397114	154361936	1	1	0
634b12f9-51f3-4c06-bbf5-162c2519e33a	chr2	154366359	154401022	2	2	0
634b12f9-51f3-4c06-bbf5-162c2519e33a	chr2	154405807	156720667	1	1	0
634b12f9-51f3-4c06-bbf5-162c2519e33a	chr2	156720878	242147305	2	1	1
634b12f9-51f3-4c06-bbf5-162c2519e33a	chr3	20930	15305193	1	1	0
634b12f9-51f3-4c06-bbf5-162c2519e33a	chr3	15305269	15317139	2	2	0
634b12f9-51f3-4c06-bbf5-162c2519e33a	chr3	15317688	16844178	1	1	0
634b12f9-51f3-4c06-bbf5-162c2519e33a	chr3	16845178	17093692	0	0	0
634b12f9-51f3-4c06-bbf5-162c2519e33a	chr3	17094105	93800634	1	1	0
634b12f9-51f3-4c06-bbf5-162c2519e33a	chr3	93801172	102225518	3	2	1
634b12f9-51f3-4c06-bbf5-162c2519e33a	chr3	102227263	102645431	3	3	0
634b12f9-51f3-4c06-bbf5-162c2519e33a	chr3	102645453	119363018	3	2	1
634b12f9-51f3-4c06-bbf5-162c2519e33a	chr3	119364753	119777627	4	3	1
634b12f9-51f3-4c06-bbf5-162c2519e33a	chr3	119780168	130248544	3	2	1
634b12f9-51f3-4c06-bbf5-162c2519e33a	chr3	130250856	131471864	4	3	1
634b12f9-51f3-4c06-bbf5-162c2519e33a	chr3	131471925	198169247	3	2	1
634b12f9-51f3-4c06-bbf5-162c2519e33a	chr4	68929	9407910	3	2	1
634b12f9-51f3-4c06-bbf5-162c2519e33a	chr4	9415909	10144204	3	3	0
634b12f9-51f3-4c06-bbf5-162c2519e33a	chr4	10144266	49656595	3	2	1
634b12f9-51f3-4c06-bbf5-162c2519e33a	chr4	51819533	190106768	1	1	0
634b12f9-51f3-4c06-bbf5-162c2519e33a	chr5	15532	1194434	5	5	0
634b12f9-51f3-4c06-bbf5-162c2519e33a	chr5	1210086	2930371	5	4	1
634b12f9-51f3-4c06-bbf5-162c2519e33a	chr5	2934552	2968352	5	5	0
634b12f9-51f3-4c06-bbf5-162c2519e33a	chr5	2971454	12800777	6	5	1
634b12f9-51f3-4c06-bbf5-162c2519e33a	chr5	12815668	12819964	0	0	0
634b12f9-51f3-4c06-bbf5-162c2519e33a	chr5	12824299	22656418	6	5	1
634b12f9-51f3-4c06-bbf5-162c2519e33a	chr5	22660274	22738495	9	8	1
634b12f9-51f3-4c06-bbf5-162c2519e33a	chr5	22745621	29023688	6	5	1
634b12f9-51f3-4c06-bbf5-162c2519e33a	chr5	29027515	29042170	4	3	1
634b12f9-51f3-4c06-bbf5-162c2519e33a	chr5	29042372	46313245	6	5	1
634b12f9-51f3-4c06-bbf5-162c2519e33a	chr5	46313400	76489439	3	2	1
634b12f9-51f3-4c06-bbf5-162c2519e33a	chr5	76489993	76647432	4	3	1
634b12f9-51f3-4c06-bbf5-162c2519e33a	chr5	76648451	76664953	6	3	3
634b12f9-51f3-4c06-bbf5-162c2519e33a	chr5	76665040	91189364	3	2	1
634b12f9-51f3-4c06-bbf5-162c2519e33a	chr5	91189868	91198258	6	4	2
634b12f9-51f3-4c06-bbf5-162c2519e33a	chr5	91198297	101759461	3	2	1
634b12f9-51f3-4c06-bbf5-162c2519e33a	chr5	101760311	101786673	5	3	2
634b12f9-51f3-4c06-bbf5-162c2519e33a	chr5	101787060	129971872	3	2	1
634b12f9-51f3-4c06-bbf5-162c2519e33a	chr5	129975741	130731560	4	3	1
634b12f9-51f3-4c06-bbf5-162c2519e33a	chr5	130738327	132509989	3	3	0
634b12f9-51f3-4c06-bbf5-162c2519e33a	chr5	132510894	151380464	3	2	1
634b12f9-51f3-4c06-bbf5-162c2519e33a	chr5	151380721	151397487	7	5	2
634b12f9-51f3-4c06-bbf5-162c2519e33a	chr5	151398237	152190586	3	2	1
634b12f9-51f3-4c06-bbf5-162c2519e33a	chr5	152193383	153136528	4	3	1
634b12f9-51f3-4c06-bbf5-162c2519e33a	chr5	153137329	178827246	3	2	1
634b12f9-51f3-4c06-bbf5-162c2519e33a	chr5	178827320	178841756	1	1	0
634b12f9-51f3-4c06-bbf5-162c2519e33a	chr5	178841925	181363319	3	2	1
634b12f9-51f3-4c06-bbf5-162c2519e33a	chr6	149661	26394092	3	2	1
634b12f9-51f3-4c06-bbf5-162c2519e33a	chr6	26395263	28423688	3	3	0
634b12f9-51f3-4c06-bbf5-162c2519e33a	chr6	28426008	29958684	3	2	1
634b12f9-51f3-4c06-bbf5-162c2519e33a	chr6	29968530	31301745	3	3	0
634b12f9-51f3-4c06-bbf5-162c2519e33a	chr6	31304686	76702394	3	2	1
634b12f9-51f3-4c06-bbf5-162c2519e33a	chr6	76702482	76743040	1	1	0
634b12f9-51f3-4c06-bbf5-162c2519e33a	chr6	76743087	119161543	3	2	1
634b12f9-51f3-4c06-bbf5-162c2519e33a	chr6	119162684	119196375	2	1	1
634b12f9-51f3-4c06-bbf5-162c2519e33a	chr6	119198422	167382425	3	2	1
634b12f9-51f3-4c06-bbf5-162c2519e33a	chr6	167392339	169398842	2	1	1
634b12f9-51f3-4c06-bbf5-162c2519e33a	chr6	169402299	170223083	2	2	0
634b12f9-51f3-4c06-bbf5-162c2519e33a	chr6	170224362	170741917	2	1	1
634b12f9-51f3-4c06-bbf5-162c2519e33a	chr7	43259	65503	4	3	1
634b12f9-51f3-4c06-bbf5-162c2519e33a	chr7	65765	3902100	2	1	1
634b12f9-51f3-4c06-bbf5-162c2519e33a	chr7	3902176	4011121	1	1	0
634b12f9-51f3-4c06-bbf5-162c2519e33a	chr7	4012887	35357045	2	1	1
634b12f9-51f3-4c06-bbf5-162c2519e33a	chr7	35357957	35366118	0	0	0
634b12f9-51f3-4c06-bbf5-162c2519e33a	chr7	35367534	159334314	2	1	1
634b12f9-51f3-4c06-bbf5-162c2519e33a	chr8	81254	10906145	2	1	1
634b12f9-51f3-4c06-bbf5-162c2519e33a	chr8	10906226	10938583	4	2	2
634b12f9-51f3-4c06-bbf5-162c2519e33a	chr8	10941318	86002259	2	1	1
634b12f9-51f3-4c06-bbf5-162c2519e33a	chr8	86004734	86043489	3	2	1
634b12f9-51f3-4c06-bbf5-162c2519e33a	chr8	86045281	145072769	2	1	1
634b12f9-51f3-4c06-bbf5-162c2519e33a	chr9	46587	8965091	2	1	1
634b12f9-51f3-4c06-bbf5-162c2519e33a	chr9	8965645	9203316	1	1	0
634b12f9-51f3-4c06-bbf5-162c2519e33a	chr9	9206006	9505609	0	0	0
634b12f9-51f3-4c06-bbf5-162c2519e33a	chr9	9511247	9737952	1	1	0
634b12f9-51f3-4c06-bbf5-162c2519e33a	chr9	9740620	9744830	2	2	0
634b12f9-51f3-4c06-bbf5-162c2519e33a	chr9	9745020	10080958	2	1	1
634b12f9-51f3-4c06-bbf5-162c2519e33a	chr9	10084927	10511307	1	1	0
634b12f9-51f3-4c06-bbf5-162c2519e33a	chr9	10512117	31172352	2	1	1
634b12f9-51f3-4c06-bbf5-162c2519e33a	chr9	31177959	31184748	1	1	0
634b12f9-51f3-4c06-bbf5-162c2519e33a	chr9	31185281	83290105	2	1	1
634b12f9-51f3-4c06-bbf5-162c2519e33a	chr9	83290145	83293307	1	1	0
634b12f9-51f3-4c06-bbf5-162c2519e33a	chr9	83293553	116853795	2	1	1
634b12f9-51f3-4c06-bbf5-162c2519e33a	chr9	116853879	117270612	3	2	1
634b12f9-51f3-4c06-bbf5-162c2519e33a	chr9	117274666	138200944	2	1	1
634b12f9-51f3-4c06-bbf5-162c2519e33a	chr10	45792	44255142	2	1	1
634b12f9-51f3-4c06-bbf5-162c2519e33a	chr10	44256462	44258807	1	1	0
634b12f9-51f3-4c06-bbf5-162c2519e33a	chr10	44259476	48555121	2	1	1
634b12f9-51f3-4c06-bbf5-162c2519e33a	chr10	48555202	48559501	1	1	0
634b12f9-51f3-4c06-bbf5-162c2519e33a	chr10	48559954	52723656	2	1	1
634b12f9-51f3-4c06-bbf5-162c2519e33a	chr10	52723778	52742775	0	0	0
634b12f9-51f3-4c06-bbf5-162c2519e33a	chr10	52743309	82439315	2	1	1
634b12f9-51f3-4c06-bbf5-162c2519e33a	chr10	82441899	82557294	1	1	0
634b12f9-51f3-4c06-bbf5-162c2519e33a	chr10	82558135	108396247	2	1	1
634b12f9-51f3-4c06-bbf5-162c2519e33a	chr10	108396675	108412754	3	2	1
634b12f9-51f3-4c06-bbf5-162c2519e33a	chr10	108412941	133654968	2	1	1
634b12f9-51f3-4c06-bbf5-162c2519e33a	chr11	198510	4946420	2	1	1
634b12f9-51f3-4c06-bbf5-162c2519e33a	chr11	4947280	4955781	0	0	0
634b12f9-51f3-4c06-bbf5-162c2519e33a	chr11	4957152	135074876	2	1	1
634b12f9-51f3-4c06-bbf5-162c2519e33a	chr12	51460	115291233	2	1	1
634b12f9-51f3-4c06-bbf5-162c2519e33a	chr12	115292043	115334283	3	2	1
634b12f9-51f3-4c06-bbf5-162c2519e33a	chr12	115335657	133201603	2	1	1
634b12f9-51f3-4c06-bbf5-162c2519e33a	chr13	18452809	70556236	2	1	1
634b12f9-51f3-4c06-bbf5-162c2519e33a	chr13	70558200	70564932	1	1	0
634b12f9-51f3-4c06-bbf5-162c2519e33a	chr13	70568082	75516226	2	1	1
634b12f9-51f3-4c06-bbf5-162c2519e33a	chr13	75516267	75925784	3	2	1
634b12f9-51f3-4c06-bbf5-162c2519e33a	chr13	75926939	113610162	2	1	1
634b12f9-51f3-4c06-bbf5-162c2519e33a	chr13	113610202	114342922	1	1	0
634b12f9-51f3-4c06-bbf5-162c2519e33a	chr14	18239283	19955213	3	2	1
634b12f9-51f3-4c06-bbf5-162c2519e33a	chr14	19956767	22632004	2	1	1
634b12f9-51f3-4c06-bbf5-162c2519e33a	chr14	22633534	22645702	4	2	2
634b12f9-51f3-4c06-bbf5-162c2519e33a	chr14	22646052	92067770	2	1	1
634b12f9-51f3-4c06-bbf5-162c2519e33a	chr14	92068571	92075731	1	1	0
634b12f9-51f3-4c06-bbf5-162c2519e33a	chr14	92075964	99534042	2	1	1
634b12f9-51f3-4c06-bbf5-162c2519e33a	chr14	99539531	99556527	1	1	0
634b12f9-51f3-4c06-bbf5-162c2519e33a	chr14	99557059	106877229	2	1	1
634b12f9-51f3-4c06-bbf5-162c2519e33a	chr15	19811075	20380851	2	1	1
634b12f9-51f3-4c06-bbf5-162c2519e33a	chr15	20381108	21272760	1	1	0
634b12f9-51f3-4c06-bbf5-162c2519e33a	chr15	21975606	45646463	2	1	1
634b12f9-51f3-4c06-bbf5-162c2519e33a	chr15	45651825	45658717	0	0	0
634b12f9-51f3-4c06-bbf5-162c2519e33a	chr15	45659273	101928837	2	1	1
634b12f9-51f3-4c06-bbf5-162c2519e33a	chr16	10777	90096867	2	1	1
634b12f9-51f3-4c06-bbf5-162c2519e33a	chr17	150733	944484	1	1	0
634b12f9-51f3-4c06-bbf5-162c2519e33a	chr17	950392	41265456	2	1	1
634b12f9-51f3-4c06-bbf5-162c2519e33a	chr17	41266762	41267082	10	10	0
634b12f9-51f3-4c06-bbf5-162c2519e33a	chr17	41267234	51433911	2	1	1
634b12f9-51f3-4c06-bbf5-162c2519e33a	chr17	51436643	51443807	1	1	0
634b12f9-51f3-4c06-bbf5-162c2519e33a	chr17	51444022	55289862	2	1	1
634b12f9-51f3-4c06-bbf5-162c2519e33a	chr17	55290280	55305124	1	1	0
634b12f9-51f3-4c06-bbf5-162c2519e33a	chr17	55305468	70249678	2	1	1
634b12f9-51f3-4c06-bbf5-162c2519e33a	chr17	70251266	71074119	3	2	1
634b12f9-51f3-4c06-bbf5-162c2519e33a	chr17	71074456	82721448	2	1	1
634b12f9-51f3-4c06-bbf5-162c2519e33a	chr17	82722573	83091923	1	1	0
634b12f9-51f3-4c06-bbf5-162c2519e33a	chr18	48133	36381430	2	1	1
634b12f9-51f3-4c06-bbf5-162c2519e33a	chr18	36381789	36469622	3	2	1
634b12f9-51f3-4c06-bbf5-162c2519e33a	chr18	36472481	53083347	2	1	1
634b12f9-51f3-4c06-bbf5-162c2519e33a	chr18	53083549	53537471	3	2	1
634b12f9-51f3-4c06-bbf5-162c2519e33a	chr18	53538481	80257174	2	1	1
634b12f9-51f3-4c06-bbf5-162c2519e33a	chr19	90910	441638	1	1	0
634b12f9-51f3-4c06-bbf5-162c2519e33a	chr19	444449	33266685	2	1	1
634b12f9-51f3-4c06-bbf5-162c2519e33a	chr19	33271351	33284962	6	3	3
634b12f9-51f3-4c06-bbf5-162c2519e33a	chr19	33285335	58586487	2	1	1
634b12f9-51f3-4c06-bbf5-162c2519e33a	chr20	80664	9611616	2	1	1
634b12f9-51f3-4c06-bbf5-162c2519e33a	chr20	9611691	9615640	0	0	0
634b12f9-51f3-4c06-bbf5-162c2519e33a	chr20	9615698	41653129	2	1	1
634b12f9-51f3-4c06-bbf5-162c2519e33a	chr20	41654037	41669683	4	2	2
634b12f9-51f3-4c06-bbf5-162c2519e33a	chr20	41669772	42777854	2	1	1
634b12f9-51f3-4c06-bbf5-162c2519e33a	chr20	42777911	42784647	4	2	2
634b12f9-51f3-4c06-bbf5-162c2519e33a	chr20	42784729	64324800	2	1	1
634b12f9-51f3-4c06-bbf5-162c2519e33a	chr21	12973348	46677045	1	1	0
634b12f9-51f3-4c06-bbf5-162c2519e33a	chr22	16392123	25135536	2	1	1
634b12f9-51f3-4c06-bbf5-162c2519e33a	chr22	25136586	29585255	1	1	0
634b12f9-51f3-4c06-bbf5-162c2519e33a	chr22	29585335	50796027	2	1	1
634b12f9-51f3-4c06-bbf5-162c2519e33a	chrX	251810	393244	1	1	0
634b12f9-51f3-4c06-bbf5-162c2519e33a	chrX	395547	786390	2	1	1
634b12f9-51f3-4c06-bbf5-162c2519e33a	chrX	809468	1006176	1	1	0
634b12f9-51f3-4c06-bbf5-162c2519e33a	chrX	1007312	1401031	3	2	1
634b12f9-51f3-4c06-bbf5-162c2519e33a	chrX	1401237	2377218	2	1	1
634b12f9-51f3-4c06-bbf5-162c2519e33a	chrX	2387078	2442775	1	1	0
634b12f9-51f3-4c06-bbf5-162c2519e33a	chrX	2446094	2735511	2	1	1
634b12f9-51f3-4c06-bbf5-162c2519e33a	chrX	2735872	2776199	3	2	1
634b12f9-51f3-4c06-bbf5-162c2519e33a	chrX	2785350	155699837	1	1	0
634b12f9-51f3-4c06-bbf5-162c2519e33a	chrX	155733777	156004181	2	1	1
634b12f9-51f3-4c06-bbf5-162c2519e33a	chrY	2782397	26653788	2	1	1
634b12f9-51f3-4c06-bbf5-162c2519e33a	chrY	56872112	56872112	2	2	0
55309aec-7f38-461f-bb28-7ce97614827b	chr1	61735	33480084	2	2	0
55309aec-7f38-461f-bb28-7ce97614827b	chr1	33482491	121741181	4	2	2
55309aec-7f38-461f-bb28-7ce97614827b	chr1	143285278	237117169	6	4	2
55309aec-7f38-461f-bb28-7ce97614827b	chr1	237117329	248930189	7	5	2
55309aec-7f38-461f-bb28-7ce97614827b	chr2	12784	140814369	4	3	1
55309aec-7f38-461f-bb28-7ce97614827b	chr2	140814540	140974474	1	1	0
55309aec-7f38-461f-bb28-7ce97614827b	chr2	140976820	141150683	0	0	0
55309aec-7f38-461f-bb28-7ce97614827b	chr2	141152540	141349262	1	1	0
55309aec-7f38-461f-bb28-7ce97614827b	chr2	141350012	141472623	2	1	1
55309aec-7f38-461f-bb28-7ce97614827b	chr2	141472995	142099095	3	2	1
55309aec-7f38-461f-bb28-7ce97614827b	chr2	142099215	207641672	4	3	1
55309aec-7f38-461f-bb28-7ce97614827b	chr2	207641892	208631117	3	2	1
55309aec-7f38-461f-bb28-7ce97614827b	chr2	208631133	242147305	4	3	1
55309aec-7f38-461f-bb28-7ce97614827b	chr3	18667	107248165	2	2	0
55309aec-7f38-461f-bb28-7ce97614827b	chr3	107248661	194271898	4	2	2
55309aec-7f38-461f-bb28-7ce97614827b	chr3	194272864	194809074	6	4	2
55309aec-7f38-461f-bb28-7ce97614827b	chr3	194809615	198169247	4	2	2
55309aec-7f38-461f-bb28-7ce97614827b	chr4	12281	2405414	5	3	2
55309aec-7f38-461f-bb28-7ce97614827b	chr4	2406417	3876063	6	4	2
55309aec-7f38-461f-bb28-7ce97614827b	chr4	3877891	27622560	6	3	3
55309aec-7f38-461f-bb28-7ce97614827b	chr4	27622700	29123867	8	6	2
55309aec-7f38-461f-bb28-7ce97614827b	chr4	29124027	38938795	6	3	3
55309aec-7f38-461f-bb28-7ce97614827b	chr4	38939009	40392917	8	6	2
55309aec-7f38-461f-bb28-7ce97614827b	chr4	40393939	52362605	6	3	3
55309aec-7f38-461f-bb28-7ce97614827b	chr4	52367219	90745519	2	2	0
55309aec-7f38-461f-bb28-7ce97614827b	chr4	90747588	91027935	1	1	0
55309aec-7f38-461f-bb28-7ce97614827b	chr4	91028014	190106768	2	2	0
55309aec-7f38-461f-bb28-7ce97614827b	chr5	15532	31546184	5	3	2
55309aec-7f38-461f-bb28-7ce97614827b	chr5	31550387	62566898	4	2	2
55309aec-7f38-461f-bb28-7ce97614827b	chr5	62575182	63345281	3	2	1
55309aec-7f38-461f-bb28-7ce97614827b	chr5	63346171	181363319	4	2	2
55309aec-7f38-461f-bb28-7ce97614827b	chr6	149661	62137529	5	3	2
55309aec-7f38-461f-bb28-7ce97614827b	chr6	62138235	62991161	2	2	0
55309aec-7f38-461f-bb28-7ce97614827b	chr6	62994998	63680156	6	4	2
55309aec-7f38-461f-bb28-7ce97614827b	chr6	63692994	170741917	2	2	0
55309aec-7f38-461f-bb28-7ce97614827b	chr7	43259	78918778	5	3	2
55309aec-7f38-461f-bb28-7ce97614827b	chr7	78925138	79060548	3	2	1
55309aec-7f38-461f-bb28-7ce97614827b	chr7	79060696	96645230	5	3	2
55309aec-7f38-461f-bb28-7ce97614827b	chr7	96645677	97857556	3	2	1
55309aec-7f38-461f-bb28-7ce97614827b	chr7	97857571	159334314	4	2	2
55309aec-7f38-461f-bb28-7ce97614827b	chr8	81254	145072769	4	2	2
55309aec-7f38-461f-bb28-7ce97614827b	chr9	46587	8529715	2	2	0
55309aec-7f38-461f-bb28-7ce97614827b	chr9	8530188	8924415	1	1	0
55309aec-7f38-461f-bb28-7ce97614827b	chr9	8929675	138200944	2	2	0
55309aec-7f38-461f-bb28-7ce97614827b	chr10	26823	133769379	3	2	1
55309aec-7f38-461f-bb28-7ce97614827b	chr11	198572	132923138	3	2	1
55309aec-7f38-461f-bb28-7ce97614827b	chr11	132923284	135074876	2	2	0
55309aec-7f38-461f-bb28-7ce97614827b	chr12	51460	133201603	5	3	2
55309aec-7f38-461f-bb28-7ce97614827b	chr13	18452809	43058853	2	2	0
55309aec-7f38-461f-bb28-7ce97614827b	chr13	43062281	114342922	4	2	2
55309aec-7f38-461f-bb28-7ce97614827b	chr14	18225647	89671951	2	2	0
55309aec-7f38-461f-bb28-7ce97614827b	chr14	89672967	90264650	1	1	0
55309aec-7f38-461f-bb28-7ce97614827b	chr14	90266668	106877229	2	2	0
55309aec-7f38-461f-bb28-7ce97614827b	chr15	19811075	101928837	4	2	2
55309aec-7f38-461f-bb28-7ce97614827b	chr16	10777	27076294	3	2	1
55309aec-7f38-461f-bb28-7ce97614827b	chr16	27078598	36048855	5	3	2
55309aec-7f38-461f-bb28-7ce97614827b	chr16	46429870	90221127	3	2	1
55309aec-7f38-461f-bb28-7ce97614827b	chr17	150733	22055852	3	2	1
55309aec-7f38-461f-bb28-7ce97614827b	chr17	22057407	53037883	5	3	2
55309aec-7f38-461f-bb28-7ce97614827b	chr17	53040665	83090856	7	5	2
55309aec-7f38-461f-bb28-7ce97614827b	chr18	48133	15402409	3	2	1
55309aec-7f38-461f-bb28-7ce97614827b	chr18	20949392	31671106	4	2	2
55309aec-7f38-461f-bb28-7ce97614827b	chr18	31672642	80257174	2	2	0
55309aec-7f38-461f-bb28-7ce97614827b	chr19	90910	58586487	4	2	2
55309aec-7f38-461f-bb28-7ce97614827b	chr20	80664	64324800	3	2	1
55309aec-7f38-461f-bb28-7ce97614827b	chr21	10336543	46677045	3	2	1
55309aec-7f38-461f-bb28-7ce97614827b	chr22	15294545	37530407	4	2	2
55309aec-7f38-461f-bb28-7ce97614827b	chr22	37533474	37693575	7	5	2
55309aec-7f38-461f-bb28-7ce97614827b	chr22	37693675	42286375	4	2	2
55309aec-7f38-461f-bb28-7ce97614827b	chr22	42286551	46098918	2	2	0
55309aec-7f38-461f-bb28-7ce97614827b	chr22	46100143	50796027	4	2	2
55309aec-7f38-461f-bb28-7ce97614827b	chrX	251810	2740275	4	2	2
55309aec-7f38-461f-bb28-7ce97614827b	chrX	2740657	2776199	4	3	1
55309aec-7f38-461f-bb28-7ce97614827b	chrX	2785350	155699647	2	2	0
55309aec-7f38-461f-bb28-7ce97614827b	chrX	155699837	156004181	4	2	2
ab43224a-d2a0-42f2-9257-b3364adeb6d3	chr1	61735	114713096	1	1	0
ab43224a-d2a0-42f2-9257-b3364adeb6d3	chr1	114714900	248930189	2	1	1
ab43224a-d2a0-42f2-9257-b3364adeb6d3	chr2	12784	242147305	2	1	1
ab43224a-d2a0-42f2-9257-b3364adeb6d3	chr3	18667	90453712	1	1	0
ab43224a-d2a0-42f2-9257-b3364adeb6d3	chr3	93800634	169178034	2	1	1
ab43224a-d2a0-42f2-9257-b3364adeb6d3	chr3	169186728	198169247	3	2	1
ab43224a-d2a0-42f2-9257-b3364adeb6d3	chr4	12281	52839409	2	1	1
ab43224a-d2a0-42f2-9257-b3364adeb6d3	chr4	52841777	55892683	1	1	0
ab43224a-d2a0-42f2-9257-b3364adeb6d3	chr4	55893893	56087692	3	2	1
ab43224a-d2a0-42f2-9257-b3364adeb6d3	chr4	56092199	75414784	2	1	1
ab43224a-d2a0-42f2-9257-b3364adeb6d3	chr4	75415431	76281708	3	2	1
ab43224a-d2a0-42f2-9257-b3364adeb6d3	chr4	76282128	76632701	2	1	1
ab43224a-d2a0-42f2-9257-b3364adeb6d3	chr4	76636503	79546982	1	1	0
ab43224a-d2a0-42f2-9257-b3364adeb6d3	chr4	79547569	79800610	2	1	1
ab43224a-d2a0-42f2-9257-b3364adeb6d3	chr4	79801060	83240166	3	2	1
ab43224a-d2a0-42f2-9257-b3364adeb6d3	chr4	83240280	190106768	1	1	0
ab43224a-d2a0-42f2-9257-b3364adeb6d3	chr5	15532	181363319	2	1	1
ab43224a-d2a0-42f2-9257-b3364adeb6d3	chr6	149661	66355312	1	1	0
ab43224a-d2a0-42f2-9257-b3364adeb6d3	chr6	66355582	67245682	4	3	1
ab43224a-d2a0-42f2-9257-b3364adeb6d3	chr6	67245842	67913200	2	1	1
ab43224a-d2a0-42f2-9257-b3364adeb6d3	chr6	67918139	68385514	4	3	1
ab43224a-d2a0-42f2-9257-b3364adeb6d3	chr6	68389957	68558014	1	1	0
ab43224a-d2a0-42f2-9257-b3364adeb6d3	chr6	68561548	68850247	2	1	1
ab43224a-d2a0-42f2-9257-b3364adeb6d3	chr6	68850343	69959537	4	3	1
ab43224a-d2a0-42f2-9257-b3364adeb6d3	chr6	69961210	170741917	1	1	0
ab43224a-d2a0-42f2-9257-b3364adeb6d3	chr7	43259	159334314	2	1	1
ab43224a-d2a0-42f2-9257-b3364adeb6d3	chr8	81254	15480580	2	1	1
ab43224a-d2a0-42f2-9257-b3364adeb6d3	chr8	15484290	32051009	1	1	0
ab43224a-d2a0-42f2-9257-b3364adeb6d3	chr8	32051089	129643576	2	1	1
ab43224a-d2a0-42f2-9257-b3364adeb6d3	chr8	129645017	129760378	3	2	1
ab43224a-d2a0-42f2-9257-b3364adeb6d3	chr8	129761605	145072769	2	1	1
ab43224a-d2a0-42f2-9257-b3364adeb6d3	chr9	46587	15280475	2	1	1
ab43224a-d2a0-42f2-9257-b3364adeb6d3	chr9	15282160	22305011	1	1	0
ab43224a-d2a0-42f2-9257-b3364adeb6d3	chr9	22307877	33108607	2	1	1
ab43224a-d2a0-42f2-9257-b3364adeb6d3	chr9	33109373	34839846	3	2	1
ab43224a-d2a0-42f2-9257-b3364adeb6d3	chr9	34842548	36048912	2	1	1
ab43224a-d2a0-42f2-9257-b3364adeb6d3	chr9	36049192	42995504	1	1	0
ab43224a-d2a0-42f2-9257-b3364adeb6d3	chr9	60840363	138200944	2	1	1
ab43224a-d2a0-42f2-9257-b3364adeb6d3	chr10	26823	133769379	2	1	1
ab43224a-d2a0-42f2-9257-b3364adeb6d3	chr11	198572	135074876	2	1	1
ab43224a-d2a0-42f2-9257-b3364adeb6d3	chr12	51460	20774648	2	1	1
ab43224a-d2a0-42f2-9257-b3364adeb6d3	chr12	20775464	21448569	1	1	0
ab43224a-d2a0-42f2-9257-b3364adeb6d3	chr12	21448697	21870667	2	1	1
ab43224a-d2a0-42f2-9257-b3364adeb6d3	chr12	21877231	22760488	1	1	0
ab43224a-d2a0-42f2-9257-b3364adeb6d3	chr12	22760953	23711408	2	1	1
ab43224a-d2a0-42f2-9257-b3364adeb6d3	chr12	23712277	25166603	1	1	0
ab43224a-d2a0-42f2-9257-b3364adeb6d3	chr12	25168149	26132013	3	2	1
ab43224a-d2a0-42f2-9257-b3364adeb6d3	chr12	26132073	26584315	1	1	0
ab43224a-d2a0-42f2-9257-b3364adeb6d3	chr12	26584582	27652028	3	2	1
ab43224a-d2a0-42f2-9257-b3364adeb6d3	chr12	27652906	32841895	1	1	0
ab43224a-d2a0-42f2-9257-b3364adeb6d3	chr12	32846987	33534375	3	2	1
ab43224a-d2a0-42f2-9257-b3364adeb6d3	chr12	33536744	34282041	1	1	0
ab43224a-d2a0-42f2-9257-b3364adeb6d3	chr12	34282074	99388588	2	1	1
ab43224a-d2a0-42f2-9257-b3364adeb6d3	chr12	99397365	133201603	1	1	0
ab43224a-d2a0-42f2-9257-b3364adeb6d3	chr13	18452809	114342922	2	1	1
ab43224a-d2a0-42f2-9257-b3364adeb6d3	chr14	18225647	35936236	2	1	1
ab43224a-d2a0-42f2-9257-b3364adeb6d3	chr14	35944148	38552318	1	1	0
ab43224a-d2a0-42f2-9257-b3364adeb6d3	chr14	38555791	51855540	2	1	1
ab43224a-d2a0-42f2-9257-b3364adeb6d3	chr14	51857135	61335146	1	1	0
ab43224a-d2a0-42f2-9257-b3364adeb6d3	chr14	61340449	61667507	2	2	0
ab43224a-d2a0-42f2-9257-b3364adeb6d3	chr14	61671246	106877229	1	1	0
ab43224a-d2a0-42f2-9257-b3364adeb6d3	chr15	19811075	101928837	2	1	1
ab43224a-d2a0-42f2-9257-b3364adeb6d3	chr16	10777	61697079	2	1	1
ab43224a-d2a0-42f2-9257-b3364adeb6d3	chr16	61699296	90221127	3	2	1
ab43224a-d2a0-42f2-9257-b3364adeb6d3	chr17	150733	26944268	1	1	0
ab43224a-d2a0-42f2-9257-b3364adeb6d3	chr17	26947350	83090856	2	1	1
ab43224a-d2a0-42f2-9257-b3364adeb6d3	chr18	48133	3463967	1	1	0
ab43224a-d2a0-42f2-9257-b3364adeb6d3	chr18	3464045	70453526	2	1	1
ab43224a-d2a0-42f2-9257-b3364adeb6d3	chr18	70458594	80257174	1	1	0
ab43224a-d2a0-42f2-9257-b3364adeb6d3	chr19	90910	28485887	2	1	1
ab43224a-d2a0-42f2-9257-b3364adeb6d3	chr19	28489374	29607146	4	3	1
ab43224a-d2a0-42f2-9257-b3364adeb6d3	chr19	29615062	46772787	5	4	1
ab43224a-d2a0-42f2-9257-b3364adeb6d3	chr19	46773197	58468954	1	1	0
ab43224a-d2a0-42f2-9257-b3364adeb6d3	chr19	58473478	58586487	2	2	0
ab43224a-d2a0-42f2-9257-b3364adeb6d3	chr20	80664	23913299	1	1	0
ab43224a-d2a0-42f2-9257-b3364adeb6d3	chr20	23914970	64324800	2	1	1
ab43224a-d2a0-42f2-9257-b3364adeb6d3	chr21	10336543	46677045	1	1	0
ab43224a-d2a0-42f2-9257-b3364adeb6d3	chr22	15294545	21489734	3	2	1
ab43224a-d2a0-42f2-9257-b3364adeb6d3	chr22	21490778	50796027	1	1	0
ab43224a-d2a0-42f2-9257-b3364adeb6d3	chrX	251810	116264527	2	1	1
ab43224a-d2a0-42f2-9257-b3364adeb6d3	chrX	116264724	117321222	1	1	0
ab43224a-d2a0-42f2-9257-b3364adeb6d3	chrX	117329400	156004181	2	1	1
537059bf-fb96-4455-ae2e-49e599683c51	chr1	61735	36112344	1	1	0
537059bf-fb96-4455-ae2e-49e599683c51	chr1	36116377	182890634	3	2	1
537059bf-fb96-4455-ae2e-49e599683c51	chr1	182896582	200112031	5	3	2
537059bf-fb96-4455-ae2e-49e599683c51	chr1	200113336	248930189	4	2	2
537059bf-fb96-4455-ae2e-49e599683c51	chr2	12784	33398239	2	1	1
537059bf-fb96-4455-ae2e-49e599683c51	chr2	33398784	36290581	3	2	1
537059bf-fb96-4455-ae2e-49e599683c51	chr2	36291242	113382838	2	1	1
537059bf-fb96-4455-ae2e-49e599683c51	chr2	113385740	116964371	3	2	1
537059bf-fb96-4455-ae2e-49e599683c51	chr2	116964387	242147305	2	1	1
537059bf-fb96-4455-ae2e-49e599683c51	chr3	18667	122879679	1	1	0
537059bf-fb96-4455-ae2e-49e599683c51	chr3	122880715	123363937	2	1	1
537059bf-fb96-4455-ae2e-49e599683c51	chr3	123364751	155374721	1	1	0
537059bf-fb96-4455-ae2e-49e599683c51	chr3	155377207	169818112	2	1	1
537059bf-fb96-4455-ae2e-49e599683c51	chr3	169820824	172146580	1	1	0
537059bf-fb96-4455-ae2e-49e599683c51	chr3	172146805	185572126	2	1	1
537059bf-fb96-4455-ae2e-49e599683c51	chr3	185572469	198169247	1	1	0
537059bf-fb96-4455-ae2e-49e599683c51	chr4	12281	120470923	1	1	0
537059bf-fb96-4455-ae2e-49e599683c51	chr4	120471344	120549205	0	0	0
537059bf-fb96-4455-ae2e-49e599683c51	chr4	120549894	190106768	1	1	0
537059bf-fb96-4455-ae2e-49e599683c51	chr5	15532	11473592	2	1	1
537059bf-fb96-4455-ae2e-49e599683c51	chr5	11473952	13376434	3	2	1
537059bf-fb96-4455-ae2e-49e599683c51	chr5	13376581	17603353	2	1	1
537059bf-fb96-4455-ae2e-49e599683c51	chr5	17604500	30254243	3	2	1
537059bf-fb96-4455-ae2e-49e599683c51	chr5	30254314	181363319	2	1	1
537059bf-fb96-4455-ae2e-49e599683c51	chr6	149661	5270217	2	1	1
537059bf-fb96-4455-ae2e-49e599683c51	chr6	5272401	10540980	1	1	0
537059bf-fb96-4455-ae2e-49e599683c51	chr6	10541090	13913618	2	1	1
537059bf-fb96-4455-ae2e-49e599683c51	chr6	13914113	75425533	1	1	0
537059bf-fb96-4455-ae2e-49e599683c51	chr6	75426133	76983171	2	1	1
537059bf-fb96-4455-ae2e-49e599683c51	chr6	76983548	81878687	1	1	0
537059bf-fb96-4455-ae2e-49e599683c51	chr6	81881151	83956567	2	1	1
537059bf-fb96-4455-ae2e-49e599683c51	chr6	83957261	94524381	1	1	0
537059bf-fb96-4455-ae2e-49e599683c51	chr6	94524789	97663773	2	1	1
537059bf-fb96-4455-ae2e-49e599683c51	chr6	97664585	111610776	1	1	0
537059bf-fb96-4455-ae2e-49e599683c51	chr6	111614178	117446172	2	1	1
537059bf-fb96-4455-ae2e-49e599683c51	chr6	117446756	121239990	1	1	0
537059bf-fb96-4455-ae2e-49e599683c51	chr6	121252339	125719495	2	1	1
537059bf-fb96-4455-ae2e-49e599683c51	chr6	125720018	147306086	1	1	0
537059bf-fb96-4455-ae2e-49e599683c51	chr6	147312983	153074912	2	1	1
537059bf-fb96-4455-ae2e-49e599683c51	chr6	153075740	170741917	1	1	0
537059bf-fb96-4455-ae2e-49e599683c51	chr7	43259	159334314	2	1	1
537059bf-fb96-4455-ae2e-49e599683c51	chr8	81254	30722610	1	1	0
537059bf-fb96-4455-ae2e-49e599683c51	chr8	30723098	61377190	2	1	1
537059bf-fb96-4455-ae2e-49e599683c51	chr8	61377335	69707364	3	2	1
537059bf-fb96-4455-ae2e-49e599683c51	chr8	69707534	96171973	2	1	1
537059bf-fb96-4455-ae2e-49e599683c51	chr8	96174463	105641707	4	3	1
537059bf-fb96-4455-ae2e-49e599683c51	chr8	105646350	122448932	5	4	1
537059bf-fb96-4455-ae2e-49e599683c51	chr8	122449049	145072769	4	3	1
537059bf-fb96-4455-ae2e-49e599683c51	chr9	46587	138200944	1	1	0
537059bf-fb96-4455-ae2e-49e599683c51	chr10	26823	133769379	2	1	1
537059bf-fb96-4455-ae2e-49e599683c51	chr11	198572	135074876	2	1	1
537059bf-fb96-4455-ae2e-49e599683c51	chr12	51460	58643534	2	1	1
537059bf-fb96-4455-ae2e-49e599683c51	chr12	58643545	62139633	3	2	1
537059bf-fb96-4455-ae2e-49e599683c51	chr12	62140645	133201603	2	1	1
537059bf-fb96-4455-ae2e-49e599683c51	chr13	18452809	114342922	1	1	0
537059bf-fb96-4455-ae2e-49e599683c51	chr14	18225647	106877229	1	1	0
537059bf-fb96-4455-ae2e-49e599683c51	chr15	19811075	27620590	3	2	1
537059bf-fb96-4455-ae2e-49e599683c51	chr15	27620974	94854053	2	1	1
537059bf-fb96-4455-ae2e-49e599683c51	chr15	94857540	98381308	3	2	1
537059bf-fb96-4455-ae2e-49e599683c51	chr15	98381767	101928837	2	1	1
537059bf-fb96-4455-ae2e-49e599683c51	chr16	10777	90221127	2	1	1
537059bf-fb96-4455-ae2e-49e599683c51	chr17	150733	83090856	2	1	1
537059bf-fb96-4455-ae2e-49e599683c51	chr18	48133	80257174	2	1	1
537059bf-fb96-4455-ae2e-49e599683c51	chr19	90910	5260018	1	1	0
537059bf-fb96-4455-ae2e-49e599683c51	chr19	5263257	13169052	2	1	1
537059bf-fb96-4455-ae2e-49e599683c51	chr19	13172501	16050849	1	1	0
537059bf-fb96-4455-ae2e-49e599683c51	chr19	16054073	46206433	2	1	1
537059bf-fb96-4455-ae2e-49e599683c51	chr19	46206602	47823121	1	1	0
537059bf-fb96-4455-ae2e-49e599683c51	chr19	47823315	58586487	2	1	1
537059bf-fb96-4455-ae2e-49e599683c51	chr20	80664	64324800	3	2	1
537059bf-fb96-4455-ae2e-49e599683c51	chr21	10336543	46677045	1	1	0
537059bf-fb96-4455-ae2e-49e599683c51	chr22	15294545	50796027	2	1	1
537059bf-fb96-4455-ae2e-49e599683c51	chrX	251810	156004181	1	1	0
b3c68473-78a7-44d2-95bf-7997a7e6c0e8	chr1	61735	64931339	1	1	0
b3c68473-78a7-44d2-95bf-7997a7e6c0e8	chr1	64931878	66965286	0	0	0
b3c68473-78a7-44d2-95bf-7997a7e6c0e8	chr1	66965816	85277723	2	2	0
b3c68473-78a7-44d2-95bf-7997a7e6c0e8	chr1	85277987	88671350	3	2	1
b3c68473-78a7-44d2-95bf-7997a7e6c0e8	chr1	88677622	121741181	2	1	1
b3c68473-78a7-44d2-95bf-7997a7e6c0e8	chr1	143285278	237712587	3	2	1
b3c68473-78a7-44d2-95bf-7997a7e6c0e8	chr1	237712988	241107341	4	2	2
b3c68473-78a7-44d2-95bf-7997a7e6c0e8	chr1	241116244	248930189	3	2	1
b3c68473-78a7-44d2-95bf-7997a7e6c0e8	chr2	12784	242147305	2	1	1
b3c68473-78a7-44d2-95bf-7997a7e6c0e8	chr3	18667	21269040	1	1	0
b3c68473-78a7-44d2-95bf-7997a7e6c0e8	chr3	21269397	21981858	0	0	0
b3c68473-78a7-44d2-95bf-7997a7e6c0e8	chr3	21989661	56647162	1	1	0
b3c68473-78a7-44d2-95bf-7997a7e6c0e8	chr3	56649218	93875123	2	1	1
b3c68473-78a7-44d2-95bf-7997a7e6c0e8	chr3	93875530	104283373	1	1	0
b3c68473-78a7-44d2-95bf-7997a7e6c0e8	chr3	104285636	114720920	2	1	1
b3c68473-78a7-44d2-95bf-7997a7e6c0e8	chr3	114721224	134376370	1	1	0
b3c68473-78a7-44d2-95bf-7997a7e6c0e8	chr3	134387143	198169247	2	1	1
b3c68473-78a7-44d2-95bf-7997a7e6c0e8	chr4	12281	186750477	2	1	1
b3c68473-78a7-44d2-95bf-7997a7e6c0e8	chr4	186751002	190106768	3	2	1
b3c68473-78a7-44d2-95bf-7997a7e6c0e8	chr5	15532	2667054	2	1	1
b3c68473-78a7-44d2-95bf-7997a7e6c0e8	chr5	2667518	4126161	3	2	1
b3c68473-78a7-44d2-95bf-7997a7e6c0e8	chr5	4126621	165477055	2	1	1
b3c68473-78a7-44d2-95bf-7997a7e6c0e8	chr5	165478257	168041740	3	2	1
b3c68473-78a7-44d2-95bf-7997a7e6c0e8	chr5	168043405	181363319	2	1	1
b3c68473-78a7-44d2-95bf-7997a7e6c0e8	chr6	149661	57341432	2	1	1
b3c68473-78a7-44d2-95bf-7997a7e6c0e8	chr6	57341496	126447164	1	1	0
b3c68473-78a7-44d2-95bf-7997a7e6c0e8	chr6	126449206	144502192	2	1	1
b3c68473-78a7-44d2-95bf-7997a7e6c0e8	chr6	144509566	169454081	1	1	0
b3c68473-78a7-44d2-95bf-7997a7e6c0e8	chr6	169454292	169783406	0	0	0
b3c68473-78a7-44d2-95bf-7997a7e6c0e8	chr6	169784045	170741917	1	1	0
b3c68473-78a7-44d2-95bf-7997a7e6c0e8	chr7	43259	159334314	2	1	1
b3c68473-78a7-44d2-95bf-7997a7e6c0e8	chr8	81254	73013356	1	1	0
b3c68473-78a7-44d2-95bf-7997a7e6c0e8	chr8	73013374	145072769	2	1	1
b3c68473-78a7-44d2-95bf-7997a7e6c0e8	chr9	46587	21432492	2	1	1
b3c68473-78a7-44d2-95bf-7997a7e6c0e8	chr9	21434679	22089600	1	1	0
b3c68473-78a7-44d2-95bf-7997a7e6c0e8	chr9	22096339	42995504	2	1	1
b3c68473-78a7-44d2-95bf-7997a7e6c0e8	chr9	60840363	138200944	1	1	0
b3c68473-78a7-44d2-95bf-7997a7e6c0e8	chr10	26823	133769379	2	1	1
b3c68473-78a7-44d2-95bf-7997a7e6c0e8	chr11	198572	32307380	2	1	1
b3c68473-78a7-44d2-95bf-7997a7e6c0e8	chr11	32309033	38717133	1	1	0
b3c68473-78a7-44d2-95bf-7997a7e6c0e8	chr11	38719960	40715643	2	1	1
b3c68473-78a7-44d2-95bf-7997a7e6c0e8	chr11	40718701	48968103	1	1	0
b3c68473-78a7-44d2-95bf-7997a7e6c0e8	chr11	48969924	135074876	2	1	1
b3c68473-78a7-44d2-95bf-7997a7e6c0e8	chr12	51460	131988869	2	1	1
b3c68473-78a7-44d2-95bf-7997a7e6c0e8	chr12	131994547	133201603	1	1	0
b3c68473-78a7-44d2-95bf-7997a7e6c0e8	chr13	18452809	114342922	1	1	0
b3c68473-78a7-44d2-95bf-7997a7e6c0e8	chr14	18225647	106877229	2	1	1
b3c68473-78a7-44d2-95bf-7997a7e6c0e8	chr15	19811075	101928837	2	1	1
b3c68473-78a7-44d2-95bf-7997a7e6c0e8	chr16	10777	58695527	2	1	1
b3c68473-78a7-44d2-95bf-7997a7e6c0e8	chr16	58700303	64956284	1	1	0
b3c68473-78a7-44d2-95bf-7997a7e6c0e8	chr16	64956868	78768798	2	1	1
b3c68473-78a7-44d2-95bf-7997a7e6c0e8	chr16	78769224	79110959	1	1	0
b3c68473-78a7-44d2-95bf-7997a7e6c0e8	chr16	79111485	90221127	2	1	1
b3c68473-78a7-44d2-95bf-7997a7e6c0e8	chr17	150733	83090856	2	1	1
b3c68473-78a7-44d2-95bf-7997a7e6c0e8	chr18	48133	80257174	2	1	1
b3c68473-78a7-44d2-95bf-7997a7e6c0e8	chr19	90910	58586487	3	2	1
b3c68473-78a7-44d2-95bf-7997a7e6c0e8	chr20	80664	64324800	2	1	1
b3c68473-78a7-44d2-95bf-7997a7e6c0e8	chr21	10336543	46677045	2	1	1
b3c68473-78a7-44d2-95bf-7997a7e6c0e8	chr22	15294545	50796027	2	1	1
b3c68473-78a7-44d2-95bf-7997a7e6c0e8	chrX	251810	156004181	1	1	0
3787a76c-f1bc-4c98-8497-6d9040cc1760	chr1	61735	31183236	2	2	0
3787a76c-f1bc-4c98-8497-6d9040cc1760	chr1	31186987	58069336	3	2	1
3787a76c-f1bc-4c98-8497-6d9040cc1760	chr1	58069468	101547449	6	3	3
3787a76c-f1bc-4c98-8497-6d9040cc1760	chr1	101547492	102213050	4	2	2
3787a76c-f1bc-4c98-8497-6d9040cc1760	chr1	102214828	121741181	5	3	2
3787a76c-f1bc-4c98-8497-6d9040cc1760	chr1	143285278	155926088	8	6	2
3787a76c-f1bc-4c98-8497-6d9040cc1760	chr1	155927505	160286214	7	5	2
3787a76c-f1bc-4c98-8497-6d9040cc1760	chr1	160288190	164146085	8	6	2
3787a76c-f1bc-4c98-8497-6d9040cc1760	chr1	164148760	164780015	6	3	3
3787a76c-f1bc-4c98-8497-6d9040cc1760	chr1	164780425	165260658	4	2	2
3787a76c-f1bc-4c98-8497-6d9040cc1760	chr1	165267208	165632128	7	5	2
3787a76c-f1bc-4c98-8497-6d9040cc1760	chr1	165632329	169299505	8	6	2
3787a76c-f1bc-4c98-8497-6d9040cc1760	chr1	169299574	170001262	7	5	2
3787a76c-f1bc-4c98-8497-6d9040cc1760	chr1	170001863	172710363	8	6	2
3787a76c-f1bc-4c98-8497-6d9040cc1760	chr1	172710564	177510740	5	3	2
3787a76c-f1bc-4c98-8497-6d9040cc1760	chr1	177512957	177848289	8	6	2
3787a76c-f1bc-4c98-8497-6d9040cc1760	chr1	177850902	179039691	5	3	2
3787a76c-f1bc-4c98-8497-6d9040cc1760	chr1	179042126	179956919	7	5	2
3787a76c-f1bc-4c98-8497-6d9040cc1760	chr1	179963396	180104398	4	3	1
3787a76c-f1bc-4c98-8497-6d9040cc1760	chr1	180105248	181410531	4	2	2
3787a76c-f1bc-4c98-8497-6d9040cc1760	chr1	181411471	190342475	6	3	3
3787a76c-f1bc-4c98-8497-6d9040cc1760	chr1	190343041	248930189	3	2	1
3787a76c-f1bc-4c98-8497-6d9040cc1760	chr2	12784	47821929	4	2	2
3787a76c-f1bc-4c98-8497-6d9040cc1760	chr2	47824607	92092925	3	2	1
3787a76c-f1bc-4c98-8497-6d9040cc1760	chr2	92095045	135899682	4	2	2
3787a76c-f1bc-4c98-8497-6d9040cc1760	chr2	135900775	242147305	3	2	1
3787a76c-f1bc-4c98-8497-6d9040cc1760	chr3	18667	79921767	2	2	0
3787a76c-f1bc-4c98-8497-6d9040cc1760	chr3	79926178	80966774	4	2	2
3787a76c-f1bc-4c98-8497-6d9040cc1760	chr3	80967282	87662177	2	2	0
3787a76c-f1bc-4c98-8497-6d9040cc1760	chr3	87662310	198169247	4	2	2
3787a76c-f1bc-4c98-8497-6d9040cc1760	chr4	12281	37837530	4	2	2
3787a76c-f1bc-4c98-8497-6d9040cc1760	chr4	37841483	42739363	2	2	0
3787a76c-f1bc-4c98-8497-6d9040cc1760	chr4	42742216	43271201	3	2	1
3787a76c-f1bc-4c98-8497-6d9040cc1760	chr4	43272246	49087357	2	2	0
3787a76c-f1bc-4c98-8497-6d9040cc1760	chr4	49091769	190106768	3	2	1
3787a76c-f1bc-4c98-8497-6d9040cc1760	chr5	15532	181363319	4	2	2
3787a76c-f1bc-4c98-8497-6d9040cc1760	chr6	149661	66705939	4	2	2
3787a76c-f1bc-4c98-8497-6d9040cc1760	chr6	66706096	69703518	2	2	0
3787a76c-f1bc-4c98-8497-6d9040cc1760	chr6	69703765	72615796	4	2	2
3787a76c-f1bc-4c98-8497-6d9040cc1760	chr6	72623813	72784079	2	1	1
3787a76c-f1bc-4c98-8497-6d9040cc1760	chr6	72784099	167396465	2	2	0
3787a76c-f1bc-4c98-8497-6d9040cc1760	chr6	167397181	167398262	3	2	1
3787a76c-f1bc-4c98-8497-6d9040cc1760	chr6	167398276	167813292	4	3	1
3787a76c-f1bc-4c98-8497-6d9040cc1760	chr6	167819149	170741917	2	2	0
3787a76c-f1bc-4c98-8497-6d9040cc1760	chr7	43259	63713711	4	2	2
3787a76c-f1bc-4c98-8497-6d9040cc1760	chr7	63715929	159334314	3	2	1
3787a76c-f1bc-4c98-8497-6d9040cc1760	chr8	81254	145072769	4	2	2
3787a76c-f1bc-4c98-8497-6d9040cc1760	chr9	46587	42995504	3	2	1
3787a76c-f1bc-4c98-8497-6d9040cc1760	chr9	60840363	89167843	2	2	0
3787a76c-f1bc-4c98-8497-6d9040cc1760	chr9	89171139	138200944	3	2	1
3787a76c-f1bc-4c98-8497-6d9040cc1760	chr10	26823	133769379	4	2	2
3787a76c-f1bc-4c98-8497-6d9040cc1760	chr11	198572	122584812	4	2	2
3787a76c-f1bc-4c98-8497-6d9040cc1760	chr11	122585445	122731133	5	3	2
3787a76c-f1bc-4c98-8497-6d9040cc1760	chr11	122731762	135074876	4	2	2
3787a76c-f1bc-4c98-8497-6d9040cc1760	chr12	51460	91002057	4	2	2
3787a76c-f1bc-4c98-8497-6d9040cc1760	chr12	91002229	119306483	2	2	0
3787a76c-f1bc-4c98-8497-6d9040cc1760	chr12	119306666	133201603	4	2	2
3787a76c-f1bc-4c98-8497-6d9040cc1760	chr13	18452809	110159231	4	2	2
3787a76c-f1bc-4c98-8497-6d9040cc1760	chr13	110159261	114342922	3	2	1
3787a76c-f1bc-4c98-8497-6d9040cc1760	chr14	18225647	106877229	3	2	1
3787a76c-f1bc-4c98-8497-6d9040cc1760	chr15	19811075	101928837	4	2	2
3787a76c-f1bc-4c98-8497-6d9040cc1760	chr16	10777	87458221	4	2	2
3787a76c-f1bc-4c98-8497-6d9040cc1760	chr16	87458843	90221127	2	2	0
3787a76c-f1bc-4c98-8497-6d9040cc1760	chr17	150733	47873749	3	2	1
3787a76c-f1bc-4c98-8497-6d9040cc1760	chr17	47874568	83090856	4	2	2
3787a76c-f1bc-4c98-8497-6d9040cc1760	chr18	48133	51362636	4	2	2
3787a76c-f1bc-4c98-8497-6d9040cc1760	chr18	51366478	53388398	2	2	0
3787a76c-f1bc-4c98-8497-6d9040cc1760	chr18	53394819	80257174	4	2	2
3787a76c-f1bc-4c98-8497-6d9040cc1760	chr19	90910	58586487	4	2	2
3787a76c-f1bc-4c98-8497-6d9040cc1760	chr20	80664	34941457	4	2	2
3787a76c-f1bc-4c98-8497-6d9040cc1760	chr20	34941963	35312517	2	1	1
3787a76c-f1bc-4c98-8497-6d9040cc1760	chr20	35314883	64324800	4	2	2
3787a76c-f1bc-4c98-8497-6d9040cc1760	chr21	10336543	46677045	3	2	1
3787a76c-f1bc-4c98-8497-6d9040cc1760	chr22	15294545	50796027	4	2	2
3787a76c-f1bc-4c98-8497-6d9040cc1760	chrX	251810	156004181	4	2	2
537059bf-fb96-4455-ae2e-49e599683c51	chr1	62920	36112344	1	1	0
537059bf-fb96-4455-ae2e-49e599683c51	chr1	36116377	75243991	3	2	1
537059bf-fb96-4455-ae2e-49e599683c51	chr1	75244224	75248869	1	1	0
537059bf-fb96-4455-ae2e-49e599683c51	chr1	75249570	112167720	3	2	1
537059bf-fb96-4455-ae2e-49e599683c51	chr1	112167902	112178798	1	1	0
537059bf-fb96-4455-ae2e-49e599683c51	chr1	112179293	112243149	3	2	1
537059bf-fb96-4455-ae2e-49e599683c51	chr1	112244774	112250227	0	0	0
537059bf-fb96-4455-ae2e-49e599683c51	chr1	112250524	152583051	3	2	1
537059bf-fb96-4455-ae2e-49e599683c51	chr1	152583230	152614100	0	0	0
537059bf-fb96-4455-ae2e-49e599683c51	chr1	152614118	152787202	3	3	0
537059bf-fb96-4455-ae2e-49e599683c51	chr1	152789447	152796224	0	0	0
537059bf-fb96-4455-ae2e-49e599683c51	chr1	152801429	175720427	3	2	1
537059bf-fb96-4455-ae2e-49e599683c51	chr1	175720543	175732888	1	1	0
537059bf-fb96-4455-ae2e-49e599683c51	chr1	175733315	182890634	3	2	1
537059bf-fb96-4455-ae2e-49e599683c51	chr1	182896582	184970425	4	2	2
537059bf-fb96-4455-ae2e-49e599683c51	chr1	184972888	192015255	5	3	2
537059bf-fb96-4455-ae2e-49e599683c51	chr1	192016026	192920041	4	2	2
537059bf-fb96-4455-ae2e-49e599683c51	chr1	192920275	198946666	5	3	2
537059bf-fb96-4455-ae2e-49e599683c51	chr1	198946694	214745756	4	2	2
537059bf-fb96-4455-ae2e-49e599683c51	chr1	214747540	214800147	6	3	3
537059bf-fb96-4455-ae2e-49e599683c51	chr1	214801395	221342717	5	3	2
537059bf-fb96-4455-ae2e-49e599683c51	chr1	221346528	237528018	4	2	2
537059bf-fb96-4455-ae2e-49e599683c51	chr1	237528734	237565774	6	3	3
537059bf-fb96-4455-ae2e-49e599683c51	chr1	237565888	240044338	5	3	2
537059bf-fb96-4455-ae2e-49e599683c51	chr1	240044419	240064648	6	4	2
537059bf-fb96-4455-ae2e-49e599683c51	chr1	240064889	248930189	4	2	2
537059bf-fb96-4455-ae2e-49e599683c51	chr2	12784	60493111	2	1	1
537059bf-fb96-4455-ae2e-49e599683c51	chr2	60493622	60522806	0	0	0
537059bf-fb96-4455-ae2e-49e599683c51	chr2	60523425	64438201	2	1	1
537059bf-fb96-4455-ae2e-49e599683c51	chr2	64440674	64465937	0	0	0
537059bf-fb96-4455-ae2e-49e599683c51	chr2	64466295	106258266	2	1	1
537059bf-fb96-4455-ae2e-49e599683c51	chr2	106263639	106270799	0	0	0
537059bf-fb96-4455-ae2e-49e599683c51	chr2	106270952	110099312	2	1	1
537059bf-fb96-4455-ae2e-49e599683c51	chr2	110103221	110327320	0	0	0
537059bf-fb96-4455-ae2e-49e599683c51	chr2	110342056	126615312	2	1	1
537059bf-fb96-4455-ae2e-49e599683c51	chr2	126618414	126622311	0	0	0
537059bf-fb96-4455-ae2e-49e599683c51	chr2	126622793	146104517	2	1	1
537059bf-fb96-4455-ae2e-49e599683c51	chr2	146106836	146109366	0	0	0
537059bf-fb96-4455-ae2e-49e599683c51	chr2	146120238	152401103	2	1	1
537059bf-fb96-4455-ae2e-49e599683c51	chr2	152401242	152484220	3	2	1
537059bf-fb96-4455-ae2e-49e599683c51	chr2	152486038	177627936	2	1	1
537059bf-fb96-4455-ae2e-49e599683c51	chr2	177627994	177640478	0	0	0
537059bf-fb96-4455-ae2e-49e599683c51	chr2	177641710	179748356	2	1	1
537059bf-fb96-4455-ae2e-49e599683c51	chr2	179750075	179804807	1	1	0
537059bf-fb96-4455-ae2e-49e599683c51	chr2	179805343	205548808	2	1	1
537059bf-fb96-4455-ae2e-49e599683c51	chr2	205551015	205560746	5	3	2
537059bf-fb96-4455-ae2e-49e599683c51	chr2	205562130	242147305	2	1	1
537059bf-fb96-4455-ae2e-49e599683c51	chr3	20930	13606407	1	1	0
537059bf-fb96-4455-ae2e-49e599683c51	chr3	13607839	13623910	4	3	1
537059bf-fb96-4455-ae2e-49e599683c51	chr3	13624426	38304801	1	1	0
537059bf-fb96-4455-ae2e-49e599683c51	chr3	38305043	38309139	4	3	1
537059bf-fb96-4455-ae2e-49e599683c51	chr3	38310645	72206404	1	1	0
537059bf-fb96-4455-ae2e-49e599683c51	chr3	72209016	72266437	0	0	0
537059bf-fb96-4455-ae2e-49e599683c51	chr3	72266805	122879679	1	1	0
537059bf-fb96-4455-ae2e-49e599683c51	chr3	122880715	123349177	2	1	1
537059bf-fb96-4455-ae2e-49e599683c51	chr3	123349439	155374721	1	1	0
537059bf-fb96-4455-ae2e-49e599683c51	chr3	155377207	169813299	2	1	1
537059bf-fb96-4455-ae2e-49e599683c51	chr3	169817478	172140288	1	1	0
537059bf-fb96-4455-ae2e-49e599683c51	chr3	172140733	173511589	2	1	1
537059bf-fb96-4455-ae2e-49e599683c51	chr3	173511781	173614850	3	2	1
537059bf-fb96-4455-ae2e-49e599683c51	chr3	173614990	185434425	2	1	1
537059bf-fb96-4455-ae2e-49e599683c51	chr3	185437633	198169247	1	1	0
537059bf-fb96-4455-ae2e-49e599683c51	chr4	68929	12540308	1	1	0
537059bf-fb96-4455-ae2e-49e599683c51	chr4	12542177	12547566	4	3	1
537059bf-fb96-4455-ae2e-49e599683c51	chr4	12548146	24045990	1	1	0
537059bf-fb96-4455-ae2e-49e599683c51	chr4	24046063	24064272	3	3	0
537059bf-fb96-4455-ae2e-49e599683c51	chr4	24065360	53673927	1	1	0
537059bf-fb96-4455-ae2e-49e599683c51	chr4	53675026	53748787	0	0	0
537059bf-fb96-4455-ae2e-49e599683c51	chr4	53749049	120440799	1	1	0
537059bf-fb96-4455-ae2e-49e599683c51	chr4	120441194	120549205	0	0	0
537059bf-fb96-4455-ae2e-49e599683c51	chr4	120549894	188831255	1	1	0
537059bf-fb96-4455-ae2e-49e599683c51	chr4	188831725	188844630	0	0	0
537059bf-fb96-4455-ae2e-49e599683c51	chr4	188844689	190106768	1	1	0
537059bf-fb96-4455-ae2e-49e599683c51	chr5	15532	96545781	2	1	1
537059bf-fb96-4455-ae2e-49e599683c51	chr5	96546313	96562131	0	0	0
537059bf-fb96-4455-ae2e-49e599683c51	chr5	96562214	151380464	2	1	1
537059bf-fb96-4455-ae2e-49e599683c51	chr5	151380721	151397487	6	4	2
537059bf-fb96-4455-ae2e-49e599683c51	chr5	151398237	153740704	2	1	1
537059bf-fb96-4455-ae2e-49e599683c51	chr5	153743303	153763488	1	1	0
537059bf-fb96-4455-ae2e-49e599683c51	chr5	153763889	160514295	2	1	1
537059bf-fb96-4455-ae2e-49e599683c51	chr5	160514418	160538251	1	1	0
537059bf-fb96-4455-ae2e-49e599683c51	chr5	160538394	181363319	2	1	1
537059bf-fb96-4455-ae2e-49e599683c51	chr6	149661	5270217	2	1	1
537059bf-fb96-4455-ae2e-49e599683c51	chr6	5272401	10574489	1	1	0
537059bf-fb96-4455-ae2e-49e599683c51	chr6	10574664	12164379	2	1	1
537059bf-fb96-4455-ae2e-49e599683c51	chr6	12166266	12200803	1	1	0
537059bf-fb96-4455-ae2e-49e599683c51	chr6	12201547	13931039	2	1	1
537059bf-fb96-4455-ae2e-49e599683c51	chr6	13931592	29552687	1	1	0
537059bf-fb96-4455-ae2e-49e599683c51	chr6	29554811	30561845	0	0	0
537059bf-fb96-4455-ae2e-49e599683c51	chr6	30574075	75404600	1	1	0
537059bf-fb96-4455-ae2e-49e599683c51	chr6	75404962	76956084	2	1	1
537059bf-fb96-4455-ae2e-49e599683c51	chr6	76965155	81878687	1	1	0
537059bf-fb96-4455-ae2e-49e599683c51	chr6	81881151	83957261	2	1	1
537059bf-fb96-4455-ae2e-49e599683c51	chr6	83958905	94551265	1	1	0
537059bf-fb96-4455-ae2e-49e599683c51	chr6	94556105	96992760	2	1	1
537059bf-fb96-4455-ae2e-49e599683c51	chr6	96994050	97028802	4	2	2
537059bf-fb96-4455-ae2e-49e599683c51	chr6	97030143	97742906	2	1	1
537059bf-fb96-4455-ae2e-49e599683c51	chr6	97746035	103560984	1	1	0
537059bf-fb96-4455-ae2e-49e599683c51	chr6	103561201	103564362	3	2	1
537059bf-fb96-4455-ae2e-49e599683c51	chr6	103564662	111618953	1	1	0
537059bf-fb96-4455-ae2e-49e599683c51	chr6	111620953	117487868	2	1	1
537059bf-fb96-4455-ae2e-49e599683c51	chr6	117488327	119267279	1	1	0
537059bf-fb96-4455-ae2e-49e599683c51	chr6	119267288	119449644	0	0	0
537059bf-fb96-4455-ae2e-49e599683c51	chr6	119449741	121255732	1	1	0
537059bf-fb96-4455-ae2e-49e599683c51	chr6	121255967	125687136	2	1	1
537059bf-fb96-4455-ae2e-49e599683c51	chr6	125687477	147304934	1	1	0
537059bf-fb96-4455-ae2e-49e599683c51	chr6	147306086	151274974	2	1	1
537059bf-fb96-4455-ae2e-49e599683c51	chr6	151276802	151291767	5	3	2
537059bf-fb96-4455-ae2e-49e599683c51	chr6	151292905	153074912	2	1	1
537059bf-fb96-4455-ae2e-49e599683c51	chr6	153075740	170741917	1	1	0
537059bf-fb96-4455-ae2e-49e599683c51	chr7	43259	35357045	2	1	1
537059bf-fb96-4455-ae2e-49e599683c51	chr7	35357957	35366118	0	0	0
537059bf-fb96-4455-ae2e-49e599683c51	chr7	35367534	77312023	2	1	1
537059bf-fb96-4455-ae2e-49e599683c51	chr7	77312567	77333901	5	3	2
537059bf-fb96-4455-ae2e-49e599683c51	chr7	77335454	84822120	2	1	1
537059bf-fb96-4455-ae2e-49e599683c51	chr7	84823968	84861349	1	1	0
537059bf-fb96-4455-ae2e-49e599683c51	chr7	84861502	159334314	2	1	1
537059bf-fb96-4455-ae2e-49e599683c51	chr8	81254	2053637	1	1	0
537059bf-fb96-4455-ae2e-49e599683c51	chr8	2053911	2064996	3	2	1
537059bf-fb96-4455-ae2e-49e599683c51	chr8	2065114	30744482	1	1	0
537059bf-fb96-4455-ae2e-49e599683c51	chr8	30744833	69152771	2	1	1
537059bf-fb96-4455-ae2e-49e599683c51	chr8	69153124	69165560	5	3	2
537059bf-fb96-4455-ae2e-49e599683c51	chr8	69166138	96171420	2	1	1
537059bf-fb96-4455-ae2e-49e599683c51	chr8	96171973	133696138	4	3	1
537059bf-fb96-4455-ae2e-49e599683c51	chr8	133696165	133814593	5	4	1
537059bf-fb96-4455-ae2e-49e599683c51	chr8	133816911	135744611	4	3	1
537059bf-fb96-4455-ae2e-49e599683c51	chr8	135744798	135755042	8	5	3
537059bf-fb96-4455-ae2e-49e599683c51	chr8	135760057	138652901	4	3	1
537059bf-fb96-4455-ae2e-49e599683c51	chr8	138653631	138662380	9	7	2
537059bf-fb96-4455-ae2e-49e599683c51	chr8	138663315	145072769	4	3	1
537059bf-fb96-4455-ae2e-49e599683c51	chr9	46587	14290783	1	1	0
537059bf-fb96-4455-ae2e-49e599683c51	chr9	14290921	14293116	4	3	1
537059bf-fb96-4455-ae2e-49e599683c51	chr9	14294069	83290105	1	1	0
537059bf-fb96-4455-ae2e-49e599683c51	chr9	83290145	83295597	0	0	0
537059bf-fb96-4455-ae2e-49e599683c51	chr9	83296035	84308873	1	1	0
537059bf-fb96-4455-ae2e-49e599683c51	chr9	84310740	84316147	4	3	1
537059bf-fb96-4455-ae2e-49e599683c51	chr9	84317719	87555316	1	1	0
537059bf-fb96-4455-ae2e-49e599683c51	chr9	87555362	87580757	0	0	0
537059bf-fb96-4455-ae2e-49e599683c51	chr9	87581057	138200944	1	1	0
537059bf-fb96-4455-ae2e-49e599683c51	chr10	45792	18959626	2	1	1
537059bf-fb96-4455-ae2e-49e599683c51	chr10	18959747	18964927	0	0	0
537059bf-fb96-4455-ae2e-49e599683c51	chr10	18975051	23570322	2	1	1
537059bf-fb96-4455-ae2e-49e599683c51	chr10	23571145	23608569	1	1	0
537059bf-fb96-4455-ae2e-49e599683c51	chr10	23608844	133654968	2	1	1
537059bf-fb96-4455-ae2e-49e599683c51	chr11	198510	26621113	2	1	1
537059bf-fb96-4455-ae2e-49e599683c51	chr11	26621402	26636366	1	1	0
537059bf-fb96-4455-ae2e-49e599683c51	chr11	26639391	43992981	2	1	1
537059bf-fb96-4455-ae2e-49e599683c51	chr11	43993039	44038270	3	2	1
537059bf-fb96-4455-ae2e-49e599683c51	chr11	44040852	119081661	2	1	1
537059bf-fb96-4455-ae2e-49e599683c51	chr11	119082492	119091967	4	2	2
537059bf-fb96-4455-ae2e-49e599683c51	chr11	119092106	135074876	2	1	1
537059bf-fb96-4455-ae2e-49e599683c51	chr12	51460	14389132	2	1	1
537059bf-fb96-4455-ae2e-49e599683c51	chr12	14394484	15056070	1	1	0
537059bf-fb96-4455-ae2e-49e599683c51	chr12	15056467	133201603	2	1	1
537059bf-fb96-4455-ae2e-49e599683c51	chr13	18452809	40507660	1	1	0
537059bf-fb96-4455-ae2e-49e599683c51	chr13	40510104	40543793	0	0	0
537059bf-fb96-4455-ae2e-49e599683c51	chr13	40545094	63985364	1	1	0
537059bf-fb96-4455-ae2e-49e599683c51	chr13	63985816	64020622	0	0	0
537059bf-fb96-4455-ae2e-49e599683c51	chr13	64020682	70556236	1	1	0
537059bf-fb96-4455-ae2e-49e599683c51	chr13	70558200	70564932	0	0	0
537059bf-fb96-4455-ae2e-49e599683c51	chr13	70568082	114342922	1	1	0
537059bf-fb96-4455-ae2e-49e599683c51	chr14	18239283	62653892	1	1	0
537059bf-fb96-4455-ae2e-49e599683c51	chr14	62655117	62660441	3	3	0
537059bf-fb96-4455-ae2e-49e599683c51	chr14	62662173	106877229	1	1	0
537059bf-fb96-4455-ae2e-49e599683c51	chr15	19811075	27592226	2	1	1
537059bf-fb96-4455-ae2e-49e599683c51	chr15	27592568	27621050	4	2	2
537059bf-fb96-4455-ae2e-49e599683c51	chr15	27621352	53974553	2	1	1
537059bf-fb96-4455-ae2e-49e599683c51	chr15	53975413	54298164	3	2	1
537059bf-fb96-4455-ae2e-49e599683c51	chr15	54298479	57495794	2	1	1
537059bf-fb96-4455-ae2e-49e599683c51	chr15	57496189	57587525	3	2	1
537059bf-fb96-4455-ae2e-49e599683c51	chr15	57587971	60919472	2	1	1
537059bf-fb96-4455-ae2e-49e599683c51	chr15	60920670	60931519	1	1	0
537059bf-fb96-4455-ae2e-49e599683c51	chr15	60931863	101928837	2	1	1
537059bf-fb96-4455-ae2e-49e599683c51	chr16	10777	12548000	2	1	1
537059bf-fb96-4455-ae2e-49e599683c51	chr16	12549015	12561319	3	2	1
537059bf-fb96-4455-ae2e-49e599683c51	chr16	12561376	12675619	2	1	1
537059bf-fb96-4455-ae2e-49e599683c51	chr16	12679068	12684114	7	4	3
537059bf-fb96-4455-ae2e-49e599683c51	chr16	12684219	53991260	2	1	1
537059bf-fb96-4455-ae2e-49e599683c51	chr16	53991402	54020999	1	1	0
537059bf-fb96-4455-ae2e-49e599683c51	chr16	54022247	78879218	2	1	1
537059bf-fb96-4455-ae2e-49e599683c51	chr16	78879267	78892801	6	3	3
537059bf-fb96-4455-ae2e-49e599683c51	chr16	78896319	90096867	2	1	1
537059bf-fb96-4455-ae2e-49e599683c51	chr17	150733	34701671	2	1	1
537059bf-fb96-4455-ae2e-49e599683c51	chr17	34702551	34730635	4	2	2
537059bf-fb96-4455-ae2e-49e599683c51	chr17	34737585	41265456	2	1	1
537059bf-fb96-4455-ae2e-49e599683c51	chr17	41266762	41274279	0	0	0
537059bf-fb96-4455-ae2e-49e599683c51	chr17	41276472	46084941	2	1	1
537059bf-fb96-4455-ae2e-49e599683c51	chr17	46085231	46276519	5	5	0
537059bf-fb96-4455-ae2e-49e599683c51	chr17	46284643	46940493	2	1	1
537059bf-fb96-4455-ae2e-49e599683c51	chr17	46941097	46956655	5	3	2
537059bf-fb96-4455-ae2e-49e599683c51	chr17	46957017	53983792	2	1	1
537059bf-fb96-4455-ae2e-49e599683c51	chr17	53984764	53999539	1	1	0
537059bf-fb96-4455-ae2e-49e599683c51	chr17	53999835	82337668	2	1	1
537059bf-fb96-4455-ae2e-49e599683c51	chr17	82342874	83091923	1	1	0
537059bf-fb96-4455-ae2e-49e599683c51	chr18	48133	44464819	2	1	1
537059bf-fb96-4455-ae2e-49e599683c51	chr18	44464997	44516512	1	1	0
537059bf-fb96-4455-ae2e-49e599683c51	chr18	44517058	72759620	2	1	1
537059bf-fb96-4455-ae2e-49e599683c51	chr18	72761318	72763217	4	2	2
537059bf-fb96-4455-ae2e-49e599683c51	chr18	72763308	80257174	2	1	1
537059bf-fb96-4455-ae2e-49e599683c51	chr19	90910	5260018	1	1	0
537059bf-fb96-4455-ae2e-49e599683c51	chr19	5263257	13175514	2	1	1
537059bf-fb96-4455-ae2e-49e599683c51	chr19	13181876	16050849	1	1	0
537059bf-fb96-4455-ae2e-49e599683c51	chr19	16054073	19176355	2	1	1
537059bf-fb96-4455-ae2e-49e599683c51	chr19	19177092	19190150	4	2	2
537059bf-fb96-4455-ae2e-49e599683c51	chr19	19190309	23524606	2	1	1
537059bf-fb96-4455-ae2e-49e599683c51	chr19	23526518	23555626	1	1	0
537059bf-fb96-4455-ae2e-49e599683c51	chr19	23556678	46190660	2	1	1
537059bf-fb96-4455-ae2e-49e599683c51	chr19	46191937	47728391	1	1	0
537059bf-fb96-4455-ae2e-49e599683c51	chr19	47728989	47789073	3	2	1
537059bf-fb96-4455-ae2e-49e599683c51	chr19	47792055	58586487	2	1	1
537059bf-fb96-4455-ae2e-49e599683c51	chr20	80664	48235169	3	2	1
537059bf-fb96-4455-ae2e-49e599683c51	chr20	48237024	48249802	1	1	0
537059bf-fb96-4455-ae2e-49e599683c51	chr20	48249894	64324800	3	2	1
537059bf-fb96-4455-ae2e-49e599683c51	chr21	12973348	18054262	1	1	0
537059bf-fb96-4455-ae2e-49e599683c51	chr21	18055950	18071856	0	0	0
537059bf-fb96-4455-ae2e-49e599683c51	chr21	18072479	46677045	1	1	0
537059bf-fb96-4455-ae2e-49e599683c51	chr22	16392123	50695512	2	1	1
537059bf-fb96-4455-ae2e-49e599683c51	chr22	50695758	50796027	3	2	1
537059bf-fb96-4455-ae2e-49e599683c51	chrX	251810	490407	0	0	0
537059bf-fb96-4455-ae2e-49e599683c51	chrX	507629	774116	1	1	0
537059bf-fb96-4455-ae2e-49e599683c51	chrX	776893	956301	0	0	0
537059bf-fb96-4455-ae2e-49e599683c51	chrX	959750	1401237	1	1	0
537059bf-fb96-4455-ae2e-49e599683c51	chrX	1420810	1479705	0	0	0
537059bf-fb96-4455-ae2e-49e599683c51	chrX	1480942	1738376	2	1	1
537059bf-fb96-4455-ae2e-49e599683c51	chrX	1743143	2376598	1	1	0
537059bf-fb96-4455-ae2e-49e599683c51	chrX	2377218	2440099	0	0	0
537059bf-fb96-4455-ae2e-49e599683c51	chrX	2442260	2553051	2	1	1
537059bf-fb96-4455-ae2e-49e599683c51	chrX	2553080	2568475	0	0	0
537059bf-fb96-4455-ae2e-49e599683c51	chrX	2575184	2677018	1	1	0
537059bf-fb96-4455-ae2e-49e599683c51	chrX	2701613	2720458	0	0	0
537059bf-fb96-4455-ae2e-49e599683c51	chrX	2723161	2775583	2	1	1
537059bf-fb96-4455-ae2e-49e599683c51	chrX	2776199	156004181	0	0	0
537059bf-fb96-4455-ae2e-49e599683c51	chrY	2782397	26653788	0	0	0
537059bf-fb96-4455-ae2e-49e599683c51	chrY	56872112	56872112	3	3	0
