GDC_Aliquot	Chromosome	Start	End	Copy_Number	Major_Copy_Number	Minor_Copy_Number
4c31c45b-b980-4a49-9237-f3d65a216956	chr1	61735	54354642	2	1	1
4c31c45b-b980-4a49-9237-f3d65a216956	chr1	54355007	54880164	2	2	0
4c31c45b-b980-4a49-9237-f3d65a216956	chr1	54881455	115851982	2	1	1
4c31c45b-b980-4a49-9237-f3d65a216956	chr1	115852078	117989662	1	1	0
4c31c45b-b980-4a49-9237-f3d65a216956	chr1	117993229	178717674	2	1	1
4c31c45b-b980-4a49-9237-f3d65a216956	chr1	178722231	241890353	3	2	1
4c31c45b-b980-4a49-9237-f3d65a216956	chr1	241890369	248930189	1	1	0
4c31c45b-b980-4a49-9237-f3d65a216956	chr2	12784	242147305	2	1	1
4c31c45b-b980-4a49-9237-f3d65a216956	chr3	18667	100187406	2	1	1
4c31c45b-b980-4a49-9237-f3d65a216956	chr3	100187735	198169247	2	2	0
4c31c45b-b980-4a49-9237-f3d65a216956	chr4	12281	184522226	2	1	1
4c31c45b-b980-4a49-9237-f3d65a216956	chr4	184526027	185546335	1	1	0
4c31c45b-b980-4a49-9237-f3d65a216956	chr4	185546656	190106768	2	1	1
4c31c45b-b980-4a49-9237-f3d65a216956	chr5	15532	181363319	2	1	1
4c31c45b-b980-4a49-9237-f3d65a216956	chr6	149661	20660072	4	3	1
4c31c45b-b980-4a49-9237-f3d65a216956	chr6	20660134	20974149	3	3	0
4c31c45b-b980-4a49-9237-f3d65a216956	chr6	20978267	24791053	4	3	1
4c31c45b-b980-4a49-9237-f3d65a216956	chr6	24795452	26018984	2	1	1
4c31c45b-b980-4a49-9237-f3d65a216956	chr6	26027192	42288897	3	2	1
4c31c45b-b980-4a49-9237-f3d65a216956	chr6	42289423	170741917	2	1	1
4c31c45b-b980-4a49-9237-f3d65a216956	chr7	43259	159334314	2	1	1
4c31c45b-b980-4a49-9237-f3d65a216956	chr8	81254	142365209	2	1	1
4c31c45b-b980-4a49-9237-f3d65a216956	chr8	142368205	145072769	2	2	0
4c31c45b-b980-4a49-9237-f3d65a216956	chr9	46587	92295823	2	1	1
4c31c45b-b980-4a49-9237-f3d65a216956	chr9	92297508	93110603	1	1	0
4c31c45b-b980-4a49-9237-f3d65a216956	chr9	93117970	138200944	2	1	1
4c31c45b-b980-4a49-9237-f3d65a216956	chr10	26823	133769379	2	1	1
4c31c45b-b980-4a49-9237-f3d65a216956	chr11	198572	135074876	2	1	1
4c31c45b-b980-4a49-9237-f3d65a216956	chr12	51460	133201603	2	1	1
4c31c45b-b980-4a49-9237-f3d65a216956	chr13	18452809	114342922	2	1	1
4c31c45b-b980-4a49-9237-f3d65a216956	chr14	18225647	21860397	2	1	1
4c31c45b-b980-4a49-9237-f3d65a216956	chr14	21860829	22531112	1	1	0
4c31c45b-b980-4a49-9237-f3d65a216956	chr14	22533736	106877229	2	1	1
4c31c45b-b980-4a49-9237-f3d65a216956	chr15	19811075	101928837	2	1	1
4c31c45b-b980-4a49-9237-f3d65a216956	chr16	10777	36048855	2	1	1
4c31c45b-b980-4a49-9237-f3d65a216956	chr16	46429870	50632512	1	1	0
4c31c45b-b980-4a49-9237-f3d65a216956	chr16	50635971	50866599	0	0	0
4c31c45b-b980-4a49-9237-f3d65a216956	chr16	50869418	54633223	1	1	0
4c31c45b-b980-4a49-9237-f3d65a216956	chr16	54633440	78195516	2	2	0
4c31c45b-b980-4a49-9237-f3d65a216956	chr16	78198082	78627767	0	0	0
4c31c45b-b980-4a49-9237-f3d65a216956	chr16	78631848	90221127	2	2	0
4c31c45b-b980-4a49-9237-f3d65a216956	chr17	150733	35473832	2	1	1
4c31c45b-b980-4a49-9237-f3d65a216956	chr17	35474258	36822339	1	1	0
4c31c45b-b980-4a49-9237-f3d65a216956	chr17	36822853	70648048	2	1	1
4c31c45b-b980-4a49-9237-f3d65a216956	chr17	70651025	83090856	2	2	0
4c31c45b-b980-4a49-9237-f3d65a216956	chr18	48133	80257174	2	1	1
4c31c45b-b980-4a49-9237-f3d65a216956	chr19	90910	58586487	2	1	1
4c31c45b-b980-4a49-9237-f3d65a216956	chr20	80664	64324800	2	1	1
4c31c45b-b980-4a49-9237-f3d65a216956	chr21	10336543	13955114	2	2	0
4c31c45b-b980-4a49-9237-f3d65a216956	chr21	13956012	46677045	2	1	1
4c31c45b-b980-4a49-9237-f3d65a216956	chr22	15294545	50796027	2	1	1
4c31c45b-b980-4a49-9237-f3d65a216956	chrX	251810	2776199	4	2	2
4c31c45b-b980-4a49-9237-f3d65a216956	chrX	2785350	7061068	1	1	0
4c31c45b-b980-4a49-9237-f3d65a216956	chrX	7061818	7078990	0	0	0
4c31c45b-b980-4a49-9237-f3d65a216956	chrX	7082427	72412832	1	1	0
4c31c45b-b980-4a49-9237-f3d65a216956	chrX	72420627	72606262	0	0	0
4c31c45b-b980-4a49-9237-f3d65a216956	chrX	72606778	137361500	1	1	0
4c31c45b-b980-4a49-9237-f3d65a216956	chrX	137372992	155617828	2	2	0
4c31c45b-b980-4a49-9237-f3d65a216956	chrX	155617955	156004181	3	3	0
5b1bff34-5c81-4139-9f22-01c256754e2d	chr1	62920	19949008	2	2	0
5b1bff34-5c81-4139-9f22-01c256754e2d	chr1	19949375	34131025	1	1	0
5b1bff34-5c81-4139-9f22-01c256754e2d	chr1	34131501	36498277	2	1	1
5b1bff34-5c81-4139-9f22-01c256754e2d	chr1	36508009	38089814	1	1	0
5b1bff34-5c81-4139-9f22-01c256754e2d	chr1	38091426	54809662	2	1	1
5b1bff34-5c81-4139-9f22-01c256754e2d	chr1	54809957	55587369	1	1	0
5b1bff34-5c81-4139-9f22-01c256754e2d	chr1	55588354	99676093	2	1	1
5b1bff34-5c81-4139-9f22-01c256754e2d	chr1	99677836	103067470	1	1	0
5b1bff34-5c81-4139-9f22-01c256754e2d	chr1	103068609	105491310	2	1	1
5b1bff34-5c81-4139-9f22-01c256754e2d	chr1	105491593	105713804	1	1	0
5b1bff34-5c81-4139-9f22-01c256754e2d	chr1	105726548	114761069	2	1	1
5b1bff34-5c81-4139-9f22-01c256754e2d	chr1	114761372	116534942	1	1	0
5b1bff34-5c81-4139-9f22-01c256754e2d	chr1	116538219	121705338	2	1	1
5b1bff34-5c81-4139-9f22-01c256754e2d	chr1	143541857	152583051	3	2	1
5b1bff34-5c81-4139-9f22-01c256754e2d	chr1	152583230	152614100	0	0	0
5b1bff34-5c81-4139-9f22-01c256754e2d	chr1	152614118	152777780	3	3	0
5b1bff34-5c81-4139-9f22-01c256754e2d	chr1	152778030	153685711	2	2	0
5b1bff34-5c81-4139-9f22-01c256754e2d	chr1	153686632	220223030	3	2	1
5b1bff34-5c81-4139-9f22-01c256754e2d	chr1	220227258	248930189	1	1	0
5b1bff34-5c81-4139-9f22-01c256754e2d	chr2	12784	52527330	2	1	1
5b1bff34-5c81-4139-9f22-01c256754e2d	chr2	52527342	52554404	0	0	0
5b1bff34-5c81-4139-9f22-01c256754e2d	chr2	52560811	139835279	2	1	1
5b1bff34-5c81-4139-9f22-01c256754e2d	chr2	139836288	150150488	1	1	0
5b1bff34-5c81-4139-9f22-01c256754e2d	chr2	150150529	168154149	2	1	1
5b1bff34-5c81-4139-9f22-01c256754e2d	chr2	168154344	168178225	1	1	0
5b1bff34-5c81-4139-9f22-01c256754e2d	chr2	168180380	242147305	2	1	1
5b1bff34-5c81-4139-9f22-01c256754e2d	chr3	20930	22134443	2	1	1
5b1bff34-5c81-4139-9f22-01c256754e2d	chr3	22139681	22436350	1	1	0
5b1bff34-5c81-4139-9f22-01c256754e2d	chr3	22438152	38304801	2	1	1
5b1bff34-5c81-4139-9f22-01c256754e2d	chr3	38305043	38309139	4	2	2
5b1bff34-5c81-4139-9f22-01c256754e2d	chr3	38310645	45689783	2	1	1
5b1bff34-5c81-4139-9f22-01c256754e2d	chr3	45689959	45724256	1	1	0
5b1bff34-5c81-4139-9f22-01c256754e2d	chr3	45724286	93801172	2	1	1
5b1bff34-5c81-4139-9f22-01c256754e2d	chr3	93804513	162790480	3	2	1
5b1bff34-5c81-4139-9f22-01c256754e2d	chr3	162794869	162908207	0	0	0
5b1bff34-5c81-4139-9f22-01c256754e2d	chr3	162908784	187755024	3	2	1
5b1bff34-5c81-4139-9f22-01c256754e2d	chr3	187755486	198169247	2	1	1
5b1bff34-5c81-4139-9f22-01c256754e2d	chr4	68929	10208766	2	1	1
5b1bff34-5c81-4139-9f22-01c256754e2d	chr4	10212536	10237673	5	5	0
5b1bff34-5c81-4139-9f22-01c256754e2d	chr4	10239039	49618868	2	1	1
5b1bff34-5c81-4139-9f22-01c256754e2d	chr4	49641746	160952848	1	1	0
5b1bff34-5c81-4139-9f22-01c256754e2d	chr4	160958866	160963448	0	0	0
5b1bff34-5c81-4139-9f22-01c256754e2d	chr4	160963756	190106768	1	1	0
5b1bff34-5c81-4139-9f22-01c256754e2d	chr5	15532	33841178	2	1	1
5b1bff34-5c81-4139-9f22-01c256754e2d	chr5	33843153	34096256	1	1	0
5b1bff34-5c81-4139-9f22-01c256754e2d	chr5	34107016	34446594	2	2	0
5b1bff34-5c81-4139-9f22-01c256754e2d	chr5	34453805	40569367	2	1	1
5b1bff34-5c81-4139-9f22-01c256754e2d	chr5	40569851	40657914	1	1	0
5b1bff34-5c81-4139-9f22-01c256754e2d	chr5	40660624	52193788	2	1	1
5b1bff34-5c81-4139-9f22-01c256754e2d	chr5	52198101	52254717	1	1	0
5b1bff34-5c81-4139-9f22-01c256754e2d	chr5	52258498	137269415	2	1	1
5b1bff34-5c81-4139-9f22-01c256754e2d	chr5	137269827	137274303	1	1	0
5b1bff34-5c81-4139-9f22-01c256754e2d	chr5	137274433	172489579	2	1	1
5b1bff34-5c81-4139-9f22-01c256754e2d	chr5	172489921	172509928	3	2	1
5b1bff34-5c81-4139-9f22-01c256754e2d	chr5	172513040	181363319	2	1	1
5b1bff34-5c81-4139-9f22-01c256754e2d	chr6	149661	56957530	2	1	1
5b1bff34-5c81-4139-9f22-01c256754e2d	chr6	56957820	57003030	1	1	0
5b1bff34-5c81-4139-9f22-01c256754e2d	chr6	57004384	99943996	2	1	1
5b1bff34-5c81-4139-9f22-01c256754e2d	chr6	99944656	107909673	1	1	0
5b1bff34-5c81-4139-9f22-01c256754e2d	chr6	107910747	107991219	2	2	0
5b1bff34-5c81-4139-9f22-01c256754e2d	chr6	107998386	170741917	2	1	1
5b1bff34-5c81-4139-9f22-01c256754e2d	chr7	43259	79895200	2	1	1
5b1bff34-5c81-4139-9f22-01c256754e2d	chr7	79897184	79924120	1	1	0
5b1bff34-5c81-4139-9f22-01c256754e2d	chr7	79924592	159334314	2	1	1
5b1bff34-5c81-4139-9f22-01c256754e2d	chr8	81254	66741144	1	1	0
5b1bff34-5c81-4139-9f22-01c256754e2d	chr8	66741999	72078895	2	1	1
5b1bff34-5c81-4139-9f22-01c256754e2d	chr8	72088646	72132820	1	1	0
5b1bff34-5c81-4139-9f22-01c256754e2d	chr8	72132855	145072769	2	1	1
5b1bff34-5c81-4139-9f22-01c256754e2d	chr9	46587	21679765	2	1	1
5b1bff34-5c81-4139-9f22-01c256754e2d	chr9	21680461	21846286	1	1	0
5b1bff34-5c81-4139-9f22-01c256754e2d	chr9	21846328	22915598	0	0	0
5b1bff34-5c81-4139-9f22-01c256754e2d	chr9	22916260	23515659	1	1	0
5b1bff34-5c81-4139-9f22-01c256754e2d	chr9	23516237	87558845	2	1	1
5b1bff34-5c81-4139-9f22-01c256754e2d	chr9	87558882	87580757	1	1	0
5b1bff34-5c81-4139-9f22-01c256754e2d	chr9	87581057	138200944	2	1	1
5b1bff34-5c81-4139-9f22-01c256754e2d	chr10	45792	65548272	2	1	1
5b1bff34-5c81-4139-9f22-01c256754e2d	chr10	65548833	65554688	0	0	0
5b1bff34-5c81-4139-9f22-01c256754e2d	chr10	65563037	69685665	2	1	1
5b1bff34-5c81-4139-9f22-01c256754e2d	chr10	69685890	69710969	3	2	1
5b1bff34-5c81-4139-9f22-01c256754e2d	chr10	69714737	133654968	2	1	1
5b1bff34-5c81-4139-9f22-01c256754e2d	chr11	198510	55608804	2	1	1
5b1bff34-5c81-4139-9f22-01c256754e2d	chr11	55609022	55685533	0	0	0
5b1bff34-5c81-4139-9f22-01c256754e2d	chr11	55686100	58385060	2	1	1
5b1bff34-5c81-4139-9f22-01c256754e2d	chr11	58385114	58397192	1	1	0
5b1bff34-5c81-4139-9f22-01c256754e2d	chr11	58397420	135074876	2	1	1
5b1bff34-5c81-4139-9f22-01c256754e2d	chr12	51460	19906181	2	1	1
5b1bff34-5c81-4139-9f22-01c256754e2d	chr12	19906454	20085611	1	1	0
5b1bff34-5c81-4139-9f22-01c256754e2d	chr12	20085656	30929725	2	1	1
5b1bff34-5c81-4139-9f22-01c256754e2d	chr12	30930096	30947015	1	1	0
5b1bff34-5c81-4139-9f22-01c256754e2d	chr12	30949962	52526630	2	1	1
5b1bff34-5c81-4139-9f22-01c256754e2d	chr12	52527431	52532185	4	2	2
5b1bff34-5c81-4139-9f22-01c256754e2d	chr12	52534131	127219556	2	1	1
5b1bff34-5c81-4139-9f22-01c256754e2d	chr12	127219890	127238221	1	1	0
5b1bff34-5c81-4139-9f22-01c256754e2d	chr12	127238495	133201603	2	1	1
5b1bff34-5c81-4139-9f22-01c256754e2d	chr13	18452809	57476563	2	1	1
5b1bff34-5c81-4139-9f22-01c256754e2d	chr13	57477107	57558401	1	1	0
5b1bff34-5c81-4139-9f22-01c256754e2d	chr13	57560346	73756556	2	1	1
5b1bff34-5c81-4139-9f22-01c256754e2d	chr13	73756599	73772656	3	2	1
5b1bff34-5c81-4139-9f22-01c256754e2d	chr13	73772715	114342922	2	1	1
5b1bff34-5c81-4139-9f22-01c256754e2d	chr14	18239283	23957515	2	1	1
5b1bff34-5c81-4139-9f22-01c256754e2d	chr14	23975620	24031436	1	1	0
5b1bff34-5c81-4139-9f22-01c256754e2d	chr14	24031630	74827988	2	1	1
5b1bff34-5c81-4139-9f22-01c256754e2d	chr14	74830128	74912432	1	1	0
5b1bff34-5c81-4139-9f22-01c256754e2d	chr14	74915322	106582617	2	1	1
5b1bff34-5c81-4139-9f22-01c256754e2d	chr14	106582971	106813566	1	1	0
5b1bff34-5c81-4139-9f22-01c256754e2d	chr14	106814260	106877229	3	2	1
5b1bff34-5c81-4139-9f22-01c256754e2d	chr15	19811075	101928837	2	1	1
5b1bff34-5c81-4139-9f22-01c256754e2d	chr16	10777	36048855	2	1	1
5b1bff34-5c81-4139-9f22-01c256754e2d	chr16	46441986	76200278	1	1	0
5b1bff34-5c81-4139-9f22-01c256754e2d	chr16	76200286	76201965	0	0	0
5b1bff34-5c81-4139-9f22-01c256754e2d	chr16	76202164	90096867	1	1	0
5b1bff34-5c81-4139-9f22-01c256754e2d	chr17	150733	7565371	2	1	1
5b1bff34-5c81-4139-9f22-01c256754e2d	chr17	7565538	10020397	1	1	0
5b1bff34-5c81-4139-9f22-01c256754e2d	chr17	10020614	13124551	2	1	1
5b1bff34-5c81-4139-9f22-01c256754e2d	chr17	13124963	13132300	1	1	0
5b1bff34-5c81-4139-9f22-01c256754e2d	chr17	13134033	34394610	2	1	1
5b1bff34-5c81-4139-9f22-01c256754e2d	chr17	34394684	34403436	1	1	0
5b1bff34-5c81-4139-9f22-01c256754e2d	chr17	34404030	83091923	2	1	1
5b1bff34-5c81-4139-9f22-01c256754e2d	chr18	48133	7678826	1	1	0
5b1bff34-5c81-4139-9f22-01c256754e2d	chr18	7679335	69078869	2	1	1
5b1bff34-5c81-4139-9f22-01c256754e2d	chr18	69079007	69086089	0	0	0
5b1bff34-5c81-4139-9f22-01c256754e2d	chr18	69090459	80257174	2	1	1
5b1bff34-5c81-4139-9f22-01c256754e2d	chr19	90910	2027583	2	1	1
5b1bff34-5c81-4139-9f22-01c256754e2d	chr19	2036591	2197735	1	1	0
5b1bff34-5c81-4139-9f22-01c256754e2d	chr19	2203722	19093480	2	1	1
5b1bff34-5c81-4139-9f22-01c256754e2d	chr19	19094126	19167740	1	1	0
5b1bff34-5c81-4139-9f22-01c256754e2d	chr19	19169690	33266685	2	1	1
5b1bff34-5c81-4139-9f22-01c256754e2d	chr19	33271351	33290910	3	2	1
5b1bff34-5c81-4139-9f22-01c256754e2d	chr19	33292005	58586487	2	1	1
5b1bff34-5c81-4139-9f22-01c256754e2d	chr20	80664	64324800	2	1	1
5b1bff34-5c81-4139-9f22-01c256754e2d	chr21	12973348	16439615	3	2	1
5b1bff34-5c81-4139-9f22-01c256754e2d	chr21	16441877	46677045	2	1	1
5b1bff34-5c81-4139-9f22-01c256754e2d	chr22	16392123	49097792	2	1	1
5b1bff34-5c81-4139-9f22-01c256754e2d	chr22	49107087	49894942	1	1	0
5b1bff34-5c81-4139-9f22-01c256754e2d	chr22	49901092	50796027	2	1	1
5b1bff34-5c81-4139-9f22-01c256754e2d	chrX	251810	38524769	1	1	0
5b1bff34-5c81-4139-9f22-01c256754e2d	chrX	38525038	38527194	0	0	0
5b1bff34-5c81-4139-9f22-01c256754e2d	chrX	38527234	95141627	1	1	0
5b1bff34-5c81-4139-9f22-01c256754e2d	chrX	95141864	95159272	2	2	0
5b1bff34-5c81-4139-9f22-01c256754e2d	chrX	95160023	156004181	1	1	0
5b1bff34-5c81-4139-9f22-01c256754e2d	chrY	2782397	26653788	0	0	0
5b1bff34-5c81-4139-9f22-01c256754e2d	chrY	56872112	56872112	1	1	0
48face85-4dac-4fec-9524-ecef10f850ec	chr1	62920	72303233	1	1	0
48face85-4dac-4fec-9524-ecef10f850ec	chr1	72303253	72345465	13	13	0
48face85-4dac-4fec-9524-ecef10f850ec	chr1	72346221	81764968	1	1	0
48face85-4dac-4fec-9524-ecef10f850ec	chr1	81765729	82285053	6	5	1
48face85-4dac-4fec-9524-ecef10f850ec	chr1	82288503	84492502	3	2	1
48face85-4dac-4fec-9524-ecef10f850ec	chr1	84494051	85865054	6	5	1
48face85-4dac-4fec-9524-ecef10f850ec	chr1	85865087	119075491	1	1	0
48face85-4dac-4fec-9524-ecef10f850ec	chr1	119080935	192617179	3	2	1
48face85-4dac-4fec-9524-ecef10f850ec	chr1	192617239	192629343	2	1	1
48face85-4dac-4fec-9524-ecef10f850ec	chr1	192629385	248930189	3	2	1
48face85-4dac-4fec-9524-ecef10f850ec	chr2	12784	122642801	2	1	1
48face85-4dac-4fec-9524-ecef10f850ec	chr2	122643636	123045420	3	2	1
48face85-4dac-4fec-9524-ecef10f850ec	chr2	123045505	134534377	2	1	1
48face85-4dac-4fec-9524-ecef10f850ec	chr2	134537804	135731408	1	1	0
48face85-4dac-4fec-9524-ecef10f850ec	chr2	135731922	142352818	2	1	1
48face85-4dac-4fec-9524-ecef10f850ec	chr2	142356846	143136251	1	1	0
48face85-4dac-4fec-9524-ecef10f850ec	chr2	143137087	145301992	2	1	1
48face85-4dac-4fec-9524-ecef10f850ec	chr2	145303290	145534169	1	1	0
48face85-4dac-4fec-9524-ecef10f850ec	chr2	145535124	146230456	3	2	1
48face85-4dac-4fec-9524-ecef10f850ec	chr2	146236462	152056443	2	1	1
48face85-4dac-4fec-9524-ecef10f850ec	chr2	152060288	152081921	1	1	0
48face85-4dac-4fec-9524-ecef10f850ec	chr2	152083033	168108781	2	1	1
48face85-4dac-4fec-9524-ecef10f850ec	chr2	168119277	168173993	1	1	0
48face85-4dac-4fec-9524-ecef10f850ec	chr2	168174978	193371334	2	1	1
48face85-4dac-4fec-9524-ecef10f850ec	chr2	193371608	194967157	2	2	0
48face85-4dac-4fec-9524-ecef10f850ec	chr2	194972331	200368390	2	1	1
48face85-4dac-4fec-9524-ecef10f850ec	chr2	200368779	222966655	1	1	0
48face85-4dac-4fec-9524-ecef10f850ec	chr2	222967950	225341028	2	1	1
48face85-4dac-4fec-9524-ecef10f850ec	chr2	225342917	227889633	1	1	0
48face85-4dac-4fec-9524-ecef10f850ec	chr2	227890635	242147305	2	1	1
48face85-4dac-4fec-9524-ecef10f850ec	chr3	20930	35477067	2	1	1
48face85-4dac-4fec-9524-ecef10f850ec	chr3	35481384	35521387	5	3	2
48face85-4dac-4fec-9524-ecef10f850ec	chr3	35523373	198169247	2	1	1
48face85-4dac-4fec-9524-ecef10f850ec	chr4	68929	28952252	2	1	1
48face85-4dac-4fec-9524-ecef10f850ec	chr4	28954936	29302837	2	2	0
48face85-4dac-4fec-9524-ecef10f850ec	chr4	29302928	65760357	2	1	1
48face85-4dac-4fec-9524-ecef10f850ec	chr4	65760506	65920727	3	2	1
48face85-4dac-4fec-9524-ecef10f850ec	chr4	65920776	91434967	2	1	1
48face85-4dac-4fec-9524-ecef10f850ec	chr4	91435107	91447195	1	1	0
48face85-4dac-4fec-9524-ecef10f850ec	chr4	91447243	94488416	2	1	1
48face85-4dac-4fec-9524-ecef10f850ec	chr4	94488651	94523952	1	1	0
48face85-4dac-4fec-9524-ecef10f850ec	chr4	94524640	111672609	2	1	1
48face85-4dac-4fec-9524-ecef10f850ec	chr4	111673204	190106768	1	1	0
48face85-4dac-4fec-9524-ecef10f850ec	chr5	15532	131059524	2	1	1
48face85-4dac-4fec-9524-ecef10f850ec	chr5	131062866	131447006	1	1	0
48face85-4dac-4fec-9524-ecef10f850ec	chr5	131448868	138545567	2	1	1
48face85-4dac-4fec-9524-ecef10f850ec	chr5	138551998	139842809	1	1	0
48face85-4dac-4fec-9524-ecef10f850ec	chr5	139843006	158759294	2	1	1
48face85-4dac-4fec-9524-ecef10f850ec	chr5	158760316	159035910	1	1	0
48face85-4dac-4fec-9524-ecef10f850ec	chr5	159038450	181363319	2	1	1
48face85-4dac-4fec-9524-ecef10f850ec	chr6	149661	5643602	2	1	1
48face85-4dac-4fec-9524-ecef10f850ec	chr6	5644843	5664855	3	2	1
48face85-4dac-4fec-9524-ecef10f850ec	chr6	5665831	5797831	1	1	0
48face85-4dac-4fec-9524-ecef10f850ec	chr6	5799123	72865554	2	1	1
48face85-4dac-4fec-9524-ecef10f850ec	chr6	72867881	73180074	3	2	1
48face85-4dac-4fec-9524-ecef10f850ec	chr6	73180218	115809791	2	1	1
48face85-4dac-4fec-9524-ecef10f850ec	chr6	115809819	116387659	1	1	0
48face85-4dac-4fec-9524-ecef10f850ec	chr6	116388608	153744788	2	1	1
48face85-4dac-4fec-9524-ecef10f850ec	chr6	153744914	153787308	1	1	0
48face85-4dac-4fec-9524-ecef10f850ec	chr6	153788135	170741917	2	1	1
48face85-4dac-4fec-9524-ecef10f850ec	chr7	43259	39191050	3	2	1
48face85-4dac-4fec-9524-ecef10f850ec	chr7	39193361	39224145	6	4	2
48face85-4dac-4fec-9524-ecef10f850ec	chr7	39224311	41144005	3	2	1
48face85-4dac-4fec-9524-ecef10f850ec	chr7	41147234	41938377	4	3	1
48face85-4dac-4fec-9524-ecef10f850ec	chr7	41939088	74137403	3	2	1
48face85-4dac-4fec-9524-ecef10f850ec	chr7	74139705	74727766	5	4	1
48face85-4dac-4fec-9524-ecef10f850ec	chr7	74840595	79058976	3	2	1
48face85-4dac-4fec-9524-ecef10f850ec	chr7	79060548	79420519	3	3	0
48face85-4dac-4fec-9524-ecef10f850ec	chr7	79426531	106604603	3	2	1
48face85-4dac-4fec-9524-ecef10f850ec	chr7	106607238	106731730	2	1	1
48face85-4dac-4fec-9524-ecef10f850ec	chr7	106731773	118491168	3	2	1
48face85-4dac-4fec-9524-ecef10f850ec	chr7	118491626	159334314	1	1	0
48face85-4dac-4fec-9524-ecef10f850ec	chr8	81254	53866777	3	2	1
48face85-4dac-4fec-9524-ecef10f850ec	chr8	53867426	70531959	1	1	0
48face85-4dac-4fec-9524-ecef10f850ec	chr8	70533244	143538701	3	2	1
48face85-4dac-4fec-9524-ecef10f850ec	chr8	143542066	143601631	2	1	1
48face85-4dac-4fec-9524-ecef10f850ec	chr8	143601764	145072769	3	2	1
48face85-4dac-4fec-9524-ecef10f850ec	chr9	46587	25627887	2	1	1
48face85-4dac-4fec-9524-ecef10f850ec	chr9	25628212	26205370	3	2	1
48face85-4dac-4fec-9524-ecef10f850ec	chr9	26205606	41741113	2	1	1
48face85-4dac-4fec-9524-ecef10f850ec	chr9	60863881	68421768	3	2	1
48face85-4dac-4fec-9524-ecef10f850ec	chr9	68423153	138200944	2	1	1
48face85-4dac-4fec-9524-ecef10f850ec	chr10	45792	45757597	1	1	0
48face85-4dac-4fec-9524-ecef10f850ec	chr10	45760920	46522571	2	2	0
48face85-4dac-4fec-9524-ecef10f850ec	chr10	46525652	114032972	1	1	0
48face85-4dac-4fec-9524-ecef10f850ec	chr10	114053200	119980050	2	1	1
48face85-4dac-4fec-9524-ecef10f850ec	chr10	119984354	120146108	3	2	1
48face85-4dac-4fec-9524-ecef10f850ec	chr10	120147155	133438909	2	1	1
48face85-4dac-4fec-9524-ecef10f850ec	chr10	133439491	133654968	2	2	0
48face85-4dac-4fec-9524-ecef10f850ec	chr11	198510	5766175	2	1	1
48face85-4dac-4fec-9524-ecef10f850ec	chr11	5766850	5787909	0	0	0
48face85-4dac-4fec-9524-ecef10f850ec	chr11	5788108	81382590	2	1	1
48face85-4dac-4fec-9524-ecef10f850ec	chr11	81388677	135074876	4	3	1
48face85-4dac-4fec-9524-ecef10f850ec	chr12	51460	11108736	2	1	1
48face85-4dac-4fec-9524-ecef10f850ec	chr12	11114232	11537371	1	1	0
48face85-4dac-4fec-9524-ecef10f850ec	chr12	11537750	32918670	2	1	1
48face85-4dac-4fec-9524-ecef10f850ec	chr12	32919584	38756799	3	2	1
48face85-4dac-4fec-9524-ecef10f850ec	chr12	38757137	41603848	2	1	1
48face85-4dac-4fec-9524-ecef10f850ec	chr12	41603885	42577144	3	2	1
48face85-4dac-4fec-9524-ecef10f850ec	chr12	42582590	83141755	2	1	1
48face85-4dac-4fec-9524-ecef10f850ec	chr12	83143208	84851117	2	2	0
48face85-4dac-4fec-9524-ecef10f850ec	chr12	84851415	88944186	2	1	1
48face85-4dac-4fec-9524-ecef10f850ec	chr12	88945352	95265615	1	1	0
48face85-4dac-4fec-9524-ecef10f850ec	chr12	95271627	101655764	2	1	1
48face85-4dac-4fec-9524-ecef10f850ec	chr12	101656343	101669603	1	1	0
48face85-4dac-4fec-9524-ecef10f850ec	chr12	101670740	133201603	2	1	1
48face85-4dac-4fec-9524-ecef10f850ec	chr13	18452809	55503118	2	1	1
48face85-4dac-4fec-9524-ecef10f850ec	chr13	55507950	57476563	3	2	1
48face85-4dac-4fec-9524-ecef10f850ec	chr13	57477107	114342922	2	1	1
48face85-4dac-4fec-9524-ecef10f850ec	chr14	18239283	65936430	3	2	1
48face85-4dac-4fec-9524-ecef10f850ec	chr14	65936880	67440908	3	3	0
48face85-4dac-4fec-9524-ecef10f850ec	chr14	67441516	105993047	3	2	1
48face85-4dac-4fec-9524-ecef10f850ec	chr14	105993894	106197054	1	1	0
48face85-4dac-4fec-9524-ecef10f850ec	chr14	106209497	106877229	3	2	1
48face85-4dac-4fec-9524-ecef10f850ec	chr15	19811075	45911031	1	1	0
48face85-4dac-4fec-9524-ecef10f850ec	chr15	45911254	45950067	0	0	0
48face85-4dac-4fec-9524-ecef10f850ec	chr15	45950082	66654600	1	1	0
48face85-4dac-4fec-9524-ecef10f850ec	chr15	66666474	66694222	0	0	0
48face85-4dac-4fec-9524-ecef10f850ec	chr15	66694351	101928837	1	1	0
48face85-4dac-4fec-9524-ecef10f850ec	chr16	10777	36048855	2	1	1
48face85-4dac-4fec-9524-ecef10f850ec	chr16	46441986	58240333	2	2	0
48face85-4dac-4fec-9524-ecef10f850ec	chr16	58246023	58260820	4	4	0
48face85-4dac-4fec-9524-ecef10f850ec	chr16	58261294	66027514	2	2	0
48face85-4dac-4fec-9524-ecef10f850ec	chr16	66027537	66034646	3	3	0
48face85-4dac-4fec-9524-ecef10f850ec	chr16	66034871	90096867	2	2	0
48face85-4dac-4fec-9524-ecef10f850ec	chr17	150733	14814313	2	1	1
48face85-4dac-4fec-9524-ecef10f850ec	chr17	14816937	14850564	3	2	1
48face85-4dac-4fec-9524-ecef10f850ec	chr17	14850593	55289862	2	1	1
48face85-4dac-4fec-9524-ecef10f850ec	chr17	55290280	55305124	1	1	0
48face85-4dac-4fec-9524-ecef10f850ec	chr17	55305468	83091923	2	1	1
48face85-4dac-4fec-9524-ecef10f850ec	chr18	48133	259366	3	2	1
48face85-4dac-4fec-9524-ecef10f850ec	chr18	259502	33120422	2	1	1
48face85-4dac-4fec-9524-ecef10f850ec	chr18	33121770	33808716	3	2	1
48face85-4dac-4fec-9524-ecef10f850ec	chr18	33808848	52740593	2	1	1
48face85-4dac-4fec-9524-ecef10f850ec	chr18	52740926	53543514	3	2	1
48face85-4dac-4fec-9524-ecef10f850ec	chr18	53552091	68479234	2	1	1
48face85-4dac-4fec-9524-ecef10f850ec	chr18	68479485	69076108	2	2	0
48face85-4dac-4fec-9524-ecef10f850ec	chr18	69078869	69097709	0	0	0
48face85-4dac-4fec-9524-ecef10f850ec	chr18	69097978	80257174	2	1	1
48face85-4dac-4fec-9524-ecef10f850ec	chr19	90910	33232983	2	1	1
48face85-4dac-4fec-9524-ecef10f850ec	chr19	33237263	33286172	4	2	2
48face85-4dac-4fec-9524-ecef10f850ec	chr19	33286293	58586487	2	1	1
48face85-4dac-4fec-9524-ecef10f850ec	chr20	80664	1580276	2	1	1
48face85-4dac-4fec-9524-ecef10f850ec	chr20	1580305	1613247	18	18	0
48face85-4dac-4fec-9524-ecef10f850ec	chr20	1617300	64324800	2	1	1
48face85-4dac-4fec-9524-ecef10f850ec	chr21	12973348	36058537	3	2	1
48face85-4dac-4fec-9524-ecef10f850ec	chr21	36058967	36235993	6	3	3
48face85-4dac-4fec-9524-ecef10f850ec	chr21	36239265	46677045	3	2	1
48face85-4dac-4fec-9524-ecef10f850ec	chr22	16392123	28190347	2	1	1
48face85-4dac-4fec-9524-ecef10f850ec	chr22	28190686	28734752	1	1	0
48face85-4dac-4fec-9524-ecef10f850ec	chr22	28735438	50796027	2	1	1
48face85-4dac-4fec-9524-ecef10f850ec	chrX	251810	490325	2	1	1
48face85-4dac-4fec-9524-ecef10f850ec	chrX	490407	683127	3	2	1
48face85-4dac-4fec-9524-ecef10f850ec	chrX	683150	2776199	2	1	1
48face85-4dac-4fec-9524-ecef10f850ec	chrX	2785350	155538735	0	0	0
48face85-4dac-4fec-9524-ecef10f850ec	chrX	155542680	156004181	1	1	0
48face85-4dac-4fec-9524-ecef10f850ec	chrY	2782397	26653788	2	2	0
48face85-4dac-4fec-9524-ecef10f850ec	chrY	56872112	56872112	1	1	0
9755c987-1430-4961-b0c9-2fdb58d778ea	chr1	61735	248930189	4	2	2
9755c987-1430-4961-b0c9-2fdb58d778ea	chr2	12784	26616850	3	2	1
9755c987-1430-4961-b0c9-2fdb58d778ea	chr2	26616931	30660904	4	2	2
9755c987-1430-4961-b0c9-2fdb58d778ea	chr2	30661710	35048164	3	2	1
9755c987-1430-4961-b0c9-2fdb58d778ea	chr2	35048379	60472367	5	3	2
9755c987-1430-4961-b0c9-2fdb58d778ea	chr2	60472950	62566104	14	12	2
9755c987-1430-4961-b0c9-2fdb58d778ea	chr2	62567215	63264131	9	7	2
9755c987-1430-4961-b0c9-2fdb58d778ea	chr2	63264303	214076369	4	2	2
9755c987-1430-4961-b0c9-2fdb58d778ea	chr2	214076471	242147305	5	3	2
9755c987-1430-4961-b0c9-2fdb58d778ea	chr3	18667	60306547	5	3	2
9755c987-1430-4961-b0c9-2fdb58d778ea	chr3	60306583	60934722	2	2	0
9755c987-1430-4961-b0c9-2fdb58d778ea	chr3	60935353	191457167	5	3	2
9755c987-1430-4961-b0c9-2fdb58d778ea	chr3	191457536	193520617	4	3	1
9755c987-1430-4961-b0c9-2fdb58d778ea	chr3	193526069	198169247	5	3	2
9755c987-1430-4961-b0c9-2fdb58d778ea	chr4	12281	151311435	4	2	2
9755c987-1430-4961-b0c9-2fdb58d778ea	chr4	151312414	153746807	2	2	0
9755c987-1430-4961-b0c9-2fdb58d778ea	chr4	153748793	154180619	6	4	2
9755c987-1430-4961-b0c9-2fdb58d778ea	chr4	154180813	169897370	4	2	2
9755c987-1430-4961-b0c9-2fdb58d778ea	chr4	169897464	170614859	9	7	2
9755c987-1430-4961-b0c9-2fdb58d778ea	chr4	170616750	170806251	6	4	2
9755c987-1430-4961-b0c9-2fdb58d778ea	chr4	170809044	171567282	2	2	0
9755c987-1430-4961-b0c9-2fdb58d778ea	chr4	171568153	190106768	4	2	2
9755c987-1430-4961-b0c9-2fdb58d778ea	chr5	15532	35411693	4	2	2
9755c987-1430-4961-b0c9-2fdb58d778ea	chr5	35415932	36390266	2	2	0
9755c987-1430-4961-b0c9-2fdb58d778ea	chr5	36395386	38366428	6	4	2
9755c987-1430-4961-b0c9-2fdb58d778ea	chr5	38367793	39212002	22	20	2
9755c987-1430-4961-b0c9-2fdb58d778ea	chr5	39216723	39632532	8	6	2
9755c987-1430-4961-b0c9-2fdb58d778ea	chr5	39632941	40698039	11	9	2
9755c987-1430-4961-b0c9-2fdb58d778ea	chr5	40698424	181363319	4	2	2
9755c987-1430-4961-b0c9-2fdb58d778ea	chr6	149661	66610596	6	3	3
9755c987-1430-4961-b0c9-2fdb58d778ea	chr6	66611116	67336794	2	2	0
9755c987-1430-4961-b0c9-2fdb58d778ea	chr6	67346717	70199631	6	3	3
9755c987-1430-4961-b0c9-2fdb58d778ea	chr6	70201149	71893961	3	3	0
9755c987-1430-4961-b0c9-2fdb58d778ea	chr6	71894557	72056220	4	3	1
9755c987-1430-4961-b0c9-2fdb58d778ea	chr6	72061170	78608974	6	3	3
9755c987-1430-4961-b0c9-2fdb58d778ea	chr6	78615156	83202000	3	3	0
9755c987-1430-4961-b0c9-2fdb58d778ea	chr6	83202082	83520934	6	3	3
9755c987-1430-4961-b0c9-2fdb58d778ea	chr6	83524112	88999970	3	3	0
9755c987-1430-4961-b0c9-2fdb58d778ea	chr6	89000683	90817627	6	3	3
9755c987-1430-4961-b0c9-2fdb58d778ea	chr6	90818469	155708241	3	3	0
9755c987-1430-4961-b0c9-2fdb58d778ea	chr6	155708510	165066106	6	3	3
9755c987-1430-4961-b0c9-2fdb58d778ea	chr6	165066374	166451785	2	2	0
9755c987-1430-4961-b0c9-2fdb58d778ea	chr6	166452187	170135483	6	3	3
9755c987-1430-4961-b0c9-2fdb58d778ea	chr6	170138127	170741917	3	3	0
9755c987-1430-4961-b0c9-2fdb58d778ea	chr7	43259	1574866	9	7	2
9755c987-1430-4961-b0c9-2fdb58d778ea	chr7	1575026	4906521	9	6	3
9755c987-1430-4961-b0c9-2fdb58d778ea	chr7	4906544	20154356	5	3	2
9755c987-1430-4961-b0c9-2fdb58d778ea	chr7	20155095	21456779	7	4	3
9755c987-1430-4961-b0c9-2fdb58d778ea	chr7	21457743	21858202	4	2	2
9755c987-1430-4961-b0c9-2fdb58d778ea	chr7	21858253	24103396	7	4	3
9755c987-1430-4961-b0c9-2fdb58d778ea	chr7	24103755	159334314	5	3	2
9755c987-1430-4961-b0c9-2fdb58d778ea	chr8	81254	145072769	4	2	2
9755c987-1430-4961-b0c9-2fdb58d778ea	chr9	46587	138200944	4	2	2
9755c987-1430-4961-b0c9-2fdb58d778ea	chr10	26823	5575587	7	5	2
9755c987-1430-4961-b0c9-2fdb58d778ea	chr10	5577903	133769379	5	3	2
9755c987-1430-4961-b0c9-2fdb58d778ea	chr11	198572	135074876	5	3	2
9755c987-1430-4961-b0c9-2fdb58d778ea	chr12	51460	99049929	4	2	2
9755c987-1430-4961-b0c9-2fdb58d778ea	chr12	99050456	99470399	1	1	0
9755c987-1430-4961-b0c9-2fdb58d778ea	chr12	99472617	120541355	4	2	2
9755c987-1430-4961-b0c9-2fdb58d778ea	chr12	120543668	122962779	2	2	0
9755c987-1430-4961-b0c9-2fdb58d778ea	chr12	122963381	133201603	4	2	2
9755c987-1430-4961-b0c9-2fdb58d778ea	chr13	18452809	114342922	4	2	2
9755c987-1430-4961-b0c9-2fdb58d778ea	chr14	18225647	90672312	4	2	2
9755c987-1430-4961-b0c9-2fdb58d778ea	chr14	90673001	96273745	6	4	2
9755c987-1430-4961-b0c9-2fdb58d778ea	chr14	96274646	100321227	2	2	0
9755c987-1430-4961-b0c9-2fdb58d778ea	chr14	100322640	101399144	24	22	2
9755c987-1430-4961-b0c9-2fdb58d778ea	chr14	101405850	101614672	5	3	2
9755c987-1430-4961-b0c9-2fdb58d778ea	chr14	101614924	101624607	5	4	1
9755c987-1430-4961-b0c9-2fdb58d778ea	chr14	101630786	106809654	2	2	0
9755c987-1430-4961-b0c9-2fdb58d778ea	chr14	106811167	106877229	3	2	1
9755c987-1430-4961-b0c9-2fdb58d778ea	chr15	19811075	101928837	6	3	3
9755c987-1430-4961-b0c9-2fdb58d778ea	chr16	10777	22399949	4	3	1
9755c987-1430-4961-b0c9-2fdb58d778ea	chr16	22400219	23866103	7	4	3
9755c987-1430-4961-b0c9-2fdb58d778ea	chr16	23866168	23977269	11	8	3
9755c987-1430-4961-b0c9-2fdb58d778ea	chr16	23977368	90221127	4	2	2
9755c987-1430-4961-b0c9-2fdb58d778ea	chr17	150733	27139975	3	3	0
9755c987-1430-4961-b0c9-2fdb58d778ea	chr17	27141574	83090856	5	3	2
9755c987-1430-4961-b0c9-2fdb58d778ea	chr18	48133	80257174	7	5	2
9755c987-1430-4961-b0c9-2fdb58d778ea	chr19	90910	24413948	4	2	2
9755c987-1430-4961-b0c9-2fdb58d778ea	chr19	27257085	30091083	9	7	2
9755c987-1430-4961-b0c9-2fdb58d778ea	chr19	30096676	30566418	6	4	2
9755c987-1430-4961-b0c9-2fdb58d778ea	chr19	30568160	36198902	10	8	2
9755c987-1430-4961-b0c9-2fdb58d778ea	chr19	36199972	37264829	14	12	2
9755c987-1430-4961-b0c9-2fdb58d778ea	chr19	37303948	45716623	3	2	1
9755c987-1430-4961-b0c9-2fdb58d778ea	chr19	45716821	45905098	22	19	3
9755c987-1430-4961-b0c9-2fdb58d778ea	chr19	45908698	46057435	6	5	1
9755c987-1430-4961-b0c9-2fdb58d778ea	chr19	46061798	46841269	22	21	1
9755c987-1430-4961-b0c9-2fdb58d778ea	chr19	46848704	47180881	15	13	2
9755c987-1430-4961-b0c9-2fdb58d778ea	chr19	47185129	48711213	3	2	1
9755c987-1430-4961-b0c9-2fdb58d778ea	chr19	48711491	52293485	4	2	2
9755c987-1430-4961-b0c9-2fdb58d778ea	chr19	52293989	55223852	3	2	1
9755c987-1430-4961-b0c9-2fdb58d778ea	chr19	55226813	56537829	13	11	2
9755c987-1430-4961-b0c9-2fdb58d778ea	chr19	56539918	58586487	3	2	1
9755c987-1430-4961-b0c9-2fdb58d778ea	chr20	80664	64324800	5	3	2
9755c987-1430-4961-b0c9-2fdb58d778ea	chr21	10336543	46677045	5	3	2
9755c987-1430-4961-b0c9-2fdb58d778ea	chr22	15294545	50796027	4	2	2
9755c987-1430-4961-b0c9-2fdb58d778ea	chrX	251810	156004181	3	3	0
bbe9854a-d1df-4487-9f90-3fe8dc9d93e2	chr1	61735	12728439	4	2	2
bbe9854a-d1df-4487-9f90-3fe8dc9d93e2	chr1	12739779	18654642	2	2	0
bbe9854a-d1df-4487-9f90-3fe8dc9d93e2	chr1	18658464	168799470	4	2	2
bbe9854a-d1df-4487-9f90-3fe8dc9d93e2	chr1	168808944	169269493	21	19	2
bbe9854a-d1df-4487-9f90-3fe8dc9d93e2	chr1	169269507	170854413	10	8	2
bbe9854a-d1df-4487-9f90-3fe8dc9d93e2	chr1	170861136	181522504	5	3	2
bbe9854a-d1df-4487-9f90-3fe8dc9d93e2	chr1	181525392	248930189	3	2	1
bbe9854a-d1df-4487-9f90-3fe8dc9d93e2	chr2	12784	49603733	3	2	1
bbe9854a-d1df-4487-9f90-3fe8dc9d93e2	chr2	49603837	49763918	5	4	1
bbe9854a-d1df-4487-9f90-3fe8dc9d93e2	chr2	49764915	53322837	3	2	1
bbe9854a-d1df-4487-9f90-3fe8dc9d93e2	chr2	53323783	56031560	5	3	2
bbe9854a-d1df-4487-9f90-3fe8dc9d93e2	chr2	56031649	56516532	6	4	2
bbe9854a-d1df-4487-9f90-3fe8dc9d93e2	chr2	56516618	57338182	9	7	2
bbe9854a-d1df-4487-9f90-3fe8dc9d93e2	chr2	57343489	60008433	4	2	2
bbe9854a-d1df-4487-9f90-3fe8dc9d93e2	chr2	60008648	60148327	7	5	2
bbe9854a-d1df-4487-9f90-3fe8dc9d93e2	chr2	60148448	60489107	5	3	2
bbe9854a-d1df-4487-9f90-3fe8dc9d93e2	chr2	60489173	61844917	16	14	2
bbe9854a-d1df-4487-9f90-3fe8dc9d93e2	chr2	61844972	61850836	11	7	4
bbe9854a-d1df-4487-9f90-3fe8dc9d93e2	chr2	61857160	61948325	14	14	0
bbe9854a-d1df-4487-9f90-3fe8dc9d93e2	chr2	61957529	62999789	6	4	2
bbe9854a-d1df-4487-9f90-3fe8dc9d93e2	chr2	63003599	155950077	4	2	2
bbe9854a-d1df-4487-9f90-3fe8dc9d93e2	chr2	155956145	223361347	3	2	1
bbe9854a-d1df-4487-9f90-3fe8dc9d93e2	chr2	223363936	229496071	4	2	2
bbe9854a-d1df-4487-9f90-3fe8dc9d93e2	chr2	229496185	229837936	13	11	2
bbe9854a-d1df-4487-9f90-3fe8dc9d93e2	chr2	229844007	237142364	4	2	2
bbe9854a-d1df-4487-9f90-3fe8dc9d93e2	chr2	237144124	237695386	8	6	2
bbe9854a-d1df-4487-9f90-3fe8dc9d93e2	chr2	237696007	238962708	12	10	2
bbe9854a-d1df-4487-9f90-3fe8dc9d93e2	chr2	238968259	239503949	7	5	2
bbe9854a-d1df-4487-9f90-3fe8dc9d93e2	chr2	239504525	242147305	4	2	2
bbe9854a-d1df-4487-9f90-3fe8dc9d93e2	chr3	18667	22747472	2	1	1
bbe9854a-d1df-4487-9f90-3fe8dc9d93e2	chr3	22750585	29880808	7	6	1
bbe9854a-d1df-4487-9f90-3fe8dc9d93e2	chr3	29880842	37820809	5	4	1
bbe9854a-d1df-4487-9f90-3fe8dc9d93e2	chr3	37821227	38349393	7	6	1
bbe9854a-d1df-4487-9f90-3fe8dc9d93e2	chr3	38351859	198169247	3	2	1
bbe9854a-d1df-4487-9f90-3fe8dc9d93e2	chr4	12281	187866070	4	3	1
bbe9854a-d1df-4487-9f90-3fe8dc9d93e2	chr4	187870302	189050772	1	1	0
bbe9854a-d1df-4487-9f90-3fe8dc9d93e2	chr4	189056761	190106768	4	3	1
bbe9854a-d1df-4487-9f90-3fe8dc9d93e2	chr5	15532	157869978	3	2	1
bbe9854a-d1df-4487-9f90-3fe8dc9d93e2	chr5	157871644	159422660	1	1	0
bbe9854a-d1df-4487-9f90-3fe8dc9d93e2	chr5	159422829	181363319	3	2	1
bbe9854a-d1df-4487-9f90-3fe8dc9d93e2	chr6	149661	60351931	4	2	2
bbe9854a-d1df-4487-9f90-3fe8dc9d93e2	chr6	60352984	62015647	3	2	1
bbe9854a-d1df-4487-9f90-3fe8dc9d93e2	chr6	62015766	170741917	2	2	0
bbe9854a-d1df-4487-9f90-3fe8dc9d93e2	chr7	43259	86181343	4	2	2
bbe9854a-d1df-4487-9f90-3fe8dc9d93e2	chr7	86183680	114961901	6	4	2
bbe9854a-d1df-4487-9f90-3fe8dc9d93e2	chr7	114966524	115122127	5	3	2
bbe9854a-d1df-4487-9f90-3fe8dc9d93e2	chr7	115123264	126705298	7	5	2
bbe9854a-d1df-4487-9f90-3fe8dc9d93e2	chr7	126705518	126787400	2	1	1
bbe9854a-d1df-4487-9f90-3fe8dc9d93e2	chr7	126788711	159334314	2	2	0
bbe9854a-d1df-4487-9f90-3fe8dc9d93e2	chr8	81254	145072769	4	2	2
bbe9854a-d1df-4487-9f90-3fe8dc9d93e2	chr9	46587	138200944	4	2	2
bbe9854a-d1df-4487-9f90-3fe8dc9d93e2	chr10	26823	133769379	4	2	2
bbe9854a-d1df-4487-9f90-3fe8dc9d93e2	chr11	198572	4371081	6	4	2
bbe9854a-d1df-4487-9f90-3fe8dc9d93e2	chr11	4372449	24885813	5	3	2
bbe9854a-d1df-4487-9f90-3fe8dc9d93e2	chr11	24886509	135074876	6	4	2
bbe9854a-d1df-4487-9f90-3fe8dc9d93e2	chr12	51460	34330665	6	3	3
bbe9854a-d1df-4487-9f90-3fe8dc9d93e2	chr12	34339654	133039120	4	2	2
bbe9854a-d1df-4487-9f90-3fe8dc9d93e2	chr12	133039620	133201603	1	1	0
bbe9854a-d1df-4487-9f90-3fe8dc9d93e2	chr13	18452809	114342922	3	2	1
bbe9854a-d1df-4487-9f90-3fe8dc9d93e2	chr14	18225647	105733039	3	2	1
bbe9854a-d1df-4487-9f90-3fe8dc9d93e2	chr14	105752248	106370708	0	0	0
bbe9854a-d1df-4487-9f90-3fe8dc9d93e2	chr14	106372206	106877229	3	2	1
bbe9854a-d1df-4487-9f90-3fe8dc9d93e2	chr15	19811075	41686205	4	4	0
bbe9854a-d1df-4487-9f90-3fe8dc9d93e2	chr15	41692525	41799137	0	0	0
bbe9854a-d1df-4487-9f90-3fe8dc9d93e2	chr15	41799187	101928837	4	4	0
bbe9854a-d1df-4487-9f90-3fe8dc9d93e2	chr16	10777	90221127	4	2	2
bbe9854a-d1df-4487-9f90-3fe8dc9d93e2	chr17	150733	18416548	2	2	0
bbe9854a-d1df-4487-9f90-3fe8dc9d93e2	chr17	18452078	18668032	4	4	0
bbe9854a-d1df-4487-9f90-3fe8dc9d93e2	chr17	18668351	21620905	6	4	2
bbe9854a-d1df-4487-9f90-3fe8dc9d93e2	chr17	21623779	22736323	10	7	3
bbe9854a-d1df-4487-9f90-3fe8dc9d93e2	chr17	26943385	42402938	4	2	2
bbe9854a-d1df-4487-9f90-3fe8dc9d93e2	chr17	42402983	50459761	4	4	0
bbe9854a-d1df-4487-9f90-3fe8dc9d93e2	chr17	50459774	83090856	3	3	0
bbe9854a-d1df-4487-9f90-3fe8dc9d93e2	chr18	48133	53489597	3	3	0
bbe9854a-d1df-4487-9f90-3fe8dc9d93e2	chr18	53491776	80119835	5	3	2
bbe9854a-d1df-4487-9f90-3fe8dc9d93e2	chr18	80124685	80257174	4	3	1
bbe9854a-d1df-4487-9f90-3fe8dc9d93e2	chr19	90910	9320311	4	2	2
bbe9854a-d1df-4487-9f90-3fe8dc9d93e2	chr19	9320923	9536186	2	2	0
bbe9854a-d1df-4487-9f90-3fe8dc9d93e2	chr19	9538402	58586487	4	2	2
bbe9854a-d1df-4487-9f90-3fe8dc9d93e2	chr20	80664	64324800	4	2	2
bbe9854a-d1df-4487-9f90-3fe8dc9d93e2	chr21	10336543	46677045	4	2	2
bbe9854a-d1df-4487-9f90-3fe8dc9d93e2	chr22	15294545	22026320	4	2	2
bbe9854a-d1df-4487-9f90-3fe8dc9d93e2	chr22	22026345	22321112	2	2	0
bbe9854a-d1df-4487-9f90-3fe8dc9d93e2	chr22	22321351	22909432	0	0	0
bbe9854a-d1df-4487-9f90-3fe8dc9d93e2	chr22	22913385	50796027	4	2	2
bbe9854a-d1df-4487-9f90-3fe8dc9d93e2	chrX	251810	145484512	2	2	0
bbe9854a-d1df-4487-9f90-3fe8dc9d93e2	chrX	145484536	147189947	5	3	2
bbe9854a-d1df-4487-9f90-3fe8dc9d93e2	chrX	147192744	147931101	3	2	1
bbe9854a-d1df-4487-9f90-3fe8dc9d93e2	chrX	147931153	156004181	4	2	2
c7823372-b451-4159-9cb8-d4de8479bda8	chr1	62920	225812606	2	1	1
c7823372-b451-4159-9cb8-d4de8479bda8	chr1	225813265	225827415	3	2	1
c7823372-b451-4159-9cb8-d4de8479bda8	chr1	225827598	248930189	2	1	1
c7823372-b451-4159-9cb8-d4de8479bda8	chr2	12784	36809863	2	1	1
c7823372-b451-4159-9cb8-d4de8479bda8	chr2	36810410	37309881	1	1	0
c7823372-b451-4159-9cb8-d4de8479bda8	chr2	37310184	205557416	2	1	1
c7823372-b451-4159-9cb8-d4de8479bda8	chr2	205558272	205566683	4	2	2
c7823372-b451-4159-9cb8-d4de8479bda8	chr2	205568012	219924649	2	1	1
c7823372-b451-4159-9cb8-d4de8479bda8	chr2	219925916	219941731	1	1	0
c7823372-b451-4159-9cb8-d4de8479bda8	chr2	219941843	242147305	2	1	1
c7823372-b451-4159-9cb8-d4de8479bda8	chr3	20930	42549584	2	1	1
c7823372-b451-4159-9cb8-d4de8479bda8	chr3	42553623	54253025	1	1	0
c7823372-b451-4159-9cb8-d4de8479bda8	chr3	54254239	54332744	0	0	0
c7823372-b451-4159-9cb8-d4de8479bda8	chr3	54332991	54360339	2	1	1
c7823372-b451-4159-9cb8-d4de8479bda8	chr3	54361777	54364727	1	1	0
c7823372-b451-4159-9cb8-d4de8479bda8	chr3	54364980	60522078	2	1	1
c7823372-b451-4159-9cb8-d4de8479bda8	chr3	60523857	60541877	1	1	0
c7823372-b451-4159-9cb8-d4de8479bda8	chr3	60542217	89357795	2	1	1
c7823372-b451-4159-9cb8-d4de8479bda8	chr3	89357875	89370231	1	1	0
c7823372-b451-4159-9cb8-d4de8479bda8	chr3	89370771	140439514	2	1	1
c7823372-b451-4159-9cb8-d4de8479bda8	chr3	140441231	140447103	1	1	0
c7823372-b451-4159-9cb8-d4de8479bda8	chr3	140447283	166794791	2	1	1
c7823372-b451-4159-9cb8-d4de8479bda8	chr3	166797236	166895316	3	2	1
c7823372-b451-4159-9cb8-d4de8479bda8	chr3	166898422	170090051	2	1	1
c7823372-b451-4159-9cb8-d4de8479bda8	chr3	170090326	179734617	2	2	0
c7823372-b451-4159-9cb8-d4de8479bda8	chr3	179735030	179752095	1	1	0
c7823372-b451-4159-9cb8-d4de8479bda8	chr3	179752207	191983665	2	2	0
c7823372-b451-4159-9cb8-d4de8479bda8	chr3	191983882	192011291	3	3	0
c7823372-b451-4159-9cb8-d4de8479bda8	chr3	192011418	198169247	2	2	0
c7823372-b451-4159-9cb8-d4de8479bda8	chr4	68929	78223007	2	1	1
c7823372-b451-4159-9cb8-d4de8479bda8	chr4	78223102	78238578	1	1	0
c7823372-b451-4159-9cb8-d4de8479bda8	chr4	78240791	190106768	2	1	1
c7823372-b451-4159-9cb8-d4de8479bda8	chr5	15532	54961707	2	1	1
c7823372-b451-4159-9cb8-d4de8479bda8	chr5	54961984	54965492	1	1	0
c7823372-b451-4159-9cb8-d4de8479bda8	chr5	54968539	76647432	2	1	1
c7823372-b451-4159-9cb8-d4de8479bda8	chr5	76648451	76663644	4	2	2
c7823372-b451-4159-9cb8-d4de8479bda8	chr5	76664953	181363319	2	1	1
c7823372-b451-4159-9cb8-d4de8479bda8	chr6	149661	34328729	2	2	0
c7823372-b451-4159-9cb8-d4de8479bda8	chr6	34329581	51801606	2	1	1
c7823372-b451-4159-9cb8-d4de8479bda8	chr6	51803114	51813433	1	1	0
c7823372-b451-4159-9cb8-d4de8479bda8	chr6	51815377	96021493	2	1	1
c7823372-b451-4159-9cb8-d4de8479bda8	chr6	96025495	139048079	1	1	0
c7823372-b451-4159-9cb8-d4de8479bda8	chr6	139048406	142366498	2	1	1
c7823372-b451-4159-9cb8-d4de8479bda8	chr6	142368527	148957834	1	1	0
c7823372-b451-4159-9cb8-d4de8479bda8	chr6	148958052	149173773	2	2	0
c7823372-b451-4159-9cb8-d4de8479bda8	chr6	149174344	150837310	1	1	0
c7823372-b451-4159-9cb8-d4de8479bda8	chr6	150838779	170345175	2	1	1
c7823372-b451-4159-9cb8-d4de8479bda8	chr6	170348505	170741917	1	1	0
c7823372-b451-4159-9cb8-d4de8479bda8	chr7	43259	103831506	2	1	1
c7823372-b451-4159-9cb8-d4de8479bda8	chr7	103831956	103849282	1	1	0
c7823372-b451-4159-9cb8-d4de8479bda8	chr7	103849428	147581780	2	1	1
c7823372-b451-4159-9cb8-d4de8479bda8	chr7	147581973	147585158	1	1	0
c7823372-b451-4159-9cb8-d4de8479bda8	chr7	147587022	159334314	2	1	1
c7823372-b451-4159-9cb8-d4de8479bda8	chr8	81254	145072769	2	1	1
c7823372-b451-4159-9cb8-d4de8479bda8	chr9	46587	138200944	2	1	1
c7823372-b451-4159-9cb8-d4de8479bda8	chr10	45792	5608230	1	1	0
c7823372-b451-4159-9cb8-d4de8479bda8	chr10	5609615	46221236	2	1	1
c7823372-b451-4159-9cb8-d4de8479bda8	chr10	46221897	48173568	3	2	1
c7823372-b451-4159-9cb8-d4de8479bda8	chr10	48179571	63605976	2	1	1
c7823372-b451-4159-9cb8-d4de8479bda8	chr10	63607486	93834258	3	2	1
c7823372-b451-4159-9cb8-d4de8479bda8	chr10	93835407	94069918	4	3	1
c7823372-b451-4159-9cb8-d4de8479bda8	chr10	94070906	133654968	3	2	1
c7823372-b451-4159-9cb8-d4de8479bda8	chr11	198510	135074876	2	1	1
c7823372-b451-4159-9cb8-d4de8479bda8	chr12	51460	23238158	2	1	1
c7823372-b451-4159-9cb8-d4de8479bda8	chr12	23238516	28999700	4	3	1
c7823372-b451-4159-9cb8-d4de8479bda8	chr12	29001072	83903475	3	2	1
c7823372-b451-4159-9cb8-d4de8479bda8	chr12	83907854	83961926	1	1	0
c7823372-b451-4159-9cb8-d4de8479bda8	chr12	83967683	86863068	3	2	1
c7823372-b451-4159-9cb8-d4de8479bda8	chr12	86866003	90192532	4	3	1
c7823372-b451-4159-9cb8-d4de8479bda8	chr12	90194967	133201603	3	2	1
c7823372-b451-4159-9cb8-d4de8479bda8	chr13	18452809	114342922	2	1	1
c7823372-b451-4159-9cb8-d4de8479bda8	chr14	18239283	106877229	2	1	1
c7823372-b451-4159-9cb8-d4de8479bda8	chr15	19811075	23452110	3	2	1
c7823372-b451-4159-9cb8-d4de8479bda8	chr15	23454876	31792541	2	1	1
c7823372-b451-4159-9cb8-d4de8479bda8	chr15	31794179	31816840	1	1	0
c7823372-b451-4159-9cb8-d4de8479bda8	chr15	31817970	43938489	2	1	1
c7823372-b451-4159-9cb8-d4de8479bda8	chr15	43938957	76598900	2	2	0
c7823372-b451-4159-9cb8-d4de8479bda8	chr15	76599170	76603003	0	0	0
c7823372-b451-4159-9cb8-d4de8479bda8	chr15	76603426	101928837	2	2	0
c7823372-b451-4159-9cb8-d4de8479bda8	chr16	10777	19933041	2	1	1
c7823372-b451-4159-9cb8-d4de8479bda8	chr16	19934328	19956040	0	0	0
c7823372-b451-4159-9cb8-d4de8479bda8	chr16	19958932	26577405	2	1	1
c7823372-b451-4159-9cb8-d4de8479bda8	chr16	26577835	26631901	1	1	0
c7823372-b451-4159-9cb8-d4de8479bda8	chr16	26632628	90096867	2	1	1
c7823372-b451-4159-9cb8-d4de8479bda8	chr17	150733	33341293	2	1	1
c7823372-b451-4159-9cb8-d4de8479bda8	chr17	33342525	33353893	3	2	1
c7823372-b451-4159-9cb8-d4de8479bda8	chr17	33354829	83091923	2	1	1
c7823372-b451-4159-9cb8-d4de8479bda8	chr18	48133	32670420	3	2	1
c7823372-b451-4159-9cb8-d4de8479bda8	chr18	32671448	34846240	4	3	1
c7823372-b451-4159-9cb8-d4de8479bda8	chr18	34848964	37280374	3	2	1
c7823372-b451-4159-9cb8-d4de8479bda8	chr18	37280958	37308380	2	1	1
c7823372-b451-4159-9cb8-d4de8479bda8	chr18	37312660	80257174	3	2	1
c7823372-b451-4159-9cb8-d4de8479bda8	chr19	90910	38836219	2	1	1
c7823372-b451-4159-9cb8-d4de8479bda8	chr19	38839331	58586487	3	2	1
c7823372-b451-4159-9cb8-d4de8479bda8	chr20	80664	64324800	2	1	1
c7823372-b451-4159-9cb8-d4de8479bda8	chr21	12973348	13975300	3	2	1
c7823372-b451-4159-9cb8-d4de8479bda8	chr21	14000188	46677045	2	1	1
c7823372-b451-4159-9cb8-d4de8479bda8	chr22	16392123	26970848	2	1	1
c7823372-b451-4159-9cb8-d4de8479bda8	chr22	26971009	26989301	1	1	0
c7823372-b451-4159-9cb8-d4de8479bda8	chr22	26989681	50796027	2	1	1
c7823372-b451-4159-9cb8-d4de8479bda8	chrX	251810	1060773	2	1	1
c7823372-b451-4159-9cb8-d4de8479bda8	chrX	1111367	1425946	1	1	0
c7823372-b451-4159-9cb8-d4de8479bda8	chrX	1428177	1731702	3	2	1
c7823372-b451-4159-9cb8-d4de8479bda8	chrX	1731860	2442260	2	1	1
c7823372-b451-4159-9cb8-d4de8479bda8	chrX	2442775	2479863	3	2	1
c7823372-b451-4159-9cb8-d4de8479bda8	chrX	2487700	2776199	2	1	1
c7823372-b451-4159-9cb8-d4de8479bda8	chrX	2785350	156004181	1	1	0
c7823372-b451-4159-9cb8-d4de8479bda8	chrY	2782397	26653788	2	2	0
c7823372-b451-4159-9cb8-d4de8479bda8	chrY	56872112	56872112	3	3	0
447f9c21-4fe0-4b52-a5d5-78668e443665	chr1	61735	8172202	1	1	0
447f9c21-4fe0-4b52-a5d5-78668e443665	chr1	8172446	121741181	2	1	1
447f9c21-4fe0-4b52-a5d5-78668e443665	chr1	143285278	248930189	3	2	1
447f9c21-4fe0-4b52-a5d5-78668e443665	chr2	12784	57971227	2	1	1
447f9c21-4fe0-4b52-a5d5-78668e443665	chr2	57973145	61545288	7	6	1
447f9c21-4fe0-4b52-a5d5-78668e443665	chr2	61549767	88831554	2	1	1
447f9c21-4fe0-4b52-a5d5-78668e443665	chr2	88833611	89254398	0	0	0
447f9c21-4fe0-4b52-a5d5-78668e443665	chr2	89254427	242147305	2	1	1
447f9c21-4fe0-4b52-a5d5-78668e443665	chr3	18667	198169247	2	1	1
447f9c21-4fe0-4b52-a5d5-78668e443665	chr4	12281	190106768	2	1	1
447f9c21-4fe0-4b52-a5d5-78668e443665	chr5	15532	181363319	2	1	1
447f9c21-4fe0-4b52-a5d5-78668e443665	chr6	149661	57384421	2	2	0
447f9c21-4fe0-4b52-a5d5-78668e443665	chr6	57385590	170741917	2	1	1
447f9c21-4fe0-4b52-a5d5-78668e443665	chr7	43259	38263833	3	2	1
447f9c21-4fe0-4b52-a5d5-78668e443665	chr7	38271122	38358446	1	1	0
447f9c21-4fe0-4b52-a5d5-78668e443665	chr7	38361356	128624772	3	2	1
447f9c21-4fe0-4b52-a5d5-78668e443665	chr7	128641202	159334314	2	1	1
447f9c21-4fe0-4b52-a5d5-78668e443665	chr8	81254	1512496	2	1	1
447f9c21-4fe0-4b52-a5d5-78668e443665	chr8	1514278	1545605	3	2	1
447f9c21-4fe0-4b52-a5d5-78668e443665	chr8	1551797	14938941	2	1	1
447f9c21-4fe0-4b52-a5d5-78668e443665	chr8	14941905	15104063	3	2	1
447f9c21-4fe0-4b52-a5d5-78668e443665	chr8	15105856	145072769	2	1	1
447f9c21-4fe0-4b52-a5d5-78668e443665	chr9	46587	138200944	2	1	1
447f9c21-4fe0-4b52-a5d5-78668e443665	chr10	26823	133769379	2	1	1
447f9c21-4fe0-4b52-a5d5-78668e443665	chr11	198572	135074876	2	1	1
447f9c21-4fe0-4b52-a5d5-78668e443665	chr12	51460	133201603	2	1	1
447f9c21-4fe0-4b52-a5d5-78668e443665	chr13	18452809	114342922	2	1	1
447f9c21-4fe0-4b52-a5d5-78668e443665	chr14	18225647	21789074	2	1	1
447f9c21-4fe0-4b52-a5d5-78668e443665	chr14	21789578	22509792	3	2	1
447f9c21-4fe0-4b52-a5d5-78668e443665	chr14	22514241	106877229	2	1	1
447f9c21-4fe0-4b52-a5d5-78668e443665	chr15	19811075	101928837	2	2	0
447f9c21-4fe0-4b52-a5d5-78668e443665	chr16	10777	9119130	3	2	1
447f9c21-4fe0-4b52-a5d5-78668e443665	chr16	9121308	12317651	1	1	0
447f9c21-4fe0-4b52-a5d5-78668e443665	chr16	12321971	90221127	3	2	1
447f9c21-4fe0-4b52-a5d5-78668e443665	chr17	150733	43373698	2	1	1
447f9c21-4fe0-4b52-a5d5-78668e443665	chr17	43374463	64936280	2	2	0
447f9c21-4fe0-4b52-a5d5-78668e443665	chr17	64951737	65121214	0	0	0
447f9c21-4fe0-4b52-a5d5-78668e443665	chr17	65125511	83090856	2	2	0
447f9c21-4fe0-4b52-a5d5-78668e443665	chr18	48133	71674537	2	1	1
447f9c21-4fe0-4b52-a5d5-78668e443665	chr18	71675271	72540041	3	2	1
447f9c21-4fe0-4b52-a5d5-78668e443665	chr18	72540105	80257174	2	1	1
447f9c21-4fe0-4b52-a5d5-78668e443665	chr19	90910	58586487	2	2	0
447f9c21-4fe0-4b52-a5d5-78668e443665	chr20	80664	64324800	2	1	1
447f9c21-4fe0-4b52-a5d5-78668e443665	chr21	10336543	46677045	2	1	1
447f9c21-4fe0-4b52-a5d5-78668e443665	chr22	15294545	22402989	2	1	1
447f9c21-4fe0-4b52-a5d5-78668e443665	chr22	22415587	22916268	0	0	0
447f9c21-4fe0-4b52-a5d5-78668e443665	chr22	22916398	50796027	2	1	1
447f9c21-4fe0-4b52-a5d5-78668e443665	chrX	251810	156004181	2	1	1
c62dda8e-e972-4c15-a452-668dc1311a8b	chr1	62920	73062569	2	1	1
c62dda8e-e972-4c15-a452-668dc1311a8b	chr1	73067011	73148843	3	2	1
c62dda8e-e972-4c15-a452-668dc1311a8b	chr1	73150784	151401304	2	1	1
c62dda8e-e972-4c15-a452-668dc1311a8b	chr1	151401549	151437026	2	2	0
c62dda8e-e972-4c15-a452-668dc1311a8b	chr1	151437367	154282794	1	1	0
c62dda8e-e972-4c15-a452-668dc1311a8b	chr1	154286014	169394108	2	1	1
c62dda8e-e972-4c15-a452-668dc1311a8b	chr1	169399324	170893569	1	1	0
c62dda8e-e972-4c15-a452-668dc1311a8b	chr1	170894327	192615565	2	1	1
c62dda8e-e972-4c15-a452-668dc1311a8b	chr1	192615665	192629343	1	1	0
c62dda8e-e972-4c15-a452-668dc1311a8b	chr1	192629385	223533651	2	1	1
c62dda8e-e972-4c15-a452-668dc1311a8b	chr1	223639485	245214918	1	1	0
c62dda8e-e972-4c15-a452-668dc1311a8b	chr1	245218039	248930189	2	1	1
c62dda8e-e972-4c15-a452-668dc1311a8b	chr2	12784	60477349	1	1	0
c62dda8e-e972-4c15-a452-668dc1311a8b	chr2	60477798	61245497	16	15	1
c62dda8e-e972-4c15-a452-668dc1311a8b	chr2	61245692	61893170	11	10	1
c62dda8e-e972-4c15-a452-668dc1311a8b	chr2	61897813	62374931	38	36	2
c62dda8e-e972-4c15-a452-668dc1311a8b	chr2	62378835	62819175	15	14	1
c62dda8e-e972-4c15-a452-668dc1311a8b	chr2	62823258	62876147	11	9	2
c62dda8e-e972-4c15-a452-668dc1311a8b	chr2	62877476	62890651	14	14	0
c62dda8e-e972-4c15-a452-668dc1311a8b	chr2	62891602	63121057	11	11	0
c62dda8e-e972-4c15-a452-668dc1311a8b	chr2	63121570	63446216	5	5	0
c62dda8e-e972-4c15-a452-668dc1311a8b	chr2	63450268	65468261	7	6	1
c62dda8e-e972-4c15-a452-668dc1311a8b	chr2	65479191	65948328	2	1	1
c62dda8e-e972-4c15-a452-668dc1311a8b	chr2	65948402	66780360	3	2	1
c62dda8e-e972-4c15-a452-668dc1311a8b	chr2	66781179	67764943	5	4	1
c62dda8e-e972-4c15-a452-668dc1311a8b	chr2	67765172	85246681	2	1	1
c62dda8e-e972-4c15-a452-668dc1311a8b	chr2	85247160	87696853	3	2	1
c62dda8e-e972-4c15-a452-668dc1311a8b	chr2	87725148	88834118	2	1	1
c62dda8e-e972-4c15-a452-668dc1311a8b	chr2	88836539	88861753	5	5	0
c62dda8e-e972-4c15-a452-668dc1311a8b	chr2	88861920	88945298	1	1	0
c62dda8e-e972-4c15-a452-668dc1311a8b	chr2	88948404	89933871	3	3	0
c62dda8e-e972-4c15-a452-668dc1311a8b	chr2	89936810	107434927	2	1	1
c62dda8e-e972-4c15-a452-668dc1311a8b	chr2	107435059	110387249	3	2	1
c62dda8e-e972-4c15-a452-668dc1311a8b	chr2	110411551	123587442	2	1	1
c62dda8e-e972-4c15-a452-668dc1311a8b	chr2	123589745	163516770	1	1	0
c62dda8e-e972-4c15-a452-668dc1311a8b	chr2	163517275	202726229	2	1	1
c62dda8e-e972-4c15-a452-668dc1311a8b	chr2	202729367	203022954	1	1	0
c62dda8e-e972-4c15-a452-668dc1311a8b	chr2	203024285	242147305	2	1	1
c62dda8e-e972-4c15-a452-668dc1311a8b	chr3	20930	198169247	2	1	1
c62dda8e-e972-4c15-a452-668dc1311a8b	chr4	68929	10208766	2	2	0
c62dda8e-e972-4c15-a452-668dc1311a8b	chr4	10212536	10229874	0	0	0
c62dda8e-e972-4c15-a452-668dc1311a8b	chr4	10232590	58491446	2	2	0
c62dda8e-e972-4c15-a452-668dc1311a8b	chr4	58492068	58510365	1	1	0
c62dda8e-e972-4c15-a452-668dc1311a8b	chr4	58511088	63210672	2	2	0
c62dda8e-e972-4c15-a452-668dc1311a8b	chr4	63211089	153824066	1	1	0
c62dda8e-e972-4c15-a452-668dc1311a8b	chr4	153824644	153837515	0	0	0
c62dda8e-e972-4c15-a452-668dc1311a8b	chr4	153838051	190106768	1	1	0
c62dda8e-e972-4c15-a452-668dc1311a8b	chr5	15532	32532125	2	1	1
c62dda8e-e972-4c15-a452-668dc1311a8b	chr5	32532481	32627804	3	2	1
c62dda8e-e972-4c15-a452-668dc1311a8b	chr5	32628335	83602543	2	1	1
c62dda8e-e972-4c15-a452-668dc1311a8b	chr5	83604631	83615766	3	2	1
c62dda8e-e972-4c15-a452-668dc1311a8b	chr5	83615929	181363319	2	1	1
c62dda8e-e972-4c15-a452-668dc1311a8b	chr6	149661	2730760	2	1	1
c62dda8e-e972-4c15-a452-668dc1311a8b	chr6	2731197	2980649	3	2	1
c62dda8e-e972-4c15-a452-668dc1311a8b	chr6	2980990	30507638	2	1	1
c62dda8e-e972-4c15-a452-668dc1311a8b	chr6	30507940	30544386	1	1	0
c62dda8e-e972-4c15-a452-668dc1311a8b	chr6	30559068	103286954	2	1	1
c62dda8e-e972-4c15-a452-668dc1311a8b	chr6	103290101	103322942	0	0	0
c62dda8e-e972-4c15-a452-668dc1311a8b	chr6	103323069	170741917	2	1	1
c62dda8e-e972-4c15-a452-668dc1311a8b	chr7	43259	50477704	2	1	1
c62dda8e-e972-4c15-a452-668dc1311a8b	chr7	50477851	50479292	0	0	0
c62dda8e-e972-4c15-a452-668dc1311a8b	chr7	50479871	104422632	2	1	1
c62dda8e-e972-4c15-a452-668dc1311a8b	chr7	104423935	104523179	0	0	0
c62dda8e-e972-4c15-a452-668dc1311a8b	chr7	104523847	159334314	2	1	1
c62dda8e-e972-4c15-a452-668dc1311a8b	chr8	81254	25116961	2	1	1
c62dda8e-e972-4c15-a452-668dc1311a8b	chr8	25117007	25126818	0	0	0
c62dda8e-e972-4c15-a452-668dc1311a8b	chr8	25133589	29496158	2	1	1
c62dda8e-e972-4c15-a452-668dc1311a8b	chr8	29497974	29513633	1	1	0
c62dda8e-e972-4c15-a452-668dc1311a8b	chr8	29513857	81227615	2	1	1
c62dda8e-e972-4c15-a452-668dc1311a8b	chr8	81229829	134508025	3	2	1
c62dda8e-e972-4c15-a452-668dc1311a8b	chr8	134510220	134525082	5	3	2
c62dda8e-e972-4c15-a452-668dc1311a8b	chr8	134525530	145072769	3	2	1
c62dda8e-e972-4c15-a452-668dc1311a8b	chr9	46587	41741113	2	1	1
c62dda8e-e972-4c15-a452-668dc1311a8b	chr9	60863881	68610288	3	2	1
c62dda8e-e972-4c15-a452-668dc1311a8b	chr9	68611081	83290105	2	1	1
c62dda8e-e972-4c15-a452-668dc1311a8b	chr9	83290145	83293307	1	1	0
c62dda8e-e972-4c15-a452-668dc1311a8b	chr9	83293553	138200944	2	1	1
c62dda8e-e972-4c15-a452-668dc1311a8b	chr10	45792	133654968	2	1	1
c62dda8e-e972-4c15-a452-668dc1311a8b	chr11	198510	49873816	2	2	0
c62dda8e-e972-4c15-a452-668dc1311a8b	chr11	49875729	58177260	4	3	1
c62dda8e-e972-4c15-a452-668dc1311a8b	chr11	58177946	135074876	3	2	1
c62dda8e-e972-4c15-a452-668dc1311a8b	chr12	51460	8651850	2	1	1
c62dda8e-e972-4c15-a452-668dc1311a8b	chr12	8651976	10494386	1	1	0
c62dda8e-e972-4c15-a452-668dc1311a8b	chr12	10494567	11400944	2	1	1
c62dda8e-e972-4c15-a452-668dc1311a8b	chr12	11402077	14161826	1	1	0
c62dda8e-e972-4c15-a452-668dc1311a8b	chr12	14168354	44024039	2	1	1
c62dda8e-e972-4c15-a452-668dc1311a8b	chr12	44024101	45275970	5	4	1
c62dda8e-e972-4c15-a452-668dc1311a8b	chr12	45276417	50190758	4	3	1
c62dda8e-e972-4c15-a452-668dc1311a8b	chr12	50193068	50604083	7	6	1
c62dda8e-e972-4c15-a452-668dc1311a8b	chr12	50612399	52387804	3	2	1
c62dda8e-e972-4c15-a452-668dc1311a8b	chr12	52388066	52635219	2	1	1
c62dda8e-e972-4c15-a452-668dc1311a8b	chr12	52637765	71150894	3	2	1
c62dda8e-e972-4c15-a452-668dc1311a8b	chr12	71151539	74884665	6	5	1
c62dda8e-e972-4c15-a452-668dc1311a8b	chr12	74885069	75272759	1	1	0
c62dda8e-e972-4c15-a452-668dc1311a8b	chr12	75273600	88475346	2	1	1
c62dda8e-e972-4c15-a452-668dc1311a8b	chr12	88478055	88875833	3	3	0
c62dda8e-e972-4c15-a452-668dc1311a8b	chr12	88876553	108024730	2	1	1
c62dda8e-e972-4c15-a452-668dc1311a8b	chr12	108027971	108031818	1	1	0
c62dda8e-e972-4c15-a452-668dc1311a8b	chr12	108031850	133201603	2	1	1
c62dda8e-e972-4c15-a452-668dc1311a8b	chr13	18452809	48175287	2	1	1
c62dda8e-e972-4c15-a452-668dc1311a8b	chr13	48188174	50839356	1	1	0
c62dda8e-e972-4c15-a452-668dc1311a8b	chr13	50841722	60891630	2	1	1
c62dda8e-e972-4c15-a452-668dc1311a8b	chr13	60892536	114342922	1	1	0
c62dda8e-e972-4c15-a452-668dc1311a8b	chr14	18239283	22626643	2	1	1
c62dda8e-e972-4c15-a452-668dc1311a8b	chr14	22626766	22632004	1	1	0
c62dda8e-e972-4c15-a452-668dc1311a8b	chr14	22633534	92215190	2	1	1
c62dda8e-e972-4c15-a452-668dc1311a8b	chr14	92215534	92258211	3	2	1
c62dda8e-e972-4c15-a452-668dc1311a8b	chr14	92260394	101018512	2	1	1
c62dda8e-e972-4c15-a452-668dc1311a8b	chr14	101022824	101063100	3	2	1
c62dda8e-e972-4c15-a452-668dc1311a8b	chr14	101063522	105691429	2	1	1
c62dda8e-e972-4c15-a452-668dc1311a8b	chr14	105700900	105758187	0	0	0
c62dda8e-e972-4c15-a452-668dc1311a8b	chr14	105779965	106041086	2	2	0
c62dda8e-e972-4c15-a452-668dc1311a8b	chr14	106042562	106314594	5	5	0
c62dda8e-e972-4c15-a452-668dc1311a8b	chr14	106320716	106365807	0	0	0
c62dda8e-e972-4c15-a452-668dc1311a8b	chr14	106369985	106877229	2	2	0
c62dda8e-e972-4c15-a452-668dc1311a8b	chr15	19811075	57357921	1	1	0
c62dda8e-e972-4c15-a452-668dc1311a8b	chr15	57361504	57425241	0	0	0
c62dda8e-e972-4c15-a452-668dc1311a8b	chr15	57427165	101928837	1	1	0
c62dda8e-e972-4c15-a452-668dc1311a8b	chr16	10777	2011465	1	1	0
c62dda8e-e972-4c15-a452-668dc1311a8b	chr16	2012064	2847410	3	2	1
c62dda8e-e972-4c15-a452-668dc1311a8b	chr16	2849128	4999313	1	1	0
c62dda8e-e972-4c15-a452-668dc1311a8b	chr16	5000439	6481960	3	2	1
c62dda8e-e972-4c15-a452-668dc1311a8b	chr16	6484368	11551873	1	1	0
c62dda8e-e972-4c15-a452-668dc1311a8b	chr16	11552155	11626210	3	2	1
c62dda8e-e972-4c15-a452-668dc1311a8b	chr16	11638388	11941719	1	1	0
c62dda8e-e972-4c15-a452-668dc1311a8b	chr16	11945489	12345654	3	2	1
c62dda8e-e972-4c15-a452-668dc1311a8b	chr16	12350282	13113664	1	1	0
c62dda8e-e972-4c15-a452-668dc1311a8b	chr16	13113873	17120620	3	2	1
c62dda8e-e972-4c15-a452-668dc1311a8b	chr16	17125508	17306128	5	4	1
c62dda8e-e972-4c15-a452-668dc1311a8b	chr16	17308650	17315192	4	4	0
c62dda8e-e972-4c15-a452-668dc1311a8b	chr16	17315508	17380979	3	3	0
c62dda8e-e972-4c15-a452-668dc1311a8b	chr16	17381788	17623661	1	1	0
c62dda8e-e972-4c15-a452-668dc1311a8b	chr16	17624763	18932698	3	2	1
c62dda8e-e972-4c15-a452-668dc1311a8b	chr16	18939262	19547995	5	4	1
c62dda8e-e972-4c15-a452-668dc1311a8b	chr16	19548676	21149943	3	2	1
c62dda8e-e972-4c15-a452-668dc1311a8b	chr16	21155251	22546990	1	1	0
c62dda8e-e972-4c15-a452-668dc1311a8b	chr16	22547676	25329115	3	2	1
c62dda8e-e972-4c15-a452-668dc1311a8b	chr16	25332213	27895931	1	1	0
c62dda8e-e972-4c15-a452-668dc1311a8b	chr16	27897934	28742130	3	2	1
c62dda8e-e972-4c15-a452-668dc1311a8b	chr16	28752527	30045194	1	1	0
c62dda8e-e972-4c15-a452-668dc1311a8b	chr16	30049334	36048855	3	2	1
c62dda8e-e972-4c15-a452-668dc1311a8b	chr16	46441986	83858691	1	1	0
c62dda8e-e972-4c15-a452-668dc1311a8b	chr16	83858738	83863749	0	0	0
c62dda8e-e972-4c15-a452-668dc1311a8b	chr16	83864472	90096867	1	1	0
c62dda8e-e972-4c15-a452-668dc1311a8b	chr17	150733	10938365	1	1	0
c62dda8e-e972-4c15-a452-668dc1311a8b	chr17	10938432	13204337	3	2	1
c62dda8e-e972-4c15-a452-668dc1311a8b	chr17	13206115	41307306	2	1	1
c62dda8e-e972-4c15-a452-668dc1311a8b	chr17	41314088	41318641	1	1	0
c62dda8e-e972-4c15-a452-668dc1311a8b	chr17	41322114	83091923	2	1	1
c62dda8e-e972-4c15-a452-668dc1311a8b	chr18	48133	72733745	3	2	1
c62dda8e-e972-4c15-a452-668dc1311a8b	chr18	72734442	72761546	4	3	1
c62dda8e-e972-4c15-a452-668dc1311a8b	chr18	72761578	80257174	3	2	1
c62dda8e-e972-4c15-a452-668dc1311a8b	chr19	90910	58586487	2	1	1
c62dda8e-e972-4c15-a452-668dc1311a8b	chr20	80664	15892325	3	2	1
c62dda8e-e972-4c15-a452-668dc1311a8b	chr20	15892776	15911575	2	1	1
c62dda8e-e972-4c15-a452-668dc1311a8b	chr20	15916415	17199603	3	2	1
c62dda8e-e972-4c15-a452-668dc1311a8b	chr20	17200653	17796344	4	3	1
c62dda8e-e972-4c15-a452-668dc1311a8b	chr20	17796556	45280054	3	2	1
c62dda8e-e972-4c15-a452-668dc1311a8b	chr20	45283246	59862601	2	1	1
c62dda8e-e972-4c15-a452-668dc1311a8b	chr20	59878803	64324800	3	2	1
c62dda8e-e972-4c15-a452-668dc1311a8b	chr21	12973348	46677045	3	2	1
c62dda8e-e972-4c15-a452-668dc1311a8b	chr22	16392123	50796027	1	1	0
c62dda8e-e972-4c15-a452-668dc1311a8b	chrX	251810	51447630	2	2	0
c62dda8e-e972-4c15-a452-668dc1311a8b	chrX	51448305	51467763	1	1	0
c62dda8e-e972-4c15-a452-668dc1311a8b	chrX	51468058	125676112	2	2	0
c62dda8e-e972-4c15-a452-668dc1311a8b	chrX	125676616	139063737	3	3	0
c62dda8e-e972-4c15-a452-668dc1311a8b	chrX	139073312	139928568	2	2	0
c62dda8e-e972-4c15-a452-668dc1311a8b	chrX	139928678	144053644	3	3	0
c62dda8e-e972-4c15-a452-668dc1311a8b	chrX	144055271	144495955	0	0	0
c62dda8e-e972-4c15-a452-668dc1311a8b	chrX	144499976	156004181	3	3	0
c62dda8e-e972-4c15-a452-668dc1311a8b	chrY	2782397	26653788	0	0	0
c62dda8e-e972-4c15-a452-668dc1311a8b	chrY	56872112	56872112	2	2	0
cb476803-1b00-4fa5-a1ca-c70be2f1db32	chr1	62920	2541819	1	1	0
cb476803-1b00-4fa5-a1ca-c70be2f1db32	chr1	2551482	5237785	0	0	0
cb476803-1b00-4fa5-a1ca-c70be2f1db32	chr1	5237827	9751145	1	1	0
cb476803-1b00-4fa5-a1ca-c70be2f1db32	chr1	9751377	16489035	2	1	1
cb476803-1b00-4fa5-a1ca-c70be2f1db32	chr1	16489595	16909373	5	5	0
cb476803-1b00-4fa5-a1ca-c70be2f1db32	chr1	16909713	214115086	1	1	0
cb476803-1b00-4fa5-a1ca-c70be2f1db32	chr1	214115554	247675085	2	1	1
cb476803-1b00-4fa5-a1ca-c70be2f1db32	chr1	247678557	248930189	2	2	0
cb476803-1b00-4fa5-a1ca-c70be2f1db32	chr2	12784	16333575	3	2	1
cb476803-1b00-4fa5-a1ca-c70be2f1db32	chr2	16333738	16361449	6	3	3
cb476803-1b00-4fa5-a1ca-c70be2f1db32	chr2	16361965	112267367	2	1	1
cb476803-1b00-4fa5-a1ca-c70be2f1db32	chr2	112268612	153622782	1	1	0
cb476803-1b00-4fa5-a1ca-c70be2f1db32	chr2	153623413	242147305	2	2	0
cb476803-1b00-4fa5-a1ca-c70be2f1db32	chr3	20930	3918349	3	2	1
cb476803-1b00-4fa5-a1ca-c70be2f1db32	chr3	3918387	3934733	1	1	0
cb476803-1b00-4fa5-a1ca-c70be2f1db32	chr3	3935472	47314698	3	2	1
cb476803-1b00-4fa5-a1ca-c70be2f1db32	chr3	47318444	116951747	2	1	1
cb476803-1b00-4fa5-a1ca-c70be2f1db32	chr3	116952046	117226233	2	2	0
cb476803-1b00-4fa5-a1ca-c70be2f1db32	chr3	117226369	120388366	2	1	1
cb476803-1b00-4fa5-a1ca-c70be2f1db32	chr3	120389157	120527789	1	1	0
cb476803-1b00-4fa5-a1ca-c70be2f1db32	chr3	120528431	198169247	2	1	1
cb476803-1b00-4fa5-a1ca-c70be2f1db32	chr4	68929	88690	0	0	0
cb476803-1b00-4fa5-a1ca-c70be2f1db32	chr4	89721	34755297	1	1	0
cb476803-1b00-4fa5-a1ca-c70be2f1db32	chr4	34755317	34846054	0	0	0
cb476803-1b00-4fa5-a1ca-c70be2f1db32	chr4	34846782	54373167	1	1	0
cb476803-1b00-4fa5-a1ca-c70be2f1db32	chr4	54374774	86337853	2	1	1
cb476803-1b00-4fa5-a1ca-c70be2f1db32	chr4	86337885	86465714	5	5	0
cb476803-1b00-4fa5-a1ca-c70be2f1db32	chr4	86466969	188022736	1	1	0
cb476803-1b00-4fa5-a1ca-c70be2f1db32	chr4	188022797	188075862	4	2	2
cb476803-1b00-4fa5-a1ca-c70be2f1db32	chr4	188077587	190106768	2	1	1
cb476803-1b00-4fa5-a1ca-c70be2f1db32	chr5	15532	20622582	1	1	0
cb476803-1b00-4fa5-a1ca-c70be2f1db32	chr5	20622786	29657010	2	1	1
cb476803-1b00-4fa5-a1ca-c70be2f1db32	chr5	29660328	74276993	1	1	0
cb476803-1b00-4fa5-a1ca-c70be2f1db32	chr5	74279441	74282999	0	0	0
cb476803-1b00-4fa5-a1ca-c70be2f1db32	chr5	74283180	100747127	1	1	0
cb476803-1b00-4fa5-a1ca-c70be2f1db32	chr5	100747327	111153581	2	1	1
cb476803-1b00-4fa5-a1ca-c70be2f1db32	chr5	111153679	113634662	1	1	0
cb476803-1b00-4fa5-a1ca-c70be2f1db32	chr5	113637061	181363319	2	1	1
cb476803-1b00-4fa5-a1ca-c70be2f1db32	chr6	149661	17446292	1	1	0
cb476803-1b00-4fa5-a1ca-c70be2f1db32	chr6	17447020	20758473	2	2	0
cb476803-1b00-4fa5-a1ca-c70be2f1db32	chr6	20758529	103286299	1	1	0
cb476803-1b00-4fa5-a1ca-c70be2f1db32	chr6	103286770	103314186	8	8	0
cb476803-1b00-4fa5-a1ca-c70be2f1db32	chr6	103317795	150047626	1	1	0
cb476803-1b00-4fa5-a1ca-c70be2f1db32	chr6	150047827	153537908	2	1	1
cb476803-1b00-4fa5-a1ca-c70be2f1db32	chr6	153538239	153545704	5	3	2
cb476803-1b00-4fa5-a1ca-c70be2f1db32	chr6	153546615	170741917	1	1	0
cb476803-1b00-4fa5-a1ca-c70be2f1db32	chr7	43259	18779052	2	1	1
cb476803-1b00-4fa5-a1ca-c70be2f1db32	chr7	18779183	18791642	6	3	3
cb476803-1b00-4fa5-a1ca-c70be2f1db32	chr7	18791841	51864852	2	1	1
cb476803-1b00-4fa5-a1ca-c70be2f1db32	chr7	51867390	54247849	3	2	1
cb476803-1b00-4fa5-a1ca-c70be2f1db32	chr7	54248178	112142836	2	1	1
cb476803-1b00-4fa5-a1ca-c70be2f1db32	chr7	112143592	159334314	2	2	0
cb476803-1b00-4fa5-a1ca-c70be2f1db32	chr8	81254	5611668	3	2	1
cb476803-1b00-4fa5-a1ca-c70be2f1db32	chr8	5611690	145072769	2	1	1
cb476803-1b00-4fa5-a1ca-c70be2f1db32	chr9	46587	70844346	2	1	1
cb476803-1b00-4fa5-a1ca-c70be2f1db32	chr9	70845175	71068915	1	1	0
cb476803-1b00-4fa5-a1ca-c70be2f1db32	chr9	71070054	83287003	2	1	1
cb476803-1b00-4fa5-a1ca-c70be2f1db32	chr9	83288468	83293307	0	0	0
cb476803-1b00-4fa5-a1ca-c70be2f1db32	chr9	83293553	138200944	2	1	1
cb476803-1b00-4fa5-a1ca-c70be2f1db32	chr10	45792	82738394	2	1	1
cb476803-1b00-4fa5-a1ca-c70be2f1db32	chr10	82741335	82743047	8	5	3
cb476803-1b00-4fa5-a1ca-c70be2f1db32	chr10	82743299	88981502	1	1	0
cb476803-1b00-4fa5-a1ca-c70be2f1db32	chr10	88984568	89036150	0	0	0
cb476803-1b00-4fa5-a1ca-c70be2f1db32	chr10	89036394	133559093	1	1	0
cb476803-1b00-4fa5-a1ca-c70be2f1db32	chr10	133559931	133654968	2	2	0
cb476803-1b00-4fa5-a1ca-c70be2f1db32	chr11	198510	135074876	1	1	0
cb476803-1b00-4fa5-a1ca-c70be2f1db32	chr12	51460	16364992	1	1	0
cb476803-1b00-4fa5-a1ca-c70be2f1db32	chr12	16365049	80110367	2	1	1
cb476803-1b00-4fa5-a1ca-c70be2f1db32	chr12	80117792	133201603	1	1	0
cb476803-1b00-4fa5-a1ca-c70be2f1db32	chr13	18452809	31957984	2	1	1
cb476803-1b00-4fa5-a1ca-c70be2f1db32	chr13	31958485	31964286	0	0	0
cb476803-1b00-4fa5-a1ca-c70be2f1db32	chr13	31965910	35082189	2	1	1
cb476803-1b00-4fa5-a1ca-c70be2f1db32	chr13	35094419	114342922	2	2	0
cb476803-1b00-4fa5-a1ca-c70be2f1db32	chr14	18239283	21986046	1	1	0
cb476803-1b00-4fa5-a1ca-c70be2f1db32	chr14	21987373	22632004	0	0	0
cb476803-1b00-4fa5-a1ca-c70be2f1db32	chr14	22633534	105862987	1	1	0
cb476803-1b00-4fa5-a1ca-c70be2f1db32	chr14	105876458	105974395	10	10	0
cb476803-1b00-4fa5-a1ca-c70be2f1db32	chr14	105981975	106290506	2	2	0
cb476803-1b00-4fa5-a1ca-c70be2f1db32	chr14	106294285	106365807	9	9	0
cb476803-1b00-4fa5-a1ca-c70be2f1db32	chr14	106369985	106877229	1	1	0
cb476803-1b00-4fa5-a1ca-c70be2f1db32	chr15	19811075	20396568	2	2	0
cb476803-1b00-4fa5-a1ca-c70be2f1db32	chr15	20396799	24083818	1	1	0
cb476803-1b00-4fa5-a1ca-c70be2f1db32	chr15	24086431	29150454	2	1	1
cb476803-1b00-4fa5-a1ca-c70be2f1db32	chr15	29150919	101928837	1	1	0
cb476803-1b00-4fa5-a1ca-c70be2f1db32	chr16	10777	29825787	2	2	0
cb476803-1b00-4fa5-a1ca-c70be2f1db32	chr16	29829489	89596014	2	1	1
cb476803-1b00-4fa5-a1ca-c70be2f1db32	chr16	89596467	90096867	1	1	0
cb476803-1b00-4fa5-a1ca-c70be2f1db32	chr17	150733	189133	2	2	0
cb476803-1b00-4fa5-a1ca-c70be2f1db32	chr17	193683	12756182	1	1	0
cb476803-1b00-4fa5-a1ca-c70be2f1db32	chr17	12760860	83091923	2	1	1
cb476803-1b00-4fa5-a1ca-c70be2f1db32	chr18	48133	64327949	1	1	0
cb476803-1b00-4fa5-a1ca-c70be2f1db32	chr18	64329802	80257174	2	1	1
cb476803-1b00-4fa5-a1ca-c70be2f1db32	chr19	90910	33263736	2	1	1
cb476803-1b00-4fa5-a1ca-c70be2f1db32	chr19	33266685	33384941	3	2	1
cb476803-1b00-4fa5-a1ca-c70be2f1db32	chr19	33385488	33396254	0	0	0
cb476803-1b00-4fa5-a1ca-c70be2f1db32	chr19	33398463	58586487	2	1	1
cb476803-1b00-4fa5-a1ca-c70be2f1db32	chr20	80664	64324800	1	1	0
cb476803-1b00-4fa5-a1ca-c70be2f1db32	chr21	12973348	14649158	1	1	0
cb476803-1b00-4fa5-a1ca-c70be2f1db32	chr21	14653303	14743272	0	0	0
cb476803-1b00-4fa5-a1ca-c70be2f1db32	chr21	14743358	46677045	2	1	1
cb476803-1b00-4fa5-a1ca-c70be2f1db32	chr22	16392123	41439104	1	1	0
cb476803-1b00-4fa5-a1ca-c70be2f1db32	chr22	41444403	42586792	3	2	1
cb476803-1b00-4fa5-a1ca-c70be2f1db32	chr22	42586855	50796027	1	1	0
cb476803-1b00-4fa5-a1ca-c70be2f1db32	chrX	251810	455747	1	1	0
cb476803-1b00-4fa5-a1ca-c70be2f1db32	chrX	459561	701944	3	2	1
cb476803-1b00-4fa5-a1ca-c70be2f1db32	chrX	702474	1006176	1	1	0
cb476803-1b00-4fa5-a1ca-c70be2f1db32	chrX	1007312	1059510	4	2	2
cb476803-1b00-4fa5-a1ca-c70be2f1db32	chrX	1059715	1479705	1	1	0
cb476803-1b00-4fa5-a1ca-c70be2f1db32	chrX	1480942	1738376	3	2	1
cb476803-1b00-4fa5-a1ca-c70be2f1db32	chrX	1743143	2452743	1	1	0
cb476803-1b00-4fa5-a1ca-c70be2f1db32	chrX	2458073	2641206	2	1	1
cb476803-1b00-4fa5-a1ca-c70be2f1db32	chrX	2644012	2720458	1	1	0
cb476803-1b00-4fa5-a1ca-c70be2f1db32	chrX	2723161	2785914	3	2	1
cb476803-1b00-4fa5-a1ca-c70be2f1db32	chrX	2788903	155734427	0	0	0
cb476803-1b00-4fa5-a1ca-c70be2f1db32	chrX	155736972	155754150	2	1	1
cb476803-1b00-4fa5-a1ca-c70be2f1db32	chrX	155756190	156004181	1	1	0
cb476803-1b00-4fa5-a1ca-c70be2f1db32	chrY	2782397	56872112	1	1	0
72f558fb-f25d-4cd8-9214-f74a547f783c	chr1	61735	248930189	3	2	1
72f558fb-f25d-4cd8-9214-f74a547f783c	chr2	12784	57777332	4	2	2
72f558fb-f25d-4cd8-9214-f74a547f783c	chr2	57777854	57836833	1	1	0
72f558fb-f25d-4cd8-9214-f74a547f783c	chr2	57837445	96168311	4	2	2
72f558fb-f25d-4cd8-9214-f74a547f783c	chr2	96170774	100649648	2	2	0
72f558fb-f25d-4cd8-9214-f74a547f783c	chr2	100653726	242147305	4	2	2
72f558fb-f25d-4cd8-9214-f74a547f783c	chr3	18667	198169247	3	2	1
72f558fb-f25d-4cd8-9214-f74a547f783c	chr4	12281	190106768	3	2	1
72f558fb-f25d-4cd8-9214-f74a547f783c	chr5	15532	181363319	4	2	2
72f558fb-f25d-4cd8-9214-f74a547f783c	chr6	149661	170741917	3	2	1
72f558fb-f25d-4cd8-9214-f74a547f783c	chr7	43259	159334314	3	2	1
72f558fb-f25d-4cd8-9214-f74a547f783c	chr8	81254	58890398	4	2	2
72f558fb-f25d-4cd8-9214-f74a547f783c	chr8	58891160	59135293	3	2	1
72f558fb-f25d-4cd8-9214-f74a547f783c	chr8	59135735	145072769	4	2	2
72f558fb-f25d-4cd8-9214-f74a547f783c	chr9	46587	6910916	5	3	2
72f558fb-f25d-4cd8-9214-f74a547f783c	chr9	6912279	7048126	3	3	0
72f558fb-f25d-4cd8-9214-f74a547f783c	chr9	7050675	11348433	5	3	2
72f558fb-f25d-4cd8-9214-f74a547f783c	chr9	11348955	126854027	4	2	2
72f558fb-f25d-4cd8-9214-f74a547f783c	chr9	126854659	138200944	3	2	1
72f558fb-f25d-4cd8-9214-f74a547f783c	chr10	26823	8217543	3	2	1
72f558fb-f25d-4cd8-9214-f74a547f783c	chr10	8218858	59771285	4	2	2
72f558fb-f25d-4cd8-9214-f74a547f783c	chr10	59775291	133769379	3	2	1
72f558fb-f25d-4cd8-9214-f74a547f783c	chr11	198572	65690698	3	2	1
72f558fb-f25d-4cd8-9214-f74a547f783c	chr11	65690726	135074876	4	2	2
72f558fb-f25d-4cd8-9214-f74a547f783c	chr12	51460	133201603	4	2	2
72f558fb-f25d-4cd8-9214-f74a547f783c	chr13	18452809	114342922	3	2	1
72f558fb-f25d-4cd8-9214-f74a547f783c	chr14	18225647	105650524	3	2	1
72f558fb-f25d-4cd8-9214-f74a547f783c	chr14	105653302	106767970	1	1	0
72f558fb-f25d-4cd8-9214-f74a547f783c	chr14	106769689	106877229	3	2	1
72f558fb-f25d-4cd8-9214-f74a547f783c	chr15	19811075	41160439	3	2	1
72f558fb-f25d-4cd8-9214-f74a547f783c	chr15	41160483	101928837	3	3	0
72f558fb-f25d-4cd8-9214-f74a547f783c	chr16	10777	10810275	3	2	1
72f558fb-f25d-4cd8-9214-f74a547f783c	chr16	10815456	10917871	1	1	0
72f558fb-f25d-4cd8-9214-f74a547f783c	chr16	10918693	90221127	3	2	1
72f558fb-f25d-4cd8-9214-f74a547f783c	chr17	150733	83090856	4	2	2
72f558fb-f25d-4cd8-9214-f74a547f783c	chr18	48133	80257174	3	2	1
72f558fb-f25d-4cd8-9214-f74a547f783c	chr19	90910	4178415	4	4	0
72f558fb-f25d-4cd8-9214-f74a547f783c	chr19	4182942	18036257	3	3	0
72f558fb-f25d-4cd8-9214-f74a547f783c	chr19	18044007	39086724	3	2	1
72f558fb-f25d-4cd8-9214-f74a547f783c	chr19	39086788	58586487	4	3	1
72f558fb-f25d-4cd8-9214-f74a547f783c	chr20	80664	64324800	4	2	2
72f558fb-f25d-4cd8-9214-f74a547f783c	chr21	10336543	46677045	6	4	2
72f558fb-f25d-4cd8-9214-f74a547f783c	chr22	15294545	50796027	3	2	1
72f558fb-f25d-4cd8-9214-f74a547f783c	chrX	251810	26781199	2	2	0
72f558fb-f25d-4cd8-9214-f74a547f783c	chrX	26781535	67024944	3	2	1
72f558fb-f25d-4cd8-9214-f74a547f783c	chrX	67025142	156004181	4	3	1
c4c97e2c-012d-4916-a258-5bb6972f8fb8	chr1	62920	24878262	3	2	1
c4c97e2c-012d-4916-a258-5bb6972f8fb8	chr1	24879913	24897519	1	1	0
c4c97e2c-012d-4916-a258-5bb6972f8fb8	chr1	24897830	62034036	3	2	1
c4c97e2c-012d-4916-a258-5bb6972f8fb8	chr1	62034486	62044482	1	1	0
c4c97e2c-012d-4916-a258-5bb6972f8fb8	chr1	62044500	110565369	3	2	1
c4c97e2c-012d-4916-a258-5bb6972f8fb8	chr1	110566910	111003909	4	2	2
c4c97e2c-012d-4916-a258-5bb6972f8fb8	chr1	111004079	112944274	3	2	1
c4c97e2c-012d-4916-a258-5bb6972f8fb8	chr1	112944379	117118220	4	2	2
c4c97e2c-012d-4916-a258-5bb6972f8fb8	chr1	117119085	118717184	3	2	1
c4c97e2c-012d-4916-a258-5bb6972f8fb8	chr1	118717584	150394013	4	2	2
c4c97e2c-012d-4916-a258-5bb6972f8fb8	chr1	150400390	175720427	4	3	1
c4c97e2c-012d-4916-a258-5bb6972f8fb8	chr1	175720543	175732888	2	2	0
c4c97e2c-012d-4916-a258-5bb6972f8fb8	chr1	175733315	195425383	4	3	1
c4c97e2c-012d-4916-a258-5bb6972f8fb8	chr1	195425983	200230540	5	4	1
c4c97e2c-012d-4916-a258-5bb6972f8fb8	chr1	200230843	216434475	4	3	1
c4c97e2c-012d-4916-a258-5bb6972f8fb8	chr1	216434926	232922001	3	3	0
c4c97e2c-012d-4916-a258-5bb6972f8fb8	chr1	232924009	232945045	6	6	0
c4c97e2c-012d-4916-a258-5bb6972f8fb8	chr1	232945847	237628927	3	3	0
c4c97e2c-012d-4916-a258-5bb6972f8fb8	chr1	237632903	237857685	0	0	0
c4c97e2c-012d-4916-a258-5bb6972f8fb8	chr1	237859733	239932524	3	3	0
c4c97e2c-012d-4916-a258-5bb6972f8fb8	chr1	239932941	248930189	4	3	1
c4c97e2c-012d-4916-a258-5bb6972f8fb8	chr2	12784	2705874	4	3	1
c4c97e2c-012d-4916-a258-5bb6972f8fb8	chr2	2706145	2855768	2	2	0
c4c97e2c-012d-4916-a258-5bb6972f8fb8	chr2	2855801	57937611	4	3	1
c4c97e2c-012d-4916-a258-5bb6972f8fb8	chr2	57938460	57942815	3	2	1
c4c97e2c-012d-4916-a258-5bb6972f8fb8	chr2	57942869	64392139	4	3	1
c4c97e2c-012d-4916-a258-5bb6972f8fb8	chr2	64392918	64459805	3	2	1
c4c97e2c-012d-4916-a258-5bb6972f8fb8	chr2	64460643	95107895	4	3	1
c4c97e2c-012d-4916-a258-5bb6972f8fb8	chr2	95108744	101986188	2	1	1
c4c97e2c-012d-4916-a258-5bb6972f8fb8	chr2	101988187	109704919	3	2	1
c4c97e2c-012d-4916-a258-5bb6972f8fb8	chr2	109743935	119959131	4	3	1
c4c97e2c-012d-4916-a258-5bb6972f8fb8	chr2	119971652	120201648	2	2	0
c4c97e2c-012d-4916-a258-5bb6972f8fb8	chr2	120202711	122891228	4	3	1
c4c97e2c-012d-4916-a258-5bb6972f8fb8	chr2	122892206	126210324	5	3	2
c4c97e2c-012d-4916-a258-5bb6972f8fb8	chr2	126211289	144712757	4	2	2
c4c97e2c-012d-4916-a258-5bb6972f8fb8	chr2	144714157	150719987	3	2	1
c4c97e2c-012d-4916-a258-5bb6972f8fb8	chr2	150720625	154361936	2	1	1
c4c97e2c-012d-4916-a258-5bb6972f8fb8	chr2	154366359	154375911	5	3	2
c4c97e2c-012d-4916-a258-5bb6972f8fb8	chr2	154377766	172847754	2	1	1
c4c97e2c-012d-4916-a258-5bb6972f8fb8	chr2	172848796	172980326	3	2	1
c4c97e2c-012d-4916-a258-5bb6972f8fb8	chr2	172981190	174347360	2	2	0
c4c97e2c-012d-4916-a258-5bb6972f8fb8	chr2	174353995	183762023	3	2	1
c4c97e2c-012d-4916-a258-5bb6972f8fb8	chr2	183763286	183906789	2	1	1
c4c97e2c-012d-4916-a258-5bb6972f8fb8	chr2	183906996	186707094	3	2	1
c4c97e2c-012d-4916-a258-5bb6972f8fb8	chr2	186707711	192792142	4	2	2
c4c97e2c-012d-4916-a258-5bb6972f8fb8	chr2	192792681	193091885	3	2	1
c4c97e2c-012d-4916-a258-5bb6972f8fb8	chr2	193099570	193371334	5	3	2
c4c97e2c-012d-4916-a258-5bb6972f8fb8	chr2	193371608	194616920	3	2	1
c4c97e2c-012d-4916-a258-5bb6972f8fb8	chr2	194617425	205554294	4	2	2
c4c97e2c-012d-4916-a258-5bb6972f8fb8	chr2	205557416	205562776	8	4	4
c4c97e2c-012d-4916-a258-5bb6972f8fb8	chr2	205563504	242147305	4	2	2
c4c97e2c-012d-4916-a258-5bb6972f8fb8	chr3	20930	32312262	3	2	1
c4c97e2c-012d-4916-a258-5bb6972f8fb8	chr3	32312895	32359244	4	3	1
c4c97e2c-012d-4916-a258-5bb6972f8fb8	chr3	32359836	128851865	3	2	1
c4c97e2c-012d-4916-a258-5bb6972f8fb8	chr3	128852763	146538692	2	1	1
c4c97e2c-012d-4916-a258-5bb6972f8fb8	chr3	146539520	146559345	1	1	0
c4c97e2c-012d-4916-a258-5bb6972f8fb8	chr3	146560829	150655773	2	1	1
c4c97e2c-012d-4916-a258-5bb6972f8fb8	chr3	150658633	152496852	1	1	0
c4c97e2c-012d-4916-a258-5bb6972f8fb8	chr3	152498107	156444957	2	1	1
c4c97e2c-012d-4916-a258-5bb6972f8fb8	chr3	156445758	162790480	3	2	1
c4c97e2c-012d-4916-a258-5bb6972f8fb8	chr3	162794869	162908784	9	9	0
c4c97e2c-012d-4916-a258-5bb6972f8fb8	chr3	162908815	187287967	3	2	1
c4c97e2c-012d-4916-a258-5bb6972f8fb8	chr3	187292482	188474267	2	2	0
c4c97e2c-012d-4916-a258-5bb6972f8fb8	chr3	188476329	190497159	3	3	0
c4c97e2c-012d-4916-a258-5bb6972f8fb8	chr3	190498021	194048509	2	2	0
c4c97e2c-012d-4916-a258-5bb6972f8fb8	chr3	194049431	194374653	3	3	0
c4c97e2c-012d-4916-a258-5bb6972f8fb8	chr3	194375177	195318666	2	2	0
c4c97e2c-012d-4916-a258-5bb6972f8fb8	chr3	195328085	196405284	23	23	0
c4c97e2c-012d-4916-a258-5bb6972f8fb8	chr3	196410893	196597005	1	1	0
c4c97e2c-012d-4916-a258-5bb6972f8fb8	chr3	196601978	197671345	27	27	0
c4c97e2c-012d-4916-a258-5bb6972f8fb8	chr3	197676287	197958685	1	1	0
c4c97e2c-012d-4916-a258-5bb6972f8fb8	chr3	197959451	198169247	28	27	1
c4c97e2c-012d-4916-a258-5bb6972f8fb8	chr4	68929	31992304	3	2	1
c4c97e2c-012d-4916-a258-5bb6972f8fb8	chr4	31995521	34837370	5	4	1
c4c97e2c-012d-4916-a258-5bb6972f8fb8	chr4	34839673	34866579	3	3	0
c4c97e2c-012d-4916-a258-5bb6972f8fb8	chr4	34868076	35491097	3	2	1
c4c97e2c-012d-4916-a258-5bb6972f8fb8	chr4	35492523	35497420	1	1	0
c4c97e2c-012d-4916-a258-5bb6972f8fb8	chr4	35498338	57904813	3	2	1
c4c97e2c-012d-4916-a258-5bb6972f8fb8	chr4	57908276	58007058	1	1	0
c4c97e2c-012d-4916-a258-5bb6972f8fb8	chr4	58008243	69222883	3	2	1
c4c97e2c-012d-4916-a258-5bb6972f8fb8	chr4	69223380	69239511	5	3	2
c4c97e2c-012d-4916-a258-5bb6972f8fb8	chr4	69239728	89788590	3	2	1
c4c97e2c-012d-4916-a258-5bb6972f8fb8	chr4	89791913	90241267	4	2	2
c4c97e2c-012d-4916-a258-5bb6972f8fb8	chr4	90241614	112190731	3	2	1
c4c97e2c-012d-4916-a258-5bb6972f8fb8	chr4	112191401	113033145	4	2	2
c4c97e2c-012d-4916-a258-5bb6972f8fb8	chr4	113033322	129997830	3	2	1
c4c97e2c-012d-4916-a258-5bb6972f8fb8	chr4	129998969	130578185	4	2	2
c4c97e2c-012d-4916-a258-5bb6972f8fb8	chr4	130578242	132532120	3	2	1
c4c97e2c-012d-4916-a258-5bb6972f8fb8	chr4	132535016	137999945	4	2	2
c4c97e2c-012d-4916-a258-5bb6972f8fb8	chr4	138001091	140400133	3	2	1
c4c97e2c-012d-4916-a258-5bb6972f8fb8	chr4	140400403	160952848	4	2	2
c4c97e2c-012d-4916-a258-5bb6972f8fb8	chr4	160958866	160963448	0	0	0
c4c97e2c-012d-4916-a258-5bb6972f8fb8	chr4	160963756	174025772	4	2	2
c4c97e2c-012d-4916-a258-5bb6972f8fb8	chr4	174026801	177220157	5	3	2
c4c97e2c-012d-4916-a258-5bb6972f8fb8	chr4	177221236	178905182	4	2	2
c4c97e2c-012d-4916-a258-5bb6972f8fb8	chr4	178905231	179615290	2	2	0
c4c97e2c-012d-4916-a258-5bb6972f8fb8	chr4	179620983	190106768	4	2	2
c4c97e2c-012d-4916-a258-5bb6972f8fb8	chr5	15532	2778255	4	4	0
c4c97e2c-012d-4916-a258-5bb6972f8fb8	chr5	2778282	17491103	5	5	0
c4c97e2c-012d-4916-a258-5bb6972f8fb8	chr5	17491160	17625524	4	4	0
c4c97e2c-012d-4916-a258-5bb6972f8fb8	chr5	17629411	24427732	5	5	0
c4c97e2c-012d-4916-a258-5bb6972f8fb8	chr5	24429138	28006453	6	6	0
c4c97e2c-012d-4916-a258-5bb6972f8fb8	chr5	28006543	29350780	5	5	0
c4c97e2c-012d-4916-a258-5bb6972f8fb8	chr5	29351298	29747229	3	3	0
c4c97e2c-012d-4916-a258-5bb6972f8fb8	chr5	29747242	31318272	5	5	0
c4c97e2c-012d-4916-a258-5bb6972f8fb8	chr5	31318965	31359612	4	4	0
c4c97e2c-012d-4916-a258-5bb6972f8fb8	chr5	31359979	46273400	5	5	0
c4c97e2c-012d-4916-a258-5bb6972f8fb8	chr5	46278110	56296754	4	4	0
c4c97e2c-012d-4916-a258-5bb6972f8fb8	chr5	56298703	71977129	3	3	0
c4c97e2c-012d-4916-a258-5bb6972f8fb8	chr5	71977556	85296655	4	4	0
c4c97e2c-012d-4916-a258-5bb6972f8fb8	chr5	85296675	85341699	3	3	0
c4c97e2c-012d-4916-a258-5bb6972f8fb8	chr5	85343585	86128259	2	2	0
c4c97e2c-012d-4916-a258-5bb6972f8fb8	chr5	86128433	88499708	3	3	0
c4c97e2c-012d-4916-a258-5bb6972f8fb8	chr5	88500010	107403500	4	4	0
c4c97e2c-012d-4916-a258-5bb6972f8fb8	chr5	107405255	108377552	5	5	0
c4c97e2c-012d-4916-a258-5bb6972f8fb8	chr5	108383461	117678971	4	4	0
c4c97e2c-012d-4916-a258-5bb6972f8fb8	chr5	117679306	130600548	3	3	0
c4c97e2c-012d-4916-a258-5bb6972f8fb8	chr5	130600940	157371798	4	4	0
c4c97e2c-012d-4916-a258-5bb6972f8fb8	chr5	157372128	163539716	3	3	0
c4c97e2c-012d-4916-a258-5bb6972f8fb8	chr5	163539781	163552205	6	6	0
c4c97e2c-012d-4916-a258-5bb6972f8fb8	chr5	163552438	171363180	3	3	0
c4c97e2c-012d-4916-a258-5bb6972f8fb8	chr5	171364681	179989634	4	4	0
c4c97e2c-012d-4916-a258-5bb6972f8fb8	chr5	179991800	180358811	2	2	0
c4c97e2c-012d-4916-a258-5bb6972f8fb8	chr5	180358989	181363319	4	4	0
c4c97e2c-012d-4916-a258-5bb6972f8fb8	chr6	149661	2591477	4	3	1
c4c97e2c-012d-4916-a258-5bb6972f8fb8	chr6	2592865	23343690	3	2	1
c4c97e2c-012d-4916-a258-5bb6972f8fb8	chr6	23344874	23998907	2	1	1
c4c97e2c-012d-4916-a258-5bb6972f8fb8	chr6	23999143	30829306	3	2	1
c4c97e2c-012d-4916-a258-5bb6972f8fb8	chr6	30829438	33011993	1	1	0
c4c97e2c-012d-4916-a258-5bb6972f8fb8	chr6	33012203	33196958	2	1	1
c4c97e2c-012d-4916-a258-5bb6972f8fb8	chr6	33206065	38006039	4	3	1
c4c97e2c-012d-4916-a258-5bb6972f8fb8	chr6	38006276	39198672	5	4	1
c4c97e2c-012d-4916-a258-5bb6972f8fb8	chr6	39201638	47152545	6	4	2
c4c97e2c-012d-4916-a258-5bb6972f8fb8	chr6	47153450	47164378	10	7	3
c4c97e2c-012d-4916-a258-5bb6972f8fb8	chr6	47168389	50838377	6	4	2
c4c97e2c-012d-4916-a258-5bb6972f8fb8	chr6	50838524	50868495	11	7	4
c4c97e2c-012d-4916-a258-5bb6972f8fb8	chr6	50868566	60351931	7	5	2
c4c97e2c-012d-4916-a258-5bb6972f8fb8	chr6	60352984	107059602	2	2	0
c4c97e2c-012d-4916-a258-5bb6972f8fb8	chr6	107060391	107097865	3	3	0
c4c97e2c-012d-4916-a258-5bb6972f8fb8	chr6	107100640	125774925	2	2	0
c4c97e2c-012d-4916-a258-5bb6972f8fb8	chr6	125777085	126379706	1	1	0
c4c97e2c-012d-4916-a258-5bb6972f8fb8	chr6	126380932	170741917	2	2	0
c4c97e2c-012d-4916-a258-5bb6972f8fb8	chr7	43259	10042325	5	3	2
c4c97e2c-012d-4916-a258-5bb6972f8fb8	chr7	10042365	11326266	4	2	2
c4c97e2c-012d-4916-a258-5bb6972f8fb8	chr7	11327213	11475238	3	2	1
c4c97e2c-012d-4916-a258-5bb6972f8fb8	chr7	11475266	21635606	4	2	2
c4c97e2c-012d-4916-a258-5bb6972f8fb8	chr7	21638475	21892699	2	2	0
c4c97e2c-012d-4916-a258-5bb6972f8fb8	chr7	21893258	21897239	4	4	0
c4c97e2c-012d-4916-a258-5bb6972f8fb8	chr7	21897305	22519323	2	2	0
c4c97e2c-012d-4916-a258-5bb6972f8fb8	chr7	22523627	23691550	7	5	2
c4c97e2c-012d-4916-a258-5bb6972f8fb8	chr7	23693201	24076737	2	2	0
c4c97e2c-012d-4916-a258-5bb6972f8fb8	chr7	24081171	24310373	5	3	2
c4c97e2c-012d-4916-a258-5bb6972f8fb8	chr7	24310885	35164954	3	2	1
c4c97e2c-012d-4916-a258-5bb6972f8fb8	chr7	35170423	35977777	2	2	0
c4c97e2c-012d-4916-a258-5bb6972f8fb8	chr7	35981930	57822636	3	2	1
c4c97e2c-012d-4916-a258-5bb6972f8fb8	chr7	57847011	68716989	4	2	2
c4c97e2c-012d-4916-a258-5bb6972f8fb8	chr7	68717035	68719415	2	1	1
c4c97e2c-012d-4916-a258-5bb6972f8fb8	chr7	68719447	116216548	4	2	2
c4c97e2c-012d-4916-a258-5bb6972f8fb8	chr7	116219978	116382469	1	1	0
c4c97e2c-012d-4916-a258-5bb6972f8fb8	chr7	116382484	116382484	0	0	0
c4c97e2c-012d-4916-a258-5bb6972f8fb8	chr7	116383026	116444873	2	2	0
c4c97e2c-012d-4916-a258-5bb6972f8fb8	chr7	116448785	139095946	4	2	2
c4c97e2c-012d-4916-a258-5bb6972f8fb8	chr7	139096583	139681366	2	2	0
c4c97e2c-012d-4916-a258-5bb6972f8fb8	chr7	139682454	145653293	4	2	2
c4c97e2c-012d-4916-a258-5bb6972f8fb8	chr7	145654161	147347760	3	2	1
c4c97e2c-012d-4916-a258-5bb6972f8fb8	chr7	147348463	148260540	4	2	2
c4c97e2c-012d-4916-a258-5bb6972f8fb8	chr7	148261789	149413393	2	2	0
c4c97e2c-012d-4916-a258-5bb6972f8fb8	chr7	149413567	149839125	1	1	0
c4c97e2c-012d-4916-a258-5bb6972f8fb8	chr7	149839269	157023277	4	2	2
c4c97e2c-012d-4916-a258-5bb6972f8fb8	chr7	157028682	157454693	2	2	0
c4c97e2c-012d-4916-a258-5bb6972f8fb8	chr7	157458055	159334314	3	2	1
c4c97e2c-012d-4916-a258-5bb6972f8fb8	chr8	81254	21341492	2	2	0
c4c97e2c-012d-4916-a258-5bb6972f8fb8	chr8	21341870	21354702	1	1	0
c4c97e2c-012d-4916-a258-5bb6972f8fb8	chr8	21354861	39368332	2	2	0
c4c97e2c-012d-4916-a258-5bb6972f8fb8	chr8	39368369	39531260	0	0	0
c4c97e2c-012d-4916-a258-5bb6972f8fb8	chr8	39531496	72153932	2	2	0
c4c97e2c-012d-4916-a258-5bb6972f8fb8	chr8	72153963	72225549	3	3	0
c4c97e2c-012d-4916-a258-5bb6972f8fb8	chr8	72227167	145072769	2	2	0
c4c97e2c-012d-4916-a258-5bb6972f8fb8	chr9	46587	4684967	3	2	1
c4c97e2c-012d-4916-a258-5bb6972f8fb8	chr9	4686223	5703463	2	2	0
c4c97e2c-012d-4916-a258-5bb6972f8fb8	chr9	5703819	25252133	3	2	1
c4c97e2c-012d-4916-a258-5bb6972f8fb8	chr9	25260928	25350406	1	1	0
c4c97e2c-012d-4916-a258-5bb6972f8fb8	chr9	25352693	70850204	3	2	1
c4c97e2c-012d-4916-a258-5bb6972f8fb8	chr9	70850744	70951646	1	1	0
c4c97e2c-012d-4916-a258-5bb6972f8fb8	chr9	70952224	71714983	6	4	2
c4c97e2c-012d-4916-a258-5bb6972f8fb8	chr9	71715719	71715719	2	2	0
c4c97e2c-012d-4916-a258-5bb6972f8fb8	chr9	71717642	71723580	6	5	1
c4c97e2c-012d-4916-a258-5bb6972f8fb8	chr9	71724805	72829992	2	2	0
c4c97e2c-012d-4916-a258-5bb6972f8fb8	chr9	72830578	91164368	5	3	2
c4c97e2c-012d-4916-a258-5bb6972f8fb8	chr9	91165278	95539607	3	2	1
c4c97e2c-012d-4916-a258-5bb6972f8fb8	chr9	95540253	97109078	2	2	0
c4c97e2c-012d-4916-a258-5bb6972f8fb8	chr9	97116175	97176352	4	3	1
c4c97e2c-012d-4916-a258-5bb6972f8fb8	chr9	97177863	99219449	2	2	0
c4c97e2c-012d-4916-a258-5bb6972f8fb8	chr9	99219696	110834829	3	2	1
c4c97e2c-012d-4916-a258-5bb6972f8fb8	chr9	110834886	111495106	2	2	0
c4c97e2c-012d-4916-a258-5bb6972f8fb8	chr9	111498492	112678457	6	4	2
c4c97e2c-012d-4916-a258-5bb6972f8fb8	chr9	112679158	112962191	3	3	0
c4c97e2c-012d-4916-a258-5bb6972f8fb8	chr9	112962210	132699150	5	3	2
c4c97e2c-012d-4916-a258-5bb6972f8fb8	chr9	132702634	132724799	10	5	5
c4c97e2c-012d-4916-a258-5bb6972f8fb8	chr9	132727281	138200944	5	3	2
c4c97e2c-012d-4916-a258-5bb6972f8fb8	chr10	45792	52388029	2	2	0
c4c97e2c-012d-4916-a258-5bb6972f8fb8	chr10	52388284	52397304	1	1	0
c4c97e2c-012d-4916-a258-5bb6972f8fb8	chr10	52397856	62242149	2	2	0
c4c97e2c-012d-4916-a258-5bb6972f8fb8	chr10	62244574	62971836	0	0	0
c4c97e2c-012d-4916-a258-5bb6972f8fb8	chr10	62972100	80989744	2	2	0
c4c97e2c-012d-4916-a258-5bb6972f8fb8	chr10	80995167	81096293	1	1	0
c4c97e2c-012d-4916-a258-5bb6972f8fb8	chr10	81100112	88786215	2	2	0
c4c97e2c-012d-4916-a258-5bb6972f8fb8	chr10	88786298	89687767	0	0	0
c4c97e2c-012d-4916-a258-5bb6972f8fb8	chr10	89689977	110738585	2	2	0
c4c97e2c-012d-4916-a258-5bb6972f8fb8	chr10	110739345	114720864	1	1	0
c4c97e2c-012d-4916-a258-5bb6972f8fb8	chr10	114721465	133654968	2	2	0
c4c97e2c-012d-4916-a258-5bb6972f8fb8	chr11	198510	50791553	3	2	1
c4c97e2c-012d-4916-a258-5bb6972f8fb8	chr11	50792187	75724134	2	2	0
c4c97e2c-012d-4916-a258-5bb6972f8fb8	chr11	75724380	75787195	3	2	1
c4c97e2c-012d-4916-a258-5bb6972f8fb8	chr11	75788407	80946347	4	2	2
c4c97e2c-012d-4916-a258-5bb6972f8fb8	chr11	80947734	95033710	5	3	2
c4c97e2c-012d-4916-a258-5bb6972f8fb8	chr11	95033780	97269180	6	4	2
c4c97e2c-012d-4916-a258-5bb6972f8fb8	chr11	97269198	99083162	5	3	2
c4c97e2c-012d-4916-a258-5bb6972f8fb8	chr11	99083230	99112747	8	5	3
c4c97e2c-012d-4916-a258-5bb6972f8fb8	chr11	99113023	100294852	4	2	2
c4c97e2c-012d-4916-a258-5bb6972f8fb8	chr11	100296262	116098288	5	3	2
c4c97e2c-012d-4916-a258-5bb6972f8fb8	chr11	116101490	120534811	4	2	2
c4c97e2c-012d-4916-a258-5bb6972f8fb8	chr11	120535134	134769058	5	3	2
c4c97e2c-012d-4916-a258-5bb6972f8fb8	chr11	134769846	135074876	2	2	0
c4c97e2c-012d-4916-a258-5bb6972f8fb8	chr12	51460	4750552	4	2	2
c4c97e2c-012d-4916-a258-5bb6972f8fb8	chr12	4751396	11889168	2	2	0
c4c97e2c-012d-4916-a258-5bb6972f8fb8	chr12	11889525	11905477	3	3	0
c4c97e2c-012d-4916-a258-5bb6972f8fb8	chr12	11906518	23611290	2	2	0
c4c97e2c-012d-4916-a258-5bb6972f8fb8	chr12	23611686	23617419	5	5	0
c4c97e2c-012d-4916-a258-5bb6972f8fb8	chr12	23617526	26963194	2	2	0
c4c97e2c-012d-4916-a258-5bb6972f8fb8	chr12	26969140	27248414	3	3	0
c4c97e2c-012d-4916-a258-5bb6972f8fb8	chr12	27252787	27261272	1	1	0
c4c97e2c-012d-4916-a258-5bb6972f8fb8	chr12	27261612	27345276	2	2	0
c4c97e2c-012d-4916-a258-5bb6972f8fb8	chr12	27346040	27600909	1	1	0
c4c97e2c-012d-4916-a258-5bb6972f8fb8	chr12	27600941	27652906	2	2	0
c4c97e2c-012d-4916-a258-5bb6972f8fb8	chr12	27658291	27770021	1	1	0
c4c97e2c-012d-4916-a258-5bb6972f8fb8	chr12	27772744	28379166	2	2	0
c4c97e2c-012d-4916-a258-5bb6972f8fb8	chr12	28380284	48685733	4	2	2
c4c97e2c-012d-4916-a258-5bb6972f8fb8	chr12	48686226	49449100	2	2	0
c4c97e2c-012d-4916-a258-5bb6972f8fb8	chr12	49450144	49926225	4	3	1
c4c97e2c-012d-4916-a258-5bb6972f8fb8	chr12	49928063	50689928	2	2	0
c4c97e2c-012d-4916-a258-5bb6972f8fb8	chr12	50692452	54207247	4	2	2
c4c97e2c-012d-4916-a258-5bb6972f8fb8	chr12	54207377	54541907	3	2	1
c4c97e2c-012d-4916-a258-5bb6972f8fb8	chr12	54542743	72832656	4	2	2
c4c97e2c-012d-4916-a258-5bb6972f8fb8	chr12	72837599	72918118	3	2	1
c4c97e2c-012d-4916-a258-5bb6972f8fb8	chr12	72921394	77929524	4	2	2
c4c97e2c-012d-4916-a258-5bb6972f8fb8	chr12	77929611	77944156	3	3	0
c4c97e2c-012d-4916-a258-5bb6972f8fb8	chr12	77944606	104542762	2	2	0
c4c97e2c-012d-4916-a258-5bb6972f8fb8	chr12	104542775	133201603	4	2	2
c4c97e2c-012d-4916-a258-5bb6972f8fb8	chr13	18452809	23611770	3	3	0
c4c97e2c-012d-4916-a258-5bb6972f8fb8	chr13	23613900	24347579	2	2	0
c4c97e2c-012d-4916-a258-5bb6972f8fb8	chr13	24348947	47649923	3	3	0
c4c97e2c-012d-4916-a258-5bb6972f8fb8	chr13	47655929	73101368	2	2	0
c4c97e2c-012d-4916-a258-5bb6972f8fb8	chr13	73101484	81017532	3	3	0
c4c97e2c-012d-4916-a258-5bb6972f8fb8	chr13	81019613	82999463	1	1	0
c4c97e2c-012d-4916-a258-5bb6972f8fb8	chr13	82999642	104604884	3	3	0
c4c97e2c-012d-4916-a258-5bb6972f8fb8	chr13	104609706	106555440	1	1	0
c4c97e2c-012d-4916-a258-5bb6972f8fb8	chr13	106556061	114342922	3	3	0
c4c97e2c-012d-4916-a258-5bb6972f8fb8	chr14	18239283	41046362	3	2	1
c4c97e2c-012d-4916-a258-5bb6972f8fb8	chr14	41046505	41066122	1	1	0
c4c97e2c-012d-4916-a258-5bb6972f8fb8	chr14	41068624	103973692	3	2	1
c4c97e2c-012d-4916-a258-5bb6972f8fb8	chr14	103981884	106877229	4	2	2
c4c97e2c-012d-4916-a258-5bb6972f8fb8	chr15	19811075	24281891	3	3	0
c4c97e2c-012d-4916-a258-5bb6972f8fb8	chr15	24282194	24611811	5	4	1
c4c97e2c-012d-4916-a258-5bb6972f8fb8	chr15	24612500	36481730	3	3	0
c4c97e2c-012d-4916-a258-5bb6972f8fb8	chr15	36483861	37118819	2	2	0
c4c97e2c-012d-4916-a258-5bb6972f8fb8	chr15	37121397	56931885	3	3	0
c4c97e2c-012d-4916-a258-5bb6972f8fb8	chr15	56934416	62973045	2	2	0
c4c97e2c-012d-4916-a258-5bb6972f8fb8	chr15	62973522	65375386	3	3	0
c4c97e2c-012d-4916-a258-5bb6972f8fb8	chr15	65375757	67157405	2	2	0
c4c97e2c-012d-4916-a258-5bb6972f8fb8	chr15	67158136	75226944	3	3	0
c4c97e2c-012d-4916-a258-5bb6972f8fb8	chr15	75227907	76459756	2	2	0
c4c97e2c-012d-4916-a258-5bb6972f8fb8	chr15	76461727	101928837	3	3	0
c4c97e2c-012d-4916-a258-5bb6972f8fb8	chr16	10777	16236633	3	2	1
c4c97e2c-012d-4916-a258-5bb6972f8fb8	chr16	16246583	16924017	4	2	2
c4c97e2c-012d-4916-a258-5bb6972f8fb8	chr16	16929364	17183573	3	2	1
c4c97e2c-012d-4916-a258-5bb6972f8fb8	chr16	17184337	21218918	4	2	2
c4c97e2c-012d-4916-a258-5bb6972f8fb8	chr16	21221683	21352084	3	2	1
c4c97e2c-012d-4916-a258-5bb6972f8fb8	chr16	21352501	21735181	4	2	2
c4c97e2c-012d-4916-a258-5bb6972f8fb8	chr16	21735632	22406996	3	2	1
c4c97e2c-012d-4916-a258-5bb6972f8fb8	chr16	22407380	36048855	4	2	2
c4c97e2c-012d-4916-a258-5bb6972f8fb8	chr16	46441986	90096867	3	2	1
c4c97e2c-012d-4916-a258-5bb6972f8fb8	chr17	150733	272714	3	3	0
c4c97e2c-012d-4916-a258-5bb6972f8fb8	chr17	275115	21620905	2	2	0
c4c97e2c-012d-4916-a258-5bb6972f8fb8	chr17	21624398	27069345	6	4	2
c4c97e2c-012d-4916-a258-5bb6972f8fb8	chr17	27070564	28470564	5	4	1
c4c97e2c-012d-4916-a258-5bb6972f8fb8	chr17	28479852	41287849	4	4	0
c4c97e2c-012d-4916-a258-5bb6972f8fb8	chr17	41288037	41305121	6	6	0
c4c97e2c-012d-4916-a258-5bb6972f8fb8	chr17	41307306	41322114	2	2	0
c4c97e2c-012d-4916-a258-5bb6972f8fb8	chr17	41322128	42378716	4	4	0
c4c97e2c-012d-4916-a258-5bb6972f8fb8	chr17	42379223	51598401	3	3	0
c4c97e2c-012d-4916-a258-5bb6972f8fb8	chr17	51598517	51875321	6	6	0
c4c97e2c-012d-4916-a258-5bb6972f8fb8	chr17	51875498	51899753	7	7	0
c4c97e2c-012d-4916-a258-5bb6972f8fb8	chr17	51902005	63610031	3	3	0
c4c97e2c-012d-4916-a258-5bb6972f8fb8	chr17	63610240	65565678	4	4	0
c4c97e2c-012d-4916-a258-5bb6972f8fb8	chr17	65567163	70735206	5	5	0
c4c97e2c-012d-4916-a258-5bb6972f8fb8	chr17	70739551	73046477	3	3	0
c4c97e2c-012d-4916-a258-5bb6972f8fb8	chr17	73048207	73065795	5	5	0
c4c97e2c-012d-4916-a258-5bb6972f8fb8	chr17	73068087	75565238	3	3	0
c4c97e2c-012d-4916-a258-5bb6972f8fb8	chr17	75571454	77219404	4	4	0
c4c97e2c-012d-4916-a258-5bb6972f8fb8	chr17	77221097	77839563	3	3	0
c4c97e2c-012d-4916-a258-5bb6972f8fb8	chr17	77839886	79538536	2	2	0
c4c97e2c-012d-4916-a258-5bb6972f8fb8	chr17	79542435	83091923	3	3	0
c4c97e2c-012d-4916-a258-5bb6972f8fb8	chr18	48133	2079320	4	2	2
c4c97e2c-012d-4916-a258-5bb6972f8fb8	chr18	2079539	12729157	3	2	1
c4c97e2c-012d-4916-a258-5bb6972f8fb8	chr18	12731149	13667137	5	3	2
c4c97e2c-012d-4916-a258-5bb6972f8fb8	chr18	13667708	21749948	4	2	2
c4c97e2c-012d-4916-a258-5bb6972f8fb8	chr18	21752713	26273768	3	2	1
c4c97e2c-012d-4916-a258-5bb6972f8fb8	chr18	26274728	26720058	4	2	2
c4c97e2c-012d-4916-a258-5bb6972f8fb8	chr18	26721877	29084574	3	2	1
c4c97e2c-012d-4916-a258-5bb6972f8fb8	chr18	29087544	67846729	2	2	0
c4c97e2c-012d-4916-a258-5bb6972f8fb8	chr18	67850184	68202198	1	1	0
c4c97e2c-012d-4916-a258-5bb6972f8fb8	chr18	68205558	80257174	2	2	0
c4c97e2c-012d-4916-a258-5bb6972f8fb8	chr19	90910	4306838	3	2	1
c4c97e2c-012d-4916-a258-5bb6972f8fb8	chr19	4308101	4412209	1	1	0
c4c97e2c-012d-4916-a258-5bb6972f8fb8	chr19	4414597	18671580	4	2	2
c4c97e2c-012d-4916-a258-5bb6972f8fb8	chr19	18674702	27803571	3	2	1
c4c97e2c-012d-4916-a258-5bb6972f8fb8	chr19	27805597	41717688	4	2	2
c4c97e2c-012d-4916-a258-5bb6972f8fb8	chr19	41721140	41737525	3	3	0
c4c97e2c-012d-4916-a258-5bb6972f8fb8	chr19	41737643	42445294	2	1	1
c4c97e2c-012d-4916-a258-5bb6972f8fb8	chr19	42446587	42540337	3	2	1
c4c97e2c-012d-4916-a258-5bb6972f8fb8	chr19	42542685	53216194	4	2	2
c4c97e2c-012d-4916-a258-5bb6972f8fb8	chr19	53217300	53399440	5	3	2
c4c97e2c-012d-4916-a258-5bb6972f8fb8	chr19	53400279	58586487	4	2	2
c4c97e2c-012d-4916-a258-5bb6972f8fb8	chr20	80664	5309729	4	2	2
c4c97e2c-012d-4916-a258-5bb6972f8fb8	chr20	5309856	7370830	6	4	2
c4c97e2c-012d-4916-a258-5bb6972f8fb8	chr20	7371461	30414321	4	2	2
c4c97e2c-012d-4916-a258-5bb6972f8fb8	chr20	30416535	31485183	3	2	1
c4c97e2c-012d-4916-a258-5bb6972f8fb8	chr20	31487247	37954595	4	2	2
c4c97e2c-012d-4916-a258-5bb6972f8fb8	chr20	37956700	38707898	5	3	2
c4c97e2c-012d-4916-a258-5bb6972f8fb8	chr20	38711002	48918867	4	2	2
c4c97e2c-012d-4916-a258-5bb6972f8fb8	chr20	48919660	64324800	3	2	1
c4c97e2c-012d-4916-a258-5bb6972f8fb8	chr21	12973348	14679465	6	4	2
c4c97e2c-012d-4916-a258-5bb6972f8fb8	chr21	14681358	15052546	3	3	0
c4c97e2c-012d-4916-a258-5bb6972f8fb8	chr21	15052813	22905766	6	4	2
c4c97e2c-012d-4916-a258-5bb6972f8fb8	chr21	22917746	23097137	4	3	1
c4c97e2c-012d-4916-a258-5bb6972f8fb8	chr21	23101481	32851575	6	4	2
c4c97e2c-012d-4916-a258-5bb6972f8fb8	chr21	32851687	34713636	5	3	2
c4c97e2c-012d-4916-a258-5bb6972f8fb8	chr21	34713804	40173779	6	4	2
c4c97e2c-012d-4916-a258-5bb6972f8fb8	chr21	40174126	40421901	4	2	2
c4c97e2c-012d-4916-a258-5bb6972f8fb8	chr21	40422067	45586399	5	3	2
c4c97e2c-012d-4916-a258-5bb6972f8fb8	chr21	45587036	45748389	4	2	2
c4c97e2c-012d-4916-a258-5bb6972f8fb8	chr21	45755238	46677045	5	3	2
c4c97e2c-012d-4916-a258-5bb6972f8fb8	chr22	16392123	22194291	3	2	1
c4c97e2c-012d-4916-a258-5bb6972f8fb8	chr22	22196582	22879096	1	1	0
c4c97e2c-012d-4916-a258-5bb6972f8fb8	chr22	22879678	50796027	3	2	1
c4c97e2c-012d-4916-a258-5bb6972f8fb8	chrX	251810	7636789	3	2	1
c4c97e2c-012d-4916-a258-5bb6972f8fb8	chrX	7639205	8033829	1	1	0
c4c97e2c-012d-4916-a258-5bb6972f8fb8	chrX	8035222	18329770	3	2	1
c4c97e2c-012d-4916-a258-5bb6972f8fb8	chrX	18330098	23217761	5	3	2
c4c97e2c-012d-4916-a258-5bb6972f8fb8	chrX	23218935	23227929	3	2	1
c4c97e2c-012d-4916-a258-5bb6972f8fb8	chrX	23227990	25674465	5	3	2
c4c97e2c-012d-4916-a258-5bb6972f8fb8	chrX	25674483	26381964	4	3	1
c4c97e2c-012d-4916-a258-5bb6972f8fb8	chrX	26382798	27223558	6	4	2
c4c97e2c-012d-4916-a258-5bb6972f8fb8	chrX	27224347	27568368	4	3	1
c4c97e2c-012d-4916-a258-5bb6972f8fb8	chrX	27570965	30509157	5	3	2
c4c97e2c-012d-4916-a258-5bb6972f8fb8	chrX	30509621	44306712	4	3	1
c4c97e2c-012d-4916-a258-5bb6972f8fb8	chrX	44319330	44789894	2	1	1
c4c97e2c-012d-4916-a258-5bb6972f8fb8	chrX	44795709	49606320	4	3	1
c4c97e2c-012d-4916-a258-5bb6972f8fb8	chrX	49606559	50664445	6	4	2
c4c97e2c-012d-4916-a258-5bb6972f8fb8	chrX	50665992	70286669	5	4	1
c4c97e2c-012d-4916-a258-5bb6972f8fb8	chrX	70287105	71575668	5	3	2
c4c97e2c-012d-4916-a258-5bb6972f8fb8	chrX	71596599	80673815	4	2	2
c4c97e2c-012d-4916-a258-5bb6972f8fb8	chrX	80674385	82758768	3	2	1
c4c97e2c-012d-4916-a258-5bb6972f8fb8	chrX	82760220	86205062	6	5	1
c4c97e2c-012d-4916-a258-5bb6972f8fb8	chrX	86212479	87262191	8	4	4
c4c97e2c-012d-4916-a258-5bb6972f8fb8	chrX	87264656	95141627	6	5	1
c4c97e2c-012d-4916-a258-5bb6972f8fb8	chrX	95141864	95158595	11	9	2
c4c97e2c-012d-4916-a258-5bb6972f8fb8	chrX	95159272	110154072	6	5	1
c4c97e2c-012d-4916-a258-5bb6972f8fb8	chrX	110154371	112092395	4	4	0
c4c97e2c-012d-4916-a258-5bb6972f8fb8	chrX	112099256	113813236	2	2	0
c4c97e2c-012d-4916-a258-5bb6972f8fb8	chrX	113813392	124449858	3	2	1
c4c97e2c-012d-4916-a258-5bb6972f8fb8	chrX	124449948	127324171	2	2	0
c4c97e2c-012d-4916-a258-5bb6972f8fb8	chrX	127324243	130147210	3	2	1
c4c97e2c-012d-4916-a258-5bb6972f8fb8	chrX	130156725	141742693	2	2	0
c4c97e2c-012d-4916-a258-5bb6972f8fb8	chrX	141747558	141974067	3	2	1
c4c97e2c-012d-4916-a258-5bb6972f8fb8	chrX	141974384	156004181	2	2	0
c4c97e2c-012d-4916-a258-5bb6972f8fb8	chrY	2782397	26653788	0	0	0
c4c97e2c-012d-4916-a258-5bb6972f8fb8	chrY	56872112	56872112	2	2	0
f1e1588f-ceb7-43dc-ad68-d92f0ee4e0ef	chr1	62920	184918311	3	3	0
f1e1588f-ceb7-43dc-ad68-d92f0ee4e0ef	chr1	184918820	184980187	4	4	0
f1e1588f-ceb7-43dc-ad68-d92f0ee4e0ef	chr1	184981092	248930189	3	3	0
f1e1588f-ceb7-43dc-ad68-d92f0ee4e0ef	chr2	12784	31023327	4	2	2
f1e1588f-ceb7-43dc-ad68-d92f0ee4e0ef	chr2	31023383	31027855	2	1	1
f1e1588f-ceb7-43dc-ad68-d92f0ee4e0ef	chr2	31029795	113638792	4	2	2
f1e1588f-ceb7-43dc-ad68-d92f0ee4e0ef	chr2	113646549	146104517	3	2	1
f1e1588f-ceb7-43dc-ad68-d92f0ee4e0ef	chr2	146106836	146109366	0	0	0
f1e1588f-ceb7-43dc-ad68-d92f0ee4e0ef	chr2	146120238	242147305	3	2	1
f1e1588f-ceb7-43dc-ad68-d92f0ee4e0ef	chr3	20930	3834337	5	3	2
f1e1588f-ceb7-43dc-ad68-d92f0ee4e0ef	chr3	3835002	3934733	4	2	2
f1e1588f-ceb7-43dc-ad68-d92f0ee4e0ef	chr3	3935472	119449943	5	3	2
f1e1588f-ceb7-43dc-ad68-d92f0ee4e0ef	chr3	119450795	119535538	8	5	3
f1e1588f-ceb7-43dc-ad68-d92f0ee4e0ef	chr3	119535790	141384382	5	3	2
f1e1588f-ceb7-43dc-ad68-d92f0ee4e0ef	chr3	141386728	198169247	6	3	3
f1e1588f-ceb7-43dc-ad68-d92f0ee4e0ef	chr4	68929	84244654	4	2	2
f1e1588f-ceb7-43dc-ad68-d92f0ee4e0ef	chr4	84247120	86708784	2	2	0
f1e1588f-ceb7-43dc-ad68-d92f0ee4e0ef	chr4	86710741	190106768	4	2	2
f1e1588f-ceb7-43dc-ad68-d92f0ee4e0ef	chr5	15532	181363319	4	2	2
f1e1588f-ceb7-43dc-ad68-d92f0ee4e0ef	chr6	149661	31416071	4	2	2
f1e1588f-ceb7-43dc-ad68-d92f0ee4e0ef	chr6	31418242	34945378	2	2	0
f1e1588f-ceb7-43dc-ad68-d92f0ee4e0ef	chr6	34951882	58408859	4	2	2
f1e1588f-ceb7-43dc-ad68-d92f0ee4e0ef	chr6	58409078	170741917	2	2	0
f1e1588f-ceb7-43dc-ad68-d92f0ee4e0ef	chr7	43259	16950509	4	4	0
f1e1588f-ceb7-43dc-ad68-d92f0ee4e0ef	chr7	16950959	17005264	3	3	0
f1e1588f-ceb7-43dc-ad68-d92f0ee4e0ef	chr7	17009186	17507928	0	0	0
f1e1588f-ceb7-43dc-ad68-d92f0ee4e0ef	chr7	17509385	97756658	4	4	0
f1e1588f-ceb7-43dc-ad68-d92f0ee4e0ef	chr7	97766148	97773163	0	0	0
f1e1588f-ceb7-43dc-ad68-d92f0ee4e0ef	chr7	97774928	124997052	4	4	0
f1e1588f-ceb7-43dc-ad68-d92f0ee4e0ef	chr7	124997463	126067631	5	5	0
f1e1588f-ceb7-43dc-ad68-d92f0ee4e0ef	chr7	126072683	159334314	4	4	0
f1e1588f-ceb7-43dc-ad68-d92f0ee4e0ef	chr8	81254	145072769	3	2	1
f1e1588f-ceb7-43dc-ad68-d92f0ee4e0ef	chr9	46587	3125664	4	4	0
f1e1588f-ceb7-43dc-ad68-d92f0ee4e0ef	chr9	3125843	3138642	2	2	0
f1e1588f-ceb7-43dc-ad68-d92f0ee4e0ef	chr9	3139301	21963431	4	4	0
f1e1588f-ceb7-43dc-ad68-d92f0ee4e0ef	chr9	21976871	22057231	0	0	0
f1e1588f-ceb7-43dc-ad68-d92f0ee4e0ef	chr9	22064466	83290105	4	4	0
f1e1588f-ceb7-43dc-ad68-d92f0ee4e0ef	chr9	83290145	83292601	1	1	0
f1e1588f-ceb7-43dc-ad68-d92f0ee4e0ef	chr9	83293307	118315750	4	4	0
f1e1588f-ceb7-43dc-ad68-d92f0ee4e0ef	chr9	118315950	119209758	6	6	0
f1e1588f-ceb7-43dc-ad68-d92f0ee4e0ef	chr9	119211564	138200944	4	4	0
f1e1588f-ceb7-43dc-ad68-d92f0ee4e0ef	chr10	45792	133654968	4	2	2
f1e1588f-ceb7-43dc-ad68-d92f0ee4e0ef	chr11	198510	135074876	5	3	2
f1e1588f-ceb7-43dc-ad68-d92f0ee4e0ef	chr12	51460	8885989	3	2	1
f1e1588f-ceb7-43dc-ad68-d92f0ee4e0ef	chr12	8889747	8967302	5	3	2
f1e1588f-ceb7-43dc-ad68-d92f0ee4e0ef	chr12	8968307	21752939	3	2	1
f1e1588f-ceb7-43dc-ad68-d92f0ee4e0ef	chr12	21753234	32918670	4	2	2
f1e1588f-ceb7-43dc-ad68-d92f0ee4e0ef	chr12	32919584	38514452	4	3	1
f1e1588f-ceb7-43dc-ad68-d92f0ee4e0ef	chr12	38515281	40655581	4	2	2
f1e1588f-ceb7-43dc-ad68-d92f0ee4e0ef	chr12	40655620	71624248	6	4	2
f1e1588f-ceb7-43dc-ad68-d92f0ee4e0ef	chr12	71625088	80996488	6	3	3
f1e1588f-ceb7-43dc-ad68-d92f0ee4e0ef	chr12	80996749	83130986	6	4	2
f1e1588f-ceb7-43dc-ad68-d92f0ee4e0ef	chr12	83131386	126670855	5	3	2
f1e1588f-ceb7-43dc-ad68-d92f0ee4e0ef	chr12	126673131	133201603	6	4	2
f1e1588f-ceb7-43dc-ad68-d92f0ee4e0ef	chr13	18452809	100788248	4	2	2
f1e1588f-ceb7-43dc-ad68-d92f0ee4e0ef	chr13	100790273	100920644	5	3	2
f1e1588f-ceb7-43dc-ad68-d92f0ee4e0ef	chr13	100921147	114342922	4	2	2
f1e1588f-ceb7-43dc-ad68-d92f0ee4e0ef	chr14	18239283	41320267	4	2	2
f1e1588f-ceb7-43dc-ad68-d92f0ee4e0ef	chr14	41321114	45143562	5	3	2
f1e1588f-ceb7-43dc-ad68-d92f0ee4e0ef	chr14	45144667	82008094	6	4	2
f1e1588f-ceb7-43dc-ad68-d92f0ee4e0ef	chr14	82008805	95976072	4	2	2
f1e1588f-ceb7-43dc-ad68-d92f0ee4e0ef	chr14	95976823	96023845	3	2	1
f1e1588f-ceb7-43dc-ad68-d92f0ee4e0ef	chr14	96023887	106877229	4	2	2
f1e1588f-ceb7-43dc-ad68-d92f0ee4e0ef	chr15	19811075	23488326	6	4	2
f1e1588f-ceb7-43dc-ad68-d92f0ee4e0ef	chr15	23488397	45943616	4	2	2
f1e1588f-ceb7-43dc-ad68-d92f0ee4e0ef	chr15	45943633	45950067	1	1	0
f1e1588f-ceb7-43dc-ad68-d92f0ee4e0ef	chr15	45950082	101928837	4	2	2
f1e1588f-ceb7-43dc-ad68-d92f0ee4e0ef	chr16	10777	10474734	5	3	2
f1e1588f-ceb7-43dc-ad68-d92f0ee4e0ef	chr16	10476948	11614765	6	3	3
f1e1588f-ceb7-43dc-ad68-d92f0ee4e0ef	chr16	11614881	28103376	5	3	2
f1e1588f-ceb7-43dc-ad68-d92f0ee4e0ef	chr16	28104070	28146035	7	5	2
f1e1588f-ceb7-43dc-ad68-d92f0ee4e0ef	chr16	28150833	53828808	5	3	2
f1e1588f-ceb7-43dc-ad68-d92f0ee4e0ef	chr16	53829530	53985774	7	4	3
f1e1588f-ceb7-43dc-ad68-d92f0ee4e0ef	chr16	53986112	90096867	5	3	2
f1e1588f-ceb7-43dc-ad68-d92f0ee4e0ef	chr17	150733	8785947	2	1	1
f1e1588f-ceb7-43dc-ad68-d92f0ee4e0ef	chr17	8786047	9307559	4	3	1
f1e1588f-ceb7-43dc-ad68-d92f0ee4e0ef	chr17	9312504	20961795	2	1	1
f1e1588f-ceb7-43dc-ad68-d92f0ee4e0ef	chr17	20964631	41265433	4	3	1
f1e1588f-ceb7-43dc-ad68-d92f0ee4e0ef	chr17	41265456	41274279	0	0	0
f1e1588f-ceb7-43dc-ad68-d92f0ee4e0ef	chr17	41276472	83091923	4	3	1
f1e1588f-ceb7-43dc-ad68-d92f0ee4e0ef	chr18	48133	80257174	4	2	2
f1e1588f-ceb7-43dc-ad68-d92f0ee4e0ef	chr19	90910	24282155	3	3	0
f1e1588f-ceb7-43dc-ad68-d92f0ee4e0ef	chr19	24304880	43190009	4	4	0
f1e1588f-ceb7-43dc-ad68-d92f0ee4e0ef	chr19	43190048	43290001	1	1	0
f1e1588f-ceb7-43dc-ad68-d92f0ee4e0ef	chr19	43300610	58586487	4	4	0
f1e1588f-ceb7-43dc-ad68-d92f0ee4e0ef	chr20	80664	64324800	4	2	2
f1e1588f-ceb7-43dc-ad68-d92f0ee4e0ef	chr21	12973348	46677045	4	2	2
f1e1588f-ceb7-43dc-ad68-d92f0ee4e0ef	chr22	16392123	48622421	4	2	2
f1e1588f-ceb7-43dc-ad68-d92f0ee4e0ef	chr22	48624198	48649851	9	5	4
f1e1588f-ceb7-43dc-ad68-d92f0ee4e0ef	chr22	48649916	50796027	4	2	2
f1e1588f-ceb7-43dc-ad68-d92f0ee4e0ef	chrX	251810	336286	1	1	0
f1e1588f-ceb7-43dc-ad68-d92f0ee4e0ef	chrX	348699	490407	2	2	0
f1e1588f-ceb7-43dc-ad68-d92f0ee4e0ef	chrX	507629	683127	3	3	0
f1e1588f-ceb7-43dc-ad68-d92f0ee4e0ef	chrX	683150	1478856	2	2	0
f1e1588f-ceb7-43dc-ad68-d92f0ee4e0ef	chrX	1479705	1584673	3	3	0
f1e1588f-ceb7-43dc-ad68-d92f0ee4e0ef	chrX	1629688	2450101	2	2	0
f1e1588f-ceb7-43dc-ad68-d92f0ee4e0ef	chrX	2452743	2775134	3	3	0
f1e1588f-ceb7-43dc-ad68-d92f0ee4e0ef	chrX	2775583	19867752	1	1	0
f1e1588f-ceb7-43dc-ad68-d92f0ee4e0ef	chrX	19869633	63250575	3	3	0
f1e1588f-ceb7-43dc-ad68-d92f0ee4e0ef	chrX	63250976	123969125	1	1	0
f1e1588f-ceb7-43dc-ad68-d92f0ee4e0ef	chrX	123969138	156004181	3	3	0
f1e1588f-ceb7-43dc-ad68-d92f0ee4e0ef	chrY	2782397	26653788	1	1	0
f1e1588f-ceb7-43dc-ad68-d92f0ee4e0ef	chrY	56872112	56872112	3	3	0
a99749f9-301f-4e2c-9387-c37e98830e04	chr1	61735	42323584	4	4	0
a99749f9-301f-4e2c-9387-c37e98830e04	chr1	42324660	248930189	4	2	2
a99749f9-301f-4e2c-9387-c37e98830e04	chr2	12784	114192896	4	2	2
a99749f9-301f-4e2c-9387-c37e98830e04	chr2	114194240	116834411	5	3	2
a99749f9-301f-4e2c-9387-c37e98830e04	chr2	116834534	242147305	4	2	2
a99749f9-301f-4e2c-9387-c37e98830e04	chr3	18667	187273023	4	2	2
a99749f9-301f-4e2c-9387-c37e98830e04	chr3	187274284	192649923	5	3	2
a99749f9-301f-4e2c-9387-c37e98830e04	chr3	192650009	198169247	4	2	2
a99749f9-301f-4e2c-9387-c37e98830e04	chr4	12281	190106768	4	2	2
a99749f9-301f-4e2c-9387-c37e98830e04	chr5	15532	161048862	4	2	2
a99749f9-301f-4e2c-9387-c37e98830e04	chr5	161050526	163123997	5	3	2
a99749f9-301f-4e2c-9387-c37e98830e04	chr5	163124115	181363319	4	2	2
a99749f9-301f-4e2c-9387-c37e98830e04	chr6	149661	60354473	4	2	2
a99749f9-301f-4e2c-9387-c37e98830e04	chr6	60355929	170741917	2	2	0
a99749f9-301f-4e2c-9387-c37e98830e04	chr7	43259	159334314	4	2	2
a99749f9-301f-4e2c-9387-c37e98830e04	chr8	81254	2529767	4	2	2
a99749f9-301f-4e2c-9387-c37e98830e04	chr8	2530849	5952456	5	3	2
a99749f9-301f-4e2c-9387-c37e98830e04	chr8	5952891	117150910	4	2	2
a99749f9-301f-4e2c-9387-c37e98830e04	chr8	117151133	145072769	5	3	2
a99749f9-301f-4e2c-9387-c37e98830e04	chr9	46587	21855688	4	2	2
a99749f9-301f-4e2c-9387-c37e98830e04	chr9	21860429	22125504	1	1	0
a99749f9-301f-4e2c-9387-c37e98830e04	chr9	22128710	138200944	4	2	2
a99749f9-301f-4e2c-9387-c37e98830e04	chr10	26823	133769379	4	2	2
a99749f9-301f-4e2c-9387-c37e98830e04	chr11	198572	135074876	4	2	2
a99749f9-301f-4e2c-9387-c37e98830e04	chr12	51460	133201603	4	2	2
a99749f9-301f-4e2c-9387-c37e98830e04	chr13	18452809	107542748	4	2	2
a99749f9-301f-4e2c-9387-c37e98830e04	chr13	107544014	114342922	3	2	1
a99749f9-301f-4e2c-9387-c37e98830e04	chr14	18225647	106877229	4	2	2
a99749f9-301f-4e2c-9387-c37e98830e04	chr15	19811075	101928837	4	2	2
a99749f9-301f-4e2c-9387-c37e98830e04	chr16	10777	90221127	4	2	2
a99749f9-301f-4e2c-9387-c37e98830e04	chr17	150733	83090856	4	2	2
a99749f9-301f-4e2c-9387-c37e98830e04	chr18	48133	80257174	4	2	2
a99749f9-301f-4e2c-9387-c37e98830e04	chr19	90910	58586487	4	2	2
a99749f9-301f-4e2c-9387-c37e98830e04	chr20	80664	64324800	4	2	2
a99749f9-301f-4e2c-9387-c37e98830e04	chr21	10336543	46677045	4	2	2
a99749f9-301f-4e2c-9387-c37e98830e04	chr22	15294545	50796027	4	2	2
a99749f9-301f-4e2c-9387-c37e98830e04	chrX	251810	2785914	4	2	2
a99749f9-301f-4e2c-9387-c37e98830e04	chrX	2788903	155556117	2	2	0
a99749f9-301f-4e2c-9387-c37e98830e04	chrX	155557895	156004181	3	2	1
758d194c-244a-41b7-9e09-1bea5017cefd	chr1	62920	82999693	2	1	1
758d194c-244a-41b7-9e09-1bea5017cefd	chr1	83000142	83045810	0	0	0
758d194c-244a-41b7-9e09-1bea5017cefd	chr1	83046656	168268938	2	1	1
758d194c-244a-41b7-9e09-1bea5017cefd	chr1	168269281	168293672	8	4	4
758d194c-244a-41b7-9e09-1bea5017cefd	chr1	168294920	196745743	2	1	1
758d194c-244a-41b7-9e09-1bea5017cefd	chr1	196758720	196832525	0	0	0
758d194c-244a-41b7-9e09-1bea5017cefd	chr1	196832720	248930189	2	1	1
758d194c-244a-41b7-9e09-1bea5017cefd	chr2	12784	120128210	2	1	1
758d194c-244a-41b7-9e09-1bea5017cefd	chr2	120129121	120230738	0	0	0
758d194c-244a-41b7-9e09-1bea5017cefd	chr2	120234464	134415999	2	1	1
758d194c-244a-41b7-9e09-1bea5017cefd	chr2	134419526	149063499	0	0	0
758d194c-244a-41b7-9e09-1bea5017cefd	chr2	149063722	171513699	1	1	0
758d194c-244a-41b7-9e09-1bea5017cefd	chr2	171517747	242147305	2	1	1
758d194c-244a-41b7-9e09-1bea5017cefd	chr3	20930	1331062	2	1	1
758d194c-244a-41b7-9e09-1bea5017cefd	chr3	1331237	1616807	3	2	1
758d194c-244a-41b7-9e09-1bea5017cefd	chr3	1616839	16222107	2	1	1
758d194c-244a-41b7-9e09-1bea5017cefd	chr3	16222365	16260057	0	0	0
758d194c-244a-41b7-9e09-1bea5017cefd	chr3	16260284	16700604	1	1	0
758d194c-244a-41b7-9e09-1bea5017cefd	chr3	16700662	116754297	2	1	1
758d194c-244a-41b7-9e09-1bea5017cefd	chr3	116754356	116756563	0	0	0
758d194c-244a-41b7-9e09-1bea5017cefd	chr3	116756649	146538495	2	1	1
758d194c-244a-41b7-9e09-1bea5017cefd	chr3	146538692	146543309	0	0	0
758d194c-244a-41b7-9e09-1bea5017cefd	chr3	146543340	198169247	2	1	1
758d194c-244a-41b7-9e09-1bea5017cefd	chr4	68929	11835889	2	1	1
758d194c-244a-41b7-9e09-1bea5017cefd	chr4	11835926	11840509	0	0	0
758d194c-244a-41b7-9e09-1bea5017cefd	chr4	11844111	46100556	2	1	1
758d194c-244a-41b7-9e09-1bea5017cefd	chr4	46100866	53751749	2	2	0
758d194c-244a-41b7-9e09-1bea5017cefd	chr4	53757549	112979915	2	1	1
758d194c-244a-41b7-9e09-1bea5017cefd	chr4	112988203	113012394	0	0	0
758d194c-244a-41b7-9e09-1bea5017cefd	chr4	113012412	190106768	2	1	1
758d194c-244a-41b7-9e09-1bea5017cefd	chr5	15532	23720818	2	1	1
758d194c-244a-41b7-9e09-1bea5017cefd	chr5	23724183	23729366	0	0	0
758d194c-244a-41b7-9e09-1bea5017cefd	chr5	23730769	77918447	2	1	1
758d194c-244a-41b7-9e09-1bea5017cefd	chr5	77920413	79431002	1	1	0
758d194c-244a-41b7-9e09-1bea5017cefd	chr5	79432202	181363319	2	1	1
758d194c-244a-41b7-9e09-1bea5017cefd	chr6	149661	3894699	2	1	1
758d194c-244a-41b7-9e09-1bea5017cefd	chr6	3895616	3904347	0	0	0
758d194c-244a-41b7-9e09-1bea5017cefd	chr6	3906680	24170787	2	1	1
758d194c-244a-41b7-9e09-1bea5017cefd	chr6	24171054	25112517	1	1	0
758d194c-244a-41b7-9e09-1bea5017cefd	chr6	25114581	170741917	2	1	1
758d194c-244a-41b7-9e09-1bea5017cefd	chr7	43259	100184	3	2	1
758d194c-244a-41b7-9e09-1bea5017cefd	chr7	100915	103772503	2	1	1
758d194c-244a-41b7-9e09-1bea5017cefd	chr7	103775848	103880090	1	1	0
758d194c-244a-41b7-9e09-1bea5017cefd	chr7	103880436	159334314	2	1	1
758d194c-244a-41b7-9e09-1bea5017cefd	chr8	81254	145072769	2	1	1
758d194c-244a-41b7-9e09-1bea5017cefd	chr9	46587	41741113	2	1	1
758d194c-244a-41b7-9e09-1bea5017cefd	chr9	60863881	138200944	2	2	0
758d194c-244a-41b7-9e09-1bea5017cefd	chr10	45792	118753327	2	1	1
758d194c-244a-41b7-9e09-1bea5017cefd	chr10	118756380	118904399	1	1	0
758d194c-244a-41b7-9e09-1bea5017cefd	chr10	118905948	133654968	2	1	1
758d194c-244a-41b7-9e09-1bea5017cefd	chr11	198510	24312488	2	1	1
758d194c-244a-41b7-9e09-1bea5017cefd	chr11	24314375	24490410	2	2	0
758d194c-244a-41b7-9e09-1bea5017cefd	chr11	24490842	80428997	2	1	1
758d194c-244a-41b7-9e09-1bea5017cefd	chr11	80429025	126108968	1	1	0
758d194c-244a-41b7-9e09-1bea5017cefd	chr11	126109862	135074876	2	1	1
758d194c-244a-41b7-9e09-1bea5017cefd	chr12	51460	22385359	2	1	1
758d194c-244a-41b7-9e09-1bea5017cefd	chr12	22385956	22639759	5	4	1
758d194c-244a-41b7-9e09-1bea5017cefd	chr12	22642997	22714685	2	1	1
758d194c-244a-41b7-9e09-1bea5017cefd	chr12	22715231	22720487	7	4	3
758d194c-244a-41b7-9e09-1bea5017cefd	chr12	22720500	126056775	2	1	1
758d194c-244a-41b7-9e09-1bea5017cefd	chr12	126058999	126065621	0	0	0
758d194c-244a-41b7-9e09-1bea5017cefd	chr12	126065812	133201603	2	1	1
758d194c-244a-41b7-9e09-1bea5017cefd	chr13	18452809	32962061	2	1	1
758d194c-244a-41b7-9e09-1bea5017cefd	chr13	32962269	33094100	1	1	0
758d194c-244a-41b7-9e09-1bea5017cefd	chr13	33103834	114342922	2	1	1
758d194c-244a-41b7-9e09-1bea5017cefd	chr14	18239283	21460194	2	1	1
758d194c-244a-41b7-9e09-1bea5017cefd	chr14	21460224	22144334	1	1	0
758d194c-244a-41b7-9e09-1bea5017cefd	chr14	22145507	22568496	0	0	0
758d194c-244a-41b7-9e09-1bea5017cefd	chr14	22573409	99556011	2	1	1
758d194c-244a-41b7-9e09-1bea5017cefd	chr14	99556069	99564198	0	0	0
758d194c-244a-41b7-9e09-1bea5017cefd	chr14	99564675	106345431	2	1	1
758d194c-244a-41b7-9e09-1bea5017cefd	chr14	106345838	106770215	0	0	0
758d194c-244a-41b7-9e09-1bea5017cefd	chr14	106770330	106877229	1	1	0
758d194c-244a-41b7-9e09-1bea5017cefd	chr15	19811075	101928837	2	1	1
758d194c-244a-41b7-9e09-1bea5017cefd	chr16	10777	76184286	2	1	1
758d194c-244a-41b7-9e09-1bea5017cefd	chr16	76188538	76201965	0	0	0
758d194c-244a-41b7-9e09-1bea5017cefd	chr16	76202164	90096867	2	1	1
758d194c-244a-41b7-9e09-1bea5017cefd	chr17	150733	34388105	2	1	1
758d194c-244a-41b7-9e09-1bea5017cefd	chr17	34388129	34397322	0	0	0
758d194c-244a-41b7-9e09-1bea5017cefd	chr17	34398167	36089191	2	1	1
758d194c-244a-41b7-9e09-1bea5017cefd	chr17	36093513	36467455	6	3	3
758d194c-244a-41b7-9e09-1bea5017cefd	chr17	36467470	83091923	2	1	1
758d194c-244a-41b7-9e09-1bea5017cefd	chr18	48133	4971660	2	1	1
758d194c-244a-41b7-9e09-1bea5017cefd	chr18	4973590	4985483	0	0	0
758d194c-244a-41b7-9e09-1bea5017cefd	chr18	4987699	32719866	2	1	1
758d194c-244a-41b7-9e09-1bea5017cefd	chr18	32720075	32721153	0	0	0
758d194c-244a-41b7-9e09-1bea5017cefd	chr18	32721182	50174926	2	1	1
758d194c-244a-41b7-9e09-1bea5017cefd	chr18	50174998	50210745	0	0	0
758d194c-244a-41b7-9e09-1bea5017cefd	chr18	50212309	80257174	2	1	1
758d194c-244a-41b7-9e09-1bea5017cefd	chr19	90910	2619145	1	1	0
758d194c-244a-41b7-9e09-1bea5017cefd	chr19	2621195	15670227	2	1	1
758d194c-244a-41b7-9e09-1bea5017cefd	chr19	15670436	15688761	8	5	3
758d194c-244a-41b7-9e09-1bea5017cefd	chr19	15689343	58586487	2	1	1
758d194c-244a-41b7-9e09-1bea5017cefd	chr20	80664	64324800	2	1	1
758d194c-244a-41b7-9e09-1bea5017cefd	chr21	12973348	32537678	2	1	1
758d194c-244a-41b7-9e09-1bea5017cefd	chr21	32537812	32555666	0	0	0
758d194c-244a-41b7-9e09-1bea5017cefd	chr21	32556264	46677045	2	1	1
758d194c-244a-41b7-9e09-1bea5017cefd	chr22	16392123	16819430	3	2	1
758d194c-244a-41b7-9e09-1bea5017cefd	chr22	16824724	50796027	2	1	1
758d194c-244a-41b7-9e09-1bea5017cefd	chrX	251810	48027540	2	1	1
758d194c-244a-41b7-9e09-1bea5017cefd	chrX	48027602	48103079	7	5	2
758d194c-244a-41b7-9e09-1bea5017cefd	chrX	48103217	81424418	2	1	1
758d194c-244a-41b7-9e09-1bea5017cefd	chrX	81427574	81465954	6	3	3
758d194c-244a-41b7-9e09-1bea5017cefd	chrX	81468211	90436695	2	1	1
758d194c-244a-41b7-9e09-1bea5017cefd	chrX	90438825	156004181	2	2	0
758d194c-244a-41b7-9e09-1bea5017cefd	chrY	2782397	56872112	0	0	0
c6826336-3320-4342-a326-658471b73674	chr1	61735	27576831	2	2	0
c6826336-3320-4342-a326-658471b73674	chr1	27579514	248930189	2	1	1
c6826336-3320-4342-a326-658471b73674	chr2	12784	242147305	2	1	1
c6826336-3320-4342-a326-658471b73674	chr3	18667	157596419	2	1	1
c6826336-3320-4342-a326-658471b73674	chr3	157597124	198169247	3	2	1
c6826336-3320-4342-a326-658471b73674	chr4	12281	101185941	2	1	1
c6826336-3320-4342-a326-658471b73674	chr4	101189798	101270368	1	1	0
c6826336-3320-4342-a326-658471b73674	chr4	101270430	190106768	2	1	1
c6826336-3320-4342-a326-658471b73674	chr5	15532	181363319	2	1	1
c6826336-3320-4342-a326-658471b73674	chr6	149661	51396608	2	2	0
c6826336-3320-4342-a326-658471b73674	chr6	51407965	170741917	2	1	1
c6826336-3320-4342-a326-658471b73674	chr7	43259	159334314	3	2	1
c6826336-3320-4342-a326-658471b73674	chr8	81254	6433673	2	1	1
c6826336-3320-4342-a326-658471b73674	chr8	6437551	6659340	1	1	0
c6826336-3320-4342-a326-658471b73674	chr8	6663107	145072769	2	1	1
c6826336-3320-4342-a326-658471b73674	chr9	46587	138200944	2	1	1
c6826336-3320-4342-a326-658471b73674	chr10	26823	42355411	3	2	1
c6826336-3320-4342-a326-658471b73674	chr10	42357603	57520058	2	1	1
c6826336-3320-4342-a326-658471b73674	chr10	57520973	63253307	3	2	1
c6826336-3320-4342-a326-658471b73674	chr10	63256099	87842502	2	1	1
c6826336-3320-4342-a326-658471b73674	chr10	87843240	133769379	1	1	0
c6826336-3320-4342-a326-658471b73674	chr11	198572	135074876	2	1	1
c6826336-3320-4342-a326-658471b73674	chr12	51460	34701563	1	1	0
c6826336-3320-4342-a326-658471b73674	chr12	37463949	133201603	2	1	1
c6826336-3320-4342-a326-658471b73674	chr13	18452809	75736323	1	1	0
c6826336-3320-4342-a326-658471b73674	chr13	75736843	75804323	0	0	0
c6826336-3320-4342-a326-658471b73674	chr13	75805161	114342922	1	1	0
c6826336-3320-4342-a326-658471b73674	chr14	18225647	58014725	2	1	1
c6826336-3320-4342-a326-658471b73674	chr14	58015074	59354741	1	1	0
c6826336-3320-4342-a326-658471b73674	chr14	59360588	106877229	2	1	1
c6826336-3320-4342-a326-658471b73674	chr15	19811075	101928837	1	1	0
c6826336-3320-4342-a326-658471b73674	chr16	10777	34209701	3	2	1
c6826336-3320-4342-a326-658471b73674	chr16	34962980	90221127	1	1	0
c6826336-3320-4342-a326-658471b73674	chr17	150733	8058842	1	1	0
c6826336-3320-4342-a326-658471b73674	chr17	8058868	8617501	2	1	1
c6826336-3320-4342-a326-658471b73674	chr17	8617849	22728514	1	1	0
c6826336-3320-4342-a326-658471b73674	chr17	22736323	83090856	2	1	1
c6826336-3320-4342-a326-658471b73674	chr18	48133	80257174	2	1	1
c6826336-3320-4342-a326-658471b73674	chr19	90910	2006286	2	1	1
c6826336-3320-4342-a326-658471b73674	chr19	2021910	10371675	1	1	0
c6826336-3320-4342-a326-658471b73674	chr19	10373876	43525592	2	1	1
c6826336-3320-4342-a326-658471b73674	chr19	43526846	58586487	1	1	0
c6826336-3320-4342-a326-658471b73674	chr20	80664	64324800	2	1	1
c6826336-3320-4342-a326-658471b73674	chr21	10336543	46677045	2	1	1
c6826336-3320-4342-a326-658471b73674	chr22	15294545	50796027	2	1	1
c6826336-3320-4342-a326-658471b73674	chrX	251810	156004181	2	1	1
ea3db49a-7294-4964-8bb5-96500ea47958	chr1	61735	149034897	3	2	1
ea3db49a-7294-4964-8bb5-96500ea47958	chr1	149034902	157637997	5	3	2
ea3db49a-7294-4964-8bb5-96500ea47958	chr1	157639775	169124236	6	3	3
ea3db49a-7294-4964-8bb5-96500ea47958	chr1	169124319	171232770	4	2	2
ea3db49a-7294-4964-8bb5-96500ea47958	chr1	171233025	200723410	6	3	3
ea3db49a-7294-4964-8bb5-96500ea47958	chr1	200726019	237158988	5	3	2
ea3db49a-7294-4964-8bb5-96500ea47958	chr1	237161500	248930189	6	3	3
ea3db49a-7294-4964-8bb5-96500ea47958	chr2	12784	51777028	4	2	2
ea3db49a-7294-4964-8bb5-96500ea47958	chr2	51777232	64218685	7	5	2
ea3db49a-7294-4964-8bb5-96500ea47958	chr2	64225341	81355502	4	4	0
ea3db49a-7294-4964-8bb5-96500ea47958	chr2	81356433	103686032	3	3	0
ea3db49a-7294-4964-8bb5-96500ea47958	chr2	103688945	166710919	2	2	0
ea3db49a-7294-4964-8bb5-96500ea47958	chr2	166720850	184034780	3	3	0
ea3db49a-7294-4964-8bb5-96500ea47958	chr2	184036665	242147305	4	4	0
ea3db49a-7294-4964-8bb5-96500ea47958	chr3	18667	187736191	3	2	1
ea3db49a-7294-4964-8bb5-96500ea47958	chr3	187753578	189437450	10	8	2
ea3db49a-7294-4964-8bb5-96500ea47958	chr3	189437619	191334745	4	2	2
ea3db49a-7294-4964-8bb5-96500ea47958	chr3	191334937	192414348	10	8	2
ea3db49a-7294-4964-8bb5-96500ea47958	chr3	192415914	194456702	4	2	2
ea3db49a-7294-4964-8bb5-96500ea47958	chr3	194466339	198169247	9	7	2
ea3db49a-7294-4964-8bb5-96500ea47958	chr4	12281	161512020	3	2	1
ea3db49a-7294-4964-8bb5-96500ea47958	chr4	161512159	161882866	2	1	1
ea3db49a-7294-4964-8bb5-96500ea47958	chr4	161886964	190106768	3	2	1
ea3db49a-7294-4964-8bb5-96500ea47958	chr5	15532	103802530	4	2	2
ea3db49a-7294-4964-8bb5-96500ea47958	chr5	103803893	108618734	5	3	2
ea3db49a-7294-4964-8bb5-96500ea47958	chr5	108618771	181363319	4	2	2
ea3db49a-7294-4964-8bb5-96500ea47958	chr6	149661	60351931	7	6	1
ea3db49a-7294-4964-8bb5-96500ea47958	chr6	60352984	60570243	3	2	1
ea3db49a-7294-4964-8bb5-96500ea47958	chr6	60571733	170741917	2	1	1
ea3db49a-7294-4964-8bb5-96500ea47958	chr7	43259	64058615	6	5	1
ea3db49a-7294-4964-8bb5-96500ea47958	chr7	64058927	65018396	9	8	1
ea3db49a-7294-4964-8bb5-96500ea47958	chr7	65025285	67865851	6	5	1
ea3db49a-7294-4964-8bb5-96500ea47958	chr7	67866720	68350882	8	7	1
ea3db49a-7294-4964-8bb5-96500ea47958	chr7	68353550	68719415	6	5	1
ea3db49a-7294-4964-8bb5-96500ea47958	chr7	68719447	76894868	8	7	1
ea3db49a-7294-4964-8bb5-96500ea47958	chr7	76894960	110431457	9	8	1
ea3db49a-7294-4964-8bb5-96500ea47958	chr7	110432006	110501379	5	4	1
ea3db49a-7294-4964-8bb5-96500ea47958	chr7	110502194	159334314	3	2	1
ea3db49a-7294-4964-8bb5-96500ea47958	chr8	81254	2709647	8	7	1
ea3db49a-7294-4964-8bb5-96500ea47958	chr8	2710293	5963445	3	2	1
ea3db49a-7294-4964-8bb5-96500ea47958	chr8	5963787	8145523	8	7	1
ea3db49a-7294-4964-8bb5-96500ea47958	chr8	8145694	9129966	3	2	1
ea3db49a-7294-4964-8bb5-96500ea47958	chr8	9133067	12376891	8	7	1
ea3db49a-7294-4964-8bb5-96500ea47958	chr8	12382326	19083112	3	2	1
ea3db49a-7294-4964-8bb5-96500ea47958	chr8	19083425	19732682	8	7	1
ea3db49a-7294-4964-8bb5-96500ea47958	chr8	19733289	19737008	8	5	3
ea3db49a-7294-4964-8bb5-96500ea47958	chr8	19743480	32335160	3	2	1
ea3db49a-7294-4964-8bb5-96500ea47958	chr8	32337718	36598811	9	8	1
ea3db49a-7294-4964-8bb5-96500ea47958	chr8	36602856	41799771	3	2	1
ea3db49a-7294-4964-8bb5-96500ea47958	chr8	41801804	43124847	8	7	1
ea3db49a-7294-4964-8bb5-96500ea47958	chr8	43128022	43565674	3	3	0
ea3db49a-7294-4964-8bb5-96500ea47958	chr8	43565689	47607832	8	7	1
ea3db49a-7294-4964-8bb5-96500ea47958	chr8	47613619	49177601	3	2	1
ea3db49a-7294-4964-8bb5-96500ea47958	chr8	49178430	50000732	9	8	1
ea3db49a-7294-4964-8bb5-96500ea47958	chr8	50003965	50489207	3	2	1
ea3db49a-7294-4964-8bb5-96500ea47958	chr8	50492002	52921011	9	8	1
ea3db49a-7294-4964-8bb5-96500ea47958	chr8	52925511	53136139	3	2	1
ea3db49a-7294-4964-8bb5-96500ea47958	chr8	53138516	53394266	9	8	1
ea3db49a-7294-4964-8bb5-96500ea47958	chr8	53394636	55216357	3	2	1
ea3db49a-7294-4964-8bb5-96500ea47958	chr8	55217420	55494718	8	7	1
ea3db49a-7294-4964-8bb5-96500ea47958	chr8	55498595	55531004	3	2	1
ea3db49a-7294-4964-8bb5-96500ea47958	chr8	55534799	58390432	8	7	1
ea3db49a-7294-4964-8bb5-96500ea47958	chr8	58390600	66989095	3	2	1
ea3db49a-7294-4964-8bb5-96500ea47958	chr8	66989248	70482641	9	8	1
ea3db49a-7294-4964-8bb5-96500ea47958	chr8	70483562	77450989	3	2	1
ea3db49a-7294-4964-8bb5-96500ea47958	chr8	77451894	82560701	9	8	1
ea3db49a-7294-4964-8bb5-96500ea47958	chr8	82566360	83708898	3	2	1
ea3db49a-7294-4964-8bb5-96500ea47958	chr8	83713011	84970924	9	8	1
ea3db49a-7294-4964-8bb5-96500ea47958	chr8	84979144	87683192	3	2	1
ea3db49a-7294-4964-8bb5-96500ea47958	chr8	87684611	88084924	9	8	1
ea3db49a-7294-4964-8bb5-96500ea47958	chr8	88087415	90171183	3	2	1
ea3db49a-7294-4964-8bb5-96500ea47958	chr8	90171203	90672548	9	8	1
ea3db49a-7294-4964-8bb5-96500ea47958	chr8	90673411	96989773	3	2	1
ea3db49a-7294-4964-8bb5-96500ea47958	chr8	97003577	100677962	8	7	1
ea3db49a-7294-4964-8bb5-96500ea47958	chr8	100678754	102618912	3	2	1
ea3db49a-7294-4964-8bb5-96500ea47958	chr8	102621534	105732259	8	7	1
ea3db49a-7294-4964-8bb5-96500ea47958	chr8	105738447	107235123	3	2	1
ea3db49a-7294-4964-8bb5-96500ea47958	chr8	107235635	110676152	9	8	1
ea3db49a-7294-4964-8bb5-96500ea47958	chr8	110680122	120499207	12	8	4
ea3db49a-7294-4964-8bb5-96500ea47958	chr8	120499500	125165927	6	3	3
ea3db49a-7294-4964-8bb5-96500ea47958	chr8	125167153	128033938	10	8	2
ea3db49a-7294-4964-8bb5-96500ea47958	chr8	128033962	128045278	8	4	4
ea3db49a-7294-4964-8bb5-96500ea47958	chr8	128046110	128222134	4	2	2
ea3db49a-7294-4964-8bb5-96500ea47958	chr8	128229364	131230023	9	7	2
ea3db49a-7294-4964-8bb5-96500ea47958	chr8	131235644	134237787	4	2	2
ea3db49a-7294-4964-8bb5-96500ea47958	chr8	134237829	135061701	9	7	2
ea3db49a-7294-4964-8bb5-96500ea47958	chr8	135065423	136722562	4	2	2
ea3db49a-7294-4964-8bb5-96500ea47958	chr8	136722836	137932706	10	8	2
ea3db49a-7294-4964-8bb5-96500ea47958	chr8	137940447	139154102	4	2	2
ea3db49a-7294-4964-8bb5-96500ea47958	chr8	139154636	145072769	9	7	2
ea3db49a-7294-4964-8bb5-96500ea47958	chr9	46587	21819478	3	3	0
ea3db49a-7294-4964-8bb5-96500ea47958	chr9	21828111	22207038	0	0	0
ea3db49a-7294-4964-8bb5-96500ea47958	chr9	22207256	138200944	3	3	0
ea3db49a-7294-4964-8bb5-96500ea47958	chr10	26823	68814180	6	3	3
ea3db49a-7294-4964-8bb5-96500ea47958	chr10	68817465	133769379	5	3	2
ea3db49a-7294-4964-8bb5-96500ea47958	chr11	198572	134116264	6	3	3
ea3db49a-7294-4964-8bb5-96500ea47958	chr11	134116746	135074876	6	4	2
ea3db49a-7294-4964-8bb5-96500ea47958	chr12	51460	133201603	4	3	1
ea3db49a-7294-4964-8bb5-96500ea47958	chr13	18452809	114342922	6	3	3
ea3db49a-7294-4964-8bb5-96500ea47958	chr14	18225647	105588560	4	2	2
ea3db49a-7294-4964-8bb5-96500ea47958	chr14	105612353	106877229	2	1	1
ea3db49a-7294-4964-8bb5-96500ea47958	chr15	19811075	101928837	3	2	1
ea3db49a-7294-4964-8bb5-96500ea47958	chr16	10777	90221127	4	2	2
ea3db49a-7294-4964-8bb5-96500ea47958	chr17	150733	18973270	3	2	1
ea3db49a-7294-4964-8bb5-96500ea47958	chr17	18973283	43340919	5	3	2
ea3db49a-7294-4964-8bb5-96500ea47958	chr17	43340966	83090856	3	2	1
ea3db49a-7294-4964-8bb5-96500ea47958	chr18	48133	15402409	3	3	0
ea3db49a-7294-4964-8bb5-96500ea47958	chr18	20949392	63126261	4	3	1
ea3db49a-7294-4964-8bb5-96500ea47958	chr18	63126422	70408793	6	3	3
ea3db49a-7294-4964-8bb5-96500ea47958	chr18	70415522	80257174	3	2	1
ea3db49a-7294-4964-8bb5-96500ea47958	chr19	90910	58586487	4	2	2
ea3db49a-7294-4964-8bb5-96500ea47958	chr20	80664	64324800	4	2	2
ea3db49a-7294-4964-8bb5-96500ea47958	chr21	10336543	46677045	4	2	2
ea3db49a-7294-4964-8bb5-96500ea47958	chr22	15294545	41923652	5	3	2
ea3db49a-7294-4964-8bb5-96500ea47958	chr22	41927909	50796027	3	2	1
ea3db49a-7294-4964-8bb5-96500ea47958	chrX	251810	156004181	2	2	0
f11679cc-d7b3-4433-bb91-4b94e586950b	chr1	61735	112670914	2	2	0
f11679cc-d7b3-4433-bb91-4b94e586950b	chr1	112676766	248930189	2	1	1
f11679cc-d7b3-4433-bb91-4b94e586950b	chr2	12784	242147305	2	1	1
f11679cc-d7b3-4433-bb91-4b94e586950b	chr3	18667	198169247	2	1	1
f11679cc-d7b3-4433-bb91-4b94e586950b	chr4	12281	190106768	2	1	1
f11679cc-d7b3-4433-bb91-4b94e586950b	chr5	15532	181363319	2	1	1
f11679cc-d7b3-4433-bb91-4b94e586950b	chr6	149661	42419308	2	2	0
f11679cc-d7b3-4433-bb91-4b94e586950b	chr6	42419761	170741917	2	1	1
f11679cc-d7b3-4433-bb91-4b94e586950b	chr7	43259	159334314	2	1	1
f11679cc-d7b3-4433-bb91-4b94e586950b	chr8	81254	145072769	2	1	1
f11679cc-d7b3-4433-bb91-4b94e586950b	chr9	46587	36829244	2	2	0
f11679cc-d7b3-4433-bb91-4b94e586950b	chr9	36830938	138200944	2	1	1
f11679cc-d7b3-4433-bb91-4b94e586950b	chr10	26823	133769379	2	1	1
f11679cc-d7b3-4433-bb91-4b94e586950b	chr11	198572	135074876	2	1	1
f11679cc-d7b3-4433-bb91-4b94e586950b	chr12	51460	133201603	2	1	1
f11679cc-d7b3-4433-bb91-4b94e586950b	chr13	18452809	114342922	2	1	1
f11679cc-d7b3-4433-bb91-4b94e586950b	chr14	18225647	106877229	2	1	1
f11679cc-d7b3-4433-bb91-4b94e586950b	chr15	19811075	101928837	2	1	1
f11679cc-d7b3-4433-bb91-4b94e586950b	chr16	10777	90221127	2	1	1
f11679cc-d7b3-4433-bb91-4b94e586950b	chr17	150733	83090856	2	1	1
f11679cc-d7b3-4433-bb91-4b94e586950b	chr18	48133	80257174	2	1	1
f11679cc-d7b3-4433-bb91-4b94e586950b	chr19	90910	58586487	2	1	1
f11679cc-d7b3-4433-bb91-4b94e586950b	chr20	80664	64324800	2	1	1
f11679cc-d7b3-4433-bb91-4b94e586950b	chr21	10336543	46677045	2	1	1
f11679cc-d7b3-4433-bb91-4b94e586950b	chr22	15294545	50796027	2	1	1
f11679cc-d7b3-4433-bb91-4b94e586950b	chrX	251810	156004181	2	1	1
e585b60e-1bce-4527-8d71-462c0fb3cb3d	chr1	62920	62025882	2	1	1
e585b60e-1bce-4527-8d71-462c0fb3cb3d	chr1	62026382	62046981	1	1	0
e585b60e-1bce-4527-8d71-462c0fb3cb3d	chr1	62047567	234534101	2	1	1
e585b60e-1bce-4527-8d71-462c0fb3cb3d	chr1	234535521	234561006	3	2	1
e585b60e-1bce-4527-8d71-462c0fb3cb3d	chr1	234561182	248930189	2	1	1
e585b60e-1bce-4527-8d71-462c0fb3cb3d	chr2	12784	52527423	2	1	1
e585b60e-1bce-4527-8d71-462c0fb3cb3d	chr2	52527590	52554404	0	0	0
e585b60e-1bce-4527-8d71-462c0fb3cb3d	chr2	52560811	58583730	2	1	1
e585b60e-1bce-4527-8d71-462c0fb3cb3d	chr2	58589802	75477524	3	2	1
e585b60e-1bce-4527-8d71-462c0fb3cb3d	chr2	75478493	242147305	2	1	1
e585b60e-1bce-4527-8d71-462c0fb3cb3d	chr3	20930	162790480	2	1	1
e585b60e-1bce-4527-8d71-462c0fb3cb3d	chr3	162794869	162898127	5	5	0
e585b60e-1bce-4527-8d71-462c0fb3cb3d	chr3	162906054	198169247	2	1	1
e585b60e-1bce-4527-8d71-462c0fb3cb3d	chr4	68929	188831255	2	1	1
e585b60e-1bce-4527-8d71-462c0fb3cb3d	chr4	188831725	188844409	1	1	0
e585b60e-1bce-4527-8d71-462c0fb3cb3d	chr4	188844556	190106768	2	1	1
e585b60e-1bce-4527-8d71-462c0fb3cb3d	chr5	15532	180947523	2	1	1
e585b60e-1bce-4527-8d71-462c0fb3cb3d	chr5	180951710	180991103	0	0	0
e585b60e-1bce-4527-8d71-462c0fb3cb3d	chr5	181006225	181363319	2	1	1
e585b60e-1bce-4527-8d71-462c0fb3cb3d	chr6	149661	18821329	2	1	1
e585b60e-1bce-4527-8d71-462c0fb3cb3d	chr6	18822087	18921087	3	2	1
e585b60e-1bce-4527-8d71-462c0fb3cb3d	chr6	18921943	30507638	2	1	1
e585b60e-1bce-4527-8d71-462c0fb3cb3d	chr6	30507940	30561845	1	1	0
e585b60e-1bce-4527-8d71-462c0fb3cb3d	chr6	30574075	77082368	2	1	1
e585b60e-1bce-4527-8d71-462c0fb3cb3d	chr6	77093112	77138505	3	2	1
e585b60e-1bce-4527-8d71-462c0fb3cb3d	chr6	77139176	118304062	2	1	1
e585b60e-1bce-4527-8d71-462c0fb3cb3d	chr6	118305317	118372629	3	2	1
e585b60e-1bce-4527-8d71-462c0fb3cb3d	chr6	118377006	170741917	2	1	1
e585b60e-1bce-4527-8d71-462c0fb3cb3d	chr7	43259	8407989	2	1	1
e585b60e-1bce-4527-8d71-462c0fb3cb3d	chr7	8408325	8423200	1	1	0
e585b60e-1bce-4527-8d71-462c0fb3cb3d	chr7	8427066	110404966	2	1	1
e585b60e-1bce-4527-8d71-462c0fb3cb3d	chr7	110411205	110439384	3	2	1
e585b60e-1bce-4527-8d71-462c0fb3cb3d	chr7	110441735	147581780	2	1	1
e585b60e-1bce-4527-8d71-462c0fb3cb3d	chr7	147581973	147583942	1	1	0
e585b60e-1bce-4527-8d71-462c0fb3cb3d	chr7	147584537	159334314	2	1	1
e585b60e-1bce-4527-8d71-462c0fb3cb3d	chr8	81254	31950578	2	1	1
e585b60e-1bce-4527-8d71-462c0fb3cb3d	chr8	31950603	31967765	3	2	1
e585b60e-1bce-4527-8d71-462c0fb3cb3d	chr8	31967970	145072769	2	1	1
e585b60e-1bce-4527-8d71-462c0fb3cb3d	chr9	46587	83287003	2	1	1
e585b60e-1bce-4527-8d71-462c0fb3cb3d	chr9	83288468	83291258	1	1	0
e585b60e-1bce-4527-8d71-462c0fb3cb3d	chr9	83291351	138200944	2	1	1
e585b60e-1bce-4527-8d71-462c0fb3cb3d	chr10	45792	20767658	2	1	1
e585b60e-1bce-4527-8d71-462c0fb3cb3d	chr10	20768616	20771236	4	2	2
e585b60e-1bce-4527-8d71-462c0fb3cb3d	chr10	20771889	29227637	2	1	1
e585b60e-1bce-4527-8d71-462c0fb3cb3d	chr10	29229024	29253783	3	2	1
e585b60e-1bce-4527-8d71-462c0fb3cb3d	chr10	29254523	76968462	2	1	1
e585b60e-1bce-4527-8d71-462c0fb3cb3d	chr10	76968836	76984799	3	2	1
e585b60e-1bce-4527-8d71-462c0fb3cb3d	chr10	76985151	79413509	2	1	1
e585b60e-1bce-4527-8d71-462c0fb3cb3d	chr10	79413907	79431069	3	2	1
e585b60e-1bce-4527-8d71-462c0fb3cb3d	chr10	79431500	83841665	2	1	1
e585b60e-1bce-4527-8d71-462c0fb3cb3d	chr10	83843561	107728018	1	1	0
e585b60e-1bce-4527-8d71-462c0fb3cb3d	chr10	107728885	116171702	2	1	1
e585b60e-1bce-4527-8d71-462c0fb3cb3d	chr10	116171918	116218512	3	2	1
e585b60e-1bce-4527-8d71-462c0fb3cb3d	chr10	116220129	117944550	2	1	1
e585b60e-1bce-4527-8d71-462c0fb3cb3d	chr10	117944870	118058169	3	2	1
e585b60e-1bce-4527-8d71-462c0fb3cb3d	chr10	118058621	133420688	2	1	1
e585b60e-1bce-4527-8d71-462c0fb3cb3d	chr10	133429369	133576392	3	2	1
e585b60e-1bce-4527-8d71-462c0fb3cb3d	chr10	133582780	133654968	2	1	1
e585b60e-1bce-4527-8d71-462c0fb3cb3d	chr11	198510	18919323	2	1	1
e585b60e-1bce-4527-8d71-462c0fb3cb3d	chr11	18927525	18939631	1	1	0
e585b60e-1bce-4527-8d71-462c0fb3cb3d	chr11	18939734	45055456	2	1	1
e585b60e-1bce-4527-8d71-462c0fb3cb3d	chr11	45056360	45067224	3	2	1
e585b60e-1bce-4527-8d71-462c0fb3cb3d	chr11	45067428	135074876	2	1	1
e585b60e-1bce-4527-8d71-462c0fb3cb3d	chr12	51460	2206827	2	1	1
e585b60e-1bce-4527-8d71-462c0fb3cb3d	chr12	2206853	2208357	1	1	0
e585b60e-1bce-4527-8d71-462c0fb3cb3d	chr12	2208478	104648012	2	1	1
e585b60e-1bce-4527-8d71-462c0fb3cb3d	chr12	104649527	104665664	3	2	1
e585b60e-1bce-4527-8d71-462c0fb3cb3d	chr12	104666989	114040306	2	1	1
e585b60e-1bce-4527-8d71-462c0fb3cb3d	chr12	114040437	114046811	3	2	1
e585b60e-1bce-4527-8d71-462c0fb3cb3d	chr12	114048514	128240944	2	1	1
e585b60e-1bce-4527-8d71-462c0fb3cb3d	chr12	128242570	128249465	3	2	1
e585b60e-1bce-4527-8d71-462c0fb3cb3d	chr12	128250199	133201603	2	1	1
e585b60e-1bce-4527-8d71-462c0fb3cb3d	chr13	18452809	30871257	2	1	1
e585b60e-1bce-4527-8d71-462c0fb3cb3d	chr13	30871753	72625022	1	1	0
e585b60e-1bce-4527-8d71-462c0fb3cb3d	chr13	72625548	114342922	2	1	1
e585b60e-1bce-4527-8d71-462c0fb3cb3d	chr14	18239283	92063938	2	1	1
e585b60e-1bce-4527-8d71-462c0fb3cb3d	chr14	92064169	92103563	1	1	0
e585b60e-1bce-4527-8d71-462c0fb3cb3d	chr14	92104523	105733039	2	1	1
e585b60e-1bce-4527-8d71-462c0fb3cb3d	chr14	105752248	105854281	0	0	0
e585b60e-1bce-4527-8d71-462c0fb3cb3d	chr14	105862059	106877229	3	2	1
e585b60e-1bce-4527-8d71-462c0fb3cb3d	chr15	19811075	39093293	2	1	1
e585b60e-1bce-4527-8d71-462c0fb3cb3d	chr15	39095097	44734963	1	1	0
e585b60e-1bce-4527-8d71-462c0fb3cb3d	chr15	44744719	75758528	2	1	1
e585b60e-1bce-4527-8d71-462c0fb3cb3d	chr15	75768816	75873590	1	1	0
e585b60e-1bce-4527-8d71-462c0fb3cb3d	chr15	75875641	101928837	2	1	1
e585b60e-1bce-4527-8d71-462c0fb3cb3d	chr16	10777	90096867	2	1	1
e585b60e-1bce-4527-8d71-462c0fb3cb3d	chr17	150733	269591	3	2	1
e585b60e-1bce-4527-8d71-462c0fb3cb3d	chr17	272714	46084941	2	1	1
e585b60e-1bce-4527-8d71-462c0fb3cb3d	chr17	46085231	46274563	3	2	1
e585b60e-1bce-4527-8d71-462c0fb3cb3d	chr17	46275506	64989719	2	1	1
e585b60e-1bce-4527-8d71-462c0fb3cb3d	chr17	64992049	67491945	1	1	0
e585b60e-1bce-4527-8d71-462c0fb3cb3d	chr17	67492038	83091923	2	1	1
e585b60e-1bce-4527-8d71-462c0fb3cb3d	chr18	48133	63126614	2	1	1
e585b60e-1bce-4527-8d71-462c0fb3cb3d	chr18	63126688	63328028	3	2	1
e585b60e-1bce-4527-8d71-462c0fb3cb3d	chr18	63333881	80257174	2	1	1
e585b60e-1bce-4527-8d71-462c0fb3cb3d	chr19	90910	7013646	2	1	1
e585b60e-1bce-4527-8d71-462c0fb3cb3d	chr19	7013874	7112683	1	1	0
e585b60e-1bce-4527-8d71-462c0fb3cb3d	chr19	7114202	33257986	2	1	1
e585b60e-1bce-4527-8d71-462c0fb3cb3d	chr19	33259408	33292964	3	2	1
e585b60e-1bce-4527-8d71-462c0fb3cb3d	chr19	33293900	58586487	2	1	1
e585b60e-1bce-4527-8d71-462c0fb3cb3d	chr20	80664	64324800	2	1	1
e585b60e-1bce-4527-8d71-462c0fb3cb3d	chr21	12973348	46677045	2	1	1
e585b60e-1bce-4527-8d71-462c0fb3cb3d	chr22	16392123	22373203	2	1	1
e585b60e-1bce-4527-8d71-462c0fb3cb3d	chr22	22373470	22450613	1	1	0
e585b60e-1bce-4527-8d71-462c0fb3cb3d	chr22	22450898	22880111	0	0	0
e585b60e-1bce-4527-8d71-462c0fb3cb3d	chr22	22909432	50796027	2	1	1
e585b60e-1bce-4527-8d71-462c0fb3cb3d	chrX	251810	91454088	1	1	0
e585b60e-1bce-4527-8d71-462c0fb3cb3d	chrX	91454782	91455560	0	0	0
e585b60e-1bce-4527-8d71-462c0fb3cb3d	chrX	91456049	96070131	1	1	0
e585b60e-1bce-4527-8d71-462c0fb3cb3d	chrX	96070725	96595673	2	1	1
e585b60e-1bce-4527-8d71-462c0fb3cb3d	chrX	96603940	123909855	1	1	0
e585b60e-1bce-4527-8d71-462c0fb3cb3d	chrX	123912422	125061563	2	1	1
e585b60e-1bce-4527-8d71-462c0fb3cb3d	chrX	125063366	146422903	1	1	0
e585b60e-1bce-4527-8d71-462c0fb3cb3d	chrX	146424068	146425917	2	2	0
e585b60e-1bce-4527-8d71-462c0fb3cb3d	chrX	146426178	150093896	1	1	0
e585b60e-1bce-4527-8d71-462c0fb3cb3d	chrX	150096148	155104602	2	1	1
e585b60e-1bce-4527-8d71-462c0fb3cb3d	chrX	155105167	156004181	1	1	0
e585b60e-1bce-4527-8d71-462c0fb3cb3d	chrY	2782397	26653788	0	0	0
e585b60e-1bce-4527-8d71-462c0fb3cb3d	chrY	56872112	56872112	1	1	0
48face85-4dac-4fec-9524-ecef10f850ec	chr1	61735	81764968	1	1	0
48face85-4dac-4fec-9524-ecef10f850ec	chr1	81765729	82285053	6	5	1
48face85-4dac-4fec-9524-ecef10f850ec	chr1	82288503	84492502	3	2	1
48face85-4dac-4fec-9524-ecef10f850ec	chr1	84494051	85861089	6	5	1
48face85-4dac-4fec-9524-ecef10f850ec	chr1	85864198	119075491	1	1	0
48face85-4dac-4fec-9524-ecef10f850ec	chr1	119080935	248930189	3	2	1
48face85-4dac-4fec-9524-ecef10f850ec	chr2	12784	88836672	2	1	1
48face85-4dac-4fec-9524-ecef10f850ec	chr2	88844255	89271229	0	0	0
48face85-4dac-4fec-9524-ecef10f850ec	chr2	89284150	145298413	2	1	1
48face85-4dac-4fec-9524-ecef10f850ec	chr2	145298718	146177785	1	1	0
48face85-4dac-4fec-9524-ecef10f850ec	chr2	146179747	200362981	2	1	1
48face85-4dac-4fec-9524-ecef10f850ec	chr2	200363570	222973865	1	1	0
48face85-4dac-4fec-9524-ecef10f850ec	chr2	222973980	225347422	2	1	1
48face85-4dac-4fec-9524-ecef10f850ec	chr2	225355878	227902915	1	1	0
48face85-4dac-4fec-9524-ecef10f850ec	chr2	227907381	242147305	2	1	1
48face85-4dac-4fec-9524-ecef10f850ec	chr3	18667	198169247	2	1	1
48face85-4dac-4fec-9524-ecef10f850ec	chr4	12281	111663266	2	1	1
48face85-4dac-4fec-9524-ecef10f850ec	chr4	111666315	190106768	1	1	0
48face85-4dac-4fec-9524-ecef10f850ec	chr5	15532	138552618	2	1	1
48face85-4dac-4fec-9524-ecef10f850ec	chr5	138554412	139841603	1	1	0
48face85-4dac-4fec-9524-ecef10f850ec	chr5	139842278	181363319	2	1	1
48face85-4dac-4fec-9524-ecef10f850ec	chr6	149661	170741917	2	1	1
48face85-4dac-4fec-9524-ecef10f850ec	chr7	43259	74123662	3	2	1
48face85-4dac-4fec-9524-ecef10f850ec	chr7	74133405	74852117	5	4	1
48face85-4dac-4fec-9524-ecef10f850ec	chr7	74870728	118491168	3	2	1
48face85-4dac-4fec-9524-ecef10f850ec	chr7	118491626	159334314	1	1	0
48face85-4dac-4fec-9524-ecef10f850ec	chr8	81254	53867649	3	2	1
48face85-4dac-4fec-9524-ecef10f850ec	chr8	53869983	70534036	1	1	0
48face85-4dac-4fec-9524-ecef10f850ec	chr8	70549286	145072769	3	2	1
48face85-4dac-4fec-9524-ecef10f850ec	chr9	46587	138200944	2	1	1
48face85-4dac-4fec-9524-ecef10f850ec	chr10	26823	114063986	1	1	0
48face85-4dac-4fec-9524-ecef10f850ec	chr10	114064219	133769379	2	1	1
48face85-4dac-4fec-9524-ecef10f850ec	chr11	198572	81378183	2	1	1
48face85-4dac-4fec-9524-ecef10f850ec	chr11	81378441	135074876	4	3	1
48face85-4dac-4fec-9524-ecef10f850ec	chr12	51460	32920869	2	1	1
48face85-4dac-4fec-9524-ecef10f850ec	chr12	32920919	38834977	2	2	0
48face85-4dac-4fec-9524-ecef10f850ec	chr12	38838205	88941644	2	1	1
48face85-4dac-4fec-9524-ecef10f850ec	chr12	88945352	95265615	1	1	0
48face85-4dac-4fec-9524-ecef10f850ec	chr12	95271627	133201603	2	1	1
48face85-4dac-4fec-9524-ecef10f850ec	chr13	18452809	114342922	2	1	1
48face85-4dac-4fec-9524-ecef10f850ec	chr14	18225647	106877229	3	2	1
48face85-4dac-4fec-9524-ecef10f850ec	chr15	19811075	66654600	1	1	0
48face85-4dac-4fec-9524-ecef10f850ec	chr15	66666474	66694222	0	0	0
48face85-4dac-4fec-9524-ecef10f850ec	chr15	66694351	101928837	1	1	0
48face85-4dac-4fec-9524-ecef10f850ec	chr16	10777	36048855	2	1	1
48face85-4dac-4fec-9524-ecef10f850ec	chr16	46429870	70802467	2	2	0
48face85-4dac-4fec-9524-ecef10f850ec	chr16	70804300	71249661	3	2	1
48face85-4dac-4fec-9524-ecef10f850ec	chr16	71250290	90221127	2	2	0
48face85-4dac-4fec-9524-ecef10f850ec	chr17	150733	83090856	2	1	1
48face85-4dac-4fec-9524-ecef10f850ec	chr18	48133	234072	2	2	0
48face85-4dac-4fec-9524-ecef10f850ec	chr18	235928	80257174	2	1	1
48face85-4dac-4fec-9524-ecef10f850ec	chr19	90910	58586487	2	1	1
48face85-4dac-4fec-9524-ecef10f850ec	chr20	80664	64324800	2	1	1
48face85-4dac-4fec-9524-ecef10f850ec	chr21	10336543	46677045	3	2	1
48face85-4dac-4fec-9524-ecef10f850ec	chr22	15294545	50796027	2	1	1
48face85-4dac-4fec-9524-ecef10f850ec	chrX	251810	2776199	2	1	1
48face85-4dac-4fec-9524-ecef10f850ec	chrX	2785350	156004181	1	1	0
6252dc79-abd5-4313-8d01-7f2b3e0cfbd9	chr1	61735	83786661	4	2	2
6252dc79-abd5-4313-8d01-7f2b3e0cfbd9	chr1	83786751	85252680	7	5	2
6252dc79-abd5-4313-8d01-7f2b3e0cfbd9	chr1	85261535	121741181	4	2	2
6252dc79-abd5-4313-8d01-7f2b3e0cfbd9	chr1	143285278	148889390	2	2	0
6252dc79-abd5-4313-8d01-7f2b3e0cfbd9	chr1	148889541	149873445	4	2	2
6252dc79-abd5-4313-8d01-7f2b3e0cfbd9	chr1	149878801	151237523	11	9	2
6252dc79-abd5-4313-8d01-7f2b3e0cfbd9	chr1	151251844	194574153	9	7	2
6252dc79-abd5-4313-8d01-7f2b3e0cfbd9	chr1	194577637	219814705	6	4	2
6252dc79-abd5-4313-8d01-7f2b3e0cfbd9	chr1	219815358	236430127	2	2	0
6252dc79-abd5-4313-8d01-7f2b3e0cfbd9	chr1	236431237	236854003	4	3	1
6252dc79-abd5-4313-8d01-7f2b3e0cfbd9	chr1	236856151	237607246	2	2	0
6252dc79-abd5-4313-8d01-7f2b3e0cfbd9	chr1	237609695	240704116	6	4	2
6252dc79-abd5-4313-8d01-7f2b3e0cfbd9	chr1	240704176	242604376	2	2	0
6252dc79-abd5-4313-8d01-7f2b3e0cfbd9	chr1	242604649	242610410	3	2	1
6252dc79-abd5-4313-8d01-7f2b3e0cfbd9	chr1	242614095	247305299	6	4	2
6252dc79-abd5-4313-8d01-7f2b3e0cfbd9	chr1	247307534	247868464	2	2	0
6252dc79-abd5-4313-8d01-7f2b3e0cfbd9	chr1	247872164	247885252	6	5	1
6252dc79-abd5-4313-8d01-7f2b3e0cfbd9	chr1	247886597	248930189	6	4	2
6252dc79-abd5-4313-8d01-7f2b3e0cfbd9	chr2	12784	242147305	4	2	2
6252dc79-abd5-4313-8d01-7f2b3e0cfbd9	chr3	18667	61027788	4	2	2
6252dc79-abd5-4313-8d01-7f2b3e0cfbd9	chr3	61027814	61094031	1	1	0
6252dc79-abd5-4313-8d01-7f2b3e0cfbd9	chr3	61095109	198169247	4	2	2
6252dc79-abd5-4313-8d01-7f2b3e0cfbd9	chr4	12281	190106768	4	2	2
6252dc79-abd5-4313-8d01-7f2b3e0cfbd9	chr5	15532	181363319	4	2	2
6252dc79-abd5-4313-8d01-7f2b3e0cfbd9	chr6	149661	71743168	4	2	2
6252dc79-abd5-4313-8d01-7f2b3e0cfbd9	chr6	71743200	142028941	2	2	0
6252dc79-abd5-4313-8d01-7f2b3e0cfbd9	chr6	142038051	170741917	4	2	2
6252dc79-abd5-4313-8d01-7f2b3e0cfbd9	chr7	43259	159334314	4	2	2
6252dc79-abd5-4313-8d01-7f2b3e0cfbd9	chr8	81254	132579664	4	2	2
6252dc79-abd5-4313-8d01-7f2b3e0cfbd9	chr8	132579705	133615392	5	3	2
6252dc79-abd5-4313-8d01-7f2b3e0cfbd9	chr8	133616658	145072769	4	2	2
6252dc79-abd5-4313-8d01-7f2b3e0cfbd9	chr9	46587	21550593	4	2	2
6252dc79-abd5-4313-8d01-7f2b3e0cfbd9	chr9	21555227	22490699	2	2	0
6252dc79-abd5-4313-8d01-7f2b3e0cfbd9	chr9	22492890	138200944	4	2	2
6252dc79-abd5-4313-8d01-7f2b3e0cfbd9	chr10	26823	133769379	4	2	2
6252dc79-abd5-4313-8d01-7f2b3e0cfbd9	chr11	198572	135074876	6	3	3
6252dc79-abd5-4313-8d01-7f2b3e0cfbd9	chr12	51460	133201603	4	2	2
6252dc79-abd5-4313-8d01-7f2b3e0cfbd9	chr13	18452809	114342922	4	2	2
6252dc79-abd5-4313-8d01-7f2b3e0cfbd9	chr14	18225647	106877229	4	2	2
6252dc79-abd5-4313-8d01-7f2b3e0cfbd9	chr15	19811075	42660759	4	2	2
6252dc79-abd5-4313-8d01-7f2b3e0cfbd9	chr15	42668683	101928837	4	4	0
6252dc79-abd5-4313-8d01-7f2b3e0cfbd9	chr16	10777	30883833	4	4	0
6252dc79-abd5-4313-8d01-7f2b3e0cfbd9	chr16	30884224	90221127	4	2	2
6252dc79-abd5-4313-8d01-7f2b3e0cfbd9	chr17	150733	83090856	4	2	2
6252dc79-abd5-4313-8d01-7f2b3e0cfbd9	chr18	48133	80257174	4	2	2
6252dc79-abd5-4313-8d01-7f2b3e0cfbd9	chr19	90910	58586487	4	2	2
6252dc79-abd5-4313-8d01-7f2b3e0cfbd9	chr20	80664	64324800	4	2	2
6252dc79-abd5-4313-8d01-7f2b3e0cfbd9	chr21	10336543	46677045	4	2	2
6252dc79-abd5-4313-8d01-7f2b3e0cfbd9	chr22	15294545	50796027	4	2	2
6252dc79-abd5-4313-8d01-7f2b3e0cfbd9	chrX	251810	156004181	4	2	2
8a3b0ad4-9d28-47c7-bfca-5d3284c50718	chr1	61735	248930189	4	2	2
8a3b0ad4-9d28-47c7-bfca-5d3284c50718	chr2	12784	110880350	4	2	2
8a3b0ad4-9d28-47c7-bfca-5d3284c50718	chr2	110880486	111194199	3	2	1
8a3b0ad4-9d28-47c7-bfca-5d3284c50718	chr2	111197490	242147305	4	2	2
8a3b0ad4-9d28-47c7-bfca-5d3284c50718	chr3	18667	880753	4	2	2
8a3b0ad4-9d28-47c7-bfca-5d3284c50718	chr3	881386	198169247	5	3	2
8a3b0ad4-9d28-47c7-bfca-5d3284c50718	chr4	12281	167392219	4	2	2
8a3b0ad4-9d28-47c7-bfca-5d3284c50718	chr4	167392307	190106768	2	2	0
8a3b0ad4-9d28-47c7-bfca-5d3284c50718	chr5	15532	181363319	5	4	1
8a3b0ad4-9d28-47c7-bfca-5d3284c50718	chr6	149661	37048809	5	5	0
8a3b0ad4-9d28-47c7-bfca-5d3284c50718	chr6	37049193	63019242	5	3	2
8a3b0ad4-9d28-47c7-bfca-5d3284c50718	chr6	63019295	67003947	3	3	0
8a3b0ad4-9d28-47c7-bfca-5d3284c50718	chr6	67003991	70381749	5	3	2
8a3b0ad4-9d28-47c7-bfca-5d3284c50718	chr6	70381859	109019355	3	3	0
8a3b0ad4-9d28-47c7-bfca-5d3284c50718	chr6	109022718	123654096	5	3	2
8a3b0ad4-9d28-47c7-bfca-5d3284c50718	chr6	123658925	125038671	3	3	0
8a3b0ad4-9d28-47c7-bfca-5d3284c50718	chr6	125041454	127401647	5	3	2
8a3b0ad4-9d28-47c7-bfca-5d3284c50718	chr6	127401801	134224523	4	3	1
8a3b0ad4-9d28-47c7-bfca-5d3284c50718	chr6	134225067	139788223	3	3	0
8a3b0ad4-9d28-47c7-bfca-5d3284c50718	chr6	139788610	170741917	4	3	1
8a3b0ad4-9d28-47c7-bfca-5d3284c50718	chr7	43259	44135322	2	2	0
8a3b0ad4-9d28-47c7-bfca-5d3284c50718	chr7	44136204	45833003	11	9	2
8a3b0ad4-9d28-47c7-bfca-5d3284c50718	chr7	45833437	48025247	4	2	2
8a3b0ad4-9d28-47c7-bfca-5d3284c50718	chr7	48030615	159334314	3	2	1
8a3b0ad4-9d28-47c7-bfca-5d3284c50718	chr8	81254	35675430	3	3	0
8a3b0ad4-9d28-47c7-bfca-5d3284c50718	chr8	35676447	63407985	5	5	0
8a3b0ad4-9d28-47c7-bfca-5d3284c50718	chr8	63410419	145072769	8	8	0
8a3b0ad4-9d28-47c7-bfca-5d3284c50718	chr9	46587	3224135	13	9	4
8a3b0ad4-9d28-47c7-bfca-5d3284c50718	chr9	3224443	9144115	12	9	3
8a3b0ad4-9d28-47c7-bfca-5d3284c50718	chr9	9144846	17915819	10	7	3
8a3b0ad4-9d28-47c7-bfca-5d3284c50718	chr9	17916557	42995504	9	6	3
8a3b0ad4-9d28-47c7-bfca-5d3284c50718	chr9	60840363	129994136	7	4	3
8a3b0ad4-9d28-47c7-bfca-5d3284c50718	chr9	129996068	133970763	6	4	2
8a3b0ad4-9d28-47c7-bfca-5d3284c50718	chr9	133971141	138200944	7	4	3
8a3b0ad4-9d28-47c7-bfca-5d3284c50718	chr10	26823	133769379	4	2	2
8a3b0ad4-9d28-47c7-bfca-5d3284c50718	chr11	198572	29793190	5	3	2
8a3b0ad4-9d28-47c7-bfca-5d3284c50718	chr11	29800089	39233848	4	3	1
8a3b0ad4-9d28-47c7-bfca-5d3284c50718	chr11	39236586	55984077	5	3	2
8a3b0ad4-9d28-47c7-bfca-5d3284c50718	chr11	55984116	117624787	3	2	1
8a3b0ad4-9d28-47c7-bfca-5d3284c50718	chr11	117627063	135074876	4	2	2
8a3b0ad4-9d28-47c7-bfca-5d3284c50718	chr12	51460	8611174	3	2	1
8a3b0ad4-9d28-47c7-bfca-5d3284c50718	chr12	8620530	133201603	4	2	2
8a3b0ad4-9d28-47c7-bfca-5d3284c50718	chr13	18452809	114342922	4	2	2
8a3b0ad4-9d28-47c7-bfca-5d3284c50718	chr14	18225647	105453862	4	2	2
8a3b0ad4-9d28-47c7-bfca-5d3284c50718	chr14	105468051	106877229	1	1	0
8a3b0ad4-9d28-47c7-bfca-5d3284c50718	chr15	19811075	40524626	4	2	2
8a3b0ad4-9d28-47c7-bfca-5d3284c50718	chr15	40528735	51983058	2	2	0
8a3b0ad4-9d28-47c7-bfca-5d3284c50718	chr15	51983347	101928837	4	2	2
8a3b0ad4-9d28-47c7-bfca-5d3284c50718	chr16	10777	78337711	4	2	2
8a3b0ad4-9d28-47c7-bfca-5d3284c50718	chr16	78338543	78459490	2	2	0
8a3b0ad4-9d28-47c7-bfca-5d3284c50718	chr16	78459765	81551943	4	2	2
8a3b0ad4-9d28-47c7-bfca-5d3284c50718	chr16	81554537	81583923	2	2	0
8a3b0ad4-9d28-47c7-bfca-5d3284c50718	chr16	81584810	90221127	4	2	2
8a3b0ad4-9d28-47c7-bfca-5d3284c50718	chr17	150733	43933169	3	2	1
8a3b0ad4-9d28-47c7-bfca-5d3284c50718	chr17	43934327	83090856	4	2	2
8a3b0ad4-9d28-47c7-bfca-5d3284c50718	chr18	48133	80257174	6	3	3
8a3b0ad4-9d28-47c7-bfca-5d3284c50718	chr19	90910	58586487	4	2	2
8a3b0ad4-9d28-47c7-bfca-5d3284c50718	chr20	80664	9185685	4	2	2
8a3b0ad4-9d28-47c7-bfca-5d3284c50718	chr20	9191089	26244509	3	2	1
8a3b0ad4-9d28-47c7-bfca-5d3284c50718	chr20	26247633	64324800	4	2	2
8a3b0ad4-9d28-47c7-bfca-5d3284c50718	chr21	10336543	46677045	5	3	2
8a3b0ad4-9d28-47c7-bfca-5d3284c50718	chr22	15294545	50796027	4	2	2
8a3b0ad4-9d28-47c7-bfca-5d3284c50718	chrX	251810	46889535	4	4	0
8a3b0ad4-9d28-47c7-bfca-5d3284c50718	chrX	46894343	156004181	3	3	0
7964c7c4-9d9a-4f2e-a616-69d0ae7dbb05	chr1	62920	6067655	2	2	0
7964c7c4-9d9a-4f2e-a616-69d0ae7dbb05	chr1	6068128	65366669	2	1	1
7964c7c4-9d9a-4f2e-a616-69d0ae7dbb05	chr1	65372060	65517475	1	1	0
7964c7c4-9d9a-4f2e-a616-69d0ae7dbb05	chr1	65517574	214786450	2	1	1
7964c7c4-9d9a-4f2e-a616-69d0ae7dbb05	chr1	214786652	214800147	5	3	2
7964c7c4-9d9a-4f2e-a616-69d0ae7dbb05	chr1	214801395	248930189	2	1	1
7964c7c4-9d9a-4f2e-a616-69d0ae7dbb05	chr2	12784	15253811	2	1	1
7964c7c4-9d9a-4f2e-a616-69d0ae7dbb05	chr2	15254933	15292549	1	1	0
7964c7c4-9d9a-4f2e-a616-69d0ae7dbb05	chr2	15293204	52527330	2	1	1
7964c7c4-9d9a-4f2e-a616-69d0ae7dbb05	chr2	52527342	52554404	0	0	0
7964c7c4-9d9a-4f2e-a616-69d0ae7dbb05	chr2	52560811	146104517	2	1	1
7964c7c4-9d9a-4f2e-a616-69d0ae7dbb05	chr2	146106836	146109366	0	0	0
7964c7c4-9d9a-4f2e-a616-69d0ae7dbb05	chr2	146120238	154357804	2	1	1
7964c7c4-9d9a-4f2e-a616-69d0ae7dbb05	chr2	154357840	154375911	5	3	2
7964c7c4-9d9a-4f2e-a616-69d0ae7dbb05	chr2	154377766	242147305	2	1	1
7964c7c4-9d9a-4f2e-a616-69d0ae7dbb05	chr3	20930	42052230	2	1	1
7964c7c4-9d9a-4f2e-a616-69d0ae7dbb05	chr3	42052677	42661604	1	1	0
7964c7c4-9d9a-4f2e-a616-69d0ae7dbb05	chr3	42662126	44305803	2	1	1
7964c7c4-9d9a-4f2e-a616-69d0ae7dbb05	chr3	44306168	55200992	1	1	0
7964c7c4-9d9a-4f2e-a616-69d0ae7dbb05	chr3	55201205	75372019	2	1	1
7964c7c4-9d9a-4f2e-a616-69d0ae7dbb05	chr3	75377956	75590356	0	0	0
7964c7c4-9d9a-4f2e-a616-69d0ae7dbb05	chr3	75590743	198169247	2	1	1
7964c7c4-9d9a-4f2e-a616-69d0ae7dbb05	chr4	68929	190106768	2	1	1
7964c7c4-9d9a-4f2e-a616-69d0ae7dbb05	chr5	15532	1830260	1	1	0
7964c7c4-9d9a-4f2e-a616-69d0ae7dbb05	chr5	1830291	151344245	2	1	1
7964c7c4-9d9a-4f2e-a616-69d0ae7dbb05	chr5	151344552	151398237	3	2	1
7964c7c4-9d9a-4f2e-a616-69d0ae7dbb05	chr5	151398436	181363319	2	1	1
7964c7c4-9d9a-4f2e-a616-69d0ae7dbb05	chr6	149661	170741917	2	1	1
7964c7c4-9d9a-4f2e-a616-69d0ae7dbb05	chr7	43259	128234294	2	1	1
7964c7c4-9d9a-4f2e-a616-69d0ae7dbb05	chr7	128235175	128799496	1	1	0
7964c7c4-9d9a-4f2e-a616-69d0ae7dbb05	chr7	128803307	159334314	2	1	1
7964c7c4-9d9a-4f2e-a616-69d0ae7dbb05	chr8	81254	2503770	2	1	1
7964c7c4-9d9a-4f2e-a616-69d0ae7dbb05	chr8	2503902	2732462	5	4	1
7964c7c4-9d9a-4f2e-a616-69d0ae7dbb05	chr8	2733108	39373140	2	1	1
7964c7c4-9d9a-4f2e-a616-69d0ae7dbb05	chr8	39378084	39442045	0	0	0
7964c7c4-9d9a-4f2e-a616-69d0ae7dbb05	chr8	39444273	145072769	2	1	1
7964c7c4-9d9a-4f2e-a616-69d0ae7dbb05	chr9	46587	20512501	2	1	1
7964c7c4-9d9a-4f2e-a616-69d0ae7dbb05	chr9	20513135	20538413	1	1	0
7964c7c4-9d9a-4f2e-a616-69d0ae7dbb05	chr9	20538517	25748501	2	1	1
7964c7c4-9d9a-4f2e-a616-69d0ae7dbb05	chr9	25748801	25750513	0	0	0
7964c7c4-9d9a-4f2e-a616-69d0ae7dbb05	chr9	25750663	138200944	2	1	1
7964c7c4-9d9a-4f2e-a616-69d0ae7dbb05	chr10	45792	111400635	2	1	1
7964c7c4-9d9a-4f2e-a616-69d0ae7dbb05	chr10	111406738	111687576	1	1	0
7964c7c4-9d9a-4f2e-a616-69d0ae7dbb05	chr10	111692311	132483236	2	1	1
7964c7c4-9d9a-4f2e-a616-69d0ae7dbb05	chr10	132486565	133654968	1	1	0
7964c7c4-9d9a-4f2e-a616-69d0ae7dbb05	chr11	198510	4575235	2	1	1
7964c7c4-9d9a-4f2e-a616-69d0ae7dbb05	chr11	4575292	4583965	5	3	2
7964c7c4-9d9a-4f2e-a616-69d0ae7dbb05	chr11	4584260	135074876	2	1	1
7964c7c4-9d9a-4f2e-a616-69d0ae7dbb05	chr12	51460	103660688	2	1	1
7964c7c4-9d9a-4f2e-a616-69d0ae7dbb05	chr12	103661310	103697347	1	1	0
7964c7c4-9d9a-4f2e-a616-69d0ae7dbb05	chr12	103697806	133201603	2	1	1
7964c7c4-9d9a-4f2e-a616-69d0ae7dbb05	chr13	18452809	114342922	2	1	1
7964c7c4-9d9a-4f2e-a616-69d0ae7dbb05	chr14	18239283	21674605	2	1	1
7964c7c4-9d9a-4f2e-a616-69d0ae7dbb05	chr14	21676741	22632004	1	1	0
7964c7c4-9d9a-4f2e-a616-69d0ae7dbb05	chr14	22633534	22645702	5	3	2
7964c7c4-9d9a-4f2e-a616-69d0ae7dbb05	chr14	22646052	32364234	2	1	1
7964c7c4-9d9a-4f2e-a616-69d0ae7dbb05	chr14	32364283	32719642	3	2	1
7964c7c4-9d9a-4f2e-a616-69d0ae7dbb05	chr14	32722019	106877229	2	1	1
7964c7c4-9d9a-4f2e-a616-69d0ae7dbb05	chr15	19811075	36699765	2	1	1
7964c7c4-9d9a-4f2e-a616-69d0ae7dbb05	chr15	36699837	55009172	1	1	0
7964c7c4-9d9a-4f2e-a616-69d0ae7dbb05	chr15	55009194	79504592	2	1	1
7964c7c4-9d9a-4f2e-a616-69d0ae7dbb05	chr15	79504790	79511997	0	0	0
7964c7c4-9d9a-4f2e-a616-69d0ae7dbb05	chr15	79512108	101928837	2	1	1
7964c7c4-9d9a-4f2e-a616-69d0ae7dbb05	chr16	10777	90096867	2	1	1
7964c7c4-9d9a-4f2e-a616-69d0ae7dbb05	chr17	150733	27745030	2	1	1
7964c7c4-9d9a-4f2e-a616-69d0ae7dbb05	chr17	27747965	27782391	0	0	0
7964c7c4-9d9a-4f2e-a616-69d0ae7dbb05	chr17	27784200	46022752	2	1	1
7964c7c4-9d9a-4f2e-a616-69d0ae7dbb05	chr17	46023352	46745460	3	2	1
7964c7c4-9d9a-4f2e-a616-69d0ae7dbb05	chr17	46748677	83091923	2	1	1
7964c7c4-9d9a-4f2e-a616-69d0ae7dbb05	chr18	48133	80257174	2	1	1
7964c7c4-9d9a-4f2e-a616-69d0ae7dbb05	chr19	90910	58586487	2	1	1
7964c7c4-9d9a-4f2e-a616-69d0ae7dbb05	chr20	80664	64324800	2	1	1
7964c7c4-9d9a-4f2e-a616-69d0ae7dbb05	chr21	12973348	46677045	2	1	1
7964c7c4-9d9a-4f2e-a616-69d0ae7dbb05	chr22	16392123	50796027	2	2	0
7964c7c4-9d9a-4f2e-a616-69d0ae7dbb05	chrX	251810	490407	1	1	0
7964c7c4-9d9a-4f2e-a616-69d0ae7dbb05	chrX	507629	786390	3	2	1
7964c7c4-9d9a-4f2e-a616-69d0ae7dbb05	chrX	809468	959750	1	1	0
7964c7c4-9d9a-4f2e-a616-69d0ae7dbb05	chrX	960081	2719189	2	1	1
7964c7c4-9d9a-4f2e-a616-69d0ae7dbb05	chrX	2719466	2775583	3	2	1
7964c7c4-9d9a-4f2e-a616-69d0ae7dbb05	chrX	2776199	155734427	0	0	0
7964c7c4-9d9a-4f2e-a616-69d0ae7dbb05	chrX	155736972	156004181	2	1	1
7964c7c4-9d9a-4f2e-a616-69d0ae7dbb05	chrY	2782397	26653788	2	0	2
7964c7c4-9d9a-4f2e-a616-69d0ae7dbb05	chrY	56872112	56872112	1	1	0
c4c97e2c-012d-4916-a258-5bb6972f8fb8	chr1	61735	110562435	3	2	1
c4c97e2c-012d-4916-a258-5bb6972f8fb8	chr1	110563954	110817113	5	3	2
c4c97e2c-012d-4916-a258-5bb6972f8fb8	chr1	110817153	113002219	3	2	1
c4c97e2c-012d-4916-a258-5bb6972f8fb8	chr1	113004733	117119085	4	2	2
c4c97e2c-012d-4916-a258-5bb6972f8fb8	chr1	117123969	118717184	3	2	1
c4c97e2c-012d-4916-a258-5bb6972f8fb8	chr1	118717584	150459086	4	2	2
c4c97e2c-012d-4916-a258-5bb6972f8fb8	chr1	150460283	196433683	4	3	1
c4c97e2c-012d-4916-a258-5bb6972f8fb8	chr1	196435678	200709846	5	4	1
c4c97e2c-012d-4916-a258-5bb6972f8fb8	chr1	200710485	216434475	4	3	1
c4c97e2c-012d-4916-a258-5bb6972f8fb8	chr1	216434926	237628927	3	3	0
c4c97e2c-012d-4916-a258-5bb6972f8fb8	chr1	237632903	237857685	0	0	0
c4c97e2c-012d-4916-a258-5bb6972f8fb8	chr1	237859733	239931699	3	3	0
c4c97e2c-012d-4916-a258-5bb6972f8fb8	chr1	239931902	248930189	4	3	1
c4c97e2c-012d-4916-a258-5bb6972f8fb8	chr2	12784	2706220	4	3	1
c4c97e2c-012d-4916-a258-5bb6972f8fb8	chr2	2707967	2855240	3	3	0
c4c97e2c-012d-4916-a258-5bb6972f8fb8	chr2	2855768	64392139	4	3	1
c4c97e2c-012d-4916-a258-5bb6972f8fb8	chr2	64392918	64457529	3	2	1
c4c97e2c-012d-4916-a258-5bb6972f8fb8	chr2	64457621	88810233	4	3	1
c4c97e2c-012d-4916-a258-5bb6972f8fb8	chr2	88810258	97775571	3	2	1
c4c97e2c-012d-4916-a258-5bb6972f8fb8	chr2	97782443	101977857	2	1	1
c4c97e2c-012d-4916-a258-5bb6972f8fb8	chr2	101981183	109699637	3	2	1
c4c97e2c-012d-4916-a258-5bb6972f8fb8	chr2	109700833	119957847	4	3	1
c4c97e2c-012d-4916-a258-5bb6972f8fb8	chr2	119958603	120140683	2	2	0
c4c97e2c-012d-4916-a258-5bb6972f8fb8	chr2	120141727	122890638	4	3	1
c4c97e2c-012d-4916-a258-5bb6972f8fb8	chr2	122891228	124950959	5	3	2
c4c97e2c-012d-4916-a258-5bb6972f8fb8	chr2	124952939	144589253	4	2	2
c4c97e2c-012d-4916-a258-5bb6972f8fb8	chr2	144594254	150728367	3	2	1
c4c97e2c-012d-4916-a258-5bb6972f8fb8	chr2	150729263	172843081	2	1	1
c4c97e2c-012d-4916-a258-5bb6972f8fb8	chr2	172844388	173033796	3	2	1
c4c97e2c-012d-4916-a258-5bb6972f8fb8	chr2	173033991	174347360	2	2	0
c4c97e2c-012d-4916-a258-5bb6972f8fb8	chr2	174353995	186723319	3	2	1
c4c97e2c-012d-4916-a258-5bb6972f8fb8	chr2	186730528	192755306	4	2	2
c4c97e2c-012d-4916-a258-5bb6972f8fb8	chr2	192758455	194451208	3	2	1
c4c97e2c-012d-4916-a258-5bb6972f8fb8	chr2	194451285	242147305	4	2	2
c4c97e2c-012d-4916-a258-5bb6972f8fb8	chr3	18667	128710537	3	2	1
c4c97e2c-012d-4916-a258-5bb6972f8fb8	chr3	128711771	150658633	2	1	1
c4c97e2c-012d-4916-a258-5bb6972f8fb8	chr3	150662085	152501947	1	1	0
c4c97e2c-012d-4916-a258-5bb6972f8fb8	chr3	152506000	156454966	2	1	1
c4c97e2c-012d-4916-a258-5bb6972f8fb8	chr3	156457795	187287967	3	2	1
c4c97e2c-012d-4916-a258-5bb6972f8fb8	chr3	187292482	188472327	2	2	0
c4c97e2c-012d-4916-a258-5bb6972f8fb8	chr3	188474267	190498128	3	3	0
c4c97e2c-012d-4916-a258-5bb6972f8fb8	chr3	190499116	193988990	2	2	0
c4c97e2c-012d-4916-a258-5bb6972f8fb8	chr3	193993349	194504804	3	3	0
c4c97e2c-012d-4916-a258-5bb6972f8fb8	chr3	194504926	195318666	2	2	0
c4c97e2c-012d-4916-a258-5bb6972f8fb8	chr3	195328085	196405284	25	25	0
c4c97e2c-012d-4916-a258-5bb6972f8fb8	chr3	196410893	196597005	1	1	0
c4c97e2c-012d-4916-a258-5bb6972f8fb8	chr3	196601978	197671345	26	26	0
c4c97e2c-012d-4916-a258-5bb6972f8fb8	chr3	197676287	197975430	1	1	0
c4c97e2c-012d-4916-a258-5bb6972f8fb8	chr3	197980763	198169247	29	28	1
c4c97e2c-012d-4916-a258-5bb6972f8fb8	chr4	12281	32003107	3	2	1
c4c97e2c-012d-4916-a258-5bb6972f8fb8	chr4	32004737	34866579	5	4	1
c4c97e2c-012d-4916-a258-5bb6972f8fb8	chr4	34868076	89780675	3	2	1
c4c97e2c-012d-4916-a258-5bb6972f8fb8	chr4	89782368	90225678	4	2	2
c4c97e2c-012d-4916-a258-5bb6972f8fb8	chr4	90226704	112185733	3	2	1
c4c97e2c-012d-4916-a258-5bb6972f8fb8	chr4	112190731	113023200	4	2	2
c4c97e2c-012d-4916-a258-5bb6972f8fb8	chr4	113023297	130015629	3	2	1
c4c97e2c-012d-4916-a258-5bb6972f8fb8	chr4	130022258	130576690	4	2	2
c4c97e2c-012d-4916-a258-5bb6972f8fb8	chr4	130578000	132535828	3	2	1
c4c97e2c-012d-4916-a258-5bb6972f8fb8	chr4	132536353	138005106	4	2	2
c4c97e2c-012d-4916-a258-5bb6972f8fb8	chr4	138005572	140396103	3	2	1
c4c97e2c-012d-4916-a258-5bb6972f8fb8	chr4	140396542	178906996	4	2	2
c4c97e2c-012d-4916-a258-5bb6972f8fb8	chr4	178910658	179615290	2	2	0
c4c97e2c-012d-4916-a258-5bb6972f8fb8	chr4	179620983	190106768	4	2	2
c4c97e2c-012d-4916-a258-5bb6972f8fb8	chr5	15532	29314203	5	5	0
c4c97e2c-012d-4916-a258-5bb6972f8fb8	chr5	29314837	29701141	3	3	0
c4c97e2c-012d-4916-a258-5bb6972f8fb8	chr5	29701215	39793718	5	5	0
c4c97e2c-012d-4916-a258-5bb6972f8fb8	chr5	39794787	41241291	6	6	0
c4c97e2c-012d-4916-a258-5bb6972f8fb8	chr5	41244575	46273400	5	5	0
c4c97e2c-012d-4916-a258-5bb6972f8fb8	chr5	46278110	56282227	4	4	0
c4c97e2c-012d-4916-a258-5bb6972f8fb8	chr5	56285572	60151883	3	3	0
c4c97e2c-012d-4916-a258-5bb6972f8fb8	chr5	60155192	66689545	4	4	0
c4c97e2c-012d-4916-a258-5bb6972f8fb8	chr5	66690031	71984879	3	3	0
c4c97e2c-012d-4916-a258-5bb6972f8fb8	chr5	71988623	85310710	4	4	0
c4c97e2c-012d-4916-a258-5bb6972f8fb8	chr5	85313871	86202093	2	2	0
c4c97e2c-012d-4916-a258-5bb6972f8fb8	chr5	86202171	88708702	3	3	0
c4c97e2c-012d-4916-a258-5bb6972f8fb8	chr5	88708799	117670251	4	4	0
c4c97e2c-012d-4916-a258-5bb6972f8fb8	chr5	117670282	130605383	3	3	0
c4c97e2c-012d-4916-a258-5bb6972f8fb8	chr5	130605603	151158068	4	4	0
c4c97e2c-012d-4916-a258-5bb6972f8fb8	chr5	151159908	154253231	3	3	0
c4c97e2c-012d-4916-a258-5bb6972f8fb8	chr5	154256628	157282163	4	4	0
c4c97e2c-012d-4916-a258-5bb6972f8fb8	chr5	157283016	159020958	3	3	0
c4c97e2c-012d-4916-a258-5bb6972f8fb8	chr5	159021999	159293378	2	2	0
c4c97e2c-012d-4916-a258-5bb6972f8fb8	chr5	159294777	171375589	3	3	0
c4c97e2c-012d-4916-a258-5bb6972f8fb8	chr5	171378673	179982885	4	4	0
c4c97e2c-012d-4916-a258-5bb6972f8fb8	chr5	179989634	180358989	2	2	0
c4c97e2c-012d-4916-a258-5bb6972f8fb8	chr5	180362391	181363319	3	3	0
c4c97e2c-012d-4916-a258-5bb6972f8fb8	chr6	149661	2613088	4	3	1
c4c97e2c-012d-4916-a258-5bb6972f8fb8	chr6	2613635	23354448	3	2	1
c4c97e2c-012d-4916-a258-5bb6972f8fb8	chr6	23365592	24004612	2	1	1
c4c97e2c-012d-4916-a258-5bb6972f8fb8	chr6	24005142	30832549	3	2	1
c4c97e2c-012d-4916-a258-5bb6972f8fb8	chr6	30832800	33011993	1	1	0
c4c97e2c-012d-4916-a258-5bb6972f8fb8	chr6	33012203	33196958	2	1	1
c4c97e2c-012d-4916-a258-5bb6972f8fb8	chr6	33206065	38180808	4	3	1
c4c97e2c-012d-4916-a258-5bb6972f8fb8	chr6	38184079	39209135	5	4	1
c4c97e2c-012d-4916-a258-5bb6972f8fb8	chr6	39209250	44808141	6	4	2
c4c97e2c-012d-4916-a258-5bb6972f8fb8	chr6	44808399	60351931	7	5	2
c4c97e2c-012d-4916-a258-5bb6972f8fb8	chr6	60352984	60624093	4	3	1
c4c97e2c-012d-4916-a258-5bb6972f8fb8	chr6	60626223	125774925	2	2	0
c4c97e2c-012d-4916-a258-5bb6972f8fb8	chr6	125777085	126379706	1	1	0
c4c97e2c-012d-4916-a258-5bb6972f8fb8	chr6	126380932	170741917	2	2	0
c4c97e2c-012d-4916-a258-5bb6972f8fb8	chr7	43259	10043151	5	3	2
c4c97e2c-012d-4916-a258-5bb6972f8fb8	chr7	10043451	11310289	4	2	2
c4c97e2c-012d-4916-a258-5bb6972f8fb8	chr7	11312647	11480479	3	2	1
c4c97e2c-012d-4916-a258-5bb6972f8fb8	chr7	11481117	21635606	4	2	2
c4c97e2c-012d-4916-a258-5bb6972f8fb8	chr7	21638475	22516747	2	2	0
c4c97e2c-012d-4916-a258-5bb6972f8fb8	chr7	22519323	23693773	8	6	2
c4c97e2c-012d-4916-a258-5bb6972f8fb8	chr7	23695351	24074007	2	2	0
c4c97e2c-012d-4916-a258-5bb6972f8fb8	chr7	24076114	24310885	4	2	2
c4c97e2c-012d-4916-a258-5bb6972f8fb8	chr7	24311097	35187018	3	2	1
c4c97e2c-012d-4916-a258-5bb6972f8fb8	chr7	35187685	35987205	2	2	0
c4c97e2c-012d-4916-a258-5bb6972f8fb8	chr7	35987878	62526916	3	2	1
c4c97e2c-012d-4916-a258-5bb6972f8fb8	chr7	62526945	116216548	4	2	2
c4c97e2c-012d-4916-a258-5bb6972f8fb8	chr7	116219978	116382484	1	1	0
c4c97e2c-012d-4916-a258-5bb6972f8fb8	chr7	116383026	116441067	2	2	0
c4c97e2c-012d-4916-a258-5bb6972f8fb8	chr7	116441202	139098828	4	2	2
c4c97e2c-012d-4916-a258-5bb6972f8fb8	chr7	139105322	139685798	2	2	0
c4c97e2c-012d-4916-a258-5bb6972f8fb8	chr7	139686850	145543495	4	2	2
c4c97e2c-012d-4916-a258-5bb6972f8fb8	chr7	145544088	147369372	3	2	1
c4c97e2c-012d-4916-a258-5bb6972f8fb8	chr7	147369389	148259641	4	2	2
c4c97e2c-012d-4916-a258-5bb6972f8fb8	chr7	148259801	149413393	2	2	0
c4c97e2c-012d-4916-a258-5bb6972f8fb8	chr7	149413567	149825277	1	1	0
c4c97e2c-012d-4916-a258-5bb6972f8fb8	chr7	149827576	157023277	4	2	2
c4c97e2c-012d-4916-a258-5bb6972f8fb8	chr7	157028682	157454693	2	2	0
c4c97e2c-012d-4916-a258-5bb6972f8fb8	chr7	157458055	159334314	4	2	2
c4c97e2c-012d-4916-a258-5bb6972f8fb8	chr8	81254	145072769	2	2	0
c4c97e2c-012d-4916-a258-5bb6972f8fb8	chr9	46587	4686223	3	2	1
c4c97e2c-012d-4916-a258-5bb6972f8fb8	chr9	4686766	5711053	2	2	0
c4c97e2c-012d-4916-a258-5bb6972f8fb8	chr9	5712626	70850204	3	2	1
c4c97e2c-012d-4916-a258-5bb6972f8fb8	chr9	70850744	70951646	2	2	0
c4c97e2c-012d-4916-a258-5bb6972f8fb8	chr9	70952224	71717642	6	4	2
c4c97e2c-012d-4916-a258-5bb6972f8fb8	chr9	71718054	71724861	6	5	1
c4c97e2c-012d-4916-a258-5bb6972f8fb8	chr9	71730558	72829992	2	2	0
c4c97e2c-012d-4916-a258-5bb6972f8fb8	chr9	72830578	91164368	5	3	2
c4c97e2c-012d-4916-a258-5bb6972f8fb8	chr9	91165278	95540281	3	2	1
c4c97e2c-012d-4916-a258-5bb6972f8fb8	chr9	95544132	97107682	2	2	0
c4c97e2c-012d-4916-a258-5bb6972f8fb8	chr9	97108298	97153443	5	4	1
c4c97e2c-012d-4916-a258-5bb6972f8fb8	chr9	97159452	99219696	2	2	0
c4c97e2c-012d-4916-a258-5bb6972f8fb8	chr9	99224306	110833861	3	2	1
c4c97e2c-012d-4916-a258-5bb6972f8fb8	chr9	110834829	111487676	2	2	0
c4c97e2c-012d-4916-a258-5bb6972f8fb8	chr9	111491213	112678457	6	4	2
c4c97e2c-012d-4916-a258-5bb6972f8fb8	chr9	112679158	112942342	3	3	0
c4c97e2c-012d-4916-a258-5bb6972f8fb8	chr9	112951736	138200944	5	3	2
c4c97e2c-012d-4916-a258-5bb6972f8fb8	chr10	26823	62254351	2	2	0
c4c97e2c-012d-4916-a258-5bb6972f8fb8	chr10	62257901	62971836	0	0	0
c4c97e2c-012d-4916-a258-5bb6972f8fb8	chr10	62972100	81006216	2	2	0
c4c97e2c-012d-4916-a258-5bb6972f8fb8	chr10	81007072	81083753	1	1	0
c4c97e2c-012d-4916-a258-5bb6972f8fb8	chr10	81094648	88785659	2	2	0
c4c97e2c-012d-4916-a258-5bb6972f8fb8	chr10	88786076	89677406	0	0	0
c4c97e2c-012d-4916-a258-5bb6972f8fb8	chr10	89687767	110814794	2	2	0
c4c97e2c-012d-4916-a258-5bb6972f8fb8	chr10	110817418	114730869	1	1	0
c4c97e2c-012d-4916-a258-5bb6972f8fb8	chr10	114734942	133769379	2	2	0
c4c97e2c-012d-4916-a258-5bb6972f8fb8	chr11	198572	54567872	3	2	1
c4c97e2c-012d-4916-a258-5bb6972f8fb8	chr11	54571427	75726585	2	2	0
c4c97e2c-012d-4916-a258-5bb6972f8fb8	chr11	75727879	81164811	4	2	2
c4c97e2c-012d-4916-a258-5bb6972f8fb8	chr11	81164826	95033710	5	3	2
c4c97e2c-012d-4916-a258-5bb6972f8fb8	chr11	95033780	97304226	6	4	2
c4c97e2c-012d-4916-a258-5bb6972f8fb8	chr11	97304232	99119898	5	3	2
c4c97e2c-012d-4916-a258-5bb6972f8fb8	chr11	99120382	100285384	4	2	2
c4c97e2c-012d-4916-a258-5bb6972f8fb8	chr11	100294599	105439841	5	3	2
c4c97e2c-012d-4916-a258-5bb6972f8fb8	chr11	105444434	106013358	3	2	1
c4c97e2c-012d-4916-a258-5bb6972f8fb8	chr11	106013488	132951569	5	3	2
c4c97e2c-012d-4916-a258-5bb6972f8fb8	chr11	132952941	134761929	4	2	2
c4c97e2c-012d-4916-a258-5bb6972f8fb8	chr11	134768855	135074876	2	2	0
c4c97e2c-012d-4916-a258-5bb6972f8fb8	chr12	51460	4747879	4	2	2
c4c97e2c-012d-4916-a258-5bb6972f8fb8	chr12	4750552	27396215	2	2	0
c4c97e2c-012d-4916-a258-5bb6972f8fb8	chr12	27397777	27770021	1	1	0
c4c97e2c-012d-4916-a258-5bb6972f8fb8	chr12	27772744	28380284	2	2	0
c4c97e2c-012d-4916-a258-5bb6972f8fb8	chr12	28381636	48685733	4	2	2
c4c97e2c-012d-4916-a258-5bb6972f8fb8	chr12	48686226	49450144	2	2	0
c4c97e2c-012d-4916-a258-5bb6972f8fb8	chr12	49458095	49928063	4	3	1
c4c97e2c-012d-4916-a258-5bb6972f8fb8	chr12	49930784	50639351	2	2	0
c4c97e2c-012d-4916-a258-5bb6972f8fb8	chr12	50643142	54203922	4	2	2
c4c97e2c-012d-4916-a258-5bb6972f8fb8	chr12	54207208	54560172	3	2	1
c4c97e2c-012d-4916-a258-5bb6972f8fb8	chr12	54564903	77944606	4	2	2
c4c97e2c-012d-4916-a258-5bb6972f8fb8	chr12	77944867	104536832	2	2	0
c4c97e2c-012d-4916-a258-5bb6972f8fb8	chr12	104537984	133201603	4	2	2
c4c97e2c-012d-4916-a258-5bb6972f8fb8	chr13	18452809	23609006	3	3	0
c4c97e2c-012d-4916-a258-5bb6972f8fb8	chr13	23611770	24381085	2	2	0
c4c97e2c-012d-4916-a258-5bb6972f8fb8	chr13	24381918	47661316	3	3	0
c4c97e2c-012d-4916-a258-5bb6972f8fb8	chr13	47667349	73080999	2	2	0
c4c97e2c-012d-4916-a258-5bb6972f8fb8	chr13	73081073	81028927	3	3	0
c4c97e2c-012d-4916-a258-5bb6972f8fb8	chr13	81032610	82992648	1	1	0
c4c97e2c-012d-4916-a258-5bb6972f8fb8	chr13	82992977	104609706	3	3	0
c4c97e2c-012d-4916-a258-5bb6972f8fb8	chr13	104609783	106573182	1	1	0
c4c97e2c-012d-4916-a258-5bb6972f8fb8	chr13	106580419	114342922	3	3	0
c4c97e2c-012d-4916-a258-5bb6972f8fb8	chr14	18225647	21926229	3	2	1
c4c97e2c-012d-4916-a258-5bb6972f8fb8	chr14	21926272	22462635	4	3	1
c4c97e2c-012d-4916-a258-5bb6972f8fb8	chr14	22463492	106877229	3	2	1
c4c97e2c-012d-4916-a258-5bb6972f8fb8	chr15	19811075	36478750	3	3	0
c4c97e2c-012d-4916-a258-5bb6972f8fb8	chr15	36481730	37312418	2	2	0
c4c97e2c-012d-4916-a258-5bb6972f8fb8	chr15	37333480	56946859	3	3	0
c4c97e2c-012d-4916-a258-5bb6972f8fb8	chr15	56949729	62937352	2	2	0
c4c97e2c-012d-4916-a258-5bb6972f8fb8	chr15	62937574	65317074	3	3	0
c4c97e2c-012d-4916-a258-5bb6972f8fb8	chr15	65321861	67875716	2	2	0
c4c97e2c-012d-4916-a258-5bb6972f8fb8	chr15	67876315	75204100	3	3	0
c4c97e2c-012d-4916-a258-5bb6972f8fb8	chr15	75208958	76461727	2	2	0
c4c97e2c-012d-4916-a258-5bb6972f8fb8	chr15	76467890	101928837	3	3	0
c4c97e2c-012d-4916-a258-5bb6972f8fb8	chr16	10777	16246583	3	2	1
c4c97e2c-012d-4916-a258-5bb6972f8fb8	chr16	16259309	16924029	4	2	2
c4c97e2c-012d-4916-a258-5bb6972f8fb8	chr16	16929364	17218897	3	2	1
c4c97e2c-012d-4916-a258-5bb6972f8fb8	chr16	17219431	21210416	4	2	2
c4c97e2c-012d-4916-a258-5bb6972f8fb8	chr16	21211351	22620044	3	2	1
c4c97e2c-012d-4916-a258-5bb6972f8fb8	chr16	22620059	36048855	4	2	2
c4c97e2c-012d-4916-a258-5bb6972f8fb8	chr16	46429870	90221127	3	2	1
c4c97e2c-012d-4916-a258-5bb6972f8fb8	chr17	150733	21620905	2	2	0
c4c97e2c-012d-4916-a258-5bb6972f8fb8	chr17	21623779	27142475	6	4	2
c4c97e2c-012d-4916-a258-5bb6972f8fb8	chr17	27142588	28465889	5	4	1
c4c97e2c-012d-4916-a258-5bb6972f8fb8	chr17	28467256	42383827	4	4	0
c4c97e2c-012d-4916-a258-5bb6972f8fb8	chr17	42387242	51598167	3	3	0
c4c97e2c-012d-4916-a258-5bb6972f8fb8	chr17	51598401	51875321	5	5	0
c4c97e2c-012d-4916-a258-5bb6972f8fb8	chr17	51875498	63610031	3	3	0
c4c97e2c-012d-4916-a258-5bb6972f8fb8	chr17	63610240	65569393	4	4	0
c4c97e2c-012d-4916-a258-5bb6972f8fb8	chr17	65569550	70735206	5	5	0
c4c97e2c-012d-4916-a258-5bb6972f8fb8	chr17	70739551	75626909	3	3	0
c4c97e2c-012d-4916-a258-5bb6972f8fb8	chr17	75641916	77219404	4	4	0
c4c97e2c-012d-4916-a258-5bb6972f8fb8	chr17	77221097	77626925	3	3	0
c4c97e2c-012d-4916-a258-5bb6972f8fb8	chr17	77626944	79549025	2	2	0
c4c97e2c-012d-4916-a258-5bb6972f8fb8	chr17	79656995	83090856	3	3	0
c4c97e2c-012d-4916-a258-5bb6972f8fb8	chr18	48133	2058061	4	2	2
c4c97e2c-012d-4916-a258-5bb6972f8fb8	chr18	2058335	12639896	3	2	1
c4c97e2c-012d-4916-a258-5bb6972f8fb8	chr18	12644345	13667137	5	3	2
c4c97e2c-012d-4916-a258-5bb6972f8fb8	chr18	13667708	15402409	4	2	2
c4c97e2c-012d-4916-a258-5bb6972f8fb8	chr18	20949392	21745521	5	3	2
c4c97e2c-012d-4916-a258-5bb6972f8fb8	chr18	21745663	26273768	3	2	1
c4c97e2c-012d-4916-a258-5bb6972f8fb8	chr18	26274728	26722027	4	2	2
c4c97e2c-012d-4916-a258-5bb6972f8fb8	chr18	26723831	29084574	3	2	1
c4c97e2c-012d-4916-a258-5bb6972f8fb8	chr18	29087544	80257174	2	2	0
c4c97e2c-012d-4916-a258-5bb6972f8fb8	chr19	90910	4306838	4	2	2
c4c97e2c-012d-4916-a258-5bb6972f8fb8	chr19	4308101	4412209	2	1	1
c4c97e2c-012d-4916-a258-5bb6972f8fb8	chr19	4414597	18736798	4	2	2
c4c97e2c-012d-4916-a258-5bb6972f8fb8	chr19	18737022	27782420	3	2	1
c4c97e2c-012d-4916-a258-5bb6972f8fb8	chr19	27782705	41772355	4	2	2
c4c97e2c-012d-4916-a258-5bb6972f8fb8	chr19	41774383	42414654	2	1	1
c4c97e2c-012d-4916-a258-5bb6972f8fb8	chr19	42415938	58586487	4	2	2
c4c97e2c-012d-4916-a258-5bb6972f8fb8	chr20	80664	5303734	4	2	2
c4c97e2c-012d-4916-a258-5bb6972f8fb8	chr20	5307782	7370830	7	5	2
c4c97e2c-012d-4916-a258-5bb6972f8fb8	chr20	7371461	26316572	4	2	2
c4c97e2c-012d-4916-a258-5bb6972f8fb8	chr20	26324855	31496612	3	2	1
c4c97e2c-012d-4916-a258-5bb6972f8fb8	chr20	31500342	37958061	4	2	2
c4c97e2c-012d-4916-a258-5bb6972f8fb8	chr20	37963438	38711002	5	3	2
c4c97e2c-012d-4916-a258-5bb6972f8fb8	chr20	38711446	48914604	4	2	2
c4c97e2c-012d-4916-a258-5bb6972f8fb8	chr20	48918724	64324800	3	2	1
c4c97e2c-012d-4916-a258-5bb6972f8fb8	chr21	10336543	14681358	5	3	2
c4c97e2c-012d-4916-a258-5bb6972f8fb8	chr21	14682305	15052546	3	3	0
c4c97e2c-012d-4916-a258-5bb6972f8fb8	chr21	15052813	22905766	6	4	2
c4c97e2c-012d-4916-a258-5bb6972f8fb8	chr21	22917746	23093541	4	3	1
c4c97e2c-012d-4916-a258-5bb6972f8fb8	chr21	23096233	32883742	6	4	2
c4c97e2c-012d-4916-a258-5bb6972f8fb8	chr21	32884134	34712165	5	3	2
c4c97e2c-012d-4916-a258-5bb6972f8fb8	chr21	34713636	40195477	6	4	2
c4c97e2c-012d-4916-a258-5bb6972f8fb8	chr21	40195692	40447669	5	3	2
c4c97e2c-012d-4916-a258-5bb6972f8fb8	chr21	40450983	45260287	6	4	2
c4c97e2c-012d-4916-a258-5bb6972f8fb8	chr21	45260466	46677045	5	3	2
c4c97e2c-012d-4916-a258-5bb6972f8fb8	chr22	15294545	22194291	3	2	1
c4c97e2c-012d-4916-a258-5bb6972f8fb8	chr22	22196582	22916154	1	1	0
c4c97e2c-012d-4916-a258-5bb6972f8fb8	chr22	22916185	50796027	3	2	1
c4c97e2c-012d-4916-a258-5bb6972f8fb8	chrX	251810	7623310	3	2	1
c4c97e2c-012d-4916-a258-5bb6972f8fb8	chrX	7626884	8033829	1	1	0
c4c97e2c-012d-4916-a258-5bb6972f8fb8	chrX	8035222	18336051	3	2	1
c4c97e2c-012d-4916-a258-5bb6972f8fb8	chrX	18339326	25647061	5	3	2
c4c97e2c-012d-4916-a258-5bb6972f8fb8	chrX	25652553	26381684	5	4	1
c4c97e2c-012d-4916-a258-5bb6972f8fb8	chrX	26381964	27221050	6	4	2
c4c97e2c-012d-4916-a258-5bb6972f8fb8	chrX	27222494	27561485	4	3	1
c4c97e2c-012d-4916-a258-5bb6972f8fb8	chrX	27561974	30517276	5	3	2
c4c97e2c-012d-4916-a258-5bb6972f8fb8	chrX	30518309	44306712	4	3	1
c4c97e2c-012d-4916-a258-5bb6972f8fb8	chrX	44319330	44786772	2	1	1
c4c97e2c-012d-4916-a258-5bb6972f8fb8	chrX	44789716	49662280	4	3	1
c4c97e2c-012d-4916-a258-5bb6972f8fb8	chrX	49662971	72043676	5	3	2
c4c97e2c-012d-4916-a258-5bb6972f8fb8	chrX	72049784	80667168	4	2	2
c4c97e2c-012d-4916-a258-5bb6972f8fb8	chrX	80669140	82794649	3	2	1
c4c97e2c-012d-4916-a258-5bb6972f8fb8	chrX	82796190	86205062	6	5	1
c4c97e2c-012d-4916-a258-5bb6972f8fb8	chrX	86212479	87262191	9	5	4
c4c97e2c-012d-4916-a258-5bb6972f8fb8	chrX	87264656	110151271	6	5	1
c4c97e2c-012d-4916-a258-5bb6972f8fb8	chrX	110153348	112099256	4	4	0
c4c97e2c-012d-4916-a258-5bb6972f8fb8	chrX	112100172	113777311	2	2	0
c4c97e2c-012d-4916-a258-5bb6972f8fb8	chrX	113783840	124449858	3	2	1
c4c97e2c-012d-4916-a258-5bb6972f8fb8	chrX	124449948	127968491	2	2	0
c4c97e2c-012d-4916-a258-5bb6972f8fb8	chrX	127971895	130152754	3	2	1
c4c97e2c-012d-4916-a258-5bb6972f8fb8	chrX	130156725	141747992	2	2	0
c4c97e2c-012d-4916-a258-5bb6972f8fb8	chrX	141749017	141976555	3	2	1
c4c97e2c-012d-4916-a258-5bb6972f8fb8	chrX	141983459	156004181	2	2	0
3da2d7e4-c2e6-4b54-a9d7-425dd7da9ab0	chr1	61735	248930189	2	1	1
3da2d7e4-c2e6-4b54-a9d7-425dd7da9ab0	chr2	12784	68352799	2	1	1
3da2d7e4-c2e6-4b54-a9d7-425dd7da9ab0	chr2	68353704	90077294	1	1	0
3da2d7e4-c2e6-4b54-a9d7-425dd7da9ab0	chr2	90077313	111116699	2	1	1
3da2d7e4-c2e6-4b54-a9d7-425dd7da9ab0	chr2	111125613	166624007	1	1	0
3da2d7e4-c2e6-4b54-a9d7-425dd7da9ab0	chr2	166626088	242147305	2	1	1
3da2d7e4-c2e6-4b54-a9d7-425dd7da9ab0	chr3	18667	60382813	2	1	1
3da2d7e4-c2e6-4b54-a9d7-425dd7da9ab0	chr3	60384904	60478542	1	1	0
3da2d7e4-c2e6-4b54-a9d7-425dd7da9ab0	chr3	60479546	85571805	2	1	1
3da2d7e4-c2e6-4b54-a9d7-425dd7da9ab0	chr3	85572010	85698238	1	1	0
3da2d7e4-c2e6-4b54-a9d7-425dd7da9ab0	chr3	85702918	116817617	2	1	1
3da2d7e4-c2e6-4b54-a9d7-425dd7da9ab0	chr3	116817713	116954186	1	1	0
3da2d7e4-c2e6-4b54-a9d7-425dd7da9ab0	chr3	116954957	198169247	2	1	1
3da2d7e4-c2e6-4b54-a9d7-425dd7da9ab0	chr4	12281	8654160	1	1	0
3da2d7e4-c2e6-4b54-a9d7-425dd7da9ab0	chr4	8654666	190106768	2	1	1
3da2d7e4-c2e6-4b54-a9d7-425dd7da9ab0	chr5	15532	181363319	2	1	1
3da2d7e4-c2e6-4b54-a9d7-425dd7da9ab0	chr6	149661	42488132	2	2	0
3da2d7e4-c2e6-4b54-a9d7-425dd7da9ab0	chr6	42492334	170741917	2	1	1
3da2d7e4-c2e6-4b54-a9d7-425dd7da9ab0	chr7	43259	6408901	3	2	1
3da2d7e4-c2e6-4b54-a9d7-425dd7da9ab0	chr7	6409132	15388797	2	1	1
3da2d7e4-c2e6-4b54-a9d7-425dd7da9ab0	chr7	15388837	50936965	1	1	0
3da2d7e4-c2e6-4b54-a9d7-425dd7da9ab0	chr7	50937365	142347817	2	1	1
3da2d7e4-c2e6-4b54-a9d7-425dd7da9ab0	chr7	142618972	142801993	1	1	0
3da2d7e4-c2e6-4b54-a9d7-425dd7da9ab0	chr7	142802783	159334314	2	1	1
3da2d7e4-c2e6-4b54-a9d7-425dd7da9ab0	chr8	81254	145072769	2	1	1
3da2d7e4-c2e6-4b54-a9d7-425dd7da9ab0	chr9	46587	138200944	2	1	1
3da2d7e4-c2e6-4b54-a9d7-425dd7da9ab0	chr10	26823	133769379	2	1	1
3da2d7e4-c2e6-4b54-a9d7-425dd7da9ab0	chr11	198572	66160302	2	1	1
3da2d7e4-c2e6-4b54-a9d7-425dd7da9ab0	chr11	66161220	77624191	2	2	0
3da2d7e4-c2e6-4b54-a9d7-425dd7da9ab0	chr11	77624291	135074876	3	3	0
3da2d7e4-c2e6-4b54-a9d7-425dd7da9ab0	chr12	51460	133201603	2	1	1
3da2d7e4-c2e6-4b54-a9d7-425dd7da9ab0	chr13	18452809	38357159	2	1	1
3da2d7e4-c2e6-4b54-a9d7-425dd7da9ab0	chr13	38362251	54395403	4	3	1
3da2d7e4-c2e6-4b54-a9d7-425dd7da9ab0	chr13	54398652	99268133	3	2	1
3da2d7e4-c2e6-4b54-a9d7-425dd7da9ab0	chr13	99270437	114342922	1	1	0
3da2d7e4-c2e6-4b54-a9d7-425dd7da9ab0	chr14	18225647	106877229	2	1	1
3da2d7e4-c2e6-4b54-a9d7-425dd7da9ab0	chr15	19811075	40194954	2	1	1
3da2d7e4-c2e6-4b54-a9d7-425dd7da9ab0	chr15	40198510	46483420	1	1	0
3da2d7e4-c2e6-4b54-a9d7-425dd7da9ab0	chr15	46483557	101928837	2	1	1
3da2d7e4-c2e6-4b54-a9d7-425dd7da9ab0	chr16	10777	78320176	2	1	1
3da2d7e4-c2e6-4b54-a9d7-425dd7da9ab0	chr16	78327252	78526619	3	2	1
3da2d7e4-c2e6-4b54-a9d7-425dd7da9ab0	chr16	78527219	90221127	2	1	1
3da2d7e4-c2e6-4b54-a9d7-425dd7da9ab0	chr17	150733	83090856	2	1	1
3da2d7e4-c2e6-4b54-a9d7-425dd7da9ab0	chr18	48133	80257174	2	1	1
3da2d7e4-c2e6-4b54-a9d7-425dd7da9ab0	chr19	90910	58586487	2	1	1
3da2d7e4-c2e6-4b54-a9d7-425dd7da9ab0	chr20	80664	64324800	2	1	1
3da2d7e4-c2e6-4b54-a9d7-425dd7da9ab0	chr21	10336543	46677045	3	2	1
3da2d7e4-c2e6-4b54-a9d7-425dd7da9ab0	chr22	15294545	50796027	2	1	1
3da2d7e4-c2e6-4b54-a9d7-425dd7da9ab0	chrX	251810	156004181	1	1	0
d61af0c6-e1f3-476b-90be-6b21c8403343	chr1	61735	121741181	2	1	1
d61af0c6-e1f3-476b-90be-6b21c8403343	chr1	143285278	149859938	1	1	0
d61af0c6-e1f3-476b-90be-6b21c8403343	chr1	149860241	216649752	3	2	1
d61af0c6-e1f3-476b-90be-6b21c8403343	chr1	216649862	248930189	2	1	1
d61af0c6-e1f3-476b-90be-6b21c8403343	chr2	12784	16464309	1	1	0
d61af0c6-e1f3-476b-90be-6b21c8403343	chr2	16465935	35293024	2	1	1
d61af0c6-e1f3-476b-90be-6b21c8403343	chr2	35293280	42042612	1	1	0
d61af0c6-e1f3-476b-90be-6b21c8403343	chr2	42045567	210534923	2	1	1
d61af0c6-e1f3-476b-90be-6b21c8403343	chr2	210536927	213156189	1	1	0
d61af0c6-e1f3-476b-90be-6b21c8403343	chr2	213156601	242147305	2	1	1
d61af0c6-e1f3-476b-90be-6b21c8403343	chr3	18667	198169247	4	2	2
d61af0c6-e1f3-476b-90be-6b21c8403343	chr4	12281	190106768	2	1	1
d61af0c6-e1f3-476b-90be-6b21c8403343	chr5	15532	27800347	2	1	1
d61af0c6-e1f3-476b-90be-6b21c8403343	chr5	27800776	54856062	3	2	1
d61af0c6-e1f3-476b-90be-6b21c8403343	chr5	54862031	181363319	2	2	0
d61af0c6-e1f3-476b-90be-6b21c8403343	chr6	149661	170741917	2	1	1
d61af0c6-e1f3-476b-90be-6b21c8403343	chr7	43259	62239358	3	2	1
d61af0c6-e1f3-476b-90be-6b21c8403343	chr7	62239559	159334314	2	1	1
d61af0c6-e1f3-476b-90be-6b21c8403343	chr8	81254	65744582	2	1	1
d61af0c6-e1f3-476b-90be-6b21c8403343	chr8	65745714	145072769	3	2	1
d61af0c6-e1f3-476b-90be-6b21c8403343	chr9	46587	35599755	2	2	0
d61af0c6-e1f3-476b-90be-6b21c8403343	chr9	35599925	138200944	2	1	1
d61af0c6-e1f3-476b-90be-6b21c8403343	chr10	26823	133769379	2	1	1
d61af0c6-e1f3-476b-90be-6b21c8403343	chr11	198572	135074876	2	1	1
d61af0c6-e1f3-476b-90be-6b21c8403343	chr12	51460	133201603	2	1	1
d61af0c6-e1f3-476b-90be-6b21c8403343	chr13	18452809	67015885	2	1	1
d61af0c6-e1f3-476b-90be-6b21c8403343	chr13	67025613	114342922	3	2	1
d61af0c6-e1f3-476b-90be-6b21c8403343	chr14	18225647	21952614	2	1	1
d61af0c6-e1f3-476b-90be-6b21c8403343	chr14	21953271	22506798	1	1	0
d61af0c6-e1f3-476b-90be-6b21c8403343	chr14	22506810	106877229	2	1	1
d61af0c6-e1f3-476b-90be-6b21c8403343	chr15	19811075	42306695	1	1	0
d61af0c6-e1f3-476b-90be-6b21c8403343	chr15	42306964	101928837	2	1	1
d61af0c6-e1f3-476b-90be-6b21c8403343	chr16	10777	90221127	2	1	1
d61af0c6-e1f3-476b-90be-6b21c8403343	chr17	150733	83090856	2	1	1
d61af0c6-e1f3-476b-90be-6b21c8403343	chr18	48133	80257174	3	2	1
d61af0c6-e1f3-476b-90be-6b21c8403343	chr19	90910	6047952	2	1	1
d61af0c6-e1f3-476b-90be-6b21c8403343	chr19	6053395	8512984	1	1	0
d61af0c6-e1f3-476b-90be-6b21c8403343	chr19	8515718	58586487	2	1	1
d61af0c6-e1f3-476b-90be-6b21c8403343	chr20	80664	64324800	2	1	1
d61af0c6-e1f3-476b-90be-6b21c8403343	chr21	10336543	46677045	2	1	1
d61af0c6-e1f3-476b-90be-6b21c8403343	chr22	15294545	50796027	2	1	1
d61af0c6-e1f3-476b-90be-6b21c8403343	chrX	251810	54877612	1	1	0
d61af0c6-e1f3-476b-90be-6b21c8403343	chrX	54884293	126263301	3	2	1
d61af0c6-e1f3-476b-90be-6b21c8403343	chrX	126265427	156004181	2	1	1
11a0c00c-e587-4e6f-a50a-8952a3a02168	chr1	62920	4321147	3	2	1
11a0c00c-e587-4e6f-a50a-8952a3a02168	chr1	4325119	4616983	3	3	0
11a0c00c-e587-4e6f-a50a-8952a3a02168	chr1	4617475	32979984	3	2	1
11a0c00c-e587-4e6f-a50a-8952a3a02168	chr1	32982746	33577258	4	4	0
11a0c00c-e587-4e6f-a50a-8952a3a02168	chr1	33579016	36729248	3	2	1
11a0c00c-e587-4e6f-a50a-8952a3a02168	chr1	36730059	48689278	4	3	1
11a0c00c-e587-4e6f-a50a-8952a3a02168	chr1	48689680	52993405	3	3	0
11a0c00c-e587-4e6f-a50a-8952a3a02168	chr1	52993690	55059169	3	2	1
11a0c00c-e587-4e6f-a50a-8952a3a02168	chr1	55059298	55687234	3	3	0
11a0c00c-e587-4e6f-a50a-8952a3a02168	chr1	55687573	61810248	3	2	1
11a0c00c-e587-4e6f-a50a-8952a3a02168	chr1	61813922	62930082	3	3	0
11a0c00c-e587-4e6f-a50a-8952a3a02168	chr1	62930445	68234281	4	2	2
11a0c00c-e587-4e6f-a50a-8952a3a02168	chr1	68234486	68966361	4	4	0
11a0c00c-e587-4e6f-a50a-8952a3a02168	chr1	68967931	72849545	3	2	1
11a0c00c-e587-4e6f-a50a-8952a3a02168	chr1	72850233	73812717	4	4	0
11a0c00c-e587-4e6f-a50a-8952a3a02168	chr1	73813212	76803530	3	2	1
11a0c00c-e587-4e6f-a50a-8952a3a02168	chr1	76804277	77082833	3	3	0
11a0c00c-e587-4e6f-a50a-8952a3a02168	chr1	77083244	88999179	3	2	1
11a0c00c-e587-4e6f-a50a-8952a3a02168	chr1	88999704	90335554	3	3	0
11a0c00c-e587-4e6f-a50a-8952a3a02168	chr1	90335700	90765865	3	2	1
11a0c00c-e587-4e6f-a50a-8952a3a02168	chr1	90766190	91202865	3	3	0
11a0c00c-e587-4e6f-a50a-8952a3a02168	chr1	91204795	91804513	3	2	1
11a0c00c-e587-4e6f-a50a-8952a3a02168	chr1	91806363	94131996	3	3	0
11a0c00c-e587-4e6f-a50a-8952a3a02168	chr1	94133652	99807878	3	2	1
11a0c00c-e587-4e6f-a50a-8952a3a02168	chr1	99809017	101070740	3	3	0
11a0c00c-e587-4e6f-a50a-8952a3a02168	chr1	101072873	102483851	3	2	1
11a0c00c-e587-4e6f-a50a-8952a3a02168	chr1	102485932	103458421	3	3	0
11a0c00c-e587-4e6f-a50a-8952a3a02168	chr1	103459037	121705338	3	2	1
11a0c00c-e587-4e6f-a50a-8952a3a02168	chr1	143541857	162144705	4	3	1
11a0c00c-e587-4e6f-a50a-8952a3a02168	chr1	162144885	172495759	3	2	1
11a0c00c-e587-4e6f-a50a-8952a3a02168	chr1	172496082	173129707	3	3	0
11a0c00c-e587-4e6f-a50a-8952a3a02168	chr1	173130294	175559539	3	2	1
11a0c00c-e587-4e6f-a50a-8952a3a02168	chr1	175561265	175881951	3	3	0
11a0c00c-e587-4e6f-a50a-8952a3a02168	chr1	175884509	179755657	3	2	1
11a0c00c-e587-4e6f-a50a-8952a3a02168	chr1	179757297	180270535	3	3	0
11a0c00c-e587-4e6f-a50a-8952a3a02168	chr1	180273524	181819592	3	2	1
11a0c00c-e587-4e6f-a50a-8952a3a02168	chr1	181823356	182653139	3	3	0
11a0c00c-e587-4e6f-a50a-8952a3a02168	chr1	182653251	183304213	3	2	1
11a0c00c-e587-4e6f-a50a-8952a3a02168	chr1	183304787	183961672	3	3	0
11a0c00c-e587-4e6f-a50a-8952a3a02168	chr1	183965546	185494358	3	2	1
11a0c00c-e587-4e6f-a50a-8952a3a02168	chr1	185495135	186029996	3	3	0
11a0c00c-e587-4e6f-a50a-8952a3a02168	chr1	186033059	187448760	4	2	2
11a0c00c-e587-4e6f-a50a-8952a3a02168	chr1	187449272	187745476	4	4	0
11a0c00c-e587-4e6f-a50a-8952a3a02168	chr1	187746048	193819473	3	2	1
11a0c00c-e587-4e6f-a50a-8952a3a02168	chr1	193820166	194522323	4	4	0
11a0c00c-e587-4e6f-a50a-8952a3a02168	chr1	194522938	197341959	3	2	1
11a0c00c-e587-4e6f-a50a-8952a3a02168	chr1	197342098	198056403	4	4	0
11a0c00c-e587-4e6f-a50a-8952a3a02168	chr1	198057179	209692501	3	2	1
11a0c00c-e587-4e6f-a50a-8952a3a02168	chr1	209693192	210358956	4	4	0
11a0c00c-e587-4e6f-a50a-8952a3a02168	chr1	210360181	216884559	3	2	1
11a0c00c-e587-4e6f-a50a-8952a3a02168	chr1	216888339	217068717	3	3	0
11a0c00c-e587-4e6f-a50a-8952a3a02168	chr1	217069117	221552938	3	2	1
11a0c00c-e587-4e6f-a50a-8952a3a02168	chr1	221555811	222188771	3	3	0
11a0c00c-e587-4e6f-a50a-8952a3a02168	chr1	222190644	225423159	3	2	1
11a0c00c-e587-4e6f-a50a-8952a3a02168	chr1	225423204	225913585	3	3	0
11a0c00c-e587-4e6f-a50a-8952a3a02168	chr1	225915663	230734510	3	2	1
11a0c00c-e587-4e6f-a50a-8952a3a02168	chr1	230739961	231089772	4	4	0
11a0c00c-e587-4e6f-a50a-8952a3a02168	chr1	231093762	232614620	3	2	1
11a0c00c-e587-4e6f-a50a-8952a3a02168	chr1	232617508	233226785	4	4	0
11a0c00c-e587-4e6f-a50a-8952a3a02168	chr1	233227141	233948290	3	2	1
11a0c00c-e587-4e6f-a50a-8952a3a02168	chr1	233953558	234298550	3	3	0
11a0c00c-e587-4e6f-a50a-8952a3a02168	chr1	234300119	248930189	3	2	1
11a0c00c-e587-4e6f-a50a-8952a3a02168	chr2	12784	9212455	4	2	2
11a0c00c-e587-4e6f-a50a-8952a3a02168	chr2	9212899	9742338	4	4	0
11a0c00c-e587-4e6f-a50a-8952a3a02168	chr2	9745906	17281403	4	3	1
11a0c00c-e587-4e6f-a50a-8952a3a02168	chr2	17282216	17964679	4	4	0
11a0c00c-e587-4e6f-a50a-8952a3a02168	chr2	17964839	38296400	4	3	1
11a0c00c-e587-4e6f-a50a-8952a3a02168	chr2	38300366	39714041	5	4	1
11a0c00c-e587-4e6f-a50a-8952a3a02168	chr2	39714445	45870758	4	3	1
11a0c00c-e587-4e6f-a50a-8952a3a02168	chr2	45870970	47275427	4	4	0
11a0c00c-e587-4e6f-a50a-8952a3a02168	chr2	47278989	52802867	4	2	2
11a0c00c-e587-4e6f-a50a-8952a3a02168	chr2	52803171	53183571	4	4	0
11a0c00c-e587-4e6f-a50a-8952a3a02168	chr2	53185043	55473802	4	2	2
11a0c00c-e587-4e6f-a50a-8952a3a02168	chr2	55475918	56127264	5	5	0
11a0c00c-e587-4e6f-a50a-8952a3a02168	chr2	56127557	60440281	4	2	2
11a0c00c-e587-4e6f-a50a-8952a3a02168	chr2	60441297	62539588	4	4	0
11a0c00c-e587-4e6f-a50a-8952a3a02168	chr2	62539740	71451402	4	3	1
11a0c00c-e587-4e6f-a50a-8952a3a02168	chr2	71452620	73895583	4	4	0
11a0c00c-e587-4e6f-a50a-8952a3a02168	chr2	73895630	74927809	4	2	2
11a0c00c-e587-4e6f-a50a-8952a3a02168	chr2	74928228	75429354	4	4	0
11a0c00c-e587-4e6f-a50a-8952a3a02168	chr2	75431174	81931952	4	2	2
11a0c00c-e587-4e6f-a50a-8952a3a02168	chr2	81932771	82824709	4	4	0
11a0c00c-e587-4e6f-a50a-8952a3a02168	chr2	82824826	101147737	4	2	2
11a0c00c-e587-4e6f-a50a-8952a3a02168	chr2	101148798	103639902	4	4	0
11a0c00c-e587-4e6f-a50a-8952a3a02168	chr2	103641735	153513175	4	3	1
11a0c00c-e587-4e6f-a50a-8952a3a02168	chr2	153513398	157459117	4	2	2
11a0c00c-e587-4e6f-a50a-8952a3a02168	chr2	157464145	158996463	4	4	0
11a0c00c-e587-4e6f-a50a-8952a3a02168	chr2	158997208	200777576	4	3	1
11a0c00c-e587-4e6f-a50a-8952a3a02168	chr2	200778761	207695619	5	4	1
11a0c00c-e587-4e6f-a50a-8952a3a02168	chr2	207698403	212406735	4	2	2
11a0c00c-e587-4e6f-a50a-8952a3a02168	chr2	212408905	242147305	4	3	1
11a0c00c-e587-4e6f-a50a-8952a3a02168	chr3	20930	163782	3	3	0
11a0c00c-e587-4e6f-a50a-8952a3a02168	chr3	164380	954093	3	2	1
11a0c00c-e587-4e6f-a50a-8952a3a02168	chr3	954106	1290291	3	3	0
11a0c00c-e587-4e6f-a50a-8952a3a02168	chr3	1290513	1393674	3	2	1
11a0c00c-e587-4e6f-a50a-8952a3a02168	chr3	1398290	1584322	4	4	0
11a0c00c-e587-4e6f-a50a-8952a3a02168	chr3	1585424	3842720	3	2	1
11a0c00c-e587-4e6f-a50a-8952a3a02168	chr3	3842775	4066015	3	3	0
11a0c00c-e587-4e6f-a50a-8952a3a02168	chr3	4066953	5035416	3	2	1
11a0c00c-e587-4e6f-a50a-8952a3a02168	chr3	5035645	5323668	3	3	0
11a0c00c-e587-4e6f-a50a-8952a3a02168	chr3	5323709	5683873	3	2	1
11a0c00c-e587-4e6f-a50a-8952a3a02168	chr3	5684738	5860611	3	3	0
11a0c00c-e587-4e6f-a50a-8952a3a02168	chr3	5861198	9402969	3	2	1
11a0c00c-e587-4e6f-a50a-8952a3a02168	chr3	9403684	10432596	3	3	0
11a0c00c-e587-4e6f-a50a-8952a3a02168	chr3	10434161	11946305	3	2	1
11a0c00c-e587-4e6f-a50a-8952a3a02168	chr3	11957468	13359648	3	3	0
11a0c00c-e587-4e6f-a50a-8952a3a02168	chr3	13363261	17245526	3	2	1
11a0c00c-e587-4e6f-a50a-8952a3a02168	chr3	17252194	18200861	3	3	0
11a0c00c-e587-4e6f-a50a-8952a3a02168	chr3	18201516	25023407	3	2	1
11a0c00c-e587-4e6f-a50a-8952a3a02168	chr3	25023638	26358507	3	3	0
11a0c00c-e587-4e6f-a50a-8952a3a02168	chr3	26363829	27458578	3	2	1
11a0c00c-e587-4e6f-a50a-8952a3a02168	chr3	27459059	27744772	4	4	0
11a0c00c-e587-4e6f-a50a-8952a3a02168	chr3	27744846	30757576	3	2	1
11a0c00c-e587-4e6f-a50a-8952a3a02168	chr3	30758224	31403046	3	3	0
11a0c00c-e587-4e6f-a50a-8952a3a02168	chr3	31403350	35504294	3	2	1
11a0c00c-e587-4e6f-a50a-8952a3a02168	chr3	35507066	36032024	3	3	0
11a0c00c-e587-4e6f-a50a-8952a3a02168	chr3	36032298	39212472	3	2	1
11a0c00c-e587-4e6f-a50a-8952a3a02168	chr3	39213264	40595089	3	3	0
11a0c00c-e587-4e6f-a50a-8952a3a02168	chr3	40595311	43310059	3	2	1
11a0c00c-e587-4e6f-a50a-8952a3a02168	chr3	43311000	47534078	3	3	0
11a0c00c-e587-4e6f-a50a-8952a3a02168	chr3	47537348	48518799	3	2	1
11a0c00c-e587-4e6f-a50a-8952a3a02168	chr3	48520206	52970809	3	3	0
11a0c00c-e587-4e6f-a50a-8952a3a02168	chr3	52972039	55042549	3	2	1
11a0c00c-e587-4e6f-a50a-8952a3a02168	chr3	55042669	55902389	3	3	0
11a0c00c-e587-4e6f-a50a-8952a3a02168	chr3	55904898	57964495	3	2	1
11a0c00c-e587-4e6f-a50a-8952a3a02168	chr3	57964916	58584226	3	3	0
11a0c00c-e587-4e6f-a50a-8952a3a02168	chr3	58587807	59769844	3	2	1
11a0c00c-e587-4e6f-a50a-8952a3a02168	chr3	59770115	60345910	3	3	0
11a0c00c-e587-4e6f-a50a-8952a3a02168	chr3	60346142	62957496	3	2	1
11a0c00c-e587-4e6f-a50a-8952a3a02168	chr3	62957717	63463668	3	3	0
11a0c00c-e587-4e6f-a50a-8952a3a02168	chr3	63466434	78602551	3	2	1
11a0c00c-e587-4e6f-a50a-8952a3a02168	chr3	78603681	79589214	3	3	0
11a0c00c-e587-4e6f-a50a-8952a3a02168	chr3	79589876	88007002	3	2	1
11a0c00c-e587-4e6f-a50a-8952a3a02168	chr3	88021083	90329544	3	3	0
11a0c00c-e587-4e6f-a50a-8952a3a02168	chr3	90345433	95429480	3	2	1
11a0c00c-e587-4e6f-a50a-8952a3a02168	chr3	95430162	96319494	3	3	0
11a0c00c-e587-4e6f-a50a-8952a3a02168	chr3	96322443	99463008	3	2	1
11a0c00c-e587-4e6f-a50a-8952a3a02168	chr3	99465321	101052040	3	3	0
11a0c00c-e587-4e6f-a50a-8952a3a02168	chr3	101052484	107387955	3	2	1
11a0c00c-e587-4e6f-a50a-8952a3a02168	chr3	107389619	109364602	3	3	0
11a0c00c-e587-4e6f-a50a-8952a3a02168	chr3	109366257	119211539	3	2	1
11a0c00c-e587-4e6f-a50a-8952a3a02168	chr3	119211617	121571294	3	3	0
11a0c00c-e587-4e6f-a50a-8952a3a02168	chr3	121571465	125820482	3	2	1
11a0c00c-e587-4e6f-a50a-8952a3a02168	chr3	125821617	127365745	3	3	0
11a0c00c-e587-4e6f-a50a-8952a3a02168	chr3	127367218	130429916	4	3	1
11a0c00c-e587-4e6f-a50a-8952a3a02168	chr3	130432654	133710799	3	2	1
11a0c00c-e587-4e6f-a50a-8952a3a02168	chr3	133711156	134911007	3	3	0
11a0c00c-e587-4e6f-a50a-8952a3a02168	chr3	134912180	135342469	3	2	1
11a0c00c-e587-4e6f-a50a-8952a3a02168	chr3	135342572	136785235	3	3	0
11a0c00c-e587-4e6f-a50a-8952a3a02168	chr3	136786650	144469596	3	2	1
11a0c00c-e587-4e6f-a50a-8952a3a02168	chr3	144470168	145573890	3	3	0
11a0c00c-e587-4e6f-a50a-8952a3a02168	chr3	145574084	146041075	3	2	1
11a0c00c-e587-4e6f-a50a-8952a3a02168	chr3	146049294	146687483	3	3	0
11a0c00c-e587-4e6f-a50a-8952a3a02168	chr3	146687556	148590607	3	2	1
11a0c00c-e587-4e6f-a50a-8952a3a02168	chr3	148591015	149440932	3	3	0
11a0c00c-e587-4e6f-a50a-8952a3a02168	chr3	149441220	158135669	3	2	1
11a0c00c-e587-4e6f-a50a-8952a3a02168	chr3	158135835	159013511	3	3	0
11a0c00c-e587-4e6f-a50a-8952a3a02168	chr3	159013546	169767014	3	2	1
11a0c00c-e587-4e6f-a50a-8952a3a02168	chr3	169767851	170725435	3	3	0
11a0c00c-e587-4e6f-a50a-8952a3a02168	chr3	170728281	175822328	3	2	1
11a0c00c-e587-4e6f-a50a-8952a3a02168	chr3	175822654	176850059	3	3	0
11a0c00c-e587-4e6f-a50a-8952a3a02168	chr3	176850315	177503513	4	2	2
11a0c00c-e587-4e6f-a50a-8952a3a02168	chr3	177503861	177816842	4	4	0
11a0c00c-e587-4e6f-a50a-8952a3a02168	chr3	177817742	179942852	3	2	1
11a0c00c-e587-4e6f-a50a-8952a3a02168	chr3	179946168	180980875	3	3	0
11a0c00c-e587-4e6f-a50a-8952a3a02168	chr3	180981533	186220388	4	2	2
11a0c00c-e587-4e6f-a50a-8952a3a02168	chr3	186224531	186623474	3	3	0
11a0c00c-e587-4e6f-a50a-8952a3a02168	chr3	186623604	194355277	4	2	2
11a0c00c-e587-4e6f-a50a-8952a3a02168	chr3	194358776	198169247	4	3	1
11a0c00c-e587-4e6f-a50a-8952a3a02168	chr4	68929	8060666	3	2	1
11a0c00c-e587-4e6f-a50a-8952a3a02168	chr4	8061841	8685181	4	4	0
11a0c00c-e587-4e6f-a50a-8952a3a02168	chr4	8686300	10003119	4	2	2
11a0c00c-e587-4e6f-a50a-8952a3a02168	chr4	10003208	10409383	4	4	0
11a0c00c-e587-4e6f-a50a-8952a3a02168	chr4	10412284	13072448	3	2	1
11a0c00c-e587-4e6f-a50a-8952a3a02168	chr4	13074509	13739815	3	3	0
11a0c00c-e587-4e6f-a50a-8952a3a02168	chr4	13743611	14434977	3	2	1
11a0c00c-e587-4e6f-a50a-8952a3a02168	chr4	14435115	14777072	3	3	0
11a0c00c-e587-4e6f-a50a-8952a3a02168	chr4	14780236	19929466	3	2	1
11a0c00c-e587-4e6f-a50a-8952a3a02168	chr4	19931263	20533924	4	4	0
11a0c00c-e587-4e6f-a50a-8952a3a02168	chr4	20534094	24328812	3	2	1
11a0c00c-e587-4e6f-a50a-8952a3a02168	chr4	24331628	24725878	3	3	0
11a0c00c-e587-4e6f-a50a-8952a3a02168	chr4	24726007	41339088	3	2	1
11a0c00c-e587-4e6f-a50a-8952a3a02168	chr4	41341176	42262345	3	3	0
11a0c00c-e587-4e6f-a50a-8952a3a02168	chr4	42264056	51830626	3	2	1
11a0c00c-e587-4e6f-a50a-8952a3a02168	chr4	51832470	52991002	3	3	0
11a0c00c-e587-4e6f-a50a-8952a3a02168	chr4	52991387	54839848	3	2	1
11a0c00c-e587-4e6f-a50a-8952a3a02168	chr4	54840661	55265853	3	3	0
11a0c00c-e587-4e6f-a50a-8952a3a02168	chr4	55267250	55641089	4	2	2
11a0c00c-e587-4e6f-a50a-8952a3a02168	chr4	55641574	56113758	3	3	0
11a0c00c-e587-4e6f-a50a-8952a3a02168	chr4	56114065	60243184	4	2	2
11a0c00c-e587-4e6f-a50a-8952a3a02168	chr4	60245411	60948454	3	3	0
11a0c00c-e587-4e6f-a50a-8952a3a02168	chr4	60948528	62791877	4	2	2
11a0c00c-e587-4e6f-a50a-8952a3a02168	chr4	62792286	64063554	4	4	0
11a0c00c-e587-4e6f-a50a-8952a3a02168	chr4	64064186	67833923	3	2	1
11a0c00c-e587-4e6f-a50a-8952a3a02168	chr4	67834241	68509237	3	3	0
11a0c00c-e587-4e6f-a50a-8952a3a02168	chr4	68509442	68623617	0	0	0
11a0c00c-e587-4e6f-a50a-8952a3a02168	chr4	68639397	69208316	3	3	0
11a0c00c-e587-4e6f-a50a-8952a3a02168	chr4	69210511	69653742	4	2	2
11a0c00c-e587-4e6f-a50a-8952a3a02168	chr4	69656037	71693437	4	3	1
11a0c00c-e587-4e6f-a50a-8952a3a02168	chr4	71698992	74927253	4	2	2
11a0c00c-e587-4e6f-a50a-8952a3a02168	chr4	74929298	75921846	3	3	0
11a0c00c-e587-4e6f-a50a-8952a3a02168	chr4	75927486	81759715	4	3	1
11a0c00c-e587-4e6f-a50a-8952a3a02168	chr4	81760627	83732364	3	3	0
11a0c00c-e587-4e6f-a50a-8952a3a02168	chr4	83733052	91317406	4	2	2
11a0c00c-e587-4e6f-a50a-8952a3a02168	chr4	91319774	92369516	3	3	0
11a0c00c-e587-4e6f-a50a-8952a3a02168	chr4	92369684	99068108	4	2	2
11a0c00c-e587-4e6f-a50a-8952a3a02168	chr4	99068584	99458374	3	3	0
11a0c00c-e587-4e6f-a50a-8952a3a02168	chr4	99458991	100741103	4	2	2
11a0c00c-e587-4e6f-a50a-8952a3a02168	chr4	100741180	101654958	4	3	1
11a0c00c-e587-4e6f-a50a-8952a3a02168	chr4	101655619	105374690	4	2	2
11a0c00c-e587-4e6f-a50a-8952a3a02168	chr4	105376032	106593338	3	3	0
11a0c00c-e587-4e6f-a50a-8952a3a02168	chr4	106594616	107775168	3	2	1
11a0c00c-e587-4e6f-a50a-8952a3a02168	chr4	107775677	108444193	3	3	0
11a0c00c-e587-4e6f-a50a-8952a3a02168	chr4	108446884	109442488	3	2	1
11a0c00c-e587-4e6f-a50a-8952a3a02168	chr4	109443640	110043206	3	3	0
11a0c00c-e587-4e6f-a50a-8952a3a02168	chr4	110043971	117976094	3	2	1
11a0c00c-e587-4e6f-a50a-8952a3a02168	chr4	117978491	121011417	3	3	0
11a0c00c-e587-4e6f-a50a-8952a3a02168	chr4	121012262	126541710	3	2	1
11a0c00c-e587-4e6f-a50a-8952a3a02168	chr4	126542947	128328434	3	3	0
11a0c00c-e587-4e6f-a50a-8952a3a02168	chr4	128331705	134009746	4	2	2
11a0c00c-e587-4e6f-a50a-8952a3a02168	chr4	134010761	134826597	4	4	0
11a0c00c-e587-4e6f-a50a-8952a3a02168	chr4	134828252	141888903	3	2	1
11a0c00c-e587-4e6f-a50a-8952a3a02168	chr4	141890838	146081134	4	3	1
11a0c00c-e587-4e6f-a50a-8952a3a02168	chr4	146082936	146592836	4	4	0
11a0c00c-e587-4e6f-a50a-8952a3a02168	chr4	146594532	153661535	3	2	1
11a0c00c-e587-4e6f-a50a-8952a3a02168	chr4	153661653	153845482	3	3	0
11a0c00c-e587-4e6f-a50a-8952a3a02168	chr4	153846273	157494205	3	2	1
11a0c00c-e587-4e6f-a50a-8952a3a02168	chr4	157494725	158125214	3	3	0
11a0c00c-e587-4e6f-a50a-8952a3a02168	chr4	158132683	159492666	3	2	1
11a0c00c-e587-4e6f-a50a-8952a3a02168	chr4	159494241	160141545	3	3	0
11a0c00c-e587-4e6f-a50a-8952a3a02168	chr4	160141768	167035554	3	2	1
11a0c00c-e587-4e6f-a50a-8952a3a02168	chr4	167037951	168437144	4	3	1
11a0c00c-e587-4e6f-a50a-8952a3a02168	chr4	168437567	170064739	4	2	2
11a0c00c-e587-4e6f-a50a-8952a3a02168	chr4	170066203	171259484	3	3	0
11a0c00c-e587-4e6f-a50a-8952a3a02168	chr4	171264830	172320078	3	2	1
11a0c00c-e587-4e6f-a50a-8952a3a02168	chr4	172323393	173118519	3	3	0
11a0c00c-e587-4e6f-a50a-8952a3a02168	chr4	173121458	184434727	4	2	2
11a0c00c-e587-4e6f-a50a-8952a3a02168	chr4	184435742	185406876	3	3	0
11a0c00c-e587-4e6f-a50a-8952a3a02168	chr4	185414732	190106768	4	2	2
11a0c00c-e587-4e6f-a50a-8952a3a02168	chr5	15532	570148	5	5	0
11a0c00c-e587-4e6f-a50a-8952a3a02168	chr5	570433	26895192	5	4	1
11a0c00c-e587-4e6f-a50a-8952a3a02168	chr5	26895440	35120749	4	2	2
11a0c00c-e587-4e6f-a50a-8952a3a02168	chr5	35122558	35964263	3	3	0
11a0c00c-e587-4e6f-a50a-8952a3a02168	chr5	35964987	38205483	3	2	1
11a0c00c-e587-4e6f-a50a-8952a3a02168	chr5	38206779	38728116	3	3	0
11a0c00c-e587-4e6f-a50a-8952a3a02168	chr5	38728495	53847560	3	2	1
11a0c00c-e587-4e6f-a50a-8952a3a02168	chr5	53847935	54398341	4	4	0
11a0c00c-e587-4e6f-a50a-8952a3a02168	chr5	54399111	56276695	3	2	1
11a0c00c-e587-4e6f-a50a-8952a3a02168	chr5	56278063	56566893	3	3	0
11a0c00c-e587-4e6f-a50a-8952a3a02168	chr5	56567248	59907792	3	2	1
11a0c00c-e587-4e6f-a50a-8952a3a02168	chr5	59908190	60839683	3	3	0
11a0c00c-e587-4e6f-a50a-8952a3a02168	chr5	60840135	64681700	3	2	1
11a0c00c-e587-4e6f-a50a-8952a3a02168	chr5	64681988	65301532	3	3	0
11a0c00c-e587-4e6f-a50a-8952a3a02168	chr5	65305230	72369452	3	2	1
11a0c00c-e587-4e6f-a50a-8952a3a02168	chr5	72370278	72719201	3	3	0
11a0c00c-e587-4e6f-a50a-8952a3a02168	chr5	72720409	100778381	3	2	1
11a0c00c-e587-4e6f-a50a-8952a3a02168	chr5	100779020	101685030	3	3	0
11a0c00c-e587-4e6f-a50a-8952a3a02168	chr5	101687985	102700073	3	2	1
11a0c00c-e587-4e6f-a50a-8952a3a02168	chr5	102700100	106492966	3	3	0
11a0c00c-e587-4e6f-a50a-8952a3a02168	chr5	106494627	107797498	4	2	2
11a0c00c-e587-4e6f-a50a-8952a3a02168	chr5	107798084	109295601	3	3	0
11a0c00c-e587-4e6f-a50a-8952a3a02168	chr5	109296235	113296904	3	2	1
11a0c00c-e587-4e6f-a50a-8952a3a02168	chr5	113301563	113670353	3	3	0
11a0c00c-e587-4e6f-a50a-8952a3a02168	chr5	113672250	114650408	3	2	1
11a0c00c-e587-4e6f-a50a-8952a3a02168	chr5	114650431	115487040	4	4	0
11a0c00c-e587-4e6f-a50a-8952a3a02168	chr5	115488332	116754206	4	2	2
11a0c00c-e587-4e6f-a50a-8952a3a02168	chr5	116755540	117222789	4	4	0
11a0c00c-e587-4e6f-a50a-8952a3a02168	chr5	117231140	120249758	4	3	1
11a0c00c-e587-4e6f-a50a-8952a3a02168	chr5	120250172	121756847	4	2	2
11a0c00c-e587-4e6f-a50a-8952a3a02168	chr5	121760699	122398565	3	3	0
11a0c00c-e587-4e6f-a50a-8952a3a02168	chr5	122398698	122746861	3	2	1
11a0c00c-e587-4e6f-a50a-8952a3a02168	chr5	122751735	123814190	3	3	0
11a0c00c-e587-4e6f-a50a-8952a3a02168	chr5	123814314	124284722	4	2	2
11a0c00c-e587-4e6f-a50a-8952a3a02168	chr5	124285143	124631583	4	4	0
11a0c00c-e587-4e6f-a50a-8952a3a02168	chr5	124631966	128304384	3	2	1
11a0c00c-e587-4e6f-a50a-8952a3a02168	chr5	128305253	128991891	3	3	0
11a0c00c-e587-4e6f-a50a-8952a3a02168	chr5	128994481	137612918	3	2	1
11a0c00c-e587-4e6f-a50a-8952a3a02168	chr5	137614418	138381576	4	4	0
11a0c00c-e587-4e6f-a50a-8952a3a02168	chr5	138388359	139705518	3	2	1
11a0c00c-e587-4e6f-a50a-8952a3a02168	chr5	139706148	140565722	3	3	0
11a0c00c-e587-4e6f-a50a-8952a3a02168	chr5	140566121	144178897	3	2	1
11a0c00c-e587-4e6f-a50a-8952a3a02168	chr5	144178999	145969061	3	3	0
11a0c00c-e587-4e6f-a50a-8952a3a02168	chr5	145971359	147974404	4	3	1
11a0c00c-e587-4e6f-a50a-8952a3a02168	chr5	147980395	150219330	3	2	1
11a0c00c-e587-4e6f-a50a-8952a3a02168	chr5	150221674	150749798	3	3	0
11a0c00c-e587-4e6f-a50a-8952a3a02168	chr5	150750522	152100500	3	2	1
11a0c00c-e587-4e6f-a50a-8952a3a02168	chr5	152100519	153004606	3	3	0
11a0c00c-e587-4e6f-a50a-8952a3a02168	chr5	153007108	160442703	4	3	1
11a0c00c-e587-4e6f-a50a-8952a3a02168	chr5	160443405	163705098	3	2	1
11a0c00c-e587-4e6f-a50a-8952a3a02168	chr5	163706013	164024455	4	4	0
11a0c00c-e587-4e6f-a50a-8952a3a02168	chr5	164025338	178780664	3	2	1
11a0c00c-e587-4e6f-a50a-8952a3a02168	chr5	178781818	181363319	4	3	1
11a0c00c-e587-4e6f-a50a-8952a3a02168	chr6	149661	2440933	3	2	1
11a0c00c-e587-4e6f-a50a-8952a3a02168	chr6	2441544	2833265	3	3	0
11a0c00c-e587-4e6f-a50a-8952a3a02168	chr6	2833505	8258316	4	2	2
11a0c00c-e587-4e6f-a50a-8952a3a02168	chr6	8258459	8880721	4	4	0
11a0c00c-e587-4e6f-a50a-8952a3a02168	chr6	8881282	17594998	3	2	1
11a0c00c-e587-4e6f-a50a-8952a3a02168	chr6	17603964	18638050	3	3	0
11a0c00c-e587-4e6f-a50a-8952a3a02168	chr6	18643808	20350919	4	2	2
11a0c00c-e587-4e6f-a50a-8952a3a02168	chr6	20352244	20728500	4	4	0
11a0c00c-e587-4e6f-a50a-8952a3a02168	chr6	20729135	25392117	3	2	1
11a0c00c-e587-4e6f-a50a-8952a3a02168	chr6	25392290	25875861	3	3	0
11a0c00c-e587-4e6f-a50a-8952a3a02168	chr6	25880679	30098254	4	2	2
11a0c00c-e587-4e6f-a50a-8952a3a02168	chr6	30098468	30446797	3	3	0
11a0c00c-e587-4e6f-a50a-8952a3a02168	chr6	30448127	31469763	3	2	1
11a0c00c-e587-4e6f-a50a-8952a3a02168	chr6	31469815	31670401	3	3	0
11a0c00c-e587-4e6f-a50a-8952a3a02168	chr6	31671352	34274296	3	2	1
11a0c00c-e587-4e6f-a50a-8952a3a02168	chr6	34275736	35466496	3	3	0
11a0c00c-e587-4e6f-a50a-8952a3a02168	chr6	35466853	37015643	3	2	1
11a0c00c-e587-4e6f-a50a-8952a3a02168	chr6	37016105	37597176	3	3	0
11a0c00c-e587-4e6f-a50a-8952a3a02168	chr6	37597923	53325336	3	2	1
11a0c00c-e587-4e6f-a50a-8952a3a02168	chr6	53325436	53713707	3	3	0
11a0c00c-e587-4e6f-a50a-8952a3a02168	chr6	53714182	56315941	4	2	2
11a0c00c-e587-4e6f-a50a-8952a3a02168	chr6	56316158	57244920	3	3	0
11a0c00c-e587-4e6f-a50a-8952a3a02168	chr6	57245256	61962296	3	2	1
11a0c00c-e587-4e6f-a50a-8952a3a02168	chr6	61969416	62977545	4	4	0
11a0c00c-e587-4e6f-a50a-8952a3a02168	chr6	62978869	65989689	3	2	1
11a0c00c-e587-4e6f-a50a-8952a3a02168	chr6	65989807	66530205	3	3	0
11a0c00c-e587-4e6f-a50a-8952a3a02168	chr6	66534366	67037027	3	2	1
11a0c00c-e587-4e6f-a50a-8952a3a02168	chr6	67037118	68021104	4	4	0
11a0c00c-e587-4e6f-a50a-8952a3a02168	chr6	68021217	68504798	3	2	1
11a0c00c-e587-4e6f-a50a-8952a3a02168	chr6	68505751	69135370	3	3	0
11a0c00c-e587-4e6f-a50a-8952a3a02168	chr6	69145805	75145044	3	2	1
11a0c00c-e587-4e6f-a50a-8952a3a02168	chr6	75146164	75797422	3	3	0
11a0c00c-e587-4e6f-a50a-8952a3a02168	chr6	75801639	110482867	2	2	0
11a0c00c-e587-4e6f-a50a-8952a3a02168	chr6	110484622	170741917	3	3	0
11a0c00c-e587-4e6f-a50a-8952a3a02168	chr7	43259	17620405	5	4	1
11a0c00c-e587-4e6f-a50a-8952a3a02168	chr7	17620481	18131297	3	2	1
11a0c00c-e587-4e6f-a50a-8952a3a02168	chr7	18131406	32152416	5	4	1
11a0c00c-e587-4e6f-a50a-8952a3a02168	chr7	32153266	32775896	5	5	0
11a0c00c-e587-4e6f-a50a-8952a3a02168	chr7	32776080	35866191	5	4	1
11a0c00c-e587-4e6f-a50a-8952a3a02168	chr7	35869187	36156091	5	5	0
11a0c00c-e587-4e6f-a50a-8952a3a02168	chr7	36157312	44137592	5	4	1
11a0c00c-e587-4e6f-a50a-8952a3a02168	chr7	44137813	45375548	5	5	0
11a0c00c-e587-4e6f-a50a-8952a3a02168	chr7	45376979	47803423	5	4	1
11a0c00c-e587-4e6f-a50a-8952a3a02168	chr7	47805813	49347640	5	5	0
11a0c00c-e587-4e6f-a50a-8952a3a02168	chr7	49349588	64231667	5	4	1
11a0c00c-e587-4e6f-a50a-8952a3a02168	chr7	64231965	64761094	6	6	0
11a0c00c-e587-4e6f-a50a-8952a3a02168	chr7	64761439	67947414	5	4	1
11a0c00c-e587-4e6f-a50a-8952a3a02168	chr7	67948035	68490472	5	5	0
11a0c00c-e587-4e6f-a50a-8952a3a02168	chr7	68490939	69443009	5	4	1
11a0c00c-e587-4e6f-a50a-8952a3a02168	chr7	69443299	70480354	5	5	0
11a0c00c-e587-4e6f-a50a-8952a3a02168	chr7	70480971	78413974	6	5	1
11a0c00c-e587-4e6f-a50a-8952a3a02168	chr7	78414170	89757880	5	4	1
11a0c00c-e587-4e6f-a50a-8952a3a02168	chr7	89759767	91110462	5	5	0
11a0c00c-e587-4e6f-a50a-8952a3a02168	chr7	91111735	99118100	5	4	1
11a0c00c-e587-4e6f-a50a-8952a3a02168	chr7	99118913	102297475	5	5	0
11a0c00c-e587-4e6f-a50a-8952a3a02168	chr7	102297670	106762223	5	4	1
11a0c00c-e587-4e6f-a50a-8952a3a02168	chr7	106766507	107658862	5	5	0
11a0c00c-e587-4e6f-a50a-8952a3a02168	chr7	107659082	113393312	6	5	1
11a0c00c-e587-4e6f-a50a-8952a3a02168	chr7	113393371	116365998	5	4	1
11a0c00c-e587-4e6f-a50a-8952a3a02168	chr7	116368790	118067692	5	5	0
11a0c00c-e587-4e6f-a50a-8952a3a02168	chr7	118067825	127571188	5	4	1
11a0c00c-e587-4e6f-a50a-8952a3a02168	chr7	127574276	128201716	6	6	0
11a0c00c-e587-4e6f-a50a-8952a3a02168	chr7	128204487	141307917	5	4	1
11a0c00c-e587-4e6f-a50a-8952a3a02168	chr7	141308238	142018606	6	6	0
11a0c00c-e587-4e6f-a50a-8952a3a02168	chr7	142019165	144805414	6	5	1
11a0c00c-e587-4e6f-a50a-8952a3a02168	chr7	144812401	145261569	6	4	2
11a0c00c-e587-4e6f-a50a-8952a3a02168	chr7	145264128	147257240	5	5	0
11a0c00c-e587-4e6f-a50a-8952a3a02168	chr7	147257305	147524713	6	4	2
11a0c00c-e587-4e6f-a50a-8952a3a02168	chr7	147528201	147911356	6	6	0
11a0c00c-e587-4e6f-a50a-8952a3a02168	chr7	147912285	159334314	5	4	1
11a0c00c-e587-4e6f-a50a-8952a3a02168	chr8	81254	3961601	3	2	1
11a0c00c-e587-4e6f-a50a-8952a3a02168	chr8	3961712	4070999	3	3	0
11a0c00c-e587-4e6f-a50a-8952a3a02168	chr8	4071207	5774231	4	2	2
11a0c00c-e587-4e6f-a50a-8952a3a02168	chr8	5774666	6054255	3	3	0
11a0c00c-e587-4e6f-a50a-8952a3a02168	chr8	6054578	8214781	3	2	1
11a0c00c-e587-4e6f-a50a-8952a3a02168	chr8	8234503	9528700	3	3	0
11a0c00c-e587-4e6f-a50a-8952a3a02168	chr8	9529496	10852394	3	2	1
11a0c00c-e587-4e6f-a50a-8952a3a02168	chr8	10852689	12862520	4	4	0
11a0c00c-e587-4e6f-a50a-8952a3a02168	chr8	12862840	15251698	4	2	2
11a0c00c-e587-4e6f-a50a-8952a3a02168	chr8	15252075	15455194	3	3	0
11a0c00c-e587-4e6f-a50a-8952a3a02168	chr8	15458073	18602078	4	2	2
11a0c00c-e587-4e6f-a50a-8952a3a02168	chr8	18602135	19228843	3	3	0
11a0c00c-e587-4e6f-a50a-8952a3a02168	chr8	19228857	21147703	3	2	1
11a0c00c-e587-4e6f-a50a-8952a3a02168	chr8	21149359	21456866	3	3	0
11a0c00c-e587-4e6f-a50a-8952a3a02168	chr8	21456884	24812096	3	2	1
11a0c00c-e587-4e6f-a50a-8952a3a02168	chr8	24817490	25565584	3	3	0
11a0c00c-e587-4e6f-a50a-8952a3a02168	chr8	25565635	28066158	4	2	2
11a0c00c-e587-4e6f-a50a-8952a3a02168	chr8	28066503	28297464	3	3	0
11a0c00c-e587-4e6f-a50a-8952a3a02168	chr8	28298939	29440440	3	2	1
11a0c00c-e587-4e6f-a50a-8952a3a02168	chr8	29440495	30305748	3	3	0
11a0c00c-e587-4e6f-a50a-8952a3a02168	chr8	30307652	37124212	4	2	2
11a0c00c-e587-4e6f-a50a-8952a3a02168	chr8	37126327	38745099	4	3	1
11a0c00c-e587-4e6f-a50a-8952a3a02168	chr8	38745240	46923664	3	2	1
11a0c00c-e587-4e6f-a50a-8952a3a02168	chr8	46924306	48636534	3	3	0
11a0c00c-e587-4e6f-a50a-8952a3a02168	chr8	48638584	49376709	3	2	1
11a0c00c-e587-4e6f-a50a-8952a3a02168	chr8	49378208	50602890	4	4	0
11a0c00c-e587-4e6f-a50a-8952a3a02168	chr8	50604850	51448336	3	2	1
11a0c00c-e587-4e6f-a50a-8952a3a02168	chr8	51449212	52007563	3	3	0
11a0c00c-e587-4e6f-a50a-8952a3a02168	chr8	52011220	60221192	4	2	2
11a0c00c-e587-4e6f-a50a-8952a3a02168	chr8	60222542	61697748	4	3	1
11a0c00c-e587-4e6f-a50a-8952a3a02168	chr8	61699042	69010884	4	2	2
11a0c00c-e587-4e6f-a50a-8952a3a02168	chr8	69014474	69985225	4	3	1
11a0c00c-e587-4e6f-a50a-8952a3a02168	chr8	69987711	70822371	3	2	1
11a0c00c-e587-4e6f-a50a-8952a3a02168	chr8	70823838	71834056	3	3	0
11a0c00c-e587-4e6f-a50a-8952a3a02168	chr8	71834327	74142227	4	2	2
11a0c00c-e587-4e6f-a50a-8952a3a02168	chr8	74144704	74280907	3	3	0
11a0c00c-e587-4e6f-a50a-8952a3a02168	chr8	74281045	80439466	4	2	2
11a0c00c-e587-4e6f-a50a-8952a3a02168	chr8	80439588	81594275	3	3	0
11a0c00c-e587-4e6f-a50a-8952a3a02168	chr8	81596212	95979534	4	2	2
11a0c00c-e587-4e6f-a50a-8952a3a02168	chr8	95979673	97316879	3	3	0
11a0c00c-e587-4e6f-a50a-8952a3a02168	chr8	97317537	103109046	4	3	1
11a0c00c-e587-4e6f-a50a-8952a3a02168	chr8	103109289	104320486	4	4	0
11a0c00c-e587-4e6f-a50a-8952a3a02168	chr8	104321075	115495265	4	2	2
11a0c00c-e587-4e6f-a50a-8952a3a02168	chr8	115495782	116417977	3	3	0
11a0c00c-e587-4e6f-a50a-8952a3a02168	chr8	116418140	119556686	4	2	2
11a0c00c-e587-4e6f-a50a-8952a3a02168	chr8	119558606	120172858	4	4	0
11a0c00c-e587-4e6f-a50a-8952a3a02168	chr8	120175675	120753938	4	2	2
11a0c00c-e587-4e6f-a50a-8952a3a02168	chr8	120754078	121131980	3	3	0
11a0c00c-e587-4e6f-a50a-8952a3a02168	chr8	121132027	128307467	4	2	2
11a0c00c-e587-4e6f-a50a-8952a3a02168	chr8	128308924	129322235	3	3	0
11a0c00c-e587-4e6f-a50a-8952a3a02168	chr8	129322640	139656317	4	3	1
11a0c00c-e587-4e6f-a50a-8952a3a02168	chr8	139657724	140172623	3	3	0
11a0c00c-e587-4e6f-a50a-8952a3a02168	chr8	140174259	142380270	3	2	1
11a0c00c-e587-4e6f-a50a-8952a3a02168	chr8	142381079	142927065	3	3	0
11a0c00c-e587-4e6f-a50a-8952a3a02168	chr8	142954274	145072769	3	2	1
11a0c00c-e587-4e6f-a50a-8952a3a02168	chr9	46587	1070591	4	3	1
11a0c00c-e587-4e6f-a50a-8952a3a02168	chr9	1070775	1677474	4	4	0
11a0c00c-e587-4e6f-a50a-8952a3a02168	chr9	1677835	3986123	4	2	2
11a0c00c-e587-4e6f-a50a-8952a3a02168	chr9	3986297	4359153	4	4	0
11a0c00c-e587-4e6f-a50a-8952a3a02168	chr9	4359533	15308669	4	2	2
11a0c00c-e587-4e6f-a50a-8952a3a02168	chr9	15309930	16051066	4	4	0
11a0c00c-e587-4e6f-a50a-8952a3a02168	chr9	16051761	19175874	4	3	1
11a0c00c-e587-4e6f-a50a-8952a3a02168	chr9	19176275	19599436	4	4	0
11a0c00c-e587-4e6f-a50a-8952a3a02168	chr9	19600227	21132153	4	2	2
11a0c00c-e587-4e6f-a50a-8952a3a02168	chr9	21132496	22543910	3	3	0
11a0c00c-e587-4e6f-a50a-8952a3a02168	chr9	22544844	41741113	4	3	1
11a0c00c-e587-4e6f-a50a-8952a3a02168	chr9	60863881	69892648	5	4	1
11a0c00c-e587-4e6f-a50a-8952a3a02168	chr9	69892796	103180121	4	3	1
11a0c00c-e587-4e6f-a50a-8952a3a02168	chr9	103184339	105670415	5	4	1
11a0c00c-e587-4e6f-a50a-8952a3a02168	chr9	105670462	123420262	4	3	1
11a0c00c-e587-4e6f-a50a-8952a3a02168	chr9	123422225	124155284	4	4	0
11a0c00c-e587-4e6f-a50a-8952a3a02168	chr9	124167930	126805553	4	3	1
11a0c00c-e587-4e6f-a50a-8952a3a02168	chr9	126806590	128195079	4	4	0
11a0c00c-e587-4e6f-a50a-8952a3a02168	chr9	128195621	138200944	4	3	1
11a0c00c-e587-4e6f-a50a-8952a3a02168	chr10	45792	865351	3	3	0
11a0c00c-e587-4e6f-a50a-8952a3a02168	chr10	866178	17013933	3	2	1
11a0c00c-e587-4e6f-a50a-8952a3a02168	chr10	17024859	17353850	4	4	0
11a0c00c-e587-4e6f-a50a-8952a3a02168	chr10	17353891	21229858	4	2	2
11a0c00c-e587-4e6f-a50a-8952a3a02168	chr10	21232647	24204108	3	3	0
11a0c00c-e587-4e6f-a50a-8952a3a02168	chr10	24204242	25544478	4	2	2
11a0c00c-e587-4e6f-a50a-8952a3a02168	chr10	25545965	26350427	3	3	0
11a0c00c-e587-4e6f-a50a-8952a3a02168	chr10	26356929	33125508	4	2	2
11a0c00c-e587-4e6f-a50a-8952a3a02168	chr10	33125820	34741889	3	3	0
11a0c00c-e587-4e6f-a50a-8952a3a02168	chr10	34750541	57396680	3	2	1
11a0c00c-e587-4e6f-a50a-8952a3a02168	chr10	57397619	58096840	4	3	1
11a0c00c-e587-4e6f-a50a-8952a3a02168	chr10	58097823	63966827	3	2	1
11a0c00c-e587-4e6f-a50a-8952a3a02168	chr10	63967244	64530936	3	3	0
11a0c00c-e587-4e6f-a50a-8952a3a02168	chr10	64531616	65468435	4	2	2
11a0c00c-e587-4e6f-a50a-8952a3a02168	chr10	65477793	66321660	3	3	0
11a0c00c-e587-4e6f-a50a-8952a3a02168	chr10	66322927	72730590	3	2	1
11a0c00c-e587-4e6f-a50a-8952a3a02168	chr10	72736251	75585203	3	3	0
11a0c00c-e587-4e6f-a50a-8952a3a02168	chr10	75587415	77665053	3	2	1
11a0c00c-e587-4e6f-a50a-8952a3a02168	chr10	77665186	78201465	4	4	0
11a0c00c-e587-4e6f-a50a-8952a3a02168	chr10	78202174	82646608	3	2	1
11a0c00c-e587-4e6f-a50a-8952a3a02168	chr10	82646679	83220820	3	3	0
11a0c00c-e587-4e6f-a50a-8952a3a02168	chr10	83224665	86699334	3	2	1
11a0c00c-e587-4e6f-a50a-8952a3a02168	chr10	86703496	87088376	3	3	0
11a0c00c-e587-4e6f-a50a-8952a3a02168	chr10	87092094	89817820	3	2	1
11a0c00c-e587-4e6f-a50a-8952a3a02168	chr10	89819944	91043212	3	3	0
11a0c00c-e587-4e6f-a50a-8952a3a02168	chr10	91046457	95997340	4	3	1
11a0c00c-e587-4e6f-a50a-8952a3a02168	chr10	95998512	99499226	3	2	1
11a0c00c-e587-4e6f-a50a-8952a3a02168	chr10	99500216	101548336	3	3	0
11a0c00c-e587-4e6f-a50a-8952a3a02168	chr10	101550206	108188306	3	2	1
11a0c00c-e587-4e6f-a50a-8952a3a02168	chr10	108188384	109218457	3	3	0
11a0c00c-e587-4e6f-a50a-8952a3a02168	chr10	109218562	110660301	3	2	1
11a0c00c-e587-4e6f-a50a-8952a3a02168	chr10	110662811	111106902	3	3	0
11a0c00c-e587-4e6f-a50a-8952a3a02168	chr10	111107461	111254917	3	2	1
11a0c00c-e587-4e6f-a50a-8952a3a02168	chr10	111257751	111546555	3	3	0
11a0c00c-e587-4e6f-a50a-8952a3a02168	chr10	111547040	112842985	3	2	1
11a0c00c-e587-4e6f-a50a-8952a3a02168	chr10	112844248	113365349	3	3	0
11a0c00c-e587-4e6f-a50a-8952a3a02168	chr10	113368138	114657253	3	2	1
11a0c00c-e587-4e6f-a50a-8952a3a02168	chr10	114657384	115727400	3	3	0
11a0c00c-e587-4e6f-a50a-8952a3a02168	chr10	115728351	118218020	3	2	1
11a0c00c-e587-4e6f-a50a-8952a3a02168	chr10	118218596	120246347	4	3	1
11a0c00c-e587-4e6f-a50a-8952a3a02168	chr10	120247056	120857383	4	2	2
11a0c00c-e587-4e6f-a50a-8952a3a02168	chr10	120860702	121329613	3	3	0
11a0c00c-e587-4e6f-a50a-8952a3a02168	chr10	121332690	123068222	3	2	1
11a0c00c-e587-4e6f-a50a-8952a3a02168	chr10	123068837	126136350	4	3	1
11a0c00c-e587-4e6f-a50a-8952a3a02168	chr10	126136819	133255220	3	2	1
11a0c00c-e587-4e6f-a50a-8952a3a02168	chr10	133263092	133654968	3	3	0
11a0c00c-e587-4e6f-a50a-8952a3a02168	chr11	198510	7101915	3	2	1
11a0c00c-e587-4e6f-a50a-8952a3a02168	chr11	7104153	7671499	3	3	0
11a0c00c-e587-4e6f-a50a-8952a3a02168	chr11	7675107	10309764	3	2	1
11a0c00c-e587-4e6f-a50a-8952a3a02168	chr11	10323889	10638290	3	3	0
11a0c00c-e587-4e6f-a50a-8952a3a02168	chr11	10638342	16871798	3	2	1
11a0c00c-e587-4e6f-a50a-8952a3a02168	chr11	16873294	17567134	3	3	0
11a0c00c-e587-4e6f-a50a-8952a3a02168	chr11	17570391	19573916	3	2	1
11a0c00c-e587-4e6f-a50a-8952a3a02168	chr11	19577856	19810161	3	3	0
11a0c00c-e587-4e6f-a50a-8952a3a02168	chr11	19810266	24966321	3	2	1
11a0c00c-e587-4e6f-a50a-8952a3a02168	chr11	24969737	25623451	4	4	0
11a0c00c-e587-4e6f-a50a-8952a3a02168	chr11	25625759	29468928	3	2	1
11a0c00c-e587-4e6f-a50a-8952a3a02168	chr11	29468984	29824618	3	3	0
11a0c00c-e587-4e6f-a50a-8952a3a02168	chr11	29824664	36408326	4	3	1
11a0c00c-e587-4e6f-a50a-8952a3a02168	chr11	36408539	36844796	3	3	0
11a0c00c-e587-4e6f-a50a-8952a3a02168	chr11	36846677	41383385	3	2	1
11a0c00c-e587-4e6f-a50a-8952a3a02168	chr11	41384491	41943758	4	4	0
11a0c00c-e587-4e6f-a50a-8952a3a02168	chr11	41944089	43531865	3	2	1
11a0c00c-e587-4e6f-a50a-8952a3a02168	chr11	43532336	44541394	3	3	0
11a0c00c-e587-4e6f-a50a-8952a3a02168	chr11	44542029	45271954	3	2	1
11a0c00c-e587-4e6f-a50a-8952a3a02168	chr11	45276048	47318716	3	3	0
11a0c00c-e587-4e6f-a50a-8952a3a02168	chr11	47326282	55794870	4	2	2
11a0c00c-e587-4e6f-a50a-8952a3a02168	chr11	55796300	57033495	3	3	0
11a0c00c-e587-4e6f-a50a-8952a3a02168	chr11	57033798	57415623	3	2	1
11a0c00c-e587-4e6f-a50a-8952a3a02168	chr11	57417491	58143826	3	3	0
11a0c00c-e587-4e6f-a50a-8952a3a02168	chr11	58147200	58647825	3	2	1
11a0c00c-e587-4e6f-a50a-8952a3a02168	chr11	58648003	60085123	6	5	1
11a0c00c-e587-4e6f-a50a-8952a3a02168	chr11	60085380	64022859	6	6	0
11a0c00c-e587-4e6f-a50a-8952a3a02168	chr11	64026332	71396321	6	5	1
11a0c00c-e587-4e6f-a50a-8952a3a02168	chr11	71398388	73634475	6	6	0
11a0c00c-e587-4e6f-a50a-8952a3a02168	chr11	73634837	75703889	6	5	1
11a0c00c-e587-4e6f-a50a-8952a3a02168	chr11	75704776	76284088	6	6	0
11a0c00c-e587-4e6f-a50a-8952a3a02168	chr11	76284363	96259413	6	5	1
11a0c00c-e587-4e6f-a50a-8952a3a02168	chr11	96264078	97226033	6	6	0
11a0c00c-e587-4e6f-a50a-8952a3a02168	chr11	97227124	135074876	6	5	1
11a0c00c-e587-4e6f-a50a-8952a3a02168	chr12	51460	33656632	5	4	1
11a0c00c-e587-4e6f-a50a-8952a3a02168	chr12	33657093	39250523	5	5	0
11a0c00c-e587-4e6f-a50a-8952a3a02168	chr12	39255298	52953064	5	4	1
11a0c00c-e587-4e6f-a50a-8952a3a02168	chr12	52953188	56477223	5	5	0
11a0c00c-e587-4e6f-a50a-8952a3a02168	chr12	56477530	91495146	5	4	1
11a0c00c-e587-4e6f-a50a-8952a3a02168	chr12	91496963	96764723	4	2	2
11a0c00c-e587-4e6f-a50a-8952a3a02168	chr12	96776669	97089336	4	4	0
11a0c00c-e587-4e6f-a50a-8952a3a02168	chr12	97093753	97486516	4	2	2
11a0c00c-e587-4e6f-a50a-8952a3a02168	chr12	97486592	98390902	4	4	0
11a0c00c-e587-4e6f-a50a-8952a3a02168	chr12	98390972	108314550	4	2	2
11a0c00c-e587-4e6f-a50a-8952a3a02168	chr12	108317654	108465781	3	3	0
11a0c00c-e587-4e6f-a50a-8952a3a02168	chr12	108465837	109260351	4	2	2
11a0c00c-e587-4e6f-a50a-8952a3a02168	chr12	109266520	112802895	4	4	0
11a0c00c-e587-4e6f-a50a-8952a3a02168	chr12	112810302	113010847	4	2	2
11a0c00c-e587-4e6f-a50a-8952a3a02168	chr12	113014986	113524480	3	3	0
11a0c00c-e587-4e6f-a50a-8952a3a02168	chr12	113524555	122669313	4	2	2
11a0c00c-e587-4e6f-a50a-8952a3a02168	chr12	122669492	124230080	4	4	0
11a0c00c-e587-4e6f-a50a-8952a3a02168	chr12	124230618	125339402	3	2	1
11a0c00c-e587-4e6f-a50a-8952a3a02168	chr12	125339418	126640834	3	3	0
11a0c00c-e587-4e6f-a50a-8952a3a02168	chr12	126641198	131693167	3	2	1
11a0c00c-e587-4e6f-a50a-8952a3a02168	chr12	131694505	133201603	3	3	0
11a0c00c-e587-4e6f-a50a-8952a3a02168	chr13	18452809	19069038	4	4	0
11a0c00c-e587-4e6f-a50a-8952a3a02168	chr13	19071411	21113708	3	2	1
11a0c00c-e587-4e6f-a50a-8952a3a02168	chr13	21113863	21906793	3	3	0
11a0c00c-e587-4e6f-a50a-8952a3a02168	chr13	21907454	27967625	3	2	1
11a0c00c-e587-4e6f-a50a-8952a3a02168	chr13	27971131	28574697	3	3	0
11a0c00c-e587-4e6f-a50a-8952a3a02168	chr13	28575204	29583115	3	2	1
11a0c00c-e587-4e6f-a50a-8952a3a02168	chr13	29588216	30032925	3	3	0
11a0c00c-e587-4e6f-a50a-8952a3a02168	chr13	30032939	33202369	3	2	1
11a0c00c-e587-4e6f-a50a-8952a3a02168	chr13	33202689	33665208	4	4	0
11a0c00c-e587-4e6f-a50a-8952a3a02168	chr13	33665518	36859644	3	2	1
11a0c00c-e587-4e6f-a50a-8952a3a02168	chr13	36861013	37318822	4	4	0
11a0c00c-e587-4e6f-a50a-8952a3a02168	chr13	37321192	37585119	4	2	2
11a0c00c-e587-4e6f-a50a-8952a3a02168	chr13	37585143	38457792	3	3	0
11a0c00c-e587-4e6f-a50a-8952a3a02168	chr13	38458445	44900738	3	2	1
11a0c00c-e587-4e6f-a50a-8952a3a02168	chr13	44900847	46062749	3	3	0
11a0c00c-e587-4e6f-a50a-8952a3a02168	chr13	46063576	47612102	3	2	1
11a0c00c-e587-4e6f-a50a-8952a3a02168	chr13	47612501	48714402	3	3	0
11a0c00c-e587-4e6f-a50a-8952a3a02168	chr13	48714490	49611774	3	2	1
11a0c00c-e587-4e6f-a50a-8952a3a02168	chr13	49615177	50271558	4	4	0
11a0c00c-e587-4e6f-a50a-8952a3a02168	chr13	50272612	51564295	4	3	1
11a0c00c-e587-4e6f-a50a-8952a3a02168	chr13	51564918	51957824	3	3	0
11a0c00c-e587-4e6f-a50a-8952a3a02168	chr13	51958643	53101779	4	2	2
11a0c00c-e587-4e6f-a50a-8952a3a02168	chr13	53103588	54272426	3	3	0
11a0c00c-e587-4e6f-a50a-8952a3a02168	chr13	54274765	54896921	3	2	1
11a0c00c-e587-4e6f-a50a-8952a3a02168	chr13	54899559	56074564	3	3	0
11a0c00c-e587-4e6f-a50a-8952a3a02168	chr13	56074607	59311320	3	2	1
11a0c00c-e587-4e6f-a50a-8952a3a02168	chr13	59311950	61040109	3	3	0
11a0c00c-e587-4e6f-a50a-8952a3a02168	chr13	61040586	61732658	4	2	2
11a0c00c-e587-4e6f-a50a-8952a3a02168	chr13	61732704	62816356	4	4	0
11a0c00c-e587-4e6f-a50a-8952a3a02168	chr13	62820421	64042894	3	2	1
11a0c00c-e587-4e6f-a50a-8952a3a02168	chr13	64043211	64788300	3	3	0
11a0c00c-e587-4e6f-a50a-8952a3a02168	chr13	64789855	68879364	4	2	2
11a0c00c-e587-4e6f-a50a-8952a3a02168	chr13	68885430	69857351	4	4	0
11a0c00c-e587-4e6f-a50a-8952a3a02168	chr13	69857470	99635297	3	2	1
11a0c00c-e587-4e6f-a50a-8952a3a02168	chr13	99636703	100015838	3	3	0
11a0c00c-e587-4e6f-a50a-8952a3a02168	chr13	100016684	112244157	3	2	1
11a0c00c-e587-4e6f-a50a-8952a3a02168	chr13	112245602	112715088	4	4	0
11a0c00c-e587-4e6f-a50a-8952a3a02168	chr13	112717624	113990139	3	2	1
11a0c00c-e587-4e6f-a50a-8952a3a02168	chr13	113991744	114342922	3	3	0
11a0c00c-e587-4e6f-a50a-8952a3a02168	chr14	18239283	20541313	4	3	1
11a0c00c-e587-4e6f-a50a-8952a3a02168	chr14	20541845	31995106	3	2	1
11a0c00c-e587-4e6f-a50a-8952a3a02168	chr14	32001760	32494736	4	4	0
11a0c00c-e587-4e6f-a50a-8952a3a02168	chr14	32495132	34228172	3	2	1
11a0c00c-e587-4e6f-a50a-8952a3a02168	chr14	34228363	34513258	3	3	0
11a0c00c-e587-4e6f-a50a-8952a3a02168	chr14	34521237	48105440	3	2	1
11a0c00c-e587-4e6f-a50a-8952a3a02168	chr14	48105453	50043254	3	3	0
11a0c00c-e587-4e6f-a50a-8952a3a02168	chr14	50047519	54720873	3	2	1
11a0c00c-e587-4e6f-a50a-8952a3a02168	chr14	54721639	55448675	3	3	0
11a0c00c-e587-4e6f-a50a-8952a3a02168	chr14	55448690	59347050	3	2	1
11a0c00c-e587-4e6f-a50a-8952a3a02168	chr14	59347213	59681698	3	3	0
11a0c00c-e587-4e6f-a50a-8952a3a02168	chr14	59682082	67611690	3	2	1
11a0c00c-e587-4e6f-a50a-8952a3a02168	chr14	67612270	68269754	3	3	0
11a0c00c-e587-4e6f-a50a-8952a3a02168	chr14	68269937	68808233	3	2	1
11a0c00c-e587-4e6f-a50a-8952a3a02168	chr14	68810624	70708664	3	3	0
11a0c00c-e587-4e6f-a50a-8952a3a02168	chr14	70710181	72544550	3	2	1
11a0c00c-e587-4e6f-a50a-8952a3a02168	chr14	72545018	75231889	4	3	1
11a0c00c-e587-4e6f-a50a-8952a3a02168	chr14	75232735	77132032	3	2	1
11a0c00c-e587-4e6f-a50a-8952a3a02168	chr14	77134648	77573168	3	3	0
11a0c00c-e587-4e6f-a50a-8952a3a02168	chr14	77576852	93790656	3	2	1
11a0c00c-e587-4e6f-a50a-8952a3a02168	chr14	93791554	94116484	3	3	0
11a0c00c-e587-4e6f-a50a-8952a3a02168	chr14	94116589	96169110	3	2	1
11a0c00c-e587-4e6f-a50a-8952a3a02168	chr14	96169262	96934245	4	4	0
11a0c00c-e587-4e6f-a50a-8952a3a02168	chr14	96934299	101428326	3	2	1
11a0c00c-e587-4e6f-a50a-8952a3a02168	chr14	101436396	102339862	3	3	0
11a0c00c-e587-4e6f-a50a-8952a3a02168	chr14	102339954	106877229	3	2	1
11a0c00c-e587-4e6f-a50a-8952a3a02168	chr15	19811075	24920629	3	2	1
11a0c00c-e587-4e6f-a50a-8952a3a02168	chr15	24921308	25497608	4	4	0
11a0c00c-e587-4e6f-a50a-8952a3a02168	chr15	25498270	33642907	3	2	1
11a0c00c-e587-4e6f-a50a-8952a3a02168	chr15	33644678	34139579	3	3	0
11a0c00c-e587-4e6f-a50a-8952a3a02168	chr15	34139616	37648685	3	2	1
11a0c00c-e587-4e6f-a50a-8952a3a02168	chr15	37651770	38849709	3	3	0
11a0c00c-e587-4e6f-a50a-8952a3a02168	chr15	38851374	44790815	3	2	1
11a0c00c-e587-4e6f-a50a-8952a3a02168	chr15	44792349	46587779	3	3	0
11a0c00c-e587-4e6f-a50a-8952a3a02168	chr15	46588597	48932175	3	2	1
11a0c00c-e587-4e6f-a50a-8952a3a02168	chr15	48935624	50116727	3	3	0
11a0c00c-e587-4e6f-a50a-8952a3a02168	chr15	50118333	52251194	3	2	1
11a0c00c-e587-4e6f-a50a-8952a3a02168	chr15	52252227	52715344	3	3	0
11a0c00c-e587-4e6f-a50a-8952a3a02168	chr15	52715472	63353087	3	2	1
11a0c00c-e587-4e6f-a50a-8952a3a02168	chr15	63353678	65811898	3	3	0
11a0c00c-e587-4e6f-a50a-8952a3a02168	chr15	65812576	66859564	3	2	1
11a0c00c-e587-4e6f-a50a-8952a3a02168	chr15	66859671	67388618	3	3	0
11a0c00c-e587-4e6f-a50a-8952a3a02168	chr15	67389569	68772639	3	2	1
11a0c00c-e587-4e6f-a50a-8952a3a02168	chr15	68773235	69295480	3	3	0
11a0c00c-e587-4e6f-a50a-8952a3a02168	chr15	69295640	70438615	3	2	1
11a0c00c-e587-4e6f-a50a-8952a3a02168	chr15	70439328	70862662	3	3	0
11a0c00c-e587-4e6f-a50a-8952a3a02168	chr15	70863792	71706090	4	2	2
11a0c00c-e587-4e6f-a50a-8952a3a02168	chr15	71706472	75038138	3	3	0
11a0c00c-e587-4e6f-a50a-8952a3a02168	chr15	75038405	88193697	3	2	1
11a0c00c-e587-4e6f-a50a-8952a3a02168	chr15	88199208	88615493	4	4	0
11a0c00c-e587-4e6f-a50a-8952a3a02168	chr15	88615929	90603950	3	2	1
11a0c00c-e587-4e6f-a50a-8952a3a02168	chr15	90604280	91305942	3	3	0
11a0c00c-e587-4e6f-a50a-8952a3a02168	chr15	91314721	92470330	3	2	1
11a0c00c-e587-4e6f-a50a-8952a3a02168	chr15	92471665	92649782	3	3	0
11a0c00c-e587-4e6f-a50a-8952a3a02168	chr15	92650696	101928837	3	2	1
11a0c00c-e587-4e6f-a50a-8952a3a02168	chr16	10777	3491251	5	4	1
11a0c00c-e587-4e6f-a50a-8952a3a02168	chr16	3492420	4858475	4	4	0
11a0c00c-e587-4e6f-a50a-8952a3a02168	chr16	4858503	66453303	5	4	1
11a0c00c-e587-4e6f-a50a-8952a3a02168	chr16	66459275	68271609	4	4	0
11a0c00c-e587-4e6f-a50a-8952a3a02168	chr16	68273544	90096867	5	4	1
11a0c00c-e587-4e6f-a50a-8952a3a02168	chr17	150733	7645893	4	3	1
11a0c00c-e587-4e6f-a50a-8952a3a02168	chr17	7646363	8475140	3	3	0
11a0c00c-e587-4e6f-a50a-8952a3a02168	chr17	8477112	16929263	3	2	1
11a0c00c-e587-4e6f-a50a-8952a3a02168	chr17	16934051	17487891	3	3	0
11a0c00c-e587-4e6f-a50a-8952a3a02168	chr17	17488036	27217253	3	2	1
11a0c00c-e587-4e6f-a50a-8952a3a02168	chr17	27217862	30545607	3	3	0
11a0c00c-e587-4e6f-a50a-8952a3a02168	chr17	30546009	40882082	3	2	1
11a0c00c-e587-4e6f-a50a-8952a3a02168	chr17	40884134	42094309	4	4	0
11a0c00c-e587-4e6f-a50a-8952a3a02168	chr17	42096031	44913288	3	2	1
11a0c00c-e587-4e6f-a50a-8952a3a02168	chr17	44914681	49904253	3	3	0
11a0c00c-e587-4e6f-a50a-8952a3a02168	chr17	49909227	60249685	3	2	1
11a0c00c-e587-4e6f-a50a-8952a3a02168	chr17	60250395	62969903	3	3	0
11a0c00c-e587-4e6f-a50a-8952a3a02168	chr17	62979274	63915777	4	2	2
11a0c00c-e587-4e6f-a50a-8952a3a02168	chr17	63916784	65235137	2	2	0
11a0c00c-e587-4e6f-a50a-8952a3a02168	chr17	65236506	71108797	3	2	1
11a0c00c-e587-4e6f-a50a-8952a3a02168	chr17	71109209	83091923	4	3	1
11a0c00c-e587-4e6f-a50a-8952a3a02168	chr18	48133	15402409	2	2	0
11a0c00c-e587-4e6f-a50a-8952a3a02168	chr18	20949392	24199446	5	4	1
11a0c00c-e587-4e6f-a50a-8952a3a02168	chr18	24201829	24626578	4	4	0
11a0c00c-e587-4e6f-a50a-8952a3a02168	chr18	24627625	30997781	4	2	2
11a0c00c-e587-4e6f-a50a-8952a3a02168	chr18	30998878	31570327	4	4	0
11a0c00c-e587-4e6f-a50a-8952a3a02168	chr18	31572756	34497055	5	3	2
11a0c00c-e587-4e6f-a50a-8952a3a02168	chr18	34497350	37632071	4	4	0
11a0c00c-e587-4e6f-a50a-8952a3a02168	chr18	37632509	40435668	4	2	2
11a0c00c-e587-4e6f-a50a-8952a3a02168	chr18	40437241	41843200	4	4	0
11a0c00c-e587-4e6f-a50a-8952a3a02168	chr18	41843505	43564538	5	4	1
11a0c00c-e587-4e6f-a50a-8952a3a02168	chr18	43564635	47414026	4	2	2
11a0c00c-e587-4e6f-a50a-8952a3a02168	chr18	47416328	47746191	4	4	0
11a0c00c-e587-4e6f-a50a-8952a3a02168	chr18	47748513	53898852	4	3	1
11a0c00c-e587-4e6f-a50a-8952a3a02168	chr18	53903961	55754701	8	7	1
11a0c00c-e587-4e6f-a50a-8952a3a02168	chr18	55758120	80257174	4	3	1
11a0c00c-e587-4e6f-a50a-8952a3a02168	chr19	90910	8569059	4	3	1
11a0c00c-e587-4e6f-a50a-8952a3a02168	chr19	8569882	16808001	3	2	1
11a0c00c-e587-4e6f-a50a-8952a3a02168	chr19	16810909	17480671	3	3	0
11a0c00c-e587-4e6f-a50a-8952a3a02168	chr19	17482021	23526518	4	3	1
11a0c00c-e587-4e6f-a50a-8952a3a02168	chr19	23526546	28146573	3	3	0
11a0c00c-e587-4e6f-a50a-8952a3a02168	chr19	28146671	29436358	3	2	1
11a0c00c-e587-4e6f-a50a-8952a3a02168	chr19	29436483	31974785	3	3	0
11a0c00c-e587-4e6f-a50a-8952a3a02168	chr19	31978780	39047412	3	2	1
11a0c00c-e587-4e6f-a50a-8952a3a02168	chr19	39051944	49069290	4	3	1
11a0c00c-e587-4e6f-a50a-8952a3a02168	chr19	49069320	49950060	4	4	0
11a0c00c-e587-4e6f-a50a-8952a3a02168	chr19	49953261	50868163	3	2	1
11a0c00c-e587-4e6f-a50a-8952a3a02168	chr19	50868530	51239865	3	3	0
11a0c00c-e587-4e6f-a50a-8952a3a02168	chr19	51239889	58586487	4	2	2
11a0c00c-e587-4e6f-a50a-8952a3a02168	chr20	80664	1179183	3	2	1
11a0c00c-e587-4e6f-a50a-8952a3a02168	chr20	1181726	1470781	3	3	0
11a0c00c-e587-4e6f-a50a-8952a3a02168	chr20	1470983	2255536	4	2	2
11a0c00c-e587-4e6f-a50a-8952a3a02168	chr20	2256871	4596168	4	3	1
11a0c00c-e587-4e6f-a50a-8952a3a02168	chr20	4596694	6067341	3	2	1
11a0c00c-e587-4e6f-a50a-8952a3a02168	chr20	6068515	6640246	4	4	0
11a0c00c-e587-4e6f-a50a-8952a3a02168	chr20	6640542	9173613	4	2	2
11a0c00c-e587-4e6f-a50a-8952a3a02168	chr20	9175556	9727018	3	3	0
11a0c00c-e587-4e6f-a50a-8952a3a02168	chr20	9727931	11297107	4	2	2
11a0c00c-e587-4e6f-a50a-8952a3a02168	chr20	11300974	11523626	3	3	0
11a0c00c-e587-4e6f-a50a-8952a3a02168	chr20	11524956	17500976	3	2	1
11a0c00c-e587-4e6f-a50a-8952a3a02168	chr20	17502208	17771064	3	3	0
11a0c00c-e587-4e6f-a50a-8952a3a02168	chr20	17771668	18000752	3	2	1
11a0c00c-e587-4e6f-a50a-8952a3a02168	chr20	18001466	18817411	3	3	0
11a0c00c-e587-4e6f-a50a-8952a3a02168	chr20	18819983	22974528	3	2	1
11a0c00c-e587-4e6f-a50a-8952a3a02168	chr20	22974864	23422137	3	3	0
11a0c00c-e587-4e6f-a50a-8952a3a02168	chr20	23423302	23973194	3	2	1
11a0c00c-e587-4e6f-a50a-8952a3a02168	chr20	23974154	34489764	3	3	0
11a0c00c-e587-4e6f-a50a-8952a3a02168	chr20	34489992	37510351	3	2	1
11a0c00c-e587-4e6f-a50a-8952a3a02168	chr20	37510570	39246402	3	3	0
11a0c00c-e587-4e6f-a50a-8952a3a02168	chr20	39247791	48578972	3	2	1
11a0c00c-e587-4e6f-a50a-8952a3a02168	chr20	48580798	49627516	3	3	0
11a0c00c-e587-4e6f-a50a-8952a3a02168	chr20	49629772	52046422	3	2	1
11a0c00c-e587-4e6f-a50a-8952a3a02168	chr20	52046539	52594173	4	4	0
11a0c00c-e587-4e6f-a50a-8952a3a02168	chr20	52595054	54276705	4	2	2
11a0c00c-e587-4e6f-a50a-8952a3a02168	chr20	54277260	54711882	3	3	0
11a0c00c-e587-4e6f-a50a-8952a3a02168	chr20	54713403	60256881	4	3	1
11a0c00c-e587-4e6f-a50a-8952a3a02168	chr20	60257286	63344226	3	2	1
11a0c00c-e587-4e6f-a50a-8952a3a02168	chr20	63345036	64324800	3	3	0
11a0c00c-e587-4e6f-a50a-8952a3a02168	chr21	12973348	15306348	4	2	2
11a0c00c-e587-4e6f-a50a-8952a3a02168	chr21	15306833	16634657	3	3	0
11a0c00c-e587-4e6f-a50a-8952a3a02168	chr21	16635875	21940706	4	2	2
11a0c00c-e587-4e6f-a50a-8952a3a02168	chr21	21943366	22904494	4	4	0
11a0c00c-e587-4e6f-a50a-8952a3a02168	chr21	22905742	25957799	3	2	1
11a0c00c-e587-4e6f-a50a-8952a3a02168	chr21	25959655	26173336	3	3	0
11a0c00c-e587-4e6f-a50a-8952a3a02168	chr21	26176012	26741351	4	2	2
11a0c00c-e587-4e6f-a50a-8952a3a02168	chr21	26741558	26974800	4	4	0
11a0c00c-e587-4e6f-a50a-8952a3a02168	chr21	26975733	31498239	3	2	1
11a0c00c-e587-4e6f-a50a-8952a3a02168	chr21	31498404	33852571	3	3	0
11a0c00c-e587-4e6f-a50a-8952a3a02168	chr21	33853778	35513284	4	2	2
11a0c00c-e587-4e6f-a50a-8952a3a02168	chr21	35513619	35926461	4	4	0
11a0c00c-e587-4e6f-a50a-8952a3a02168	chr21	35928963	38946387	3	2	1
11a0c00c-e587-4e6f-a50a-8952a3a02168	chr21	38947235	39375840	3	3	0
11a0c00c-e587-4e6f-a50a-8952a3a02168	chr21	39376036	39625432	4	2	2
11a0c00c-e587-4e6f-a50a-8952a3a02168	chr21	39625738	39935532	3	3	0
11a0c00c-e587-4e6f-a50a-8952a3a02168	chr21	39936446	40945427	3	2	1
11a0c00c-e587-4e6f-a50a-8952a3a02168	chr21	40945490	41259402	3	3	0
11a0c00c-e587-4e6f-a50a-8952a3a02168	chr21	41260534	42681639	3	2	1
11a0c00c-e587-4e6f-a50a-8952a3a02168	chr21	42683839	46106805	4	3	1
11a0c00c-e587-4e6f-a50a-8952a3a02168	chr21	46107278	46677045	4	2	2
11a0c00c-e587-4e6f-a50a-8952a3a02168	chr22	16392123	22084548	3	2	1
11a0c00c-e587-4e6f-a50a-8952a3a02168	chr22	22084887	22194154	2	2	0
11a0c00c-e587-4e6f-a50a-8952a3a02168	chr22	22194195	22913385	1	1	0
11a0c00c-e587-4e6f-a50a-8952a3a02168	chr22	22916061	29623737	3	2	1
11a0c00c-e587-4e6f-a50a-8952a3a02168	chr22	29625277	32368894	3	3	0
11a0c00c-e587-4e6f-a50a-8952a3a02168	chr22	32368936	32872807	3	2	1
11a0c00c-e587-4e6f-a50a-8952a3a02168	chr22	32874474	34457967	4	3	1
11a0c00c-e587-4e6f-a50a-8952a3a02168	chr22	34458673	37078595	3	2	1
11a0c00c-e587-4e6f-a50a-8952a3a02168	chr22	37080529	37322963	3	3	0
11a0c00c-e587-4e6f-a50a-8952a3a02168	chr22	37326260	50796027	4	3	1
11a0c00c-e587-4e6f-a50a-8952a3a02168	chrX	251810	1496222	3	3	0
11a0c00c-e587-4e6f-a50a-8952a3a02168	chrX	1497753	2671476	2	2	0
11a0c00c-e587-4e6f-a50a-8952a3a02168	chrX	2677018	156004181	3	3	0
11a0c00c-e587-4e6f-a50a-8952a3a02168	chrY	2782397	56872112	1	1	0
758d194c-244a-41b7-9e09-1bea5017cefd	chr1	61735	248930189	2	1	1
758d194c-244a-41b7-9e09-1bea5017cefd	chr2	12784	132516148	2	1	1
758d194c-244a-41b7-9e09-1bea5017cefd	chr2	132520905	134862065	1	1	0
758d194c-244a-41b7-9e09-1bea5017cefd	chr2	134862615	149063499	0	0	0
758d194c-244a-41b7-9e09-1bea5017cefd	chr2	149063722	171553747	1	1	0
758d194c-244a-41b7-9e09-1bea5017cefd	chr2	171554438	242147305	2	1	1
758d194c-244a-41b7-9e09-1bea5017cefd	chr3	18667	198169247	2	1	1
758d194c-244a-41b7-9e09-1bea5017cefd	chr4	12281	190106768	2	1	1
758d194c-244a-41b7-9e09-1bea5017cefd	chr5	15532	181363319	2	1	1
758d194c-244a-41b7-9e09-1bea5017cefd	chr6	149661	170741917	2	1	1
758d194c-244a-41b7-9e09-1bea5017cefd	chr7	43259	159334314	2	1	1
758d194c-244a-41b7-9e09-1bea5017cefd	chr8	81254	145072769	2	1	1
758d194c-244a-41b7-9e09-1bea5017cefd	chr9	46587	42995504	2	1	1
758d194c-244a-41b7-9e09-1bea5017cefd	chr9	60840363	138200944	2	2	0
758d194c-244a-41b7-9e09-1bea5017cefd	chr10	26823	133769379	2	1	1
758d194c-244a-41b7-9e09-1bea5017cefd	chr11	198572	80130607	2	1	1
758d194c-244a-41b7-9e09-1bea5017cefd	chr11	80130934	126318788	1	1	0
758d194c-244a-41b7-9e09-1bea5017cefd	chr11	126319447	135074876	2	1	1
758d194c-244a-41b7-9e09-1bea5017cefd	chr12	51460	133201603	2	1	1
758d194c-244a-41b7-9e09-1bea5017cefd	chr13	18452809	114342922	2	1	1
758d194c-244a-41b7-9e09-1bea5017cefd	chr14	18225647	105863019	2	1	1
758d194c-244a-41b7-9e09-1bea5017cefd	chr14	105876458	106689547	0	0	0
758d194c-244a-41b7-9e09-1bea5017cefd	chr14	106696253	106877229	1	1	0
758d194c-244a-41b7-9e09-1bea5017cefd	chr15	19811075	101928837	2	1	1
758d194c-244a-41b7-9e09-1bea5017cefd	chr16	10777	90221127	2	1	1
758d194c-244a-41b7-9e09-1bea5017cefd	chr17	150733	83090856	2	1	1
758d194c-244a-41b7-9e09-1bea5017cefd	chr18	48133	80257174	2	1	1
758d194c-244a-41b7-9e09-1bea5017cefd	chr19	90910	58586487	2	1	1
758d194c-244a-41b7-9e09-1bea5017cefd	chr20	80664	64324800	2	1	1
758d194c-244a-41b7-9e09-1bea5017cefd	chr21	10336543	46677045	2	1	1
758d194c-244a-41b7-9e09-1bea5017cefd	chr22	15294545	50796027	2	1	1
758d194c-244a-41b7-9e09-1bea5017cefd	chrX	251810	90524541	2	1	1
758d194c-244a-41b7-9e09-1bea5017cefd	chrX	90526754	156004181	2	2	0
ccb9f6eb-643c-4dea-9da2-1262dd6115ea	chr1	61735	121741181	2	1	1
ccb9f6eb-643c-4dea-9da2-1262dd6115ea	chr1	143285278	175210999	3	3	0
ccb9f6eb-643c-4dea-9da2-1262dd6115ea	chr1	175214803	176047274	4	3	1
ccb9f6eb-643c-4dea-9da2-1262dd6115ea	chr1	176052139	181805135	3	2	1
ccb9f6eb-643c-4dea-9da2-1262dd6115ea	chr1	181805916	181913987	4	3	1
ccb9f6eb-643c-4dea-9da2-1262dd6115ea	chr1	181914767	244042661	3	2	1
ccb9f6eb-643c-4dea-9da2-1262dd6115ea	chr1	244043308	247695131	2	1	1
ccb9f6eb-643c-4dea-9da2-1262dd6115ea	chr1	247700657	248930189	3	2	1
ccb9f6eb-643c-4dea-9da2-1262dd6115ea	chr2	12784	102148149	2	1	1
ccb9f6eb-643c-4dea-9da2-1262dd6115ea	chr2	102149405	102197656	1	1	0
ccb9f6eb-643c-4dea-9da2-1262dd6115ea	chr2	102200235	242147305	2	1	1
ccb9f6eb-643c-4dea-9da2-1262dd6115ea	chr3	18667	97149991	2	1	1
ccb9f6eb-643c-4dea-9da2-1262dd6115ea	chr3	97157779	98123637	3	2	1
ccb9f6eb-643c-4dea-9da2-1262dd6115ea	chr3	98129555	119239356	2	1	1
ccb9f6eb-643c-4dea-9da2-1262dd6115ea	chr3	119261341	120221137	1	1	0
ccb9f6eb-643c-4dea-9da2-1262dd6115ea	chr3	120223777	198169247	2	1	1
ccb9f6eb-643c-4dea-9da2-1262dd6115ea	chr4	12281	190106768	2	1	1
ccb9f6eb-643c-4dea-9da2-1262dd6115ea	chr5	15532	35664261	2	1	1
ccb9f6eb-643c-4dea-9da2-1262dd6115ea	chr5	35673481	35875852	1	1	0
ccb9f6eb-643c-4dea-9da2-1262dd6115ea	chr5	35877724	127517345	2	1	1
ccb9f6eb-643c-4dea-9da2-1262dd6115ea	chr5	127518435	127594980	1	1	0
ccb9f6eb-643c-4dea-9da2-1262dd6115ea	chr5	127597658	181363319	2	1	1
ccb9f6eb-643c-4dea-9da2-1262dd6115ea	chr6	149661	8967197	2	1	1
ccb9f6eb-643c-4dea-9da2-1262dd6115ea	chr6	8967646	14127946	1	1	0
ccb9f6eb-643c-4dea-9da2-1262dd6115ea	chr6	14128110	28858628	2	1	1
ccb9f6eb-643c-4dea-9da2-1262dd6115ea	chr6	28869040	30073782	1	1	0
ccb9f6eb-643c-4dea-9da2-1262dd6115ea	chr6	30076215	32132298	2	1	1
ccb9f6eb-643c-4dea-9da2-1262dd6115ea	chr6	32132313	32932241	3	2	1
ccb9f6eb-643c-4dea-9da2-1262dd6115ea	chr6	32934157	43762455	2	1	1
ccb9f6eb-643c-4dea-9da2-1262dd6115ea	chr6	43762745	44314163	1	1	0
ccb9f6eb-643c-4dea-9da2-1262dd6115ea	chr6	44315061	61760838	2	1	1
ccb9f6eb-643c-4dea-9da2-1262dd6115ea	chr6	61762224	62249199	1	1	0
ccb9f6eb-643c-4dea-9da2-1262dd6115ea	chr6	62250735	119597451	2	1	1
ccb9f6eb-643c-4dea-9da2-1262dd6115ea	chr6	119601242	130188213	1	1	0
ccb9f6eb-643c-4dea-9da2-1262dd6115ea	chr6	130190175	130906073	0	0	0
ccb9f6eb-643c-4dea-9da2-1262dd6115ea	chr6	130906195	136344857	1	1	0
ccb9f6eb-643c-4dea-9da2-1262dd6115ea	chr6	136348173	137958886	0	0	0
ccb9f6eb-643c-4dea-9da2-1262dd6115ea	chr6	137963561	145001120	1	1	0
ccb9f6eb-643c-4dea-9da2-1262dd6115ea	chr6	145001237	145470910	0	0	0
ccb9f6eb-643c-4dea-9da2-1262dd6115ea	chr6	145471251	145864037	1	1	0
ccb9f6eb-643c-4dea-9da2-1262dd6115ea	chr6	145872304	154032236	2	1	1
ccb9f6eb-643c-4dea-9da2-1262dd6115ea	chr6	154033183	154914083	1	1	0
ccb9f6eb-643c-4dea-9da2-1262dd6115ea	chr6	154914157	170741917	2	1	1
ccb9f6eb-643c-4dea-9da2-1262dd6115ea	chr7	43259	57269338	2	1	1
ccb9f6eb-643c-4dea-9da2-1262dd6115ea	chr7	57271599	57318137	1	1	0
ccb9f6eb-643c-4dea-9da2-1262dd6115ea	chr7	57320397	115682024	2	1	1
ccb9f6eb-643c-4dea-9da2-1262dd6115ea	chr7	115682705	131469346	1	1	0
ccb9f6eb-643c-4dea-9da2-1262dd6115ea	chr7	131471005	159334314	2	1	1
ccb9f6eb-643c-4dea-9da2-1262dd6115ea	chr8	81254	3163100	2	1	1
ccb9f6eb-643c-4dea-9da2-1262dd6115ea	chr8	3166618	4931630	1	1	0
ccb9f6eb-643c-4dea-9da2-1262dd6115ea	chr8	4931782	5988305	2	1	1
ccb9f6eb-643c-4dea-9da2-1262dd6115ea	chr8	5988346	26352662	1	1	0
ccb9f6eb-643c-4dea-9da2-1262dd6115ea	chr8	26353214	96550959	2	1	1
ccb9f6eb-643c-4dea-9da2-1262dd6115ea	chr8	96553706	103647671	1	1	0
ccb9f6eb-643c-4dea-9da2-1262dd6115ea	chr8	103647770	128508668	2	1	1
ccb9f6eb-643c-4dea-9da2-1262dd6115ea	chr8	128510565	132993230	1	1	0
ccb9f6eb-643c-4dea-9da2-1262dd6115ea	chr8	132994568	145072769	2	1	1
ccb9f6eb-643c-4dea-9da2-1262dd6115ea	chr9	46587	74185999	2	1	1
ccb9f6eb-643c-4dea-9da2-1262dd6115ea	chr9	74186647	95146748	1	1	0
ccb9f6eb-643c-4dea-9da2-1262dd6115ea	chr9	95159449	138200944	2	1	1
ccb9f6eb-643c-4dea-9da2-1262dd6115ea	chr10	26823	114442437	2	1	1
ccb9f6eb-643c-4dea-9da2-1262dd6115ea	chr10	114442570	127387915	1	1	0
ccb9f6eb-643c-4dea-9da2-1262dd6115ea	chr10	127387931	133769379	2	1	1
ccb9f6eb-643c-4dea-9da2-1262dd6115ea	chr11	198572	427771	1	1	0
ccb9f6eb-643c-4dea-9da2-1262dd6115ea	chr11	427848	7586855	3	2	1
ccb9f6eb-643c-4dea-9da2-1262dd6115ea	chr11	7589744	16768099	2	1	1
ccb9f6eb-643c-4dea-9da2-1262dd6115ea	chr11	16768238	16839226	1	1	0
ccb9f6eb-643c-4dea-9da2-1262dd6115ea	chr11	16839600	58003409	2	1	1
ccb9f6eb-643c-4dea-9da2-1262dd6115ea	chr11	58003882	58116775	1	1	0
ccb9f6eb-643c-4dea-9da2-1262dd6115ea	chr11	58117457	60236310	2	1	1
ccb9f6eb-643c-4dea-9da2-1262dd6115ea	chr11	60236685	60265913	1	1	0
ccb9f6eb-643c-4dea-9da2-1262dd6115ea	chr11	60269265	108944713	2	1	1
ccb9f6eb-643c-4dea-9da2-1262dd6115ea	chr11	108948582	119236363	3	2	1
ccb9f6eb-643c-4dea-9da2-1262dd6115ea	chr11	119237017	121630082	1	1	0
ccb9f6eb-643c-4dea-9da2-1262dd6115ea	chr11	121635262	135074876	4	3	1
ccb9f6eb-643c-4dea-9da2-1262dd6115ea	chr12	51460	99430634	2	1	1
ccb9f6eb-643c-4dea-9da2-1262dd6115ea	chr12	99435302	99529126	1	1	0
ccb9f6eb-643c-4dea-9da2-1262dd6115ea	chr12	99536040	133201603	2	1	1
ccb9f6eb-643c-4dea-9da2-1262dd6115ea	chr13	18452809	19961079	1	1	0
ccb9f6eb-643c-4dea-9da2-1262dd6115ea	chr13	19964684	30011678	2	1	1
ccb9f6eb-643c-4dea-9da2-1262dd6115ea	chr13	30012629	50027001	1	1	0
ccb9f6eb-643c-4dea-9da2-1262dd6115ea	chr13	50030481	102244150	2	1	1
ccb9f6eb-643c-4dea-9da2-1262dd6115ea	chr13	102247865	102347206	1	1	0
ccb9f6eb-643c-4dea-9da2-1262dd6115ea	chr13	102349125	114342922	2	1	1
ccb9f6eb-643c-4dea-9da2-1262dd6115ea	chr14	18225647	82162864	2	1	1
ccb9f6eb-643c-4dea-9da2-1262dd6115ea	chr14	82163655	83032575	3	2	1
ccb9f6eb-643c-4dea-9da2-1262dd6115ea	chr14	83036148	106877229	2	1	1
ccb9f6eb-643c-4dea-9da2-1262dd6115ea	chr15	19811075	101928837	2	1	1
ccb9f6eb-643c-4dea-9da2-1262dd6115ea	chr16	10777	10018438	2	1	1
ccb9f6eb-643c-4dea-9da2-1262dd6115ea	chr16	10018451	12298914	1	1	0
ccb9f6eb-643c-4dea-9da2-1262dd6115ea	chr16	12303862	12613101	0	0	0
ccb9f6eb-643c-4dea-9da2-1262dd6115ea	chr16	12613522	13874291	1	1	0
ccb9f6eb-643c-4dea-9da2-1262dd6115ea	chr16	13874540	35089050	2	1	1
ccb9f6eb-643c-4dea-9da2-1262dd6115ea	chr16	35090672	61690965	1	1	0
ccb9f6eb-643c-4dea-9da2-1262dd6115ea	chr16	61694668	73411348	2	1	1
ccb9f6eb-643c-4dea-9da2-1262dd6115ea	chr16	73412722	73490397	1	1	0
ccb9f6eb-643c-4dea-9da2-1262dd6115ea	chr16	73491338	86374736	2	1	1
ccb9f6eb-643c-4dea-9da2-1262dd6115ea	chr16	86374931	86907058	1	1	0
ccb9f6eb-643c-4dea-9da2-1262dd6115ea	chr16	86910053	90221127	2	1	1
ccb9f6eb-643c-4dea-9da2-1262dd6115ea	chr17	150733	63678026	2	1	1
ccb9f6eb-643c-4dea-9da2-1262dd6115ea	chr17	63679513	65798677	1	1	0
ccb9f6eb-643c-4dea-9da2-1262dd6115ea	chr17	65801360	83090856	2	1	1
ccb9f6eb-643c-4dea-9da2-1262dd6115ea	chr18	48133	33721631	2	1	1
ccb9f6eb-643c-4dea-9da2-1262dd6115ea	chr18	33721691	33780547	1	1	0
ccb9f6eb-643c-4dea-9da2-1262dd6115ea	chr18	33792572	80257174	2	1	1
ccb9f6eb-643c-4dea-9da2-1262dd6115ea	chr19	90910	13771943	2	1	1
ccb9f6eb-643c-4dea-9da2-1262dd6115ea	chr19	13772285	16179552	1	1	0
ccb9f6eb-643c-4dea-9da2-1262dd6115ea	chr19	16180536	18815877	2	1	1
ccb9f6eb-643c-4dea-9da2-1262dd6115ea	chr19	18817671	24322260	1	1	0
ccb9f6eb-643c-4dea-9da2-1262dd6115ea	chr19	24322835	58586487	2	1	1
ccb9f6eb-643c-4dea-9da2-1262dd6115ea	chr20	80664	12167631	2	1	1
ccb9f6eb-643c-4dea-9da2-1262dd6115ea	chr20	12169932	15126332	1	1	0
ccb9f6eb-643c-4dea-9da2-1262dd6115ea	chr20	15126392	64324800	2	1	1
ccb9f6eb-643c-4dea-9da2-1262dd6115ea	chr21	10336543	34835302	2	1	1
ccb9f6eb-643c-4dea-9da2-1262dd6115ea	chr21	34835765	34919931	1	1	0
ccb9f6eb-643c-4dea-9da2-1262dd6115ea	chr21	34920203	46677045	2	1	1
ccb9f6eb-643c-4dea-9da2-1262dd6115ea	chr22	15294545	41251299	2	1	1
ccb9f6eb-643c-4dea-9da2-1262dd6115ea	chr22	41251789	42008032	1	1	0
ccb9f6eb-643c-4dea-9da2-1262dd6115ea	chr22	42013491	50796027	2	1	1
ccb9f6eb-643c-4dea-9da2-1262dd6115ea	chrX	251810	2776199	1	1	0
ccb9f6eb-643c-4dea-9da2-1262dd6115ea	chrX	2785350	11547523	2	1	1
ccb9f6eb-643c-4dea-9da2-1262dd6115ea	chrX	11548578	11815126	1	1	0
ccb9f6eb-643c-4dea-9da2-1262dd6115ea	chrX	11815624	80566779	2	1	1
ccb9f6eb-643c-4dea-9da2-1262dd6115ea	chrX	80570922	81263110	0	0	0
ccb9f6eb-643c-4dea-9da2-1262dd6115ea	chrX	81264515	126533496	2	1	1
ccb9f6eb-643c-4dea-9da2-1262dd6115ea	chrX	126534684	126681804	1	1	0
ccb9f6eb-643c-4dea-9da2-1262dd6115ea	chrX	126681914	156004181	2	1	1
f1e1588f-ceb7-43dc-ad68-d92f0ee4e0ef	chr1	61735	248930189	3	3	0
f1e1588f-ceb7-43dc-ad68-d92f0ee4e0ef	chr2	12784	113567512	4	2	2
f1e1588f-ceb7-43dc-ad68-d92f0ee4e0ef	chr2	113569606	242147305	3	2	1
f1e1588f-ceb7-43dc-ad68-d92f0ee4e0ef	chr3	18667	86304788	5	3	2
f1e1588f-ceb7-43dc-ad68-d92f0ee4e0ef	chr3	86305264	198169247	6	3	3
f1e1588f-ceb7-43dc-ad68-d92f0ee4e0ef	chr4	12281	84244654	4	2	2
f1e1588f-ceb7-43dc-ad68-d92f0ee4e0ef	chr4	84247058	86745426	2	2	0
f1e1588f-ceb7-43dc-ad68-d92f0ee4e0ef	chr4	86754271	190106768	4	2	2
f1e1588f-ceb7-43dc-ad68-d92f0ee4e0ef	chr5	15532	181363319	4	2	2
f1e1588f-ceb7-43dc-ad68-d92f0ee4e0ef	chr6	149661	31411996	4	2	2
f1e1588f-ceb7-43dc-ad68-d92f0ee4e0ef	chr6	31416071	34945378	2	2	0
f1e1588f-ceb7-43dc-ad68-d92f0ee4e0ef	chr6	34951882	58400741	4	2	2
f1e1588f-ceb7-43dc-ad68-d92f0ee4e0ef	chr6	58400901	170741917	2	2	0
f1e1588f-ceb7-43dc-ad68-d92f0ee4e0ef	chr7	43259	17005264	4	4	0
f1e1588f-ceb7-43dc-ad68-d92f0ee4e0ef	chr7	17009186	17498079	0	0	0
f1e1588f-ceb7-43dc-ad68-d92f0ee4e0ef	chr7	17501150	159334314	4	4	0
f1e1588f-ceb7-43dc-ad68-d92f0ee4e0ef	chr8	81254	145072769	3	2	1
f1e1588f-ceb7-43dc-ad68-d92f0ee4e0ef	chr9	46587	21963431	4	4	0
f1e1588f-ceb7-43dc-ad68-d92f0ee4e0ef	chr9	21976871	22054357	0	0	0
f1e1588f-ceb7-43dc-ad68-d92f0ee4e0ef	chr9	22056500	118315950	4	4	0
f1e1588f-ceb7-43dc-ad68-d92f0ee4e0ef	chr9	118316142	119211564	6	6	0
f1e1588f-ceb7-43dc-ad68-d92f0ee4e0ef	chr9	119211740	138200944	4	4	0
f1e1588f-ceb7-43dc-ad68-d92f0ee4e0ef	chr10	26823	133769379	4	2	2
f1e1588f-ceb7-43dc-ad68-d92f0ee4e0ef	chr11	198572	135074876	5	3	2
f1e1588f-ceb7-43dc-ad68-d92f0ee4e0ef	chr12	51460	21767350	3	2	1
f1e1588f-ceb7-43dc-ad68-d92f0ee4e0ef	chr12	21780945	40655581	4	2	2
f1e1588f-ceb7-43dc-ad68-d92f0ee4e0ef	chr12	40655620	71694524	6	4	2
f1e1588f-ceb7-43dc-ad68-d92f0ee4e0ef	chr12	71695114	80939088	5	3	2
f1e1588f-ceb7-43dc-ad68-d92f0ee4e0ef	chr12	80939144	83131386	6	4	2
f1e1588f-ceb7-43dc-ad68-d92f0ee4e0ef	chr12	83133769	126690450	5	3	2
f1e1588f-ceb7-43dc-ad68-d92f0ee4e0ef	chr12	126694414	133201603	6	4	2
f1e1588f-ceb7-43dc-ad68-d92f0ee4e0ef	chr13	18452809	114342922	4	2	2
f1e1588f-ceb7-43dc-ad68-d92f0ee4e0ef	chr14	18225647	45171940	4	2	2
f1e1588f-ceb7-43dc-ad68-d92f0ee4e0ef	chr14	45174216	82004789	6	4	2
f1e1588f-ceb7-43dc-ad68-d92f0ee4e0ef	chr14	82008094	106877229	4	2	2
f1e1588f-ceb7-43dc-ad68-d92f0ee4e0ef	chr15	19811075	101928837	4	2	2
f1e1588f-ceb7-43dc-ad68-d92f0ee4e0ef	chr16	10777	90221127	5	3	2
f1e1588f-ceb7-43dc-ad68-d92f0ee4e0ef	chr17	150733	8785947	2	1	1
f1e1588f-ceb7-43dc-ad68-d92f0ee4e0ef	chr17	8786047	9312504	4	3	1
f1e1588f-ceb7-43dc-ad68-d92f0ee4e0ef	chr17	9313470	20981797	2	1	1
f1e1588f-ceb7-43dc-ad68-d92f0ee4e0ef	chr17	20982082	83090856	4	3	1
f1e1588f-ceb7-43dc-ad68-d92f0ee4e0ef	chr18	48133	80257174	4	2	2
f1e1588f-ceb7-43dc-ad68-d92f0ee4e0ef	chr19	90910	27784216	3	3	0
f1e1588f-ceb7-43dc-ad68-d92f0ee4e0ef	chr19	27784574	58586487	4	4	0
f1e1588f-ceb7-43dc-ad68-d92f0ee4e0ef	chr20	80664	64324800	4	2	2
f1e1588f-ceb7-43dc-ad68-d92f0ee4e0ef	chr21	10336543	46677045	4	2	2
f1e1588f-ceb7-43dc-ad68-d92f0ee4e0ef	chr22	15294545	50796027	4	2	2
f1e1588f-ceb7-43dc-ad68-d92f0ee4e0ef	chrX	251810	4740235	2	2	0
f1e1588f-ceb7-43dc-ad68-d92f0ee4e0ef	chrX	4740931	5239830	3	3	0
f1e1588f-ceb7-43dc-ad68-d92f0ee4e0ef	chrX	5240323	11781391	2	2	0
f1e1588f-ceb7-43dc-ad68-d92f0ee4e0ef	chrX	11782237	12125477	3	3	0
f1e1588f-ceb7-43dc-ad68-d92f0ee4e0ef	chrX	12126068	15192931	2	2	0
f1e1588f-ceb7-43dc-ad68-d92f0ee4e0ef	chrX	15195398	63108483	4	4	0
f1e1588f-ceb7-43dc-ad68-d92f0ee4e0ef	chrX	63114039	67096589	2	2	0
f1e1588f-ceb7-43dc-ad68-d92f0ee4e0ef	chrX	67097400	68518863	3	3	0
f1e1588f-ceb7-43dc-ad68-d92f0ee4e0ef	chrX	68522111	76625974	2	2	0
f1e1588f-ceb7-43dc-ad68-d92f0ee4e0ef	chrX	76626896	78317297	3	3	0
f1e1588f-ceb7-43dc-ad68-d92f0ee4e0ef	chrX	78318948	80092326	2	2	0
f1e1588f-ceb7-43dc-ad68-d92f0ee4e0ef	chrX	80092468	89187887	3	3	0
f1e1588f-ceb7-43dc-ad68-d92f0ee4e0ef	chrX	89188283	93429656	2	2	0
f1e1588f-ceb7-43dc-ad68-d92f0ee4e0ef	chrX	93430980	94470719	3	3	0
f1e1588f-ceb7-43dc-ad68-d92f0ee4e0ef	chrX	94471110	121529851	2	2	0
f1e1588f-ceb7-43dc-ad68-d92f0ee4e0ef	chrX	121530511	122555123	3	3	0
f1e1588f-ceb7-43dc-ad68-d92f0ee4e0ef	chrX	122555679	123971045	2	2	0
f1e1588f-ceb7-43dc-ad68-d92f0ee4e0ef	chrX	123971100	156004181	4	4	0
c62dda8e-e972-4c15-a452-668dc1311a8b	chr1	61735	151401304	2	1	1
c62dda8e-e972-4c15-a452-668dc1311a8b	chr1	151401549	154274778	1	1	0
c62dda8e-e972-4c15-a452-668dc1311a8b	chr1	154282794	169394108	2	1	1
c62dda8e-e972-4c15-a452-668dc1311a8b	chr1	169399324	170894327	1	1	0
c62dda8e-e972-4c15-a452-668dc1311a8b	chr1	170897365	223640201	2	1	1
c62dda8e-e972-4c15-a452-668dc1311a8b	chr1	223640921	245214918	1	1	0
c62dda8e-e972-4c15-a452-668dc1311a8b	chr1	245218039	248930189	2	1	1
c62dda8e-e972-4c15-a452-668dc1311a8b	chr2	12784	60477349	1	1	0
c62dda8e-e972-4c15-a452-668dc1311a8b	chr2	60477798	61897813	14	13	1
c62dda8e-e972-4c15-a452-668dc1311a8b	chr2	61901576	62374931	36	34	2
c62dda8e-e972-4c15-a452-668dc1311a8b	chr2	62378835	62830436	16	15	1
c62dda8e-e972-4c15-a452-668dc1311a8b	chr2	62832560	62876147	12	10	2
c62dda8e-e972-4c15-a452-668dc1311a8b	chr2	62877476	62890651	16	16	0
c62dda8e-e972-4c15-a452-668dc1311a8b	chr2	62891602	63026181	13	13	0
c62dda8e-e972-4c15-a452-668dc1311a8b	chr2	63035883	63446216	5	5	0
c62dda8e-e972-4c15-a452-668dc1311a8b	chr2	63450268	65468261	8	7	1
c62dda8e-e972-4c15-a452-668dc1311a8b	chr2	65479191	65947803	2	1	1
c62dda8e-e972-4c15-a452-668dc1311a8b	chr2	65948328	66778662	3	2	1
c62dda8e-e972-4c15-a452-668dc1311a8b	chr2	66780360	67763101	5	4	1
c62dda8e-e972-4c15-a452-668dc1311a8b	chr2	67764943	85247160	2	1	1
c62dda8e-e972-4c15-a452-668dc1311a8b	chr2	85248007	87187567	3	2	1
c62dda8e-e972-4c15-a452-668dc1311a8b	chr2	87189966	107439985	2	1	1
c62dda8e-e972-4c15-a452-668dc1311a8b	chr2	107440110	110226091	3	2	1
c62dda8e-e972-4c15-a452-668dc1311a8b	chr2	110226104	123587442	2	1	1
c62dda8e-e972-4c15-a452-668dc1311a8b	chr2	123589745	163516770	1	1	0
c62dda8e-e972-4c15-a452-668dc1311a8b	chr2	163517275	242147305	2	1	1
c62dda8e-e972-4c15-a452-668dc1311a8b	chr3	18667	198169247	2	1	1
c62dda8e-e972-4c15-a452-668dc1311a8b	chr4	12281	63210672	2	2	0
c62dda8e-e972-4c15-a452-668dc1311a8b	chr4	63211089	190106768	1	1	0
c62dda8e-e972-4c15-a452-668dc1311a8b	chr5	15532	181363319	2	1	1
c62dda8e-e972-4c15-a452-668dc1311a8b	chr6	149661	2717365	2	1	1
c62dda8e-e972-4c15-a452-668dc1311a8b	chr6	2717547	2961135	3	2	1
c62dda8e-e972-4c15-a452-668dc1311a8b	chr6	2974153	170741917	2	1	1
c62dda8e-e972-4c15-a452-668dc1311a8b	chr7	43259	159334314	2	1	1
c62dda8e-e972-4c15-a452-668dc1311a8b	chr8	81254	81230082	2	1	1
c62dda8e-e972-4c15-a452-668dc1311a8b	chr8	81233273	145072769	3	2	1
c62dda8e-e972-4c15-a452-668dc1311a8b	chr9	46587	138200944	2	1	1
c62dda8e-e972-4c15-a452-668dc1311a8b	chr10	26823	133769379	2	1	1
c62dda8e-e972-4c15-a452-668dc1311a8b	chr11	198572	49896866	2	2	0
c62dda8e-e972-4c15-a452-668dc1311a8b	chr11	49898230	135074876	3	2	1
c62dda8e-e972-4c15-a452-668dc1311a8b	chr12	51460	8610489	2	1	1
c62dda8e-e972-4c15-a452-668dc1311a8b	chr12	8611174	10494386	1	1	0
c62dda8e-e972-4c15-a452-668dc1311a8b	chr12	10494567	11385756	2	1	1
c62dda8e-e972-4c15-a452-668dc1311a8b	chr12	11386321	13827649	1	1	0
c62dda8e-e972-4c15-a452-668dc1311a8b	chr12	13828038	44024039	2	1	1
c62dda8e-e972-4c15-a452-668dc1311a8b	chr12	44024101	50200859	5	4	1
c62dda8e-e972-4c15-a452-668dc1311a8b	chr12	50207998	50604083	7	6	1
c62dda8e-e972-4c15-a452-668dc1311a8b	chr12	50612399	52387804	3	2	1
c62dda8e-e972-4c15-a452-668dc1311a8b	chr12	52388066	52633425	2	1	1
c62dda8e-e972-4c15-a452-668dc1311a8b	chr12	52634069	71139735	3	2	1
c62dda8e-e972-4c15-a452-668dc1311a8b	chr12	71140544	74884665	6	5	1
c62dda8e-e972-4c15-a452-668dc1311a8b	chr12	74885069	75272759	1	1	0
c62dda8e-e972-4c15-a452-668dc1311a8b	chr12	75273600	133201603	2	1	1
c62dda8e-e972-4c15-a452-668dc1311a8b	chr13	18452809	48167925	2	1	1
c62dda8e-e972-4c15-a452-668dc1311a8b	chr13	48168229	50322120	1	1	0
c62dda8e-e972-4c15-a452-668dc1311a8b	chr13	50323194	50364315	2	2	0
c62dda8e-e972-4c15-a452-668dc1311a8b	chr13	50366007	50839356	1	1	0
c62dda8e-e972-4c15-a452-668dc1311a8b	chr13	50841722	60893014	2	1	1
c62dda8e-e972-4c15-a452-668dc1311a8b	chr13	60896866	114342922	1	1	0
c62dda8e-e972-4c15-a452-668dc1311a8b	chr14	18225647	105691429	2	1	1
c62dda8e-e972-4c15-a452-668dc1311a8b	chr14	105700900	106062814	1	1	0
c62dda8e-e972-4c15-a452-668dc1311a8b	chr14	106063004	106877229	2	2	0
c62dda8e-e972-4c15-a452-668dc1311a8b	chr15	19811075	57357921	1	1	0
c62dda8e-e972-4c15-a452-668dc1311a8b	chr15	57361504	57425241	0	0	0
c62dda8e-e972-4c15-a452-668dc1311a8b	chr15	57427165	101928837	1	1	0
c62dda8e-e972-4c15-a452-668dc1311a8b	chr16	10777	2011465	1	1	0
c62dda8e-e972-4c15-a452-668dc1311a8b	chr16	2012064	2847410	3	2	1
c62dda8e-e972-4c15-a452-668dc1311a8b	chr16	2849128	4995458	1	1	0
c62dda8e-e972-4c15-a452-668dc1311a8b	chr16	4999228	6484601	3	2	1
c62dda8e-e972-4c15-a452-668dc1311a8b	chr16	6484772	6498426	0	0	0
c62dda8e-e972-4c15-a452-668dc1311a8b	chr16	6498831	11551157	1	1	0
c62dda8e-e972-4c15-a452-668dc1311a8b	chr16	11551873	11638388	3	2	1
c62dda8e-e972-4c15-a452-668dc1311a8b	chr16	11640400	11941719	1	1	0
c62dda8e-e972-4c15-a452-668dc1311a8b	chr16	11945489	12345654	3	2	1
c62dda8e-e972-4c15-a452-668dc1311a8b	chr16	12350282	13113664	1	1	0
c62dda8e-e972-4c15-a452-668dc1311a8b	chr16	13113873	17229727	3	2	1
c62dda8e-e972-4c15-a452-668dc1311a8b	chr16	17229815	17381788	4	3	1
c62dda8e-e972-4c15-a452-668dc1311a8b	chr16	17385345	17623661	1	1	0
c62dda8e-e972-4c15-a452-668dc1311a8b	chr16	17624763	18924799	3	2	1
c62dda8e-e972-4c15-a452-668dc1311a8b	chr16	18929351	19548676	5	4	1
c62dda8e-e972-4c15-a452-668dc1311a8b	chr16	19548940	21149943	3	2	1
c62dda8e-e972-4c15-a452-668dc1311a8b	chr16	21155251	22614450	1	1	0
c62dda8e-e972-4c15-a452-668dc1311a8b	chr16	22615026	25329115	3	2	1
c62dda8e-e972-4c15-a452-668dc1311a8b	chr16	25332213	27894873	1	1	0
c62dda8e-e972-4c15-a452-668dc1311a8b	chr16	27895885	28752527	3	2	1
c62dda8e-e972-4c15-a452-668dc1311a8b	chr16	28812606	30045194	1	1	0
c62dda8e-e972-4c15-a452-668dc1311a8b	chr16	30049334	36048855	3	2	1
c62dda8e-e972-4c15-a452-668dc1311a8b	chr16	46429870	90221127	1	1	0
c62dda8e-e972-4c15-a452-668dc1311a8b	chr17	150733	10938365	1	1	0
c62dda8e-e972-4c15-a452-668dc1311a8b	chr17	10938432	13206115	3	2	1
c62dda8e-e972-4c15-a452-668dc1311a8b	chr17	13206869	83090856	2	1	1
c62dda8e-e972-4c15-a452-668dc1311a8b	chr18	48133	80257174	3	2	1
c62dda8e-e972-4c15-a452-668dc1311a8b	chr19	90910	58586487	2	1	1
c62dda8e-e972-4c15-a452-668dc1311a8b	chr20	80664	17173740	3	2	1
c62dda8e-e972-4c15-a452-668dc1311a8b	chr20	17173810	17794120	5	4	1
c62dda8e-e972-4c15-a452-668dc1311a8b	chr20	17796047	45284615	3	2	1
c62dda8e-e972-4c15-a452-668dc1311a8b	chr20	45286303	59851506	2	1	1
c62dda8e-e972-4c15-a452-668dc1311a8b	chr20	59857564	64324800	3	2	1
c62dda8e-e972-4c15-a452-668dc1311a8b	chr21	10336543	46677045	3	2	1
c62dda8e-e972-4c15-a452-668dc1311a8b	chr22	15294545	50796027	1	1	0
c62dda8e-e972-4c15-a452-668dc1311a8b	chrX	251810	125676616	2	2	0
c62dda8e-e972-4c15-a452-668dc1311a8b	chrX	125679581	139038540	3	3	0
c62dda8e-e972-4c15-a452-668dc1311a8b	chrX	139040040	139908577	2	2	0
c62dda8e-e972-4c15-a452-668dc1311a8b	chrX	139918302	144053644	3	3	0
c62dda8e-e972-4c15-a452-668dc1311a8b	chrX	144053658	144303224	1	1	0
c62dda8e-e972-4c15-a452-668dc1311a8b	chrX	144303448	144495955	0	0	0
c62dda8e-e972-4c15-a452-668dc1311a8b	chrX	144499976	144510536	4	4	0
c62dda8e-e972-4c15-a452-668dc1311a8b	chrX	144512755	156004181	3	3	0
d311b2e2-a5f0-43ba-a675-7ca6f385924d	chr1	62920	40994245	2	1	1
d311b2e2-a5f0-43ba-a675-7ca6f385924d	chr1	40997942	44305813	1	1	0
d311b2e2-a5f0-43ba-a675-7ca6f385924d	chr1	44306421	61893843	2	1	1
d311b2e2-a5f0-43ba-a675-7ca6f385924d	chr1	61894312	62095449	1	1	0
d311b2e2-a5f0-43ba-a675-7ca6f385924d	chr1	62099818	116247581	2	1	1
d311b2e2-a5f0-43ba-a675-7ca6f385924d	chr1	116251902	117129100	1	1	0
d311b2e2-a5f0-43ba-a675-7ca6f385924d	chr1	117133321	167119072	2	1	1
d311b2e2-a5f0-43ba-a675-7ca6f385924d	chr1	167120151	167154041	4	2	2
d311b2e2-a5f0-43ba-a675-7ca6f385924d	chr1	167154950	185503454	2	1	1
d311b2e2-a5f0-43ba-a675-7ca6f385924d	chr1	185504046	185531645	4	2	2
d311b2e2-a5f0-43ba-a675-7ca6f385924d	chr1	185534149	204060965	2	1	1
d311b2e2-a5f0-43ba-a675-7ca6f385924d	chr1	204063447	208032298	1	1	0
d311b2e2-a5f0-43ba-a675-7ca6f385924d	chr1	208033601	248930189	2	1	1
d311b2e2-a5f0-43ba-a675-7ca6f385924d	chr2	12784	29851200	2	1	1
d311b2e2-a5f0-43ba-a675-7ca6f385924d	chr2	29852027	29865157	5	3	2
d311b2e2-a5f0-43ba-a675-7ca6f385924d	chr2	29867475	150488599	2	1	1
d311b2e2-a5f0-43ba-a675-7ca6f385924d	chr2	150490352	150916790	1	1	0
d311b2e2-a5f0-43ba-a675-7ca6f385924d	chr2	150917165	154361936	2	1	1
d311b2e2-a5f0-43ba-a675-7ca6f385924d	chr2	154366359	154401022	4	2	2
d311b2e2-a5f0-43ba-a675-7ca6f385924d	chr2	154405807	183929945	2	1	1
d311b2e2-a5f0-43ba-a675-7ca6f385924d	chr2	183929963	184359761	1	1	0
d311b2e2-a5f0-43ba-a675-7ca6f385924d	chr2	184360273	198610323	2	1	1
d311b2e2-a5f0-43ba-a675-7ca6f385924d	chr2	198611248	198630754	0	0	0
d311b2e2-a5f0-43ba-a675-7ca6f385924d	chr2	198638112	221407065	2	1	1
d311b2e2-a5f0-43ba-a675-7ca6f385924d	chr2	221407293	221422816	1	1	0
d311b2e2-a5f0-43ba-a675-7ca6f385924d	chr2	221423124	242147305	2	1	1
d311b2e2-a5f0-43ba-a675-7ca6f385924d	chr3	20930	61030400	2	2	0
d311b2e2-a5f0-43ba-a675-7ca6f385924d	chr3	61031750	100661104	3	2	1
d311b2e2-a5f0-43ba-a675-7ca6f385924d	chr3	100663113	103518911	3	3	0
d311b2e2-a5f0-43ba-a675-7ca6f385924d	chr3	103522425	119227950	3	2	1
d311b2e2-a5f0-43ba-a675-7ca6f385924d	chr3	119227982	127596480	1	1	0
d311b2e2-a5f0-43ba-a675-7ca6f385924d	chr3	127599749	162786507	2	1	1
d311b2e2-a5f0-43ba-a675-7ca6f385924d	chr3	162786879	162898127	0	0	0
d311b2e2-a5f0-43ba-a675-7ca6f385924d	chr3	162906054	198169247	2	1	1
d311b2e2-a5f0-43ba-a675-7ca6f385924d	chr4	68929	10221792	2	1	1
d311b2e2-a5f0-43ba-a675-7ca6f385924d	chr4	10222004	10232984	8	8	0
d311b2e2-a5f0-43ba-a675-7ca6f385924d	chr4	10233383	85725634	2	1	1
d311b2e2-a5f0-43ba-a675-7ca6f385924d	chr4	85727271	85753422	1	1	0
d311b2e2-a5f0-43ba-a675-7ca6f385924d	chr4	85757610	179214971	2	1	1
d311b2e2-a5f0-43ba-a675-7ca6f385924d	chr4	179218100	190106768	1	1	0
d311b2e2-a5f0-43ba-a675-7ca6f385924d	chr5	15532	78383505	2	1	1
d311b2e2-a5f0-43ba-a675-7ca6f385924d	chr5	78385246	79020141	1	1	0
d311b2e2-a5f0-43ba-a675-7ca6f385924d	chr5	79021590	181363319	2	1	1
d311b2e2-a5f0-43ba-a675-7ca6f385924d	chr6	149661	26184150	2	1	1
d311b2e2-a5f0-43ba-a675-7ca6f385924d	chr6	26184412	26207415	1	1	0
d311b2e2-a5f0-43ba-a675-7ca6f385924d	chr6	26207700	29839124	3	2	1
d311b2e2-a5f0-43ba-a675-7ca6f385924d	chr6	29840146	29913481	1	1	0
d311b2e2-a5f0-43ba-a675-7ca6f385924d	chr6	29913570	31146558	3	2	1
d311b2e2-a5f0-43ba-a675-7ca6f385924d	chr6	31146968	31859509	1	1	0
d311b2e2-a5f0-43ba-a675-7ca6f385924d	chr6	31868374	32252964	2	2	0
d311b2e2-a5f0-43ba-a675-7ca6f385924d	chr6	32257070	32783837	0	0	0
d311b2e2-a5f0-43ba-a675-7ca6f385924d	chr6	32784185	33793693	2	2	0
d311b2e2-a5f0-43ba-a675-7ca6f385924d	chr6	33798088	34153512	3	2	1
d311b2e2-a5f0-43ba-a675-7ca6f385924d	chr6	34156636	44028619	2	2	0
d311b2e2-a5f0-43ba-a675-7ca6f385924d	chr6	44029242	79399816	2	1	1
d311b2e2-a5f0-43ba-a675-7ca6f385924d	chr6	79400444	79643766	4	3	1
d311b2e2-a5f0-43ba-a675-7ca6f385924d	chr6	79644648	80178962	2	1	1
d311b2e2-a5f0-43ba-a675-7ca6f385924d	chr6	80179300	80290496	4	3	1
d311b2e2-a5f0-43ba-a675-7ca6f385924d	chr6	80295205	92949115	2	1	1
d311b2e2-a5f0-43ba-a675-7ca6f385924d	chr6	92957110	93029802	3	2	1
d311b2e2-a5f0-43ba-a675-7ca6f385924d	chr6	93037616	155297889	2	1	1
d311b2e2-a5f0-43ba-a675-7ca6f385924d	chr6	155299885	157598537	3	2	1
d311b2e2-a5f0-43ba-a675-7ca6f385924d	chr6	157603569	161037007	4	3	1
d311b2e2-a5f0-43ba-a675-7ca6f385924d	chr6	161037226	170741917	3	2	1
d311b2e2-a5f0-43ba-a675-7ca6f385924d	chr7	43259	18779052	2	1	1
d311b2e2-a5f0-43ba-a675-7ca6f385924d	chr7	18779183	18791642	4	2	2
d311b2e2-a5f0-43ba-a675-7ca6f385924d	chr7	18791841	97756658	2	1	1
d311b2e2-a5f0-43ba-a675-7ca6f385924d	chr7	97766148	97773163	0	0	0
d311b2e2-a5f0-43ba-a675-7ca6f385924d	chr7	97774928	147578435	2	1	1
d311b2e2-a5f0-43ba-a675-7ca6f385924d	chr7	147580968	147584537	1	1	0
d311b2e2-a5f0-43ba-a675-7ca6f385924d	chr7	147584704	159334314	2	1	1
d311b2e2-a5f0-43ba-a675-7ca6f385924d	chr8	81254	5611690	2	1	1
d311b2e2-a5f0-43ba-a675-7ca6f385924d	chr8	5611789	5966751	1	1	0
d311b2e2-a5f0-43ba-a675-7ca6f385924d	chr8	5967383	17383581	2	1	1
d311b2e2-a5f0-43ba-a675-7ca6f385924d	chr8	17383822	26560643	1	1	0
d311b2e2-a5f0-43ba-a675-7ca6f385924d	chr8	26561525	135556327	2	1	1
d311b2e2-a5f0-43ba-a675-7ca6f385924d	chr8	135558259	145072769	3	2	1
d311b2e2-a5f0-43ba-a675-7ca6f385924d	chr9	46587	6641324	3	3	0
d311b2e2-a5f0-43ba-a675-7ca6f385924d	chr9	6641802	6705360	0	0	0
d311b2e2-a5f0-43ba-a675-7ca6f385924d	chr9	6707519	7305031	3	3	0
d311b2e2-a5f0-43ba-a675-7ca6f385924d	chr9	7306383	7319246	0	0	0
d311b2e2-a5f0-43ba-a675-7ca6f385924d	chr9	7319568	21865498	3	3	0
d311b2e2-a5f0-43ba-a675-7ca6f385924d	chr9	21868909	22000771	0	0	0
d311b2e2-a5f0-43ba-a675-7ca6f385924d	chr9	22003137	133809924	3	3	0
d311b2e2-a5f0-43ba-a675-7ca6f385924d	chr9	133810535	134003883	2	2	0
d311b2e2-a5f0-43ba-a675-7ca6f385924d	chr9	134005545	138200944	3	3	0
d311b2e2-a5f0-43ba-a675-7ca6f385924d	chr10	45792	133654968	2	1	1
d311b2e2-a5f0-43ba-a675-7ca6f385924d	chr11	198510	69808838	2	1	1
d311b2e2-a5f0-43ba-a675-7ca6f385924d	chr11	69808873	70167233	1	1	0
d311b2e2-a5f0-43ba-a675-7ca6f385924d	chr11	70168290	135074876	2	1	1
d311b2e2-a5f0-43ba-a675-7ca6f385924d	chr12	51460	11730873	2	1	1
d311b2e2-a5f0-43ba-a675-7ca6f385924d	chr12	11735489	11833229	1	1	0
d311b2e2-a5f0-43ba-a675-7ca6f385924d	chr12	11833412	133201603	2	1	1
d311b2e2-a5f0-43ba-a675-7ca6f385924d	chr13	18452809	114342922	2	1	1
d311b2e2-a5f0-43ba-a675-7ca6f385924d	chr14	18239283	21668616	2	1	1
d311b2e2-a5f0-43ba-a675-7ca6f385924d	chr14	21669297	22420786	1	1	0
d311b2e2-a5f0-43ba-a675-7ca6f385924d	chr14	22420807	98578101	2	1	1
d311b2e2-a5f0-43ba-a675-7ca6f385924d	chr14	98579930	98590274	0	0	0
d311b2e2-a5f0-43ba-a675-7ca6f385924d	chr14	98590299	102759484	2	1	1
d311b2e2-a5f0-43ba-a675-7ca6f385924d	chr14	102771171	102846032	0	0	0
d311b2e2-a5f0-43ba-a675-7ca6f385924d	chr14	102846103	106458728	2	1	1
d311b2e2-a5f0-43ba-a675-7ca6f385924d	chr14	106462123	106877229	2	2	0
d311b2e2-a5f0-43ba-a675-7ca6f385924d	chr15	19811075	23488604	3	2	1
d311b2e2-a5f0-43ba-a675-7ca6f385924d	chr15	23492070	24099315	2	1	1
d311b2e2-a5f0-43ba-a675-7ca6f385924d	chr15	24103856	24248497	4	3	1
d311b2e2-a5f0-43ba-a675-7ca6f385924d	chr15	24256264	101928837	2	1	1
d311b2e2-a5f0-43ba-a675-7ca6f385924d	chr16	10777	79142440	2	1	1
d311b2e2-a5f0-43ba-a675-7ca6f385924d	chr16	79143396	79655233	3	2	1
d311b2e2-a5f0-43ba-a675-7ca6f385924d	chr16	79655574	90096867	2	1	1
d311b2e2-a5f0-43ba-a675-7ca6f385924d	chr17	150733	41314088	2	1	1
d311b2e2-a5f0-43ba-a675-7ca6f385924d	chr17	41315677	41325068	0	0	0
d311b2e2-a5f0-43ba-a675-7ca6f385924d	chr17	41328369	83091923	2	1	1
d311b2e2-a5f0-43ba-a675-7ca6f385924d	chr18	48133	13078953	4	3	1
d311b2e2-a5f0-43ba-a675-7ca6f385924d	chr18	13083401	13231313	3	3	0
d311b2e2-a5f0-43ba-a675-7ca6f385924d	chr18	13234324	47719494	4	3	1
d311b2e2-a5f0-43ba-a675-7ca6f385924d	chr18	47726086	50330343	5	4	1
d311b2e2-a5f0-43ba-a675-7ca6f385924d	chr18	50330540	80257174	6	5	1
d311b2e2-a5f0-43ba-a675-7ca6f385924d	chr19	90910	42900144	2	1	1
d311b2e2-a5f0-43ba-a675-7ca6f385924d	chr19	42900487	43038679	0	0	0
d311b2e2-a5f0-43ba-a675-7ca6f385924d	chr19	43044862	58586487	2	1	1
d311b2e2-a5f0-43ba-a675-7ca6f385924d	chr20	80664	58627693	2	1	1
d311b2e2-a5f0-43ba-a675-7ca6f385924d	chr20	58627947	58630266	0	0	0
d311b2e2-a5f0-43ba-a675-7ca6f385924d	chr20	58630596	64324800	2	1	1
d311b2e2-a5f0-43ba-a675-7ca6f385924d	chr21	12973348	14118973	3	2	1
d311b2e2-a5f0-43ba-a675-7ca6f385924d	chr21	14121040	14342061	1	1	0
d311b2e2-a5f0-43ba-a675-7ca6f385924d	chr21	14345562	46677045	2	1	1
d311b2e2-a5f0-43ba-a675-7ca6f385924d	chr22	16392123	50796027	2	1	1
d311b2e2-a5f0-43ba-a675-7ca6f385924d	chrX	251810	707991	2	1	1
d311b2e2-a5f0-43ba-a675-7ca6f385924d	chrX	717914	721352	1	1	0
d311b2e2-a5f0-43ba-a675-7ca6f385924d	chrX	721365	1478856	2	1	1
d311b2e2-a5f0-43ba-a675-7ca6f385924d	chrX	1479705	1633124	3	2	1
d311b2e2-a5f0-43ba-a675-7ca6f385924d	chrX	1634225	1892047	4	2	2
d311b2e2-a5f0-43ba-a675-7ca6f385924d	chrX	1897825	2775134	2	1	1
d311b2e2-a5f0-43ba-a675-7ca6f385924d	chrX	2775583	96294540	0	0	0
d311b2e2-a5f0-43ba-a675-7ca6f385924d	chrX	96296458	96735494	1	1	0
d311b2e2-a5f0-43ba-a675-7ca6f385924d	chrX	96735507	155699647	0	0	0
d311b2e2-a5f0-43ba-a675-7ca6f385924d	chrX	155699837	155760965	2	2	0
d311b2e2-a5f0-43ba-a675-7ca6f385924d	chrX	155765333	156004181	1	1	0
d311b2e2-a5f0-43ba-a675-7ca6f385924d	chrY	2782397	26653788	2	1	1
d311b2e2-a5f0-43ba-a675-7ca6f385924d	chrY	56872112	56872112	2	2	0
4eeb1683-19c9-4734-b5f8-1b916a9c6f45	chr1	61735	21757586	2	1	1
4eeb1683-19c9-4734-b5f8-1b916a9c6f45	chr1	21758173	23306996	1	1	0
4eeb1683-19c9-4734-b5f8-1b916a9c6f45	chr1	23311202	116034595	2	1	1
4eeb1683-19c9-4734-b5f8-1b916a9c6f45	chr1	116035126	116470185	1	1	0
4eeb1683-19c9-4734-b5f8-1b916a9c6f45	chr1	116470644	116554082	0	0	0
4eeb1683-19c9-4734-b5f8-1b916a9c6f45	chr1	116569338	117075083	1	1	0
4eeb1683-19c9-4734-b5f8-1b916a9c6f45	chr1	117075845	236186082	2	1	1
4eeb1683-19c9-4734-b5f8-1b916a9c6f45	chr1	236187393	236348054	1	1	0
4eeb1683-19c9-4734-b5f8-1b916a9c6f45	chr1	236352226	248930189	2	1	1
4eeb1683-19c9-4734-b5f8-1b916a9c6f45	chr2	12784	99530287	2	1	1
4eeb1683-19c9-4734-b5f8-1b916a9c6f45	chr2	99531625	99952581	1	1	0
4eeb1683-19c9-4734-b5f8-1b916a9c6f45	chr2	99953268	186800173	2	1	1
4eeb1683-19c9-4734-b5f8-1b916a9c6f45	chr2	186800221	187948929	1	1	0
4eeb1683-19c9-4734-b5f8-1b916a9c6f45	chr2	187956355	242147305	2	1	1
4eeb1683-19c9-4734-b5f8-1b916a9c6f45	chr3	18667	54946160	2	2	0
4eeb1683-19c9-4734-b5f8-1b916a9c6f45	chr3	54949820	54974064	1	1	0
4eeb1683-19c9-4734-b5f8-1b916a9c6f45	chr3	54974719	61574097	2	2	0
4eeb1683-19c9-4734-b5f8-1b916a9c6f45	chr3	61574331	146100239	2	1	1
4eeb1683-19c9-4734-b5f8-1b916a9c6f45	chr3	146101222	156005422	1	1	0
4eeb1683-19c9-4734-b5f8-1b916a9c6f45	chr3	156008314	198169247	2	1	1
4eeb1683-19c9-4734-b5f8-1b916a9c6f45	chr4	12281	54619949	2	1	1
4eeb1683-19c9-4734-b5f8-1b916a9c6f45	chr4	54623976	54641439	1	1	0
4eeb1683-19c9-4734-b5f8-1b916a9c6f45	chr4	54644695	95706542	2	1	1
4eeb1683-19c9-4734-b5f8-1b916a9c6f45	chr4	95706922	95739897	1	1	0
4eeb1683-19c9-4734-b5f8-1b916a9c6f45	chr4	95739935	147326736	2	1	1
4eeb1683-19c9-4734-b5f8-1b916a9c6f45	chr4	147329301	147374166	1	1	0
4eeb1683-19c9-4734-b5f8-1b916a9c6f45	chr4	147374873	190106768	2	1	1
4eeb1683-19c9-4734-b5f8-1b916a9c6f45	chr5	15532	181363319	2	1	1
4eeb1683-19c9-4734-b5f8-1b916a9c6f45	chr6	149661	28872144	2	1	1
4eeb1683-19c9-4734-b5f8-1b916a9c6f45	chr6	28883860	30127079	1	1	0
4eeb1683-19c9-4734-b5f8-1b916a9c6f45	chr6	30134407	30800092	2	1	1
4eeb1683-19c9-4734-b5f8-1b916a9c6f45	chr6	30804567	33168185	1	1	0
4eeb1683-19c9-4734-b5f8-1b916a9c6f45	chr6	33175359	170741917	2	1	1
4eeb1683-19c9-4734-b5f8-1b916a9c6f45	chr7	43259	159334314	2	1	1
4eeb1683-19c9-4734-b5f8-1b916a9c6f45	chr8	81254	46524311	2	1	1
4eeb1683-19c9-4734-b5f8-1b916a9c6f45	chr8	46524713	63122412	1	1	0
4eeb1683-19c9-4734-b5f8-1b916a9c6f45	chr8	63131825	73702324	2	1	1
4eeb1683-19c9-4734-b5f8-1b916a9c6f45	chr8	73702890	75041542	1	1	0
4eeb1683-19c9-4734-b5f8-1b916a9c6f45	chr8	75045357	105989036	2	1	1
4eeb1683-19c9-4734-b5f8-1b916a9c6f45	chr8	105992211	106747329	1	1	0
4eeb1683-19c9-4734-b5f8-1b916a9c6f45	chr8	106750815	145072769	2	1	1
4eeb1683-19c9-4734-b5f8-1b916a9c6f45	chr9	46587	21928314	2	2	0
4eeb1683-19c9-4734-b5f8-1b916a9c6f45	chr9	21929667	22019018	0	0	0
4eeb1683-19c9-4734-b5f8-1b916a9c6f45	chr9	22019130	24755139	2	2	0
4eeb1683-19c9-4734-b5f8-1b916a9c6f45	chr9	24755399	138200944	2	1	1
4eeb1683-19c9-4734-b5f8-1b916a9c6f45	chr10	26823	1420943	1	1	0
4eeb1683-19c9-4734-b5f8-1b916a9c6f45	chr10	1420963	117313900	2	1	1
4eeb1683-19c9-4734-b5f8-1b916a9c6f45	chr10	117314380	119133907	1	1	0
4eeb1683-19c9-4734-b5f8-1b916a9c6f45	chr10	119135304	133769379	2	1	1
4eeb1683-19c9-4734-b5f8-1b916a9c6f45	chr11	198572	86910258	2	1	1
4eeb1683-19c9-4734-b5f8-1b916a9c6f45	chr11	86911501	88788180	1	1	0
4eeb1683-19c9-4734-b5f8-1b916a9c6f45	chr11	88792264	99949498	2	1	1
4eeb1683-19c9-4734-b5f8-1b916a9c6f45	chr11	99953254	135074876	3	2	1
4eeb1683-19c9-4734-b5f8-1b916a9c6f45	chr12	51460	9423891	2	1	1
4eeb1683-19c9-4734-b5f8-1b916a9c6f45	chr12	9426388	9635976	1	1	0
4eeb1683-19c9-4734-b5f8-1b916a9c6f45	chr12	9637702	11559911	2	1	1
4eeb1683-19c9-4734-b5f8-1b916a9c6f45	chr12	11561906	14196254	1	1	0
4eeb1683-19c9-4734-b5f8-1b916a9c6f45	chr12	14198902	47477228	2	1	1
4eeb1683-19c9-4734-b5f8-1b916a9c6f45	chr12	47477744	49862130	1	1	0
4eeb1683-19c9-4734-b5f8-1b916a9c6f45	chr12	49862523	50731358	2	1	1
4eeb1683-19c9-4734-b5f8-1b916a9c6f45	chr12	50733955	121347992	3	2	1
4eeb1683-19c9-4734-b5f8-1b916a9c6f45	chr12	121351814	121705513	2	1	1
4eeb1683-19c9-4734-b5f8-1b916a9c6f45	chr12	121710821	124490766	1	1	0
4eeb1683-19c9-4734-b5f8-1b916a9c6f45	chr12	124494697	132816865	2	1	1
4eeb1683-19c9-4734-b5f8-1b916a9c6f45	chr12	132819593	132882653	1	1	0
4eeb1683-19c9-4734-b5f8-1b916a9c6f45	chr12	132882684	133201603	2	1	1
4eeb1683-19c9-4734-b5f8-1b916a9c6f45	chr13	18452809	114342922	2	1	1
4eeb1683-19c9-4734-b5f8-1b916a9c6f45	chr14	18225647	106877229	2	1	1
4eeb1683-19c9-4734-b5f8-1b916a9c6f45	chr15	19811075	101928837	2	1	1
4eeb1683-19c9-4734-b5f8-1b916a9c6f45	chr16	10777	67819506	2	1	1
4eeb1683-19c9-4734-b5f8-1b916a9c6f45	chr16	67824494	69717482	1	1	0
4eeb1683-19c9-4734-b5f8-1b916a9c6f45	chr16	69728775	90221127	2	1	1
4eeb1683-19c9-4734-b5f8-1b916a9c6f45	chr17	150733	83090856	2	1	1
4eeb1683-19c9-4734-b5f8-1b916a9c6f45	chr18	48133	68068096	3	2	1
4eeb1683-19c9-4734-b5f8-1b916a9c6f45	chr18	68069058	68306174	2	1	1
4eeb1683-19c9-4734-b5f8-1b916a9c6f45	chr18	68306592	80257174	3	2	1
4eeb1683-19c9-4734-b5f8-1b916a9c6f45	chr19	90910	50339375	2	1	1
4eeb1683-19c9-4734-b5f8-1b916a9c6f45	chr19	50343555	58586487	3	2	1
4eeb1683-19c9-4734-b5f8-1b916a9c6f45	chr20	80664	64324800	2	1	1
4eeb1683-19c9-4734-b5f8-1b916a9c6f45	chr21	10336543	46677045	2	1	1
4eeb1683-19c9-4734-b5f8-1b916a9c6f45	chr22	15294545	50796027	2	1	1
4eeb1683-19c9-4734-b5f8-1b916a9c6f45	chrX	251810	14055245	2	1	1
4eeb1683-19c9-4734-b5f8-1b916a9c6f45	chrX	14058806	16125503	1	1	0
4eeb1683-19c9-4734-b5f8-1b916a9c6f45	chrX	16128998	156004181	2	1	1
ad89b287-1d8b-43f8-bcf0-4a57f24562b3	chr1	61735	3967530	1	1	0
ad89b287-1d8b-43f8-bcf0-4a57f24562b3	chr1	3968222	121741181	2	1	1
ad89b287-1d8b-43f8-bcf0-4a57f24562b3	chr1	143285278	150978606	4	3	1
ad89b287-1d8b-43f8-bcf0-4a57f24562b3	chr1	150979001	206628602	4	2	2
ad89b287-1d8b-43f8-bcf0-4a57f24562b3	chr1	206629095	213351217	2	2	0
ad89b287-1d8b-43f8-bcf0-4a57f24562b3	chr1	213353899	215218902	3	2	1
ad89b287-1d8b-43f8-bcf0-4a57f24562b3	chr1	215219102	248930189	2	2	0
ad89b287-1d8b-43f8-bcf0-4a57f24562b3	chr2	12784	56544172	2	1	1
ad89b287-1d8b-43f8-bcf0-4a57f24562b3	chr2	56545202	57848763	4	3	1
ad89b287-1d8b-43f8-bcf0-4a57f24562b3	chr2	57851413	242147305	2	1	1
ad89b287-1d8b-43f8-bcf0-4a57f24562b3	chr3	18667	93829655	2	1	1
ad89b287-1d8b-43f8-bcf0-4a57f24562b3	chr3	93832701	198169247	3	2	1
ad89b287-1d8b-43f8-bcf0-4a57f24562b3	chr4	12281	190106768	2	1	1
ad89b287-1d8b-43f8-bcf0-4a57f24562b3	chr5	15532	45801464	4	3	1
ad89b287-1d8b-43f8-bcf0-4a57f24562b3	chr5	45803049	181363319	2	1	1
ad89b287-1d8b-43f8-bcf0-4a57f24562b3	chr6	149661	170741917	2	1	1
ad89b287-1d8b-43f8-bcf0-4a57f24562b3	chr7	43259	38254500	2	1	1
ad89b287-1d8b-43f8-bcf0-4a57f24562b3	chr7	38255395	38332110	0	0	0
ad89b287-1d8b-43f8-bcf0-4a57f24562b3	chr7	38338324	159334314	2	1	1
ad89b287-1d8b-43f8-bcf0-4a57f24562b3	chr8	81254	66587509	1	1	0
ad89b287-1d8b-43f8-bcf0-4a57f24562b3	chr8	66587996	121949609	2	1	1
ad89b287-1d8b-43f8-bcf0-4a57f24562b3	chr8	121950976	145072769	4	2	2
ad89b287-1d8b-43f8-bcf0-4a57f24562b3	chr9	46587	138200944	2	1	1
ad89b287-1d8b-43f8-bcf0-4a57f24562b3	chr10	26823	133769379	2	1	1
ad89b287-1d8b-43f8-bcf0-4a57f24562b3	chr11	198572	96366370	2	1	1
ad89b287-1d8b-43f8-bcf0-4a57f24562b3	chr11	96367238	96694294	5	4	1
ad89b287-1d8b-43f8-bcf0-4a57f24562b3	chr11	96696847	107954459	2	1	1
ad89b287-1d8b-43f8-bcf0-4a57f24562b3	chr11	107954513	109313863	4	3	1
ad89b287-1d8b-43f8-bcf0-4a57f24562b3	chr11	109319051	117643042	2	1	1
ad89b287-1d8b-43f8-bcf0-4a57f24562b3	chr11	117643086	119099504	5	4	1
ad89b287-1d8b-43f8-bcf0-4a57f24562b3	chr11	119100541	135074876	2	1	1
ad89b287-1d8b-43f8-bcf0-4a57f24562b3	chr12	51460	133201603	2	1	1
ad89b287-1d8b-43f8-bcf0-4a57f24562b3	chr13	18452809	114342922	2	1	1
ad89b287-1d8b-43f8-bcf0-4a57f24562b3	chr14	18225647	21790782	3	2	1
ad89b287-1d8b-43f8-bcf0-4a57f24562b3	chr14	21790872	22124669	1	1	0
ad89b287-1d8b-43f8-bcf0-4a57f24562b3	chr14	22125036	22519593	0	0	0
ad89b287-1d8b-43f8-bcf0-4a57f24562b3	chr14	22524749	106877229	2	1	1
ad89b287-1d8b-43f8-bcf0-4a57f24562b3	chr15	19811075	101928837	2	1	1
ad89b287-1d8b-43f8-bcf0-4a57f24562b3	chr16	10777	90221127	2	1	1
ad89b287-1d8b-43f8-bcf0-4a57f24562b3	chr17	150733	83090856	2	1	1
ad89b287-1d8b-43f8-bcf0-4a57f24562b3	chr18	48133	80257174	2	1	1
ad89b287-1d8b-43f8-bcf0-4a57f24562b3	chr19	90910	50010198	2	1	1
ad89b287-1d8b-43f8-bcf0-4a57f24562b3	chr19	50014852	58586487	4	3	1
ad89b287-1d8b-43f8-bcf0-4a57f24562b3	chr20	80664	64324800	2	1	1
ad89b287-1d8b-43f8-bcf0-4a57f24562b3	chr21	10336543	46677045	2	1	1
ad89b287-1d8b-43f8-bcf0-4a57f24562b3	chr22	15294545	50796027	2	1	1
ad89b287-1d8b-43f8-bcf0-4a57f24562b3	chrX	251810	156004181	2	1	1
1f8c5cb0-4040-49b8-b51d-da8cf0529a6a	chr1	61735	149007774	2	1	1
1f8c5cb0-4040-49b8-b51d-da8cf0529a6a	chr1	149007797	206394357	3	2	1
1f8c5cb0-4040-49b8-b51d-da8cf0529a6a	chr1	206397447	248930189	2	1	1
1f8c5cb0-4040-49b8-b51d-da8cf0529a6a	chr2	12784	242147305	2	1	1
1f8c5cb0-4040-49b8-b51d-da8cf0529a6a	chr3	18667	60509541	3	2	1
1f8c5cb0-4040-49b8-b51d-da8cf0529a6a	chr3	60509564	60580170	2	1	1
1f8c5cb0-4040-49b8-b51d-da8cf0529a6a	chr3	60580759	198169247	3	2	1
1f8c5cb0-4040-49b8-b51d-da8cf0529a6a	chr4	12281	190106768	2	1	1
1f8c5cb0-4040-49b8-b51d-da8cf0529a6a	chr5	15532	181363319	2	1	1
1f8c5cb0-4040-49b8-b51d-da8cf0529a6a	chr6	149661	170741917	2	1	1
1f8c5cb0-4040-49b8-b51d-da8cf0529a6a	chr7	43259	65589212	3	2	1
1f8c5cb0-4040-49b8-b51d-da8cf0529a6a	chr7	65595036	159334314	2	1	1
1f8c5cb0-4040-49b8-b51d-da8cf0529a6a	chr8	81254	145072769	2	1	1
1f8c5cb0-4040-49b8-b51d-da8cf0529a6a	chr9	46587	138200944	2	1	1
1f8c5cb0-4040-49b8-b51d-da8cf0529a6a	chr10	26823	133769379	2	1	1
1f8c5cb0-4040-49b8-b51d-da8cf0529a6a	chr11	198572	135074876	2	1	1
1f8c5cb0-4040-49b8-b51d-da8cf0529a6a	chr12	51460	133201603	2	1	1
1f8c5cb0-4040-49b8-b51d-da8cf0529a6a	chr13	18452809	114342922	2	1	1
1f8c5cb0-4040-49b8-b51d-da8cf0529a6a	chr14	18225647	106877229	2	1	1
1f8c5cb0-4040-49b8-b51d-da8cf0529a6a	chr15	19811075	101928837	2	1	1
1f8c5cb0-4040-49b8-b51d-da8cf0529a6a	chr16	10777	90221127	2	1	1
1f8c5cb0-4040-49b8-b51d-da8cf0529a6a	chr17	150733	83090856	2	1	1
1f8c5cb0-4040-49b8-b51d-da8cf0529a6a	chr18	48133	80257174	3	2	1
1f8c5cb0-4040-49b8-b51d-da8cf0529a6a	chr19	90910	53215997	2	1	1
1f8c5cb0-4040-49b8-b51d-da8cf0529a6a	chr19	53216194	53278427	1	1	0
1f8c5cb0-4040-49b8-b51d-da8cf0529a6a	chr19	53278637	58586487	2	1	1
1f8c5cb0-4040-49b8-b51d-da8cf0529a6a	chr20	80664	64324800	2	1	1
1f8c5cb0-4040-49b8-b51d-da8cf0529a6a	chr21	10336543	46677045	2	1	1
1f8c5cb0-4040-49b8-b51d-da8cf0529a6a	chr22	15294545	50796027	2	1	1
1f8c5cb0-4040-49b8-b51d-da8cf0529a6a	chrX	251810	156004181	1	1	0
d667b3a8-35d8-46fa-b3c3-4fbe24c889e6	chr1	62920	115979237	2	1	1
d667b3a8-35d8-46fa-b3c3-4fbe24c889e6	chr1	115982172	117108741	1	1	0
d667b3a8-35d8-46fa-b3c3-4fbe24c889e6	chr1	117110758	152583051	2	1	1
d667b3a8-35d8-46fa-b3c3-4fbe24c889e6	chr1	152583230	152613762	0	0	0
d667b3a8-35d8-46fa-b3c3-4fbe24c889e6	chr1	152613802	214790804	2	1	1
d667b3a8-35d8-46fa-b3c3-4fbe24c889e6	chr1	214791758	214800147	5	3	2
d667b3a8-35d8-46fa-b3c3-4fbe24c889e6	chr1	214801395	225816860	2	1	1
d667b3a8-35d8-46fa-b3c3-4fbe24c889e6	chr1	225818396	225827415	4	2	2
d667b3a8-35d8-46fa-b3c3-4fbe24c889e6	chr1	225827598	248827033	2	1	1
d667b3a8-35d8-46fa-b3c3-4fbe24c889e6	chr1	248828211	248930189	1	1	0
d667b3a8-35d8-46fa-b3c3-4fbe24c889e6	chr2	12784	191110721	2	1	1
d667b3a8-35d8-46fa-b3c3-4fbe24c889e6	chr2	191111908	191134017	1	1	0
d667b3a8-35d8-46fa-b3c3-4fbe24c889e6	chr2	191134587	242147305	2	1	1
d667b3a8-35d8-46fa-b3c3-4fbe24c889e6	chr3	20930	21944976	2	2	0
d667b3a8-35d8-46fa-b3c3-4fbe24c889e6	chr3	21949340	21977903	0	0	0
d667b3a8-35d8-46fa-b3c3-4fbe24c889e6	chr3	21978302	22678829	2	2	0
d667b3a8-35d8-46fa-b3c3-4fbe24c889e6	chr3	22679137	22709540	1	1	0
d667b3a8-35d8-46fa-b3c3-4fbe24c889e6	chr3	22717000	54427853	2	2	0
d667b3a8-35d8-46fa-b3c3-4fbe24c889e6	chr3	54429098	146538692	2	1	1
d667b3a8-35d8-46fa-b3c3-4fbe24c889e6	chr3	146539520	146543309	0	0	0
d667b3a8-35d8-46fa-b3c3-4fbe24c889e6	chr3	146543340	162794951	2	1	1
d667b3a8-35d8-46fa-b3c3-4fbe24c889e6	chr3	162795304	162898127	0	0	0
d667b3a8-35d8-46fa-b3c3-4fbe24c889e6	chr3	162906054	191974205	2	1	1
d667b3a8-35d8-46fa-b3c3-4fbe24c889e6	chr3	191976089	191983139	1	1	0
d667b3a8-35d8-46fa-b3c3-4fbe24c889e6	chr3	191983488	192011291	4	2	2
d667b3a8-35d8-46fa-b3c3-4fbe24c889e6	chr3	192011418	194921751	2	1	1
d667b3a8-35d8-46fa-b3c3-4fbe24c889e6	chr3	194921899	194936684	6	3	3
d667b3a8-35d8-46fa-b3c3-4fbe24c889e6	chr3	194936728	198169247	2	1	1
d667b3a8-35d8-46fa-b3c3-4fbe24c889e6	chr4	68929	10208766	2	1	1
d667b3a8-35d8-46fa-b3c3-4fbe24c889e6	chr4	10212536	10229874	0	0	0
d667b3a8-35d8-46fa-b3c3-4fbe24c889e6	chr4	10232590	171080739	2	1	1
d667b3a8-35d8-46fa-b3c3-4fbe24c889e6	chr4	171080753	171225117	1	1	0
d667b3a8-35d8-46fa-b3c3-4fbe24c889e6	chr4	171226326	184016566	2	1	1
d667b3a8-35d8-46fa-b3c3-4fbe24c889e6	chr4	184018755	185450063	1	1	0
d667b3a8-35d8-46fa-b3c3-4fbe24c889e6	chr4	185457387	190106768	2	1	1
d667b3a8-35d8-46fa-b3c3-4fbe24c889e6	chr5	15532	181363319	2	1	1
d667b3a8-35d8-46fa-b3c3-4fbe24c889e6	chr6	149661	29866002	2	2	0
d667b3a8-35d8-46fa-b3c3-4fbe24c889e6	chr6	29866171	29928644	0	0	0
d667b3a8-35d8-46fa-b3c3-4fbe24c889e6	chr6	29931120	37178524	2	2	0
d667b3a8-35d8-46fa-b3c3-4fbe24c889e6	chr6	37182805	90615526	2	1	1
d667b3a8-35d8-46fa-b3c3-4fbe24c889e6	chr6	90616580	90728497	1	1	0
d667b3a8-35d8-46fa-b3c3-4fbe24c889e6	chr6	90728752	90906068	3	2	1
d667b3a8-35d8-46fa-b3c3-4fbe24c889e6	chr6	90907557	97021323	2	1	1
d667b3a8-35d8-46fa-b3c3-4fbe24c889e6	chr6	97021514	128789298	1	1	0
d667b3a8-35d8-46fa-b3c3-4fbe24c889e6	chr6	128790370	170741917	2	1	1
d667b3a8-35d8-46fa-b3c3-4fbe24c889e6	chr7	43259	159334314	2	1	1
d667b3a8-35d8-46fa-b3c3-4fbe24c889e6	chr8	81254	55471156	2	1	1
d667b3a8-35d8-46fa-b3c3-4fbe24c889e6	chr8	55472136	64732546	1	1	0
d667b3a8-35d8-46fa-b3c3-4fbe24c889e6	chr8	64733009	87575885	2	1	1
d667b3a8-35d8-46fa-b3c3-4fbe24c889e6	chr8	87586432	92169625	1	1	0
d667b3a8-35d8-46fa-b3c3-4fbe24c889e6	chr8	92173829	98352865	2	1	1
d667b3a8-35d8-46fa-b3c3-4fbe24c889e6	chr8	98355666	99610185	1	1	0
d667b3a8-35d8-46fa-b3c3-4fbe24c889e6	chr8	99613862	132504105	2	1	1
d667b3a8-35d8-46fa-b3c3-4fbe24c889e6	chr8	132511398	133161244	1	1	0
d667b3a8-35d8-46fa-b3c3-4fbe24c889e6	chr8	133161292	145072769	2	1	1
d667b3a8-35d8-46fa-b3c3-4fbe24c889e6	chr9	46587	21684723	2	1	1
d667b3a8-35d8-46fa-b3c3-4fbe24c889e6	chr9	21688239	22361415	1	1	0
d667b3a8-35d8-46fa-b3c3-4fbe24c889e6	chr9	22361637	27290239	2	1	1
d667b3a8-35d8-46fa-b3c3-4fbe24c889e6	chr9	27290727	27361995	3	2	1
d667b3a8-35d8-46fa-b3c3-4fbe24c889e6	chr9	27363006	138200944	2	1	1
d667b3a8-35d8-46fa-b3c3-4fbe24c889e6	chr10	45792	1020505	2	1	1
d667b3a8-35d8-46fa-b3c3-4fbe24c889e6	chr10	1022862	3753179	1	1	0
d667b3a8-35d8-46fa-b3c3-4fbe24c889e6	chr10	3754377	4540088	2	1	1
d667b3a8-35d8-46fa-b3c3-4fbe24c889e6	chr10	4540692	13720810	1	1	0
d667b3a8-35d8-46fa-b3c3-4fbe24c889e6	chr10	13722711	133654968	2	1	1
d667b3a8-35d8-46fa-b3c3-4fbe24c889e6	chr11	198510	79051137	2	1	1
d667b3a8-35d8-46fa-b3c3-4fbe24c889e6	chr11	79051582	79146393	1	1	0
d667b3a8-35d8-46fa-b3c3-4fbe24c889e6	chr11	79146638	135074876	2	1	1
d667b3a8-35d8-46fa-b3c3-4fbe24c889e6	chr12	51460	23104677	2	1	1
d667b3a8-35d8-46fa-b3c3-4fbe24c889e6	chr12	23105040	23108719	0	0	0
d667b3a8-35d8-46fa-b3c3-4fbe24c889e6	chr12	23109161	53830736	2	1	1
d667b3a8-35d8-46fa-b3c3-4fbe24c889e6	chr12	53830896	93053544	3	2	1
d667b3a8-35d8-46fa-b3c3-4fbe24c889e6	chr12	93054283	93299295	2	1	1
d667b3a8-35d8-46fa-b3c3-4fbe24c889e6	chr12	93299617	133201603	3	2	1
d667b3a8-35d8-46fa-b3c3-4fbe24c889e6	chr13	18452809	114342922	2	1	1
d667b3a8-35d8-46fa-b3c3-4fbe24c889e6	chr14	18239283	19956767	4	3	1
d667b3a8-35d8-46fa-b3c3-4fbe24c889e6	chr14	19957350	21879085	2	1	1
d667b3a8-35d8-46fa-b3c3-4fbe24c889e6	chr14	21879508	22632004	1	1	0
d667b3a8-35d8-46fa-b3c3-4fbe24c889e6	chr14	22633534	90247591	2	1	1
d667b3a8-35d8-46fa-b3c3-4fbe24c889e6	chr14	90247659	90258459	0	0	0
d667b3a8-35d8-46fa-b3c3-4fbe24c889e6	chr14	90258750	95753846	2	1	1
d667b3a8-35d8-46fa-b3c3-4fbe24c889e6	chr14	95754100	95757255	0	0	0
d667b3a8-35d8-46fa-b3c3-4fbe24c889e6	chr14	95758712	99551024	2	1	1
d667b3a8-35d8-46fa-b3c3-4fbe24c889e6	chr14	99551085	99556527	0	0	0
d667b3a8-35d8-46fa-b3c3-4fbe24c889e6	chr14	99557059	106249511	2	1	1
d667b3a8-35d8-46fa-b3c3-4fbe24c889e6	chr14	106249546	106458728	5	5	0
d667b3a8-35d8-46fa-b3c3-4fbe24c889e6	chr14	106462123	106877229	2	1	1
d667b3a8-35d8-46fa-b3c3-4fbe24c889e6	chr15	19811075	19811075	12	12	0
d667b3a8-35d8-46fa-b3c3-4fbe24c889e6	chr15	19825322	23452110	4	4	0
d667b3a8-35d8-46fa-b3c3-4fbe24c889e6	chr15	23454876	76586021	2	1	1
d667b3a8-35d8-46fa-b3c3-4fbe24c889e6	chr15	76598900	76609853	10	10	0
d667b3a8-35d8-46fa-b3c3-4fbe24c889e6	chr15	76609900	101928837	2	1	1
d667b3a8-35d8-46fa-b3c3-4fbe24c889e6	chr16	10777	1922004	2	1	1
d667b3a8-35d8-46fa-b3c3-4fbe24c889e6	chr16	1922547	14845483	4	3	1
d667b3a8-35d8-46fa-b3c3-4fbe24c889e6	chr16	14857718	87923852	2	1	1
d667b3a8-35d8-46fa-b3c3-4fbe24c889e6	chr16	87924956	88588555	1	1	0
d667b3a8-35d8-46fa-b3c3-4fbe24c889e6	chr16	88592025	90096867	2	1	1
d667b3a8-35d8-46fa-b3c3-4fbe24c889e6	chr17	150733	6661504	2	1	1
d667b3a8-35d8-46fa-b3c3-4fbe24c889e6	chr17	6662325	6665497	6	3	3
d667b3a8-35d8-46fa-b3c3-4fbe24c889e6	chr17	6666048	11300260	2	1	1
d667b3a8-35d8-46fa-b3c3-4fbe24c889e6	chr17	11303558	11330718	5	3	2
d667b3a8-35d8-46fa-b3c3-4fbe24c889e6	chr17	11331302	63736686	2	1	1
d667b3a8-35d8-46fa-b3c3-4fbe24c889e6	chr17	63738427	83091923	2	2	0
d667b3a8-35d8-46fa-b3c3-4fbe24c889e6	chr18	48133	46381315	2	1	1
d667b3a8-35d8-46fa-b3c3-4fbe24c889e6	chr18	46382954	80257174	3	2	1
d667b3a8-35d8-46fa-b3c3-4fbe24c889e6	chr19	90910	1525886	1	1	0
d667b3a8-35d8-46fa-b3c3-4fbe24c889e6	chr19	1530034	43334601	2	1	1
d667b3a8-35d8-46fa-b3c3-4fbe24c889e6	chr19	43335559	44947261	3	2	1
d667b3a8-35d8-46fa-b3c3-4fbe24c889e6	chr19	44949588	45120696	1	1	0
d667b3a8-35d8-46fa-b3c3-4fbe24c889e6	chr19	45120961	58586487	3	2	1
d667b3a8-35d8-46fa-b3c3-4fbe24c889e6	chr20	80664	64324800	2	1	1
d667b3a8-35d8-46fa-b3c3-4fbe24c889e6	chr21	12973348	25252947	2	1	1
d667b3a8-35d8-46fa-b3c3-4fbe24c889e6	chr21	25253628	25656474	3	2	1
d667b3a8-35d8-46fa-b3c3-4fbe24c889e6	chr21	25658160	46677045	2	1	1
d667b3a8-35d8-46fa-b3c3-4fbe24c889e6	chr22	16392123	28862549	2	1	1
d667b3a8-35d8-46fa-b3c3-4fbe24c889e6	chr22	28862916	29539950	1	1	0
d667b3a8-35d8-46fa-b3c3-4fbe24c889e6	chr22	29541250	50796027	2	1	1
d667b3a8-35d8-46fa-b3c3-4fbe24c889e6	chrX	251810	490407	1	1	0
d667b3a8-35d8-46fa-b3c3-4fbe24c889e6	chrX	507629	683127	3	2	1
d667b3a8-35d8-46fa-b3c3-4fbe24c889e6	chrX	683150	1480942	1	1	0
d667b3a8-35d8-46fa-b3c3-4fbe24c889e6	chrX	1482489	1731702	3	2	1
d667b3a8-35d8-46fa-b3c3-4fbe24c889e6	chrX	1731860	1804061	1	1	0
d667b3a8-35d8-46fa-b3c3-4fbe24c889e6	chrX	1815490	2776199	2	1	1
d667b3a8-35d8-46fa-b3c3-4fbe24c889e6	chrX	2785350	155688578	0	0	0
d667b3a8-35d8-46fa-b3c3-4fbe24c889e6	chrX	155692212	156004181	1	1	0
d667b3a8-35d8-46fa-b3c3-4fbe24c889e6	chrY	2782397	26653788	2	1	1
d667b3a8-35d8-46fa-b3c3-4fbe24c889e6	chrY	56872112	56872112	1	1	0
c6826336-3320-4342-a326-658471b73674	chr1	62920	27401536	2	2	0
c6826336-3320-4342-a326-658471b73674	chr1	27410841	196737547	2	1	1
c6826336-3320-4342-a326-658471b73674	chr1	196737736	196830375	6	6	0
c6826336-3320-4342-a326-658471b73674	chr1	196832298	248930189	2	1	1
c6826336-3320-4342-a326-658471b73674	chr2	12784	57167767	2	1	1
c6826336-3320-4342-a326-658471b73674	chr2	57174909	57214788	6	6	0
c6826336-3320-4342-a326-658471b73674	chr2	57218336	154081659	2	1	1
c6826336-3320-4342-a326-658471b73674	chr2	154087320	154764121	3	2	1
c6826336-3320-4342-a326-658471b73674	chr2	154764534	242147305	2	1	1
c6826336-3320-4342-a326-658471b73674	chr3	20930	157623830	2	1	1
c6826336-3320-4342-a326-658471b73674	chr3	157623893	198169247	3	2	1
c6826336-3320-4342-a326-658471b73674	chr4	68929	10227193	2	1	1
c6826336-3320-4342-a326-658471b73674	chr4	10227256	10229874	0	0	0
c6826336-3320-4342-a326-658471b73674	chr4	10232590	101183586	2	1	1
c6826336-3320-4342-a326-658471b73674	chr4	101184139	101273355	1	1	0
c6826336-3320-4342-a326-658471b73674	chr4	101277555	101720035	3	2	1
c6826336-3320-4342-a326-658471b73674	chr4	101720271	190106768	2	1	1
c6826336-3320-4342-a326-658471b73674	chr5	15532	22585478	2	1	1
c6826336-3320-4342-a326-658471b73674	chr5	22585784	22745621	3	2	1
c6826336-3320-4342-a326-658471b73674	chr5	22746215	124042803	2	1	1
c6826336-3320-4342-a326-658471b73674	chr5	124045244	124189469	3	2	1
c6826336-3320-4342-a326-658471b73674	chr5	124198211	124210467	1	1	0
c6826336-3320-4342-a326-658471b73674	chr5	124210567	181363319	2	1	1
c6826336-3320-4342-a326-658471b73674	chr6	149661	51407965	2	2	0
c6826336-3320-4342-a326-658471b73674	chr6	51408146	51804764	2	1	1
c6826336-3320-4342-a326-658471b73674	chr6	51804801	51806523	0	0	0
c6826336-3320-4342-a326-658471b73674	chr6	51806552	103286954	2	1	1
c6826336-3320-4342-a326-658471b73674	chr6	103290101	103327551	0	0	0
c6826336-3320-4342-a326-658471b73674	chr6	103327631	170741917	2	1	1
c6826336-3320-4342-a326-658471b73674	chr7	43259	159334314	3	2	1
c6826336-3320-4342-a326-658471b73674	chr8	81254	6433673	2	1	1
c6826336-3320-4342-a326-658471b73674	chr8	6437551	6538720	1	1	0
c6826336-3320-4342-a326-658471b73674	chr8	6538820	16968788	2	1	1
c6826336-3320-4342-a326-658471b73674	chr8	16968916	16973801	1	1	0
c6826336-3320-4342-a326-658471b73674	chr8	16980783	117697528	2	1	1
c6826336-3320-4342-a326-658471b73674	chr8	117701173	117718482	4	2	2
c6826336-3320-4342-a326-658471b73674	chr8	117719230	145072769	2	1	1
c6826336-3320-4342-a326-658471b73674	chr9	46587	3125664	2	1	1
c6826336-3320-4342-a326-658471b73674	chr9	3125843	3137952	1	1	0
c6826336-3320-4342-a326-658471b73674	chr9	3138642	138200944	2	1	1
c6826336-3320-4342-a326-658471b73674	chr10	45792	42402162	3	2	1
c6826336-3320-4342-a326-658471b73674	chr10	42402200	45652959	2	1	1
c6826336-3320-4342-a326-658471b73674	chr10	45653302	46522571	5	3	2
c6826336-3320-4342-a326-658471b73674	chr10	46525652	57634957	2	1	1
c6826336-3320-4342-a326-658471b73674	chr10	57635629	63059366	3	2	1
c6826336-3320-4342-a326-658471b73674	chr10	63059607	87842502	2	1	1
c6826336-3320-4342-a326-658471b73674	chr10	87843240	133654968	1	1	0
c6826336-3320-4342-a326-658471b73674	chr11	198510	135074876	2	1	1
c6826336-3320-4342-a326-658471b73674	chr12	51460	26379696	1	1	0
c6826336-3320-4342-a326-658471b73674	chr12	26379846	26432645	0	0	0
c6826336-3320-4342-a326-658471b73674	chr12	26432896	34304273	1	1	0
c6826336-3320-4342-a326-658471b73674	chr12	34307094	133201603	2	1	1
c6826336-3320-4342-a326-658471b73674	chr13	18452809	75697110	1	1	0
c6826336-3320-4342-a326-658471b73674	chr13	75697245	75792499	0	0	0
c6826336-3320-4342-a326-658471b73674	chr13	75792803	93300711	1	1	0
c6826336-3320-4342-a326-658471b73674	chr13	93301245	93357239	2	2	0
c6826336-3320-4342-a326-658471b73674	chr13	93357290	110541923	1	1	0
c6826336-3320-4342-a326-658471b73674	chr13	110544834	110718245	2	2	0
c6826336-3320-4342-a326-658471b73674	chr13	110721946	114342922	1	1	0
c6826336-3320-4342-a326-658471b73674	chr14	18239283	58002763	2	1	1
c6826336-3320-4342-a326-658471b73674	chr14	58004047	59371575	1	1	0
c6826336-3320-4342-a326-658471b73674	chr14	59372024	106877229	2	1	1
c6826336-3320-4342-a326-658471b73674	chr15	19811075	23410189	4	3	1
c6826336-3320-4342-a326-658471b73674	chr15	23411377	76603003	1	1	0
c6826336-3320-4342-a326-658471b73674	chr15	76603426	76609838	11	11	0
c6826336-3320-4342-a326-658471b73674	chr15	76609853	101928837	1	1	0
c6826336-3320-4342-a326-658471b73674	chr16	10777	7454847	3	2	1
c6826336-3320-4342-a326-658471b73674	chr16	7454852	7458782	1	1	0
c6826336-3320-4342-a326-658471b73674	chr16	7462847	35082020	3	2	1
c6826336-3320-4342-a326-658471b73674	chr16	35087005	90096867	1	1	0
c6826336-3320-4342-a326-658471b73674	chr17	150733	8065624	1	1	0
c6826336-3320-4342-a326-658471b73674	chr17	8067021	8608041	2	1	1
c6826336-3320-4342-a326-658471b73674	chr17	8610823	27036401	1	1	0
c6826336-3320-4342-a326-658471b73674	chr17	27036628	83091923	2	1	1
c6826336-3320-4342-a326-658471b73674	chr18	48133	80257174	2	1	1
c6826336-3320-4342-a326-658471b73674	chr19	90910	1977791	2	1	1
c6826336-3320-4342-a326-658471b73674	chr19	1981809	10379726	1	1	0
c6826336-3320-4342-a326-658471b73674	chr19	10380212	43198881	2	1	1
c6826336-3320-4342-a326-658471b73674	chr19	43199352	43252085	0	0	0
c6826336-3320-4342-a326-658471b73674	chr19	43262507	43525592	2	1	1
c6826336-3320-4342-a326-658471b73674	chr19	43526846	58586487	1	1	0
c6826336-3320-4342-a326-658471b73674	chr20	80664	16499661	2	1	1
c6826336-3320-4342-a326-658471b73674	chr20	16499705	16564714	1	1	0
c6826336-3320-4342-a326-658471b73674	chr20	16566722	64324800	2	1	1
c6826336-3320-4342-a326-658471b73674	chr21	12973348	46677045	2	1	1
c6826336-3320-4342-a326-658471b73674	chr22	16392123	25350075	2	1	1
c6826336-3320-4342-a326-658471b73674	chr22	25351623	25509687	0	0	0
c6826336-3320-4342-a326-658471b73674	chr22	25509912	50796027	2	1	1
c6826336-3320-4342-a326-658471b73674	chrX	251810	31344153	2	1	1
c6826336-3320-4342-a326-658471b73674	chrX	31344257	31578462	1	1	0
c6826336-3320-4342-a326-658471b73674	chrX	31578850	156004181	2	1	1
c6826336-3320-4342-a326-658471b73674	chrY	2782397	56872112	0	0	0
6252dc79-abd5-4313-8d01-7f2b3e0cfbd9	chr1	62920	72867385	2	1	1
6252dc79-abd5-4313-8d01-7f2b3e0cfbd9	chr1	72868351	73148457	3	2	1
6252dc79-abd5-4313-8d01-7f2b3e0cfbd9	chr1	73148843	83740261	2	1	1
6252dc79-abd5-4313-8d01-7f2b3e0cfbd9	chr1	83741404	85098140	3	2	1
6252dc79-abd5-4313-8d01-7f2b3e0cfbd9	chr1	85101239	121705338	2	1	1
6252dc79-abd5-4313-8d01-7f2b3e0cfbd9	chr1	143541857	149807173	1	1	0
6252dc79-abd5-4313-8d01-7f2b3e0cfbd9	chr1	149817468	151198313	5	4	1
6252dc79-abd5-4313-8d01-7f2b3e0cfbd9	chr1	151201646	194498494	4	3	1
6252dc79-abd5-4313-8d01-7f2b3e0cfbd9	chr1	194498527	219815358	3	2	1
6252dc79-abd5-4313-8d01-7f2b3e0cfbd9	chr1	219817461	236431986	1	1	0
6252dc79-abd5-4313-8d01-7f2b3e0cfbd9	chr1	236440911	236605708	3	2	1
6252dc79-abd5-4313-8d01-7f2b3e0cfbd9	chr1	236612839	236737237	1	1	0
6252dc79-abd5-4313-8d01-7f2b3e0cfbd9	chr1	236738518	236857860	3	2	1
6252dc79-abd5-4313-8d01-7f2b3e0cfbd9	chr1	236858934	237607246	1	1	0
6252dc79-abd5-4313-8d01-7f2b3e0cfbd9	chr1	237609695	240689325	3	2	1
6252dc79-abd5-4313-8d01-7f2b3e0cfbd9	chr1	240693223	242245765	1	1	0
6252dc79-abd5-4313-8d01-7f2b3e0cfbd9	chr1	242245798	242388396	4	3	1
6252dc79-abd5-4313-8d01-7f2b3e0cfbd9	chr1	242392109	242618709	1	1	0
6252dc79-abd5-4313-8d01-7f2b3e0cfbd9	chr1	242621402	244489674	3	2	1
6252dc79-abd5-4313-8d01-7f2b3e0cfbd9	chr1	244490095	244556620	1	1	0
6252dc79-abd5-4313-8d01-7f2b3e0cfbd9	chr1	244559366	247305299	3	2	1
6252dc79-abd5-4313-8d01-7f2b3e0cfbd9	chr1	247307534	247868464	1	1	0
6252dc79-abd5-4313-8d01-7f2b3e0cfbd9	chr1	247872164	248930189	3	2	1
6252dc79-abd5-4313-8d01-7f2b3e0cfbd9	chr2	12784	146104517	2	1	1
6252dc79-abd5-4313-8d01-7f2b3e0cfbd9	chr2	146106836	146109366	0	0	0
6252dc79-abd5-4313-8d01-7f2b3e0cfbd9	chr2	146120238	242147305	2	1	1
6252dc79-abd5-4313-8d01-7f2b3e0cfbd9	chr3	20930	60939344	2	1	1
6252dc79-abd5-4313-8d01-7f2b3e0cfbd9	chr3	60939531	61089926	1	1	0
6252dc79-abd5-4313-8d01-7f2b3e0cfbd9	chr3	61090317	198169247	2	1	1
6252dc79-abd5-4313-8d01-7f2b3e0cfbd9	chr4	68929	10208245	2	1	1
6252dc79-abd5-4313-8d01-7f2b3e0cfbd9	chr4	10208322	10229874	0	0	0
6252dc79-abd5-4313-8d01-7f2b3e0cfbd9	chr4	10232590	20944031	2	1	1
6252dc79-abd5-4313-8d01-7f2b3e0cfbd9	chr4	20944203	20985820	1	1	0
6252dc79-abd5-4313-8d01-7f2b3e0cfbd9	chr4	20986094	160952848	2	1	1
6252dc79-abd5-4313-8d01-7f2b3e0cfbd9	chr4	160958866	160963756	0	0	0
6252dc79-abd5-4313-8d01-7f2b3e0cfbd9	chr4	160963767	190106768	2	1	1
6252dc79-abd5-4313-8d01-7f2b3e0cfbd9	chr5	15532	181363319	2	1	1
6252dc79-abd5-4313-8d01-7f2b3e0cfbd9	chr6	149661	71743003	2	1	1
6252dc79-abd5-4313-8d01-7f2b3e0cfbd9	chr6	71743168	71810697	1	1	0
6252dc79-abd5-4313-8d01-7f2b3e0cfbd9	chr6	71812712	71866375	0	0	0
6252dc79-abd5-4313-8d01-7f2b3e0cfbd9	chr6	71867651	142028941	1	1	0
6252dc79-abd5-4313-8d01-7f2b3e0cfbd9	chr6	142038051	170741917	2	1	1
6252dc79-abd5-4313-8d01-7f2b3e0cfbd9	chr7	43259	7021510	2	1	1
6252dc79-abd5-4313-8d01-7f2b3e0cfbd9	chr7	7021624	7070659	0	0	0
6252dc79-abd5-4313-8d01-7f2b3e0cfbd9	chr7	7071420	159334314	2	1	1
6252dc79-abd5-4313-8d01-7f2b3e0cfbd9	chr8	81254	7433619	2	1	1
6252dc79-abd5-4313-8d01-7f2b3e0cfbd9	chr8	7440674	8007744	0	0	0
6252dc79-abd5-4313-8d01-7f2b3e0cfbd9	chr8	8078333	145072769	2	1	1
6252dc79-abd5-4313-8d01-7f2b3e0cfbd9	chr9	46587	21550593	2	1	1
6252dc79-abd5-4313-8d01-7f2b3e0cfbd9	chr9	21555227	22502700	1	1	0
6252dc79-abd5-4313-8d01-7f2b3e0cfbd9	chr9	22509341	110933548	2	1	1
6252dc79-abd5-4313-8d01-7f2b3e0cfbd9	chr9	110933815	111012416	1	1	0
6252dc79-abd5-4313-8d01-7f2b3e0cfbd9	chr9	111013503	138200944	2	1	1
6252dc79-abd5-4313-8d01-7f2b3e0cfbd9	chr10	45792	65548259	2	1	1
6252dc79-abd5-4313-8d01-7f2b3e0cfbd9	chr10	65548272	65554688	0	0	0
6252dc79-abd5-4313-8d01-7f2b3e0cfbd9	chr10	65563037	133654968	2	1	1
6252dc79-abd5-4313-8d01-7f2b3e0cfbd9	chr11	198510	135074876	3	2	1
6252dc79-abd5-4313-8d01-7f2b3e0cfbd9	chr12	51460	2126723	2	1	1
6252dc79-abd5-4313-8d01-7f2b3e0cfbd9	chr12	2136696	2148754	0	0	0
6252dc79-abd5-4313-8d01-7f2b3e0cfbd9	chr12	2148857	9474642	2	1	1
6252dc79-abd5-4313-8d01-7f2b3e0cfbd9	chr12	9477960	9583090	0	0	0
6252dc79-abd5-4313-8d01-7f2b3e0cfbd9	chr12	9584060	31112123	2	1	1
6252dc79-abd5-4313-8d01-7f2b3e0cfbd9	chr12	31116364	31253973	3	2	1
6252dc79-abd5-4313-8d01-7f2b3e0cfbd9	chr12	31254189	133201603	2	1	1
6252dc79-abd5-4313-8d01-7f2b3e0cfbd9	chr13	18452809	79846107	2	1	1
6252dc79-abd5-4313-8d01-7f2b3e0cfbd9	chr13	79848548	79855147	1	1	0
6252dc79-abd5-4313-8d01-7f2b3e0cfbd9	chr13	79856040	114342922	2	1	1
6252dc79-abd5-4313-8d01-7f2b3e0cfbd9	chr14	18239283	23957515	2	1	1
6252dc79-abd5-4313-8d01-7f2b3e0cfbd9	chr14	23975620	24019682	0	0	0
6252dc79-abd5-4313-8d01-7f2b3e0cfbd9	chr14	24019810	92063938	2	1	1
6252dc79-abd5-4313-8d01-7f2b3e0cfbd9	chr14	92064169	92104523	1	1	0
6252dc79-abd5-4313-8d01-7f2b3e0cfbd9	chr14	92105635	105014849	2	1	1
6252dc79-abd5-4313-8d01-7f2b3e0cfbd9	chr14	105015590	106877229	3	2	1
6252dc79-abd5-4313-8d01-7f2b3e0cfbd9	chr15	19811075	42347797	2	1	1
6252dc79-abd5-4313-8d01-7f2b3e0cfbd9	chr15	42348609	101928837	2	2	0
6252dc79-abd5-4313-8d01-7f2b3e0cfbd9	chr16	10777	30856958	2	2	0
6252dc79-abd5-4313-8d01-7f2b3e0cfbd9	chr16	30859354	79704898	2	1	1
6252dc79-abd5-4313-8d01-7f2b3e0cfbd9	chr16	79704937	79714637	1	1	0
6252dc79-abd5-4313-8d01-7f2b3e0cfbd9	chr16	79715108	83858402	2	1	1
6252dc79-abd5-4313-8d01-7f2b3e0cfbd9	chr16	83858691	83869666	1	1	0
6252dc79-abd5-4313-8d01-7f2b3e0cfbd9	chr16	83870336	90096867	2	1	1
6252dc79-abd5-4313-8d01-7f2b3e0cfbd9	chr17	150733	83091923	2	1	1
6252dc79-abd5-4313-8d01-7f2b3e0cfbd9	chr18	48133	4971660	2	1	1
6252dc79-abd5-4313-8d01-7f2b3e0cfbd9	chr18	4973590	4985483	0	0	0
6252dc79-abd5-4313-8d01-7f2b3e0cfbd9	chr18	4987699	80257174	2	1	1
6252dc79-abd5-4313-8d01-7f2b3e0cfbd9	chr19	90910	58586487	2	1	1
6252dc79-abd5-4313-8d01-7f2b3e0cfbd9	chr20	80664	64324800	2	1	1
6252dc79-abd5-4313-8d01-7f2b3e0cfbd9	chr21	12973348	46677045	2	1	1
6252dc79-abd5-4313-8d01-7f2b3e0cfbd9	chr22	16392123	32178696	2	1	1
6252dc79-abd5-4313-8d01-7f2b3e0cfbd9	chr22	32179162	32450720	1	1	0
6252dc79-abd5-4313-8d01-7f2b3e0cfbd9	chr22	32451129	50796027	2	1	1
6252dc79-abd5-4313-8d01-7f2b3e0cfbd9	chrX	251810	5079338	2	1	1
6252dc79-abd5-4313-8d01-7f2b3e0cfbd9	chrX	5079587	5103450	1	1	0
6252dc79-abd5-4313-8d01-7f2b3e0cfbd9	chrX	5104303	91866309	2	1	1
6252dc79-abd5-4313-8d01-7f2b3e0cfbd9	chrX	91870256	92059708	1	1	0
6252dc79-abd5-4313-8d01-7f2b3e0cfbd9	chrX	92067182	156004181	2	1	1
6252dc79-abd5-4313-8d01-7f2b3e0cfbd9	chrY	2782397	26653788	0	0	0
6252dc79-abd5-4313-8d01-7f2b3e0cfbd9	chrY	56872112	56872112	1	1	0
8a3b0ad4-9d28-47c7-bfca-5d3284c50718	chr1	62920	62025882	4	2	2
8a3b0ad4-9d28-47c7-bfca-5d3284c50718	chr1	62026382	62047622	1	1	0
8a3b0ad4-9d28-47c7-bfca-5d3284c50718	chr1	62051011	121705338	4	2	2
8a3b0ad4-9d28-47c7-bfca-5d3284c50718	chr1	143541857	147027739	0	0	0
8a3b0ad4-9d28-47c7-bfca-5d3284c50718	chr1	147031984	152787202	4	2	2
8a3b0ad4-9d28-47c7-bfca-5d3284c50718	chr1	152789447	152795783	0	0	0
8a3b0ad4-9d28-47c7-bfca-5d3284c50718	chr1	152795805	248930189	4	2	2
8a3b0ad4-9d28-47c7-bfca-5d3284c50718	chr2	12784	18094731	4	2	2
8a3b0ad4-9d28-47c7-bfca-5d3284c50718	chr2	18094744	19850801	3	2	1
8a3b0ad4-9d28-47c7-bfca-5d3284c50718	chr2	19851032	34492601	4	2	2
8a3b0ad4-9d28-47c7-bfca-5d3284c50718	chr2	34492775	34511990	0	0	0
8a3b0ad4-9d28-47c7-bfca-5d3284c50718	chr2	34512096	110880294	4	2	2
8a3b0ad4-9d28-47c7-bfca-5d3284c50718	chr2	110880350	111176642	3	2	1
8a3b0ad4-9d28-47c7-bfca-5d3284c50718	chr2	111177400	135507354	4	2	2
8a3b0ad4-9d28-47c7-bfca-5d3284c50718	chr2	135507783	135662295	2	2	0
8a3b0ad4-9d28-47c7-bfca-5d3284c50718	chr2	135662391	208113901	4	2	2
8a3b0ad4-9d28-47c7-bfca-5d3284c50718	chr2	208114804	209193659	4	3	1
8a3b0ad4-9d28-47c7-bfca-5d3284c50718	chr2	209193833	242147305	4	2	2
8a3b0ad4-9d28-47c7-bfca-5d3284c50718	chr3	20930	162788742	4	2	2
8a3b0ad4-9d28-47c7-bfca-5d3284c50718	chr3	162790390	162906109	0	0	0
8a3b0ad4-9d28-47c7-bfca-5d3284c50718	chr3	162908192	190326228	5	3	2
8a3b0ad4-9d28-47c7-bfca-5d3284c50718	chr3	190326456	198169247	4	2	2
8a3b0ad4-9d28-47c7-bfca-5d3284c50718	chr4	68929	68478894	4	2	2
8a3b0ad4-9d28-47c7-bfca-5d3284c50718	chr4	68494770	68640616	11	11	0
8a3b0ad4-9d28-47c7-bfca-5d3284c50718	chr4	68655691	114252544	4	2	2
8a3b0ad4-9d28-47c7-bfca-5d3284c50718	chr4	114254167	114261019	0	0	0
8a3b0ad4-9d28-47c7-bfca-5d3284c50718	chr4	114263073	135568552	4	2	2
8a3b0ad4-9d28-47c7-bfca-5d3284c50718	chr4	135569043	137017902	5	3	2
8a3b0ad4-9d28-47c7-bfca-5d3284c50718	chr4	137018025	167091615	4	2	2
8a3b0ad4-9d28-47c7-bfca-5d3284c50718	chr4	167093930	190106768	2	2	0
8a3b0ad4-9d28-47c7-bfca-5d3284c50718	chr5	15532	124886752	5	4	1
8a3b0ad4-9d28-47c7-bfca-5d3284c50718	chr5	124887020	124907217	9	7	2
8a3b0ad4-9d28-47c7-bfca-5d3284c50718	chr5	124908898	133558505	5	4	1
8a3b0ad4-9d28-47c7-bfca-5d3284c50718	chr5	133558740	133668729	4	3	1
8a3b0ad4-9d28-47c7-bfca-5d3284c50718	chr5	133668786	145111674	5	4	1
8a3b0ad4-9d28-47c7-bfca-5d3284c50718	chr5	145111730	145115279	2	2	0
8a3b0ad4-9d28-47c7-bfca-5d3284c50718	chr5	145115412	151380464	5	4	1
8a3b0ad4-9d28-47c7-bfca-5d3284c50718	chr5	151380721	151397487	11	9	2
8a3b0ad4-9d28-47c7-bfca-5d3284c50718	chr5	151398237	153739869	5	4	1
8a3b0ad4-9d28-47c7-bfca-5d3284c50718	chr5	153740488	153743928	1	1	0
8a3b0ad4-9d28-47c7-bfca-5d3284c50718	chr5	153752746	169089951	5	4	1
8a3b0ad4-9d28-47c7-bfca-5d3284c50718	chr5	169090017	169164528	7	6	1
8a3b0ad4-9d28-47c7-bfca-5d3284c50718	chr5	169164704	181363319	5	4	1
8a3b0ad4-9d28-47c7-bfca-5d3284c50718	chr6	149661	31278594	5	5	0
8a3b0ad4-9d28-47c7-bfca-5d3284c50718	chr6	31279290	31461190	3	3	0
8a3b0ad4-9d28-47c7-bfca-5d3284c50718	chr6	31462150	37048809	5	5	0
8a3b0ad4-9d28-47c7-bfca-5d3284c50718	chr6	37049193	63030110	5	3	2
8a3b0ad4-9d28-47c7-bfca-5d3284c50718	chr6	63031179	67036858	3	3	0
8a3b0ad4-9d28-47c7-bfca-5d3284c50718	chr6	67037027	70376256	5	3	2
8a3b0ad4-9d28-47c7-bfca-5d3284c50718	chr6	70376513	76726815	3	3	0
8a3b0ad4-9d28-47c7-bfca-5d3284c50718	chr6	76730151	76743087	0	0	0
8a3b0ad4-9d28-47c7-bfca-5d3284c50718	chr6	76751356	76751356	5	5	0
8a3b0ad4-9d28-47c7-bfca-5d3284c50718	chr6	76758214	103286954	3	3	0
8a3b0ad4-9d28-47c7-bfca-5d3284c50718	chr6	103290101	103327721	0	0	0
8a3b0ad4-9d28-47c7-bfca-5d3284c50718	chr6	103327946	109045302	3	3	0
8a3b0ad4-9d28-47c7-bfca-5d3284c50718	chr6	109045807	123653840	5	3	2
8a3b0ad4-9d28-47c7-bfca-5d3284c50718	chr6	123653877	125027363	3	3	0
8a3b0ad4-9d28-47c7-bfca-5d3284c50718	chr6	125031031	127397127	5	3	2
8a3b0ad4-9d28-47c7-bfca-5d3284c50718	chr6	127397917	134215419	4	3	1
8a3b0ad4-9d28-47c7-bfca-5d3284c50718	chr6	134215560	139788223	3	3	0
8a3b0ad4-9d28-47c7-bfca-5d3284c50718	chr6	139788610	170741917	4	3	1
8a3b0ad4-9d28-47c7-bfca-5d3284c50718	chr7	43259	44135322	2	2	0
8a3b0ad4-9d28-47c7-bfca-5d3284c50718	chr7	44136204	45833437	11	9	2
8a3b0ad4-9d28-47c7-bfca-5d3284c50718	chr7	45848296	48283068	4	2	2
8a3b0ad4-9d28-47c7-bfca-5d3284c50718	chr7	48283433	159334314	3	2	1
8a3b0ad4-9d28-47c7-bfca-5d3284c50718	chr8	81254	35645787	3	3	0
8a3b0ad4-9d28-47c7-bfca-5d3284c50718	chr8	35649516	37142227	4	4	0
8a3b0ad4-9d28-47c7-bfca-5d3284c50718	chr8	37143217	63369011	5	5	0
8a3b0ad4-9d28-47c7-bfca-5d3284c50718	chr8	63372408	63397373	2	2	0
8a3b0ad4-9d28-47c7-bfca-5d3284c50718	chr8	63400049	145072769	7	7	0
8a3b0ad4-9d28-47c7-bfca-5d3284c50718	chr9	46587	1689256	14	10	4
8a3b0ad4-9d28-47c7-bfca-5d3284c50718	chr9	1689271	3171899	13	9	4
8a3b0ad4-9d28-47c7-bfca-5d3284c50718	chr9	3176005	9107514	12	9	3
8a3b0ad4-9d28-47c7-bfca-5d3284c50718	chr9	9107829	14260433	10	7	3
8a3b0ad4-9d28-47c7-bfca-5d3284c50718	chr9	14260685	14294069	13	7	6
8a3b0ad4-9d28-47c7-bfca-5d3284c50718	chr9	14294351	17948102	10	7	3
8a3b0ad4-9d28-47c7-bfca-5d3284c50718	chr9	17948951	41741113	9	6	3
8a3b0ad4-9d28-47c7-bfca-5d3284c50718	chr9	60863881	84103879	7	4	3
8a3b0ad4-9d28-47c7-bfca-5d3284c50718	chr9	84103907	84132403	13	8	5
8a3b0ad4-9d28-47c7-bfca-5d3284c50718	chr9	84135847	129982562	7	4	3
8a3b0ad4-9d28-47c7-bfca-5d3284c50718	chr9	129992239	134003883	6	4	2
8a3b0ad4-9d28-47c7-bfca-5d3284c50718	chr9	134005545	138200944	7	4	3
8a3b0ad4-9d28-47c7-bfca-5d3284c50718	chr10	45792	103975789	4	2	2
8a3b0ad4-9d28-47c7-bfca-5d3284c50718	chr10	103980929	104314987	4	3	1
8a3b0ad4-9d28-47c7-bfca-5d3284c50718	chr10	104316931	133654968	4	2	2
8a3b0ad4-9d28-47c7-bfca-5d3284c50718	chr11	198510	29808576	5	3	2
8a3b0ad4-9d28-47c7-bfca-5d3284c50718	chr11	29811035	39238421	4	3	1
8a3b0ad4-9d28-47c7-bfca-5d3284c50718	chr11	39240435	55608804	5	3	2
8a3b0ad4-9d28-47c7-bfca-5d3284c50718	chr11	55609022	55654863	0	0	0
8a3b0ad4-9d28-47c7-bfca-5d3284c50718	chr11	55661931	117623124	3	2	1
8a3b0ad4-9d28-47c7-bfca-5d3284c50718	chr11	117623531	135074876	4	2	2
8a3b0ad4-9d28-47c7-bfca-5d3284c50718	chr12	51460	8629307	3	2	1
8a3b0ad4-9d28-47c7-bfca-5d3284c50718	chr12	8630386	66823185	4	2	2
8a3b0ad4-9d28-47c7-bfca-5d3284c50718	chr12	66828275	67013494	3	2	1
8a3b0ad4-9d28-47c7-bfca-5d3284c50718	chr12	67015411	115447111	4	2	2
8a3b0ad4-9d28-47c7-bfca-5d3284c50718	chr12	115448668	115490223	1	1	0
8a3b0ad4-9d28-47c7-bfca-5d3284c50718	chr12	115490635	133201603	4	2	2
8a3b0ad4-9d28-47c7-bfca-5d3284c50718	chr13	18452809	114342922	4	2	2
8a3b0ad4-9d28-47c7-bfca-5d3284c50718	chr14	18239283	106462724	4	2	2
8a3b0ad4-9d28-47c7-bfca-5d3284c50718	chr14	106475361	106877229	2	2	0
8a3b0ad4-9d28-47c7-bfca-5d3284c50718	chr15	19811075	22294951	6	5	1
8a3b0ad4-9d28-47c7-bfca-5d3284c50718	chr15	22296480	40528735	4	2	2
8a3b0ad4-9d28-47c7-bfca-5d3284c50718	chr15	40529639	52039283	2	2	0
8a3b0ad4-9d28-47c7-bfca-5d3284c50718	chr15	52041111	101928837	4	2	2
8a3b0ad4-9d28-47c7-bfca-5d3284c50718	chr16	10777	26627025	4	2	2
8a3b0ad4-9d28-47c7-bfca-5d3284c50718	chr16	26628024	26631901	1	1	0
8a3b0ad4-9d28-47c7-bfca-5d3284c50718	chr16	26632628	78337601	4	2	2
8a3b0ad4-9d28-47c7-bfca-5d3284c50718	chr16	78337711	78432243	1	1	0
8a3b0ad4-9d28-47c7-bfca-5d3284c50718	chr16	78432540	78440510	4	3	1
8a3b0ad4-9d28-47c7-bfca-5d3284c50718	chr16	78440559	78451738	4	4	0
8a3b0ad4-9d28-47c7-bfca-5d3284c50718	chr16	78452210	78459490	2	2	0
8a3b0ad4-9d28-47c7-bfca-5d3284c50718	chr16	78459765	81551943	4	2	2
8a3b0ad4-9d28-47c7-bfca-5d3284c50718	chr16	81554537	81588271	1	1	0
8a3b0ad4-9d28-47c7-bfca-5d3284c50718	chr16	81589057	82829072	4	2	2
8a3b0ad4-9d28-47c7-bfca-5d3284c50718	chr16	82830642	82835664	1	1	0
8a3b0ad4-9d28-47c7-bfca-5d3284c50718	chr16	82835697	90096867	4	2	2
8a3b0ad4-9d28-47c7-bfca-5d3284c50718	chr17	150733	264878	4	2	2
8a3b0ad4-9d28-47c7-bfca-5d3284c50718	chr17	265866	16133360	3	2	1
8a3b0ad4-9d28-47c7-bfca-5d3284c50718	chr17	16135948	46192180	4	2	2
8a3b0ad4-9d28-47c7-bfca-5d3284c50718	chr17	46194634	46569894	6	4	2
8a3b0ad4-9d28-47c7-bfca-5d3284c50718	chr17	46571001	79372071	4	2	2
8a3b0ad4-9d28-47c7-bfca-5d3284c50718	chr17	79372092	79407542	7	5	2
8a3b0ad4-9d28-47c7-bfca-5d3284c50718	chr17	79407980	83091923	4	2	2
8a3b0ad4-9d28-47c7-bfca-5d3284c50718	chr18	48133	47459913	6	3	3
8a3b0ad4-9d28-47c7-bfca-5d3284c50718	chr18	47460165	47482302	10	6	4
8a3b0ad4-9d28-47c7-bfca-5d3284c50718	chr18	47482470	80257174	6	3	3
8a3b0ad4-9d28-47c7-bfca-5d3284c50718	chr19	90910	1784212	4	3	1
8a3b0ad4-9d28-47c7-bfca-5d3284c50718	chr19	1791100	24185077	4	2	2
8a3b0ad4-9d28-47c7-bfca-5d3284c50718	chr19	24185347	29450171	4	3	1
8a3b0ad4-9d28-47c7-bfca-5d3284c50718	chr19	29451145	58586487	4	2	2
8a3b0ad4-9d28-47c7-bfca-5d3284c50718	chr20	80664	9149156	4	2	2
8a3b0ad4-9d28-47c7-bfca-5d3284c50718	chr20	9150652	26248044	3	2	1
8a3b0ad4-9d28-47c7-bfca-5d3284c50718	chr20	26248161	64324800	4	2	2
8a3b0ad4-9d28-47c7-bfca-5d3284c50718	chr21	12973348	22403808	5	3	2
8a3b0ad4-9d28-47c7-bfca-5d3284c50718	chr21	22404059	22419250	3	2	1
8a3b0ad4-9d28-47c7-bfca-5d3284c50718	chr21	22419437	46677045	5	3	2
8a3b0ad4-9d28-47c7-bfca-5d3284c50718	chr22	16392123	50796027	4	2	2
8a3b0ad4-9d28-47c7-bfca-5d3284c50718	chrX	251810	38531520	4	4	0
8a3b0ad4-9d28-47c7-bfca-5d3284c50718	chrX	38532551	38534201	9	9	0
8a3b0ad4-9d28-47c7-bfca-5d3284c50718	chrX	38538064	46811231	4	4	0
8a3b0ad4-9d28-47c7-bfca-5d3284c50718	chrX	46812688	117212506	3	3	0
8a3b0ad4-9d28-47c7-bfca-5d3284c50718	chrX	117215925	117403034	2	2	0
8a3b0ad4-9d28-47c7-bfca-5d3284c50718	chrX	117408203	117410827	7	6	1
8a3b0ad4-9d28-47c7-bfca-5d3284c50718	chrX	117413962	156004181	3	3	0
8a3b0ad4-9d28-47c7-bfca-5d3284c50718	chrY	2782397	26653788	0	0	0
8a3b0ad4-9d28-47c7-bfca-5d3284c50718	chrY	56872112	56872112	4	4	0
66177c56-58d2-48cb-a7aa-c3f5ee437e39	chr1	62920	75243991	2	1	1
66177c56-58d2-48cb-a7aa-c3f5ee437e39	chr1	75244224	75249898	0	0	0
66177c56-58d2-48cb-a7aa-c3f5ee437e39	chr1	75251240	121705338	2	1	1
66177c56-58d2-48cb-a7aa-c3f5ee437e39	chr1	143541857	147032846	0	0	0
66177c56-58d2-48cb-a7aa-c3f5ee437e39	chr1	147034358	151770799	2	1	1
66177c56-58d2-48cb-a7aa-c3f5ee437e39	chr1	151772452	152720567	2	2	0
66177c56-58d2-48cb-a7aa-c3f5ee437e39	chr1	152721123	214790804	2	1	1
66177c56-58d2-48cb-a7aa-c3f5ee437e39	chr1	214791758	214800147	10	5	5
66177c56-58d2-48cb-a7aa-c3f5ee437e39	chr1	214801395	244354089	2	1	1
66177c56-58d2-48cb-a7aa-c3f5ee437e39	chr1	244354319	245033107	1	1	0
66177c56-58d2-48cb-a7aa-c3f5ee437e39	chr1	245033631	248930189	2	1	1
66177c56-58d2-48cb-a7aa-c3f5ee437e39	chr2	12784	205161089	2	1	1
66177c56-58d2-48cb-a7aa-c3f5ee437e39	chr2	205161572	205554294	1	1	0
66177c56-58d2-48cb-a7aa-c3f5ee437e39	chr2	205557416	205562776	10	5	5
66177c56-58d2-48cb-a7aa-c3f5ee437e39	chr2	205563504	242147305	2	1	1
66177c56-58d2-48cb-a7aa-c3f5ee437e39	chr3	20930	14224436	2	1	1
66177c56-58d2-48cb-a7aa-c3f5ee437e39	chr3	14225711	14572873	3	2	1
66177c56-58d2-48cb-a7aa-c3f5ee437e39	chr3	14573249	38306360	2	1	1
66177c56-58d2-48cb-a7aa-c3f5ee437e39	chr3	38307252	38309139	9	5	4
66177c56-58d2-48cb-a7aa-c3f5ee437e39	chr3	38310645	38524973	1	1	0
66177c56-58d2-48cb-a7aa-c3f5ee437e39	chr3	38524989	58643694	2	1	1
66177c56-58d2-48cb-a7aa-c3f5ee437e39	chr3	58646571	58665890	7	4	3
66177c56-58d2-48cb-a7aa-c3f5ee437e39	chr3	58666126	68396429	2	1	1
66177c56-58d2-48cb-a7aa-c3f5ee437e39	chr3	68402071	68419883	7	4	3
66177c56-58d2-48cb-a7aa-c3f5ee437e39	chr3	68420186	120435796	2	1	1
66177c56-58d2-48cb-a7aa-c3f5ee437e39	chr3	120435986	120452441	0	0	0
66177c56-58d2-48cb-a7aa-c3f5ee437e39	chr3	120452873	125683788	1	1	0
66177c56-58d2-48cb-a7aa-c3f5ee437e39	chr3	125685089	128170561	2	1	1
66177c56-58d2-48cb-a7aa-c3f5ee437e39	chr3	128171906	128221691	0	0	0
66177c56-58d2-48cb-a7aa-c3f5ee437e39	chr3	128223536	165864649	2	1	1
66177c56-58d2-48cb-a7aa-c3f5ee437e39	chr3	165864773	167168476	1	1	0
66177c56-58d2-48cb-a7aa-c3f5ee437e39	chr3	167170701	198169247	2	1	1
66177c56-58d2-48cb-a7aa-c3f5ee437e39	chr4	68929	10208766	2	1	1
66177c56-58d2-48cb-a7aa-c3f5ee437e39	chr4	10212536	10227178	0	0	0
66177c56-58d2-48cb-a7aa-c3f5ee437e39	chr4	10227193	190106768	2	1	1
66177c56-58d2-48cb-a7aa-c3f5ee437e39	chr5	15532	9975281	2	1	1
66177c56-58d2-48cb-a7aa-c3f5ee437e39	chr5	9975338	9990669	0	0	0
66177c56-58d2-48cb-a7aa-c3f5ee437e39	chr5	9997086	34709491	2	1	1
66177c56-58d2-48cb-a7aa-c3f5ee437e39	chr5	34710824	34741035	7	4	3
66177c56-58d2-48cb-a7aa-c3f5ee437e39	chr5	34741735	40143889	2	1	1
66177c56-58d2-48cb-a7aa-c3f5ee437e39	chr5	40148661	40161423	7	4	3
66177c56-58d2-48cb-a7aa-c3f5ee437e39	chr5	40161654	53162334	2	1	1
66177c56-58d2-48cb-a7aa-c3f5ee437e39	chr5	53167400	53171389	0	0	0
66177c56-58d2-48cb-a7aa-c3f5ee437e39	chr5	53171660	54574653	2	1	1
66177c56-58d2-48cb-a7aa-c3f5ee437e39	chr5	54576572	54581414	0	0	0
66177c56-58d2-48cb-a7aa-c3f5ee437e39	chr5	54582004	151379635	2	1	1
66177c56-58d2-48cb-a7aa-c3f5ee437e39	chr5	151380464	151397487	8	4	4
66177c56-58d2-48cb-a7aa-c3f5ee437e39	chr5	151398237	153739375	1	1	0
66177c56-58d2-48cb-a7aa-c3f5ee437e39	chr5	153739869	153743928	0	0	0
66177c56-58d2-48cb-a7aa-c3f5ee437e39	chr5	153752746	181363319	2	1	1
66177c56-58d2-48cb-a7aa-c3f5ee437e39	chr6	149661	3251515	1	1	0
66177c56-58d2-48cb-a7aa-c3f5ee437e39	chr6	3251901	3271960	6	3	3
66177c56-58d2-48cb-a7aa-c3f5ee437e39	chr6	3272573	6157375	2	1	1
66177c56-58d2-48cb-a7aa-c3f5ee437e39	chr6	6157724	6171792	4	2	2
66177c56-58d2-48cb-a7aa-c3f5ee437e39	chr6	6172069	24867852	2	1	1
66177c56-58d2-48cb-a7aa-c3f5ee437e39	chr6	24868683	25063711	0	0	0
66177c56-58d2-48cb-a7aa-c3f5ee437e39	chr6	25064413	50309879	2	1	1
66177c56-58d2-48cb-a7aa-c3f5ee437e39	chr6	50310156	50648921	1	1	0
66177c56-58d2-48cb-a7aa-c3f5ee437e39	chr6	50650577	63179515	2	1	1
66177c56-58d2-48cb-a7aa-c3f5ee437e39	chr6	63180253	170741917	1	1	0
66177c56-58d2-48cb-a7aa-c3f5ee437e39	chr7	43259	22417803	2	1	1
66177c56-58d2-48cb-a7aa-c3f5ee437e39	chr7	22417904	84822120	1	1	0
66177c56-58d2-48cb-a7aa-c3f5ee437e39	chr7	84823968	84856747	0	0	0
66177c56-58d2-48cb-a7aa-c3f5ee437e39	chr7	84860325	159334314	1	1	0
66177c56-58d2-48cb-a7aa-c3f5ee437e39	chr8	81254	3385422	5	4	1
66177c56-58d2-48cb-a7aa-c3f5ee437e39	chr8	3385876	145072769	4	3	1
66177c56-58d2-48cb-a7aa-c3f5ee437e39	chr9	46587	20505635	2	1	1
66177c56-58d2-48cb-a7aa-c3f5ee437e39	chr9	20507609	20538413	0	0	0
66177c56-58d2-48cb-a7aa-c3f5ee437e39	chr9	20538517	37640839	2	1	1
66177c56-58d2-48cb-a7aa-c3f5ee437e39	chr9	37641836	37649203	0	0	0
66177c56-58d2-48cb-a7aa-c3f5ee437e39	chr9	37650176	83287003	2	1	1
66177c56-58d2-48cb-a7aa-c3f5ee437e39	chr9	83288468	83293553	0	0	0
66177c56-58d2-48cb-a7aa-c3f5ee437e39	chr9	83295597	138200944	2	1	1
66177c56-58d2-48cb-a7aa-c3f5ee437e39	chr10	45792	65546518	2	1	1
66177c56-58d2-48cb-a7aa-c3f5ee437e39	chr10	65548165	65554688	0	0	0
66177c56-58d2-48cb-a7aa-c3f5ee437e39	chr10	65563037	83862356	2	1	1
66177c56-58d2-48cb-a7aa-c3f5ee437e39	chr10	83865166	83873173	0	0	0
66177c56-58d2-48cb-a7aa-c3f5ee437e39	chr10	83873402	93834258	2	1	1
66177c56-58d2-48cb-a7aa-c3f5ee437e39	chr10	93835407	94046602	3	2	1
66177c56-58d2-48cb-a7aa-c3f5ee437e39	chr10	94047224	133654968	2	1	1
66177c56-58d2-48cb-a7aa-c3f5ee437e39	chr11	198510	4946420	3	2	1
66177c56-58d2-48cb-a7aa-c3f5ee437e39	chr11	4947280	4955042	0	0	0
66177c56-58d2-48cb-a7aa-c3f5ee437e39	chr11	4955781	58383469	3	2	1
66177c56-58d2-48cb-a7aa-c3f5ee437e39	chr11	58385060	58398396	0	0	0
66177c56-58d2-48cb-a7aa-c3f5ee437e39	chr11	58401042	102695001	3	2	1
66177c56-58d2-48cb-a7aa-c3f5ee437e39	chr11	102695665	102727395	6	4	2
66177c56-58d2-48cb-a7aa-c3f5ee437e39	chr11	102727844	135074876	3	2	1
66177c56-58d2-48cb-a7aa-c3f5ee437e39	chr12	51460	52526630	2	1	1
66177c56-58d2-48cb-a7aa-c3f5ee437e39	chr12	52527431	52531875	11	6	5
66177c56-58d2-48cb-a7aa-c3f5ee437e39	chr12	52532185	133201603	2	1	1
66177c56-58d2-48cb-a7aa-c3f5ee437e39	chr13	18452809	70556236	3	2	1
66177c56-58d2-48cb-a7aa-c3f5ee437e39	chr13	70558200	70564932	0	0	0
66177c56-58d2-48cb-a7aa-c3f5ee437e39	chr13	70568082	114342922	3	2	1
66177c56-58d2-48cb-a7aa-c3f5ee437e39	chr14	18239283	22123038	2	1	1
66177c56-58d2-48cb-a7aa-c3f5ee437e39	chr14	22123863	22606288	0	0	0
66177c56-58d2-48cb-a7aa-c3f5ee437e39	chr14	22608000	95753846	2	1	1
66177c56-58d2-48cb-a7aa-c3f5ee437e39	chr14	95754100	95758887	0	0	0
66177c56-58d2-48cb-a7aa-c3f5ee437e39	chr14	95759281	106877229	2	1	1
66177c56-58d2-48cb-a7aa-c3f5ee437e39	chr15	19811075	41485650	2	1	1
66177c56-58d2-48cb-a7aa-c3f5ee437e39	chr15	41487671	45233768	1	1	0
66177c56-58d2-48cb-a7aa-c3f5ee437e39	chr15	45233828	76598900	2	1	1
66177c56-58d2-48cb-a7aa-c3f5ee437e39	chr15	76599170	76603003	0	0	0
66177c56-58d2-48cb-a7aa-c3f5ee437e39	chr15	76603426	101928837	2	1	1
66177c56-58d2-48cb-a7aa-c3f5ee437e39	chr16	10777	7064878	2	1	1
66177c56-58d2-48cb-a7aa-c3f5ee437e39	chr16	7065015	7108725	5	3	2
66177c56-58d2-48cb-a7aa-c3f5ee437e39	chr16	7110394	36048855	2	1	1
66177c56-58d2-48cb-a7aa-c3f5ee437e39	chr16	46441986	90096867	2	2	0
66177c56-58d2-48cb-a7aa-c3f5ee437e39	chr17	150733	585955	3	2	1
66177c56-58d2-48cb-a7aa-c3f5ee437e39	chr17	585976	33122974	2	1	1
66177c56-58d2-48cb-a7aa-c3f5ee437e39	chr17	33123646	33137252	6	4	2
66177c56-58d2-48cb-a7aa-c3f5ee437e39	chr17	33139373	41265456	2	1	1
66177c56-58d2-48cb-a7aa-c3f5ee437e39	chr17	41266762	41276472	0	0	0
66177c56-58d2-48cb-a7aa-c3f5ee437e39	chr17	41276588	46085231	2	1	1
66177c56-58d2-48cb-a7aa-c3f5ee437e39	chr17	46085732	46286848	9	9	0
66177c56-58d2-48cb-a7aa-c3f5ee437e39	chr17	46323701	83091923	2	1	1
66177c56-58d2-48cb-a7aa-c3f5ee437e39	chr18	48133	80257174	2	1	1
66177c56-58d2-48cb-a7aa-c3f5ee437e39	chr19	90910	7401151	2	1	1
66177c56-58d2-48cb-a7aa-c3f5ee437e39	chr19	7401251	7438859	7	4	3
66177c56-58d2-48cb-a7aa-c3f5ee437e39	chr19	7439612	17647072	2	1	1
66177c56-58d2-48cb-a7aa-c3f5ee437e39	chr19	17650117	17678131	0	0	0
66177c56-58d2-48cb-a7aa-c3f5ee437e39	chr19	17678840	58586487	2	1	1
66177c56-58d2-48cb-a7aa-c3f5ee437e39	chr20	80664	64324800	3	2	1
66177c56-58d2-48cb-a7aa-c3f5ee437e39	chr21	12973348	46677045	3	2	1
66177c56-58d2-48cb-a7aa-c3f5ee437e39	chr22	16392123	50796027	2	1	1
66177c56-58d2-48cb-a7aa-c3f5ee437e39	chrX	251810	49135071	2	1	1
66177c56-58d2-48cb-a7aa-c3f5ee437e39	chrX	49135089	50194346	3	3	0
66177c56-58d2-48cb-a7aa-c3f5ee437e39	chrX	50195491	156004181	2	1	1
66177c56-58d2-48cb-a7aa-c3f5ee437e39	chrY	2782397	26653788	0	0	0
66177c56-58d2-48cb-a7aa-c3f5ee437e39	chrY	56872112	56872112	3	3	0
51c383b2-6c83-4dfd-8a42-318b6041b14b	chr1	61735	248930189	2	1	1
51c383b2-6c83-4dfd-8a42-318b6041b14b	chr2	12784	242147305	2	1	1
51c383b2-6c83-4dfd-8a42-318b6041b14b	chr3	18667	198169247	2	1	1
51c383b2-6c83-4dfd-8a42-318b6041b14b	chr4	12281	190106768	2	1	1
51c383b2-6c83-4dfd-8a42-318b6041b14b	chr5	15532	181363319	2	1	1
51c383b2-6c83-4dfd-8a42-318b6041b14b	chr6	149661	170741917	2	1	1
51c383b2-6c83-4dfd-8a42-318b6041b14b	chr7	43259	38251113	2	1	1
51c383b2-6c83-4dfd-8a42-318b6041b14b	chr7	38254500	38331733	1	1	0
51c383b2-6c83-4dfd-8a42-318b6041b14b	chr7	38332110	159334314	2	1	1
51c383b2-6c83-4dfd-8a42-318b6041b14b	chr8	81254	145072769	2	1	1
51c383b2-6c83-4dfd-8a42-318b6041b14b	chr9	46587	138200944	2	1	1
51c383b2-6c83-4dfd-8a42-318b6041b14b	chr10	26823	133769379	2	1	1
51c383b2-6c83-4dfd-8a42-318b6041b14b	chr11	198572	135074876	2	1	1
51c383b2-6c83-4dfd-8a42-318b6041b14b	chr12	51460	133201603	2	1	1
51c383b2-6c83-4dfd-8a42-318b6041b14b	chr13	18452809	114342922	2	1	1
51c383b2-6c83-4dfd-8a42-318b6041b14b	chr14	18225647	22011358	2	1	1
51c383b2-6c83-4dfd-8a42-318b6041b14b	chr14	22011573	22490565	1	1	0
51c383b2-6c83-4dfd-8a42-318b6041b14b	chr14	22490580	106877229	2	1	1
51c383b2-6c83-4dfd-8a42-318b6041b14b	chr15	19811075	101928837	2	1	1
51c383b2-6c83-4dfd-8a42-318b6041b14b	chr16	10777	90221127	2	1	1
51c383b2-6c83-4dfd-8a42-318b6041b14b	chr17	150733	83090856	2	1	1
51c383b2-6c83-4dfd-8a42-318b6041b14b	chr18	48133	80257174	2	1	1
51c383b2-6c83-4dfd-8a42-318b6041b14b	chr19	90910	58586487	2	1	1
51c383b2-6c83-4dfd-8a42-318b6041b14b	chr20	80664	64324800	2	1	1
51c383b2-6c83-4dfd-8a42-318b6041b14b	chr21	10336543	46677045	2	1	1
51c383b2-6c83-4dfd-8a42-318b6041b14b	chr22	15294545	50796027	2	1	1
51c383b2-6c83-4dfd-8a42-318b6041b14b	chrX	251810	156004181	2	1	1
f374ed7d-b5cf-4b1e-b966-1ec1775ecade	chr1	61735	48100702	4	2	2
f374ed7d-b5cf-4b1e-b966-1ec1775ecade	chr1	48101445	51117853	4	3	1
f374ed7d-b5cf-4b1e-b966-1ec1775ecade	chr1	51120319	75236444	3	2	1
f374ed7d-b5cf-4b1e-b966-1ec1775ecade	chr1	75236487	76157960	3	3	0
f374ed7d-b5cf-4b1e-b966-1ec1775ecade	chr1	76160062	241866849	4	2	2
f374ed7d-b5cf-4b1e-b966-1ec1775ecade	chr1	241872737	244402217	2	2	0
f374ed7d-b5cf-4b1e-b966-1ec1775ecade	chr1	244403566	248930189	4	2	2
f374ed7d-b5cf-4b1e-b966-1ec1775ecade	chr2	12784	242147305	4	3	1
f374ed7d-b5cf-4b1e-b966-1ec1775ecade	chr3	18667	23702377	5	4	1
f374ed7d-b5cf-4b1e-b966-1ec1775ecade	chr3	23702534	60579493	8	4	4
f374ed7d-b5cf-4b1e-b966-1ec1775ecade	chr3	60580134	61291341	6	4	2
f374ed7d-b5cf-4b1e-b966-1ec1775ecade	chr3	61291576	157844368	8	4	4
f374ed7d-b5cf-4b1e-b966-1ec1775ecade	chr3	157844484	198169247	10	5	5
f374ed7d-b5cf-4b1e-b966-1ec1775ecade	chr4	12281	76496832	4	2	2
f374ed7d-b5cf-4b1e-b966-1ec1775ecade	chr4	76499899	94183120	2	2	0
f374ed7d-b5cf-4b1e-b966-1ec1775ecade	chr4	94186078	152206434	4	2	2
f374ed7d-b5cf-4b1e-b966-1ec1775ecade	chr4	152206517	154441296	2	2	0
f374ed7d-b5cf-4b1e-b966-1ec1775ecade	chr4	154442234	190106768	4	2	2
f374ed7d-b5cf-4b1e-b966-1ec1775ecade	chr5	15532	181363319	4	2	2
f374ed7d-b5cf-4b1e-b966-1ec1775ecade	chr6	149661	67799052	6	3	3
f374ed7d-b5cf-4b1e-b966-1ec1775ecade	chr6	67799137	129536972	3	3	0
f374ed7d-b5cf-4b1e-b966-1ec1775ecade	chr6	129537005	170741917	6	3	3
f374ed7d-b5cf-4b1e-b966-1ec1775ecade	chr7	43259	62239559	8	6	2
f374ed7d-b5cf-4b1e-b966-1ec1775ecade	chr7	62239615	159334314	7	4	3
f374ed7d-b5cf-4b1e-b966-1ec1775ecade	chr8	81254	24746911	2	2	0
f374ed7d-b5cf-4b1e-b966-1ec1775ecade	chr8	24748634	113686047	4	2	2
f374ed7d-b5cf-4b1e-b966-1ec1775ecade	chr8	113686190	145072769	6	4	2
f374ed7d-b5cf-4b1e-b966-1ec1775ecade	chr9	46587	23543646	4	2	2
f374ed7d-b5cf-4b1e-b966-1ec1775ecade	chr9	23545569	31107376	4	4	0
f374ed7d-b5cf-4b1e-b966-1ec1775ecade	chr9	31107453	42995504	5	3	2
f374ed7d-b5cf-4b1e-b966-1ec1775ecade	chr9	60840363	138200944	4	2	2
f374ed7d-b5cf-4b1e-b966-1ec1775ecade	chr10	26823	105159888	5	3	2
f374ed7d-b5cf-4b1e-b966-1ec1775ecade	chr10	105159978	106574215	5	5	0
f374ed7d-b5cf-4b1e-b966-1ec1775ecade	chr10	106574431	133769379	5	3	2
f374ed7d-b5cf-4b1e-b966-1ec1775ecade	chr11	198572	135074876	4	2	2
f374ed7d-b5cf-4b1e-b966-1ec1775ecade	chr12	51460	86248590	4	2	2
f374ed7d-b5cf-4b1e-b966-1ec1775ecade	chr12	86249384	89025745	3	3	0
f374ed7d-b5cf-4b1e-b966-1ec1775ecade	chr12	89025825	133201603	4	2	2
f374ed7d-b5cf-4b1e-b966-1ec1775ecade	chr13	18452809	114342922	5	4	1
f374ed7d-b5cf-4b1e-b966-1ec1775ecade	chr14	18225647	106877229	4	2	2
f374ed7d-b5cf-4b1e-b966-1ec1775ecade	chr15	19811075	23707627	4	2	2
f374ed7d-b5cf-4b1e-b966-1ec1775ecade	chr15	23708094	47331654	2	2	0
f374ed7d-b5cf-4b1e-b966-1ec1775ecade	chr15	47331922	101928837	4	2	2
f374ed7d-b5cf-4b1e-b966-1ec1775ecade	chr16	10777	90221127	4	2	2
f374ed7d-b5cf-4b1e-b966-1ec1775ecade	chr17	150733	17211322	3	3	0
f374ed7d-b5cf-4b1e-b966-1ec1775ecade	chr17	17213098	44255435	5	3	2
f374ed7d-b5cf-4b1e-b966-1ec1775ecade	chr17	44255446	83090856	4	4	0
f374ed7d-b5cf-4b1e-b966-1ec1775ecade	chr18	48133	80257174	6	5	1
f374ed7d-b5cf-4b1e-b966-1ec1775ecade	chr19	90910	58586487	5	4	1
f374ed7d-b5cf-4b1e-b966-1ec1775ecade	chr20	80664	4037813	3	2	1
f374ed7d-b5cf-4b1e-b966-1ec1775ecade	chr20	4040298	19558451	5	3	2
f374ed7d-b5cf-4b1e-b966-1ec1775ecade	chr20	19559638	24122829	3	2	1
f374ed7d-b5cf-4b1e-b966-1ec1775ecade	chr20	24123666	31286861	5	3	2
f374ed7d-b5cf-4b1e-b966-1ec1775ecade	chr20	31287179	33047780	8	6	2
f374ed7d-b5cf-4b1e-b966-1ec1775ecade	chr20	33050770	39673675	5	3	2
f374ed7d-b5cf-4b1e-b966-1ec1775ecade	chr20	39673898	64324800	3	2	1
f374ed7d-b5cf-4b1e-b966-1ec1775ecade	chr21	10336543	46677045	4	2	2
f374ed7d-b5cf-4b1e-b966-1ec1775ecade	chr22	15294545	50796027	4	2	2
f374ed7d-b5cf-4b1e-b966-1ec1775ecade	chrX	251810	56465025	6	3	3
f374ed7d-b5cf-4b1e-b966-1ec1775ecade	chrX	56468285	67922638	5	5	0
f374ed7d-b5cf-4b1e-b966-1ec1775ecade	chrX	67923215	102920509	6	3	3
f374ed7d-b5cf-4b1e-b966-1ec1775ecade	chrX	102920811	114350671	5	3	2
f374ed7d-b5cf-4b1e-b966-1ec1775ecade	chrX	114350764	115911222	5	4	1
f374ed7d-b5cf-4b1e-b966-1ec1775ecade	chrX	115912225	156004181	5	3	2
c4204026-9ff9-49f7-b506-ae4d15c37e0d	chr1	62920	9587064	2	2	0
c4204026-9ff9-49f7-b506-ae4d15c37e0d	chr1	9587079	110834744	2	1	1
c4204026-9ff9-49f7-b506-ae4d15c37e0d	chr1	110834746	110845604	0	0	0
c4204026-9ff9-49f7-b506-ae4d15c37e0d	chr1	110849445	183415442	2	1	1
c4204026-9ff9-49f7-b506-ae4d15c37e0d	chr1	183416309	205953423	2	2	0
c4204026-9ff9-49f7-b506-ae4d15c37e0d	chr1	206366301	207811080	0	0	0
c4204026-9ff9-49f7-b506-ae4d15c37e0d	chr1	207812835	221472420	2	2	0
c4204026-9ff9-49f7-b506-ae4d15c37e0d	chr1	221473212	221484292	1	1	0
c4204026-9ff9-49f7-b506-ae4d15c37e0d	chr1	221484395	248930189	2	2	0
c4204026-9ff9-49f7-b506-ae4d15c37e0d	chr2	12784	14548010	2	2	0
c4204026-9ff9-49f7-b506-ae4d15c37e0d	chr2	14548164	14569897	1	1	0
c4204026-9ff9-49f7-b506-ae4d15c37e0d	chr2	14569968	34100122	2	2	0
c4204026-9ff9-49f7-b506-ae4d15c37e0d	chr2	34100270	34116005	3	3	0
c4204026-9ff9-49f7-b506-ae4d15c37e0d	chr2	34116503	60674101	2	2	0
c4204026-9ff9-49f7-b506-ae4d15c37e0d	chr2	60675030	61993309	5	5	0
c4204026-9ff9-49f7-b506-ae4d15c37e0d	chr2	61999215	242147305	2	1	1
c4204026-9ff9-49f7-b506-ae4d15c37e0d	chr3	20930	31012746	2	1	1
c4204026-9ff9-49f7-b506-ae4d15c37e0d	chr3	31013677	38607330	1	1	0
c4204026-9ff9-49f7-b506-ae4d15c37e0d	chr3	38611228	46953850	2	1	1
c4204026-9ff9-49f7-b506-ae4d15c37e0d	chr3	46959653	49655878	1	1	0
c4204026-9ff9-49f7-b506-ae4d15c37e0d	chr3	49659200	162794951	2	1	1
c4204026-9ff9-49f7-b506-ae4d15c37e0d	chr3	162795304	162898127	6	6	0
c4204026-9ff9-49f7-b506-ae4d15c37e0d	chr3	162906054	176943520	2	1	1
c4204026-9ff9-49f7-b506-ae4d15c37e0d	chr3	176943635	176961448	3	2	1
c4204026-9ff9-49f7-b506-ae4d15c37e0d	chr3	176961942	198169247	2	1	1
c4204026-9ff9-49f7-b506-ae4d15c37e0d	chr4	68929	34777432	2	1	1
c4204026-9ff9-49f7-b506-ae4d15c37e0d	chr4	34784878	34823103	0	0	0
c4204026-9ff9-49f7-b506-ae4d15c37e0d	chr4	34828250	59174954	2	1	1
c4204026-9ff9-49f7-b506-ae4d15c37e0d	chr4	59175049	60071695	1	1	0
c4204026-9ff9-49f7-b506-ae4d15c37e0d	chr4	60071972	60077546	2	2	0
c4204026-9ff9-49f7-b506-ae4d15c37e0d	chr4	60081017	60096703	1	1	0
c4204026-9ff9-49f7-b506-ae4d15c37e0d	chr4	60098641	190106768	2	1	1
c4204026-9ff9-49f7-b506-ae4d15c37e0d	chr5	15532	158106426	2	1	1
c4204026-9ff9-49f7-b506-ae4d15c37e0d	chr5	158111986	159392667	1	1	0
c4204026-9ff9-49f7-b506-ae4d15c37e0d	chr5	159393814	181363319	2	1	1
c4204026-9ff9-49f7-b506-ae4d15c37e0d	chr6	149661	52260284	2	2	0
c4204026-9ff9-49f7-b506-ae4d15c37e0d	chr6	52260875	107484397	2	1	1
c4204026-9ff9-49f7-b506-ae4d15c37e0d	chr6	107485077	136647145	2	2	0
c4204026-9ff9-49f7-b506-ae4d15c37e0d	chr6	136647403	138504550	0	0	0
c4204026-9ff9-49f7-b506-ae4d15c37e0d	chr6	138507971	168684009	2	2	0
c4204026-9ff9-49f7-b506-ae4d15c37e0d	chr6	168685087	168704710	0	0	0
c4204026-9ff9-49f7-b506-ae4d15c37e0d	chr6	168706271	170741917	2	2	0
c4204026-9ff9-49f7-b506-ae4d15c37e0d	chr7	43259	9995676	2	1	1
c4204026-9ff9-49f7-b506-ae4d15c37e0d	chr7	9996166	18779052	1	1	0
c4204026-9ff9-49f7-b506-ae4d15c37e0d	chr7	18779183	18791642	2	2	0
c4204026-9ff9-49f7-b506-ae4d15c37e0d	chr7	18791841	18955008	1	1	0
c4204026-9ff9-49f7-b506-ae4d15c37e0d	chr7	18955647	159334314	2	1	1
c4204026-9ff9-49f7-b506-ae4d15c37e0d	chr8	81254	145072769	2	1	1
c4204026-9ff9-49f7-b506-ae4d15c37e0d	chr9	46587	19678597	2	1	1
c4204026-9ff9-49f7-b506-ae4d15c37e0d	chr9	19682678	23514725	1	1	0
c4204026-9ff9-49f7-b506-ae4d15c37e0d	chr9	23515659	31813516	2	1	1
c4204026-9ff9-49f7-b506-ae4d15c37e0d	chr9	31814903	31815832	1	1	0
c4204026-9ff9-49f7-b506-ae4d15c37e0d	chr9	31816012	71534841	2	1	1
c4204026-9ff9-49f7-b506-ae4d15c37e0d	chr9	71535642	83727848	1	1	0
c4204026-9ff9-49f7-b506-ae4d15c37e0d	chr9	83730989	138200944	2	1	1
c4204026-9ff9-49f7-b506-ae4d15c37e0d	chr10	45792	46221236	2	1	1
c4204026-9ff9-49f7-b506-ae4d15c37e0d	chr10	46221897	46522571	3	2	1
c4204026-9ff9-49f7-b506-ae4d15c37e0d	chr10	46525652	87781603	2	1	1
c4204026-9ff9-49f7-b506-ae4d15c37e0d	chr10	87782009	89485527	1	1	0
c4204026-9ff9-49f7-b506-ae4d15c37e0d	chr10	89485719	133654968	2	1	1
c4204026-9ff9-49f7-b506-ae4d15c37e0d	chr11	198510	122894781	2	1	1
c4204026-9ff9-49f7-b506-ae4d15c37e0d	chr11	122895362	122963398	3	2	1
c4204026-9ff9-49f7-b506-ae4d15c37e0d	chr11	122963479	131143730	2	1	1
c4204026-9ff9-49f7-b506-ae4d15c37e0d	chr11	131144852	131180999	3	2	1
c4204026-9ff9-49f7-b506-ae4d15c37e0d	chr11	131181399	135074876	2	1	1
c4204026-9ff9-49f7-b506-ae4d15c37e0d	chr12	51460	26956899	2	1	1
c4204026-9ff9-49f7-b506-ae4d15c37e0d	chr12	26957090	27276893	1	1	0
c4204026-9ff9-49f7-b506-ae4d15c37e0d	chr12	27278532	52282637	2	1	1
c4204026-9ff9-49f7-b506-ae4d15c37e0d	chr12	52285116	52391992	3	2	1
c4204026-9ff9-49f7-b506-ae4d15c37e0d	chr12	52392242	133201603	2	1	1
c4204026-9ff9-49f7-b506-ae4d15c37e0d	chr13	18452809	114342922	2	1	1
c4204026-9ff9-49f7-b506-ae4d15c37e0d	chr14	18239283	19945699	4	3	1
c4204026-9ff9-49f7-b506-ae4d15c37e0d	chr14	19949382	106877229	2	1	1
c4204026-9ff9-49f7-b506-ae4d15c37e0d	chr15	19811075	43637566	2	1	1
c4204026-9ff9-49f7-b506-ae4d15c37e0d	chr15	43641589	44228204	1	1	0
c4204026-9ff9-49f7-b506-ae4d15c37e0d	chr15	44230175	45943616	2	1	1
c4204026-9ff9-49f7-b506-ae4d15c37e0d	chr15	45943633	45950393	1	1	0
c4204026-9ff9-49f7-b506-ae4d15c37e0d	chr15	45950456	101928837	2	1	1
c4204026-9ff9-49f7-b506-ae4d15c37e0d	chr16	10777	373529	2	1	1
c4204026-9ff9-49f7-b506-ae4d15c37e0d	chr16	380011	1869450	1	1	0
c4204026-9ff9-49f7-b506-ae4d15c37e0d	chr16	1869852	84751668	2	1	1
c4204026-9ff9-49f7-b506-ae4d15c37e0d	chr16	84751772	90096867	2	2	0
c4204026-9ff9-49f7-b506-ae4d15c37e0d	chr17	150733	41265433	2	1	1
c4204026-9ff9-49f7-b506-ae4d15c37e0d	chr17	41265456	41274279	0	0	0
c4204026-9ff9-49f7-b506-ae4d15c37e0d	chr17	41276472	65006876	2	1	1
c4204026-9ff9-49f7-b506-ae4d15c37e0d	chr17	65007581	67552567	1	1	0
c4204026-9ff9-49f7-b506-ae4d15c37e0d	chr17	67553656	83091923	2	1	1
c4204026-9ff9-49f7-b506-ae4d15c37e0d	chr18	48133	68549019	2	1	1
c4204026-9ff9-49f7-b506-ae4d15c37e0d	chr18	68549494	68606352	0	0	0
c4204026-9ff9-49f7-b506-ae4d15c37e0d	chr18	68606855	78093520	2	1	1
c4204026-9ff9-49f7-b506-ae4d15c37e0d	chr18	78093683	78099251	1	1	0
c4204026-9ff9-49f7-b506-ae4d15c37e0d	chr18	78099267	80257174	2	1	1
c4204026-9ff9-49f7-b506-ae4d15c37e0d	chr19	90910	12882552	2	1	1
c4204026-9ff9-49f7-b506-ae4d15c37e0d	chr19	12883523	15076644	1	1	0
c4204026-9ff9-49f7-b506-ae4d15c37e0d	chr19	15076911	15122770	2	2	0
c4204026-9ff9-49f7-b506-ae4d15c37e0d	chr19	15123824	19465514	2	1	1
c4204026-9ff9-49f7-b506-ae4d15c37e0d	chr19	19467573	24282155	1	1	0
c4204026-9ff9-49f7-b506-ae4d15c37e0d	chr19	24304880	33266685	2	1	1
c4204026-9ff9-49f7-b506-ae4d15c37e0d	chr19	33271351	33278637	5	3	2
c4204026-9ff9-49f7-b506-ae4d15c37e0d	chr19	33284962	58586487	2	1	1
c4204026-9ff9-49f7-b506-ae4d15c37e0d	chr20	80664	12239839	2	1	1
c4204026-9ff9-49f7-b506-ae4d15c37e0d	chr20	12239958	12313424	1	1	0
c4204026-9ff9-49f7-b506-ae4d15c37e0d	chr20	12314227	15536757	2	1	1
c4204026-9ff9-49f7-b506-ae4d15c37e0d	chr20	15537925	15555990	4	2	2
c4204026-9ff9-49f7-b506-ae4d15c37e0d	chr20	15556483	39437975	2	1	1
c4204026-9ff9-49f7-b506-ae4d15c37e0d	chr20	39438261	39446558	1	1	0
c4204026-9ff9-49f7-b506-ae4d15c37e0d	chr20	39449471	64324800	2	1	1
c4204026-9ff9-49f7-b506-ae4d15c37e0d	chr21	12973348	45903608	2	1	1
c4204026-9ff9-49f7-b506-ae4d15c37e0d	chr21	45903828	45922202	5	3	2
c4204026-9ff9-49f7-b506-ae4d15c37e0d	chr21	45922608	46677045	2	1	1
c4204026-9ff9-49f7-b506-ae4d15c37e0d	chr22	16392123	50796027	2	1	1
c4204026-9ff9-49f7-b506-ae4d15c37e0d	chrX	251810	66404821	2	1	1
c4204026-9ff9-49f7-b506-ae4d15c37e0d	chrX	66405449	66413005	4	2	2
c4204026-9ff9-49f7-b506-ae4d15c37e0d	chrX	66413233	95141864	2	1	1
c4204026-9ff9-49f7-b506-ae4d15c37e0d	chrX	95142019	95159272	5	3	2
c4204026-9ff9-49f7-b506-ae4d15c37e0d	chrX	95160023	102022222	2	1	1
c4204026-9ff9-49f7-b506-ae4d15c37e0d	chrX	102022245	102030833	4	2	2
c4204026-9ff9-49f7-b506-ae4d15c37e0d	chrX	102030982	121327982	2	1	1
c4204026-9ff9-49f7-b506-ae4d15c37e0d	chrX	121328701	121362052	1	1	0
c4204026-9ff9-49f7-b506-ae4d15c37e0d	chrX	121365958	127291742	2	1	1
c4204026-9ff9-49f7-b506-ae4d15c37e0d	chrX	127291847	127299472	4	2	2
c4204026-9ff9-49f7-b506-ae4d15c37e0d	chrX	127300101	156004181	2	1	1
c4204026-9ff9-49f7-b506-ae4d15c37e0d	chrY	2782397	26653788	0	0	0
c4204026-9ff9-49f7-b506-ae4d15c37e0d	chrY	56872112	56872112	1	1	0
d61af0c6-e1f3-476b-90be-6b21c8403343	chr1	62920	121705338	2	1	1
d61af0c6-e1f3-476b-90be-6b21c8403343	chr1	143541857	149949415	1	1	0
d61af0c6-e1f3-476b-90be-6b21c8403343	chr1	149949665	152554589	3	2	1
d61af0c6-e1f3-476b-90be-6b21c8403343	chr1	152555333	152564045	8	5	3
d61af0c6-e1f3-476b-90be-6b21c8403343	chr1	152564308	152785214	1	1	0
d61af0c6-e1f3-476b-90be-6b21c8403343	chr1	152787202	152796224	0	0	0
d61af0c6-e1f3-476b-90be-6b21c8403343	chr1	152801429	216643447	3	2	1
d61af0c6-e1f3-476b-90be-6b21c8403343	chr1	216643652	233611792	2	1	1
d61af0c6-e1f3-476b-90be-6b21c8403343	chr1	233618245	234617198	2	2	0
d61af0c6-e1f3-476b-90be-6b21c8403343	chr1	234620672	248930189	2	1	1
d61af0c6-e1f3-476b-90be-6b21c8403343	chr2	12784	16464309	1	1	0
d61af0c6-e1f3-476b-90be-6b21c8403343	chr2	16465935	34492601	2	1	1
d61af0c6-e1f3-476b-90be-6b21c8403343	chr2	34492775	34511990	0	0	0
d61af0c6-e1f3-476b-90be-6b21c8403343	chr2	34512096	35204720	2	1	1
d61af0c6-e1f3-476b-90be-6b21c8403343	chr2	35204785	42102189	1	1	0
d61af0c6-e1f3-476b-90be-6b21c8403343	chr2	42102571	88816370	2	1	1
d61af0c6-e1f3-476b-90be-6b21c8403343	chr2	88816847	88836539	5	5	0
d61af0c6-e1f3-476b-90be-6b21c8403343	chr2	88836615	210285292	2	1	1
d61af0c6-e1f3-476b-90be-6b21c8403343	chr2	210289287	213180090	1	1	0
d61af0c6-e1f3-476b-90be-6b21c8403343	chr2	213181618	242147305	2	1	1
d61af0c6-e1f3-476b-90be-6b21c8403343	chr3	20930	24945776	4	2	2
d61af0c6-e1f3-476b-90be-6b21c8403343	chr3	24947447	24957232	8	4	4
d61af0c6-e1f3-476b-90be-6b21c8403343	chr3	24958774	184411384	4	2	2
d61af0c6-e1f3-476b-90be-6b21c8403343	chr3	184415823	184447556	7	4	3
d61af0c6-e1f3-476b-90be-6b21c8403343	chr3	184449795	198169247	4	2	2
d61af0c6-e1f3-476b-90be-6b21c8403343	chr4	68929	10208766	2	1	1
d61af0c6-e1f3-476b-90be-6b21c8403343	chr4	10212536	10229874	0	0	0
d61af0c6-e1f3-476b-90be-6b21c8403343	chr4	10232590	54630353	2	1	1
d61af0c6-e1f3-476b-90be-6b21c8403343	chr4	54631000	54756229	3	2	1
d61af0c6-e1f3-476b-90be-6b21c8403343	chr4	54757636	114252544	2	1	1
d61af0c6-e1f3-476b-90be-6b21c8403343	chr4	114254167	114261019	0	0	0
d61af0c6-e1f3-476b-90be-6b21c8403343	chr4	114263073	190106768	2	1	1
d61af0c6-e1f3-476b-90be-6b21c8403343	chr5	15532	27525283	2	1	1
d61af0c6-e1f3-476b-90be-6b21c8403343	chr5	27525407	54843851	3	2	1
d61af0c6-e1f3-476b-90be-6b21c8403343	chr5	54844476	74276993	2	2	0
d61af0c6-e1f3-476b-90be-6b21c8403343	chr5	74279441	74282638	0	0	0
d61af0c6-e1f3-476b-90be-6b21c8403343	chr5	74282774	111358506	2	2	0
d61af0c6-e1f3-476b-90be-6b21c8403343	chr5	111360060	111438527	1	1	0
d61af0c6-e1f3-476b-90be-6b21c8403343	chr5	111439245	151023009	2	2	0
d61af0c6-e1f3-476b-90be-6b21c8403343	chr5	151023379	151052506	4	4	0
d61af0c6-e1f3-476b-90be-6b21c8403343	chr5	151052592	163542340	2	2	0
d61af0c6-e1f3-476b-90be-6b21c8403343	chr5	163542750	163551277	6	5	1
d61af0c6-e1f3-476b-90be-6b21c8403343	chr5	163552205	181363319	2	2	0
d61af0c6-e1f3-476b-90be-6b21c8403343	chr6	149661	90441374	2	1	1
d61af0c6-e1f3-476b-90be-6b21c8403343	chr6	90441576	90448972	0	0	0
d61af0c6-e1f3-476b-90be-6b21c8403343	chr6	90449791	103286954	2	1	1
d61af0c6-e1f3-476b-90be-6b21c8403343	chr6	103290101	103327551	0	0	0
d61af0c6-e1f3-476b-90be-6b21c8403343	chr6	103327631	170741917	2	1	1
d61af0c6-e1f3-476b-90be-6b21c8403343	chr7	43259	63745	9	7	2
d61af0c6-e1f3-476b-90be-6b21c8403343	chr7	63762	38279875	3	2	1
d61af0c6-e1f3-476b-90be-6b21c8403343	chr7	38280173	38319127	1	1	0
d61af0c6-e1f3-476b-90be-6b21c8403343	chr7	38319355	62617754	3	2	1
d61af0c6-e1f3-476b-90be-6b21c8403343	chr7	62619105	68715467	2	1	1
d61af0c6-e1f3-476b-90be-6b21c8403343	chr7	68716989	68719415	0	0	0
d61af0c6-e1f3-476b-90be-6b21c8403343	chr7	68719447	159334314	2	1	1
d61af0c6-e1f3-476b-90be-6b21c8403343	chr8	81254	2053507	2	1	1
d61af0c6-e1f3-476b-90be-6b21c8403343	chr8	2053637	2063095	7	4	3
d61af0c6-e1f3-476b-90be-6b21c8403343	chr8	2064482	8212781	2	1	1
d61af0c6-e1f3-476b-90be-6b21c8403343	chr8	8214781	8294761	4	3	1
d61af0c6-e1f3-476b-90be-6b21c8403343	chr8	8294926	65843056	2	1	1
d61af0c6-e1f3-476b-90be-6b21c8403343	chr8	65845917	139567149	3	2	1
d61af0c6-e1f3-476b-90be-6b21c8403343	chr8	139569771	139573160	0	0	0
d61af0c6-e1f3-476b-90be-6b21c8403343	chr8	139573283	145072769	3	2	1
d61af0c6-e1f3-476b-90be-6b21c8403343	chr9	46587	22003180	2	2	0
d61af0c6-e1f3-476b-90be-6b21c8403343	chr9	22003224	22020524	0	0	0
d61af0c6-e1f3-476b-90be-6b21c8403343	chr9	22023796	35599755	2	2	0
d61af0c6-e1f3-476b-90be-6b21c8403343	chr9	35599925	138200944	2	1	1
d61af0c6-e1f3-476b-90be-6b21c8403343	chr10	45792	133654968	2	1	1
d61af0c6-e1f3-476b-90be-6b21c8403343	chr11	198510	5768511	2	1	1
d61af0c6-e1f3-476b-90be-6b21c8403343	chr11	5768639	5787146	0	0	0
d61af0c6-e1f3-476b-90be-6b21c8403343	chr11	5787818	58383469	2	1	1
d61af0c6-e1f3-476b-90be-6b21c8403343	chr11	58385060	58398396	0	0	0
d61af0c6-e1f3-476b-90be-6b21c8403343	chr11	58401042	122745618	2	1	1
d61af0c6-e1f3-476b-90be-6b21c8403343	chr11	122746093	123126116	3	2	1
d61af0c6-e1f3-476b-90be-6b21c8403343	chr11	123130376	135074876	2	1	1
d61af0c6-e1f3-476b-90be-6b21c8403343	chr12	51460	23104677	2	1	1
d61af0c6-e1f3-476b-90be-6b21c8403343	chr12	23105040	23122241	0	0	0
d61af0c6-e1f3-476b-90be-6b21c8403343	chr12	23122395	133201603	2	1	1
d61af0c6-e1f3-476b-90be-6b21c8403343	chr13	18452809	26030801	2	1	1
d61af0c6-e1f3-476b-90be-6b21c8403343	chr13	26030989	26049520	0	0	0
d61af0c6-e1f3-476b-90be-6b21c8403343	chr13	26049671	66972476	2	1	1
d61af0c6-e1f3-476b-90be-6b21c8403343	chr13	66976169	70558673	3	2	1
d61af0c6-e1f3-476b-90be-6b21c8403343	chr13	70562050	70564695	0	0	0
d61af0c6-e1f3-476b-90be-6b21c8403343	chr13	70564740	114342922	3	2	1
d61af0c6-e1f3-476b-90be-6b21c8403343	chr14	18239283	22012710	2	1	1
d61af0c6-e1f3-476b-90be-6b21c8403343	chr14	22013212	22560975	0	0	0
d61af0c6-e1f3-476b-90be-6b21c8403343	chr14	22563170	106877229	2	1	1
d61af0c6-e1f3-476b-90be-6b21c8403343	chr15	19811075	42002023	1	1	0
d61af0c6-e1f3-476b-90be-6b21c8403343	chr15	42002753	101928837	2	1	1
d61af0c6-e1f3-476b-90be-6b21c8403343	chr16	10777	90096867	2	1	1
d61af0c6-e1f3-476b-90be-6b21c8403343	chr17	150733	197251	3	2	1
d61af0c6-e1f3-476b-90be-6b21c8403343	chr17	202577	33328771	2	1	1
d61af0c6-e1f3-476b-90be-6b21c8403343	chr17	33329786	33352174	6	3	3
d61af0c6-e1f3-476b-90be-6b21c8403343	chr17	33353870	41307306	2	1	1
d61af0c6-e1f3-476b-90be-6b21c8403343	chr17	41314088	41322114	0	0	0
d61af0c6-e1f3-476b-90be-6b21c8403343	chr17	41322128	83091923	2	1	1
d61af0c6-e1f3-476b-90be-6b21c8403343	chr18	48133	80257174	3	2	1
d61af0c6-e1f3-476b-90be-6b21c8403343	chr19	90910	6032165	2	1	1
d61af0c6-e1f3-476b-90be-6b21c8403343	chr19	6035610	8512984	1	1	0
d61af0c6-e1f3-476b-90be-6b21c8403343	chr19	8515718	58586487	2	1	1
d61af0c6-e1f3-476b-90be-6b21c8403343	chr20	80664	64324800	2	1	1
d61af0c6-e1f3-476b-90be-6b21c8403343	chr21	12973348	46677045	2	1	1
d61af0c6-e1f3-476b-90be-6b21c8403343	chr22	16392123	32178696	2	1	1
d61af0c6-e1f3-476b-90be-6b21c8403343	chr22	32179162	32196133	0	0	0
d61af0c6-e1f3-476b-90be-6b21c8403343	chr22	32196403	50796027	2	1	1
d61af0c6-e1f3-476b-90be-6b21c8403343	chrX	251810	35640420	1	1	0
d61af0c6-e1f3-476b-90be-6b21c8403343	chrX	35641321	35661895	3	2	1
d61af0c6-e1f3-476b-90be-6b21c8403343	chrX	35662780	38531520	1	1	0
d61af0c6-e1f3-476b-90be-6b21c8403343	chrX	38532551	38534201	5	3	2
d61af0c6-e1f3-476b-90be-6b21c8403343	chrX	38538064	54891595	1	1	0
d61af0c6-e1f3-476b-90be-6b21c8403343	chrX	54892038	126244213	3	2	1
d61af0c6-e1f3-476b-90be-6b21c8403343	chrX	126248308	129212382	2	1	1
d61af0c6-e1f3-476b-90be-6b21c8403343	chrX	129212513	129231347	4	3	1
d61af0c6-e1f3-476b-90be-6b21c8403343	chrX	129235436	140797297	2	1	1
d61af0c6-e1f3-476b-90be-6b21c8403343	chrX	140797431	140800040	6	3	3
d61af0c6-e1f3-476b-90be-6b21c8403343	chrX	140800606	156004181	2	1	1
d61af0c6-e1f3-476b-90be-6b21c8403343	chrY	2782397	56872112	0	0	0
20e35c51-39e1-43fc-bda2-2a3ec219545e	chr1	62920	105476583	4	2	2
20e35c51-39e1-43fc-bda2-2a3ec219545e	chr1	105476614	105479753	0	0	0
20e35c51-39e1-43fc-bda2-2a3ec219545e	chr1	105481433	108112906	4	2	2
20e35c51-39e1-43fc-bda2-2a3ec219545e	chr1	108113438	111382127	2	2	0
20e35c51-39e1-43fc-bda2-2a3ec219545e	chr1	111382138	111419153	0	0	0
20e35c51-39e1-43fc-bda2-2a3ec219545e	chr1	111419406	121705338	2	2	0
20e35c51-39e1-43fc-bda2-2a3ec219545e	chr1	143541857	154714693	4	2	2
20e35c51-39e1-43fc-bda2-2a3ec219545e	chr1	154714997	154992265	1	1	0
20e35c51-39e1-43fc-bda2-2a3ec219545e	chr1	154993514	165533048	4	2	2
20e35c51-39e1-43fc-bda2-2a3ec219545e	chr1	165533138	213212896	6	4	2
20e35c51-39e1-43fc-bda2-2a3ec219545e	chr1	213219764	215145695	4	2	2
20e35c51-39e1-43fc-bda2-2a3ec219545e	chr1	215145815	215687122	2	2	0
20e35c51-39e1-43fc-bda2-2a3ec219545e	chr1	215687267	226368237	4	2	2
20e35c51-39e1-43fc-bda2-2a3ec219545e	chr1	226368393	228089607	2	2	0
20e35c51-39e1-43fc-bda2-2a3ec219545e	chr1	228090407	248930189	4	2	2
20e35c51-39e1-43fc-bda2-2a3ec219545e	chr2	12784	52527330	4	2	2
20e35c51-39e1-43fc-bda2-2a3ec219545e	chr2	52527342	52554404	0	0	0
20e35c51-39e1-43fc-bda2-2a3ec219545e	chr2	52560811	84141473	4	2	2
20e35c51-39e1-43fc-bda2-2a3ec219545e	chr2	84143051	84359679	2	2	0
20e35c51-39e1-43fc-bda2-2a3ec219545e	chr2	84359918	242147305	4	2	2
20e35c51-39e1-43fc-bda2-2a3ec219545e	chr3	20930	8197278	6	3	3
20e35c51-39e1-43fc-bda2-2a3ec219545e	chr3	8198695	8227382	10	5	5
20e35c51-39e1-43fc-bda2-2a3ec219545e	chr3	8228420	64574337	6	3	3
20e35c51-39e1-43fc-bda2-2a3ec219545e	chr3	64575369	64600803	18	12	6
20e35c51-39e1-43fc-bda2-2a3ec219545e	chr3	64600984	198169247	6	3	3
20e35c51-39e1-43fc-bda2-2a3ec219545e	chr4	68929	66384508	4	2	2
20e35c51-39e1-43fc-bda2-2a3ec219545e	chr4	66387494	124567688	2	2	0
20e35c51-39e1-43fc-bda2-2a3ec219545e	chr4	124568238	141842417	4	2	2
20e35c51-39e1-43fc-bda2-2a3ec219545e	chr4	141845154	141855713	9	6	3
20e35c51-39e1-43fc-bda2-2a3ec219545e	chr4	141856402	160914845	4	2	2
20e35c51-39e1-43fc-bda2-2a3ec219545e	chr4	160916563	161016477	8	6	2
20e35c51-39e1-43fc-bda2-2a3ec219545e	chr4	161016645	190106768	4	2	2
20e35c51-39e1-43fc-bda2-2a3ec219545e	chr5	15532	22655978	4	2	2
20e35c51-39e1-43fc-bda2-2a3ec219545e	chr5	22656418	22685984	10	5	5
20e35c51-39e1-43fc-bda2-2a3ec219545e	chr5	22686428	60797394	4	2	2
20e35c51-39e1-43fc-bda2-2a3ec219545e	chr5	60798439	62280446	2	2	0
20e35c51-39e1-43fc-bda2-2a3ec219545e	chr5	62286365	65026519	4	2	2
20e35c51-39e1-43fc-bda2-2a3ec219545e	chr5	65026586	65062063	0	0	0
20e35c51-39e1-43fc-bda2-2a3ec219545e	chr5	65062225	181363319	4	2	2
20e35c51-39e1-43fc-bda2-2a3ec219545e	chr6	149661	30304444	4	2	2
20e35c51-39e1-43fc-bda2-2a3ec219545e	chr6	30305594	30515216	2	1	1
20e35c51-39e1-43fc-bda2-2a3ec219545e	chr6	30544386	31129406	4	2	2
20e35c51-39e1-43fc-bda2-2a3ec219545e	chr6	31129676	33056015	4	3	1
20e35c51-39e1-43fc-bda2-2a3ec219545e	chr6	33056169	43762455	4	2	2
20e35c51-39e1-43fc-bda2-2a3ec219545e	chr6	43762745	52637859	2	2	0
20e35c51-39e1-43fc-bda2-2a3ec219545e	chr6	52642487	103286954	4	2	2
20e35c51-39e1-43fc-bda2-2a3ec219545e	chr6	103290101	103323069	0	0	0
20e35c51-39e1-43fc-bda2-2a3ec219545e	chr6	103326915	170741917	4	2	2
20e35c51-39e1-43fc-bda2-2a3ec219545e	chr7	43259	2609252	5	3	2
20e35c51-39e1-43fc-bda2-2a3ec219545e	chr7	2609630	105084264	6	3	3
20e35c51-39e1-43fc-bda2-2a3ec219545e	chr7	105084658	105235332	1	1	0
20e35c51-39e1-43fc-bda2-2a3ec219545e	chr7	105236696	125947552	6	3	3
20e35c51-39e1-43fc-bda2-2a3ec219545e	chr7	125947712	125975513	12	8	4
20e35c51-39e1-43fc-bda2-2a3ec219545e	chr7	125975926	131079257	6	4	2
20e35c51-39e1-43fc-bda2-2a3ec219545e	chr7	131079326	131687653	2	2	0
20e35c51-39e1-43fc-bda2-2a3ec219545e	chr7	131688398	131713969	1	1	0
20e35c51-39e1-43fc-bda2-2a3ec219545e	chr7	131715798	138834700	6	4	2
20e35c51-39e1-43fc-bda2-2a3ec219545e	chr7	138835766	159334314	6	3	3
20e35c51-39e1-43fc-bda2-2a3ec219545e	chr8	81254	46863329	2	2	0
20e35c51-39e1-43fc-bda2-2a3ec219545e	chr8	46865287	145072769	4	2	2
20e35c51-39e1-43fc-bda2-2a3ec219545e	chr9	46587	25375983	2	2	0
20e35c51-39e1-43fc-bda2-2a3ec219545e	chr9	25376634	138200944	4	2	2
20e35c51-39e1-43fc-bda2-2a3ec219545e	chr10	45792	80020240	4	2	2
20e35c51-39e1-43fc-bda2-2a3ec219545e	chr10	80020803	91881820	2	2	0
20e35c51-39e1-43fc-bda2-2a3ec219545e	chr10	91883438	94024877	4	2	2
20e35c51-39e1-43fc-bda2-2a3ec219545e	chr10	94028220	94046602	12	6	6
20e35c51-39e1-43fc-bda2-2a3ec219545e	chr10	94047224	95105336	4	2	2
20e35c51-39e1-43fc-bda2-2a3ec219545e	chr10	95105427	95109349	26	26	0
20e35c51-39e1-43fc-bda2-2a3ec219545e	chr10	95109949	133654968	4	2	2
20e35c51-39e1-43fc-bda2-2a3ec219545e	chr11	198510	5766175	4	2	2
20e35c51-39e1-43fc-bda2-2a3ec219545e	chr11	5766850	5787909	0	0	0
20e35c51-39e1-43fc-bda2-2a3ec219545e	chr11	5788108	50014447	4	2	2
20e35c51-39e1-43fc-bda2-2a3ec219545e	chr11	50085543	50384671	0	0	0
20e35c51-39e1-43fc-bda2-2a3ec219545e	chr11	50384854	69993211	4	2	2
20e35c51-39e1-43fc-bda2-2a3ec219545e	chr11	69995642	70003258	1	1	0
20e35c51-39e1-43fc-bda2-2a3ec219545e	chr11	70003328	135074876	4	2	2
20e35c51-39e1-43fc-bda2-2a3ec219545e	chr12	51460	11411679	4	2	2
20e35c51-39e1-43fc-bda2-2a3ec219545e	chr12	11414977	13998219	2	2	0
20e35c51-39e1-43fc-bda2-2a3ec219545e	chr12	13998794	101655764	4	2	2
20e35c51-39e1-43fc-bda2-2a3ec219545e	chr12	101656343	101669603	1	1	0
20e35c51-39e1-43fc-bda2-2a3ec219545e	chr12	101670740	133201603	4	2	2
20e35c51-39e1-43fc-bda2-2a3ec219545e	chr13	18452809	114342922	4	2	2
20e35c51-39e1-43fc-bda2-2a3ec219545e	chr14	18239283	21956321	4	2	2
20e35c51-39e1-43fc-bda2-2a3ec219545e	chr14	21960136	22501067	2	1	1
20e35c51-39e1-43fc-bda2-2a3ec219545e	chr14	22501252	106877229	4	2	2
20e35c51-39e1-43fc-bda2-2a3ec219545e	chr15	19811075	20249006	7	5	2
20e35c51-39e1-43fc-bda2-2a3ec219545e	chr15	20263311	22299523	8	8	0
20e35c51-39e1-43fc-bda2-2a3ec219545e	chr15	22300068	33810313	2	2	0
20e35c51-39e1-43fc-bda2-2a3ec219545e	chr15	33812883	34939872	4	2	2
20e35c51-39e1-43fc-bda2-2a3ec219545e	chr15	34939930	96855147	2	2	0
20e35c51-39e1-43fc-bda2-2a3ec219545e	chr15	96858562	97221028	0	0	0
20e35c51-39e1-43fc-bda2-2a3ec219545e	chr15	97221205	101928837	2	2	0
20e35c51-39e1-43fc-bda2-2a3ec219545e	chr16	10777	76200278	4	2	2
20e35c51-39e1-43fc-bda2-2a3ec219545e	chr16	76200286	76201965	0	0	0
20e35c51-39e1-43fc-bda2-2a3ec219545e	chr16	76202164	79704728	4	2	2
20e35c51-39e1-43fc-bda2-2a3ec219545e	chr16	79704898	79707672	0	0	0
20e35c51-39e1-43fc-bda2-2a3ec219545e	chr16	79708296	90096867	4	2	2
20e35c51-39e1-43fc-bda2-2a3ec219545e	chr17	150733	36109735	4	2	2
20e35c51-39e1-43fc-bda2-2a3ec219545e	chr17	36112585	36157718	12	12	0
20e35c51-39e1-43fc-bda2-2a3ec219545e	chr17	36200725	83091923	4	2	2
20e35c51-39e1-43fc-bda2-2a3ec219545e	chr18	48133	50775083	6	3	3
20e35c51-39e1-43fc-bda2-2a3ec219545e	chr18	50776366	50808203	11	6	5
20e35c51-39e1-43fc-bda2-2a3ec219545e	chr18	50808371	80257174	6	3	3
20e35c51-39e1-43fc-bda2-2a3ec219545e	chr19	90910	6566520	4	2	2
20e35c51-39e1-43fc-bda2-2a3ec219545e	chr19	6566766	6645430	4	4	0
20e35c51-39e1-43fc-bda2-2a3ec219545e	chr19	6645684	7112165	2	2	0
20e35c51-39e1-43fc-bda2-2a3ec219545e	chr19	7112254	43118245	4	2	2
20e35c51-39e1-43fc-bda2-2a3ec219545e	chr19	43119321	43282526	0	0	0
20e35c51-39e1-43fc-bda2-2a3ec219545e	chr19	43285762	58586487	4	2	2
20e35c51-39e1-43fc-bda2-2a3ec219545e	chr20	80664	64324800	4	2	2
20e35c51-39e1-43fc-bda2-2a3ec219545e	chr21	12973348	45903828	4	2	2
20e35c51-39e1-43fc-bda2-2a3ec219545e	chr21	45904014	45923462	10	6	4
20e35c51-39e1-43fc-bda2-2a3ec219545e	chr21	45925679	46677045	5	3	2
20e35c51-39e1-43fc-bda2-2a3ec219545e	chr22	16392123	50796027	4	2	2
20e35c51-39e1-43fc-bda2-2a3ec219545e	chrX	251810	1111367	2	2	0
20e35c51-39e1-43fc-bda2-2a3ec219545e	chrX	1126722	3777217	0	0	0
20e35c51-39e1-43fc-bda2-2a3ec219545e	chrX	4017039	156004181	2	2	0
20e35c51-39e1-43fc-bda2-2a3ec219545e	chrY	2782397	56872112	0	0	0
abdcc62d-d5fd-4e50-920c-104bc4fb52a5	chr1	61735	121741181	4	2	2
abdcc62d-d5fd-4e50-920c-104bc4fb52a5	chr1	143285278	205479428	8	6	2
abdcc62d-d5fd-4e50-920c-104bc4fb52a5	chr1	205482501	248930189	2	2	0
abdcc62d-d5fd-4e50-920c-104bc4fb52a5	chr2	12784	82636256	4	4	0
abdcc62d-d5fd-4e50-920c-104bc4fb52a5	chr2	82643113	84082918	7	7	0
abdcc62d-d5fd-4e50-920c-104bc4fb52a5	chr2	84085247	242147305	4	4	0
abdcc62d-d5fd-4e50-920c-104bc4fb52a5	chr3	18667	59985271	6	3	3
abdcc62d-d5fd-4e50-920c-104bc4fb52a5	chr3	59986051	60101664	4	4	0
abdcc62d-d5fd-4e50-920c-104bc4fb52a5	chr3	60101725	60413421	7	4	3
abdcc62d-d5fd-4e50-920c-104bc4fb52a5	chr3	60413439	60569541	3	3	0
abdcc62d-d5fd-4e50-920c-104bc4fb52a5	chr3	60570635	198169247	6	3	3
abdcc62d-d5fd-4e50-920c-104bc4fb52a5	chr4	12281	107680906	4	2	2
abdcc62d-d5fd-4e50-920c-104bc4fb52a5	chr4	107681131	108670029	6	4	2
abdcc62d-d5fd-4e50-920c-104bc4fb52a5	chr4	108675291	190106768	4	2	2
abdcc62d-d5fd-4e50-920c-104bc4fb52a5	chr5	15532	181363319	4	2	2
abdcc62d-d5fd-4e50-920c-104bc4fb52a5	chr6	149661	67816823	4	2	2
abdcc62d-d5fd-4e50-920c-104bc4fb52a5	chr6	67818046	75361927	1	1	0
abdcc62d-d5fd-4e50-920c-104bc4fb52a5	chr6	75362413	75746630	4	2	2
abdcc62d-d5fd-4e50-920c-104bc4fb52a5	chr6	75749789	105416982	2	2	0
abdcc62d-d5fd-4e50-920c-104bc4fb52a5	chr6	105421734	106330509	0	0	0
abdcc62d-d5fd-4e50-920c-104bc4fb52a5	chr6	106333176	113775294	1	1	0
abdcc62d-d5fd-4e50-920c-104bc4fb52a5	chr6	113776697	119117653	4	2	2
abdcc62d-d5fd-4e50-920c-104bc4fb52a5	chr6	119119548	120023140	2	2	0
abdcc62d-d5fd-4e50-920c-104bc4fb52a5	chr6	120024289	170741917	4	2	2
abdcc62d-d5fd-4e50-920c-104bc4fb52a5	chr7	43259	159334314	6	3	3
abdcc62d-d5fd-4e50-920c-104bc4fb52a5	chr8	81254	145072769	4	2	2
abdcc62d-d5fd-4e50-920c-104bc4fb52a5	chr9	46587	21819478	6	6	0
abdcc62d-d5fd-4e50-920c-104bc4fb52a5	chr9	21828111	22167975	0	0	0
abdcc62d-d5fd-4e50-920c-104bc4fb52a5	chr9	22168129	37516535	6	6	0
abdcc62d-d5fd-4e50-920c-104bc4fb52a5	chr9	37517164	138200944	6	3	3
abdcc62d-d5fd-4e50-920c-104bc4fb52a5	chr10	26823	133769379	4	2	2
abdcc62d-d5fd-4e50-920c-104bc4fb52a5	chr11	198572	128335014	4	2	2
abdcc62d-d5fd-4e50-920c-104bc4fb52a5	chr11	128335058	128672306	6	4	2
abdcc62d-d5fd-4e50-920c-104bc4fb52a5	chr11	128675520	135074876	4	2	2
abdcc62d-d5fd-4e50-920c-104bc4fb52a5	chr12	51460	133201603	4	2	2
abdcc62d-d5fd-4e50-920c-104bc4fb52a5	chr13	18452809	23003746	4	2	2
abdcc62d-d5fd-4e50-920c-104bc4fb52a5	chr13	23005744	24382524	4	3	1
abdcc62d-d5fd-4e50-920c-104bc4fb52a5	chr13	24383262	114342922	4	2	2
abdcc62d-d5fd-4e50-920c-104bc4fb52a5	chr14	18225647	22028174	4	2	2
abdcc62d-d5fd-4e50-920c-104bc4fb52a5	chr14	22028343	22508844	1	1	0
abdcc62d-d5fd-4e50-920c-104bc4fb52a5	chr14	22509094	106877229	4	2	2
abdcc62d-d5fd-4e50-920c-104bc4fb52a5	chr15	19811075	101928837	4	2	2
abdcc62d-d5fd-4e50-920c-104bc4fb52a5	chr16	10777	70820478	4	2	2
abdcc62d-d5fd-4e50-920c-104bc4fb52a5	chr16	70821299	71171291	6	4	2
abdcc62d-d5fd-4e50-920c-104bc4fb52a5	chr16	71172005	90221127	4	2	2
abdcc62d-d5fd-4e50-920c-104bc4fb52a5	chr17	150733	56535084	4	2	2
abdcc62d-d5fd-4e50-920c-104bc4fb52a5	chr17	56537023	58608960	1	1	0
abdcc62d-d5fd-4e50-920c-104bc4fb52a5	chr17	58609050	83090856	4	2	2
abdcc62d-d5fd-4e50-920c-104bc4fb52a5	chr18	48133	15402409	8	6	2
abdcc62d-d5fd-4e50-920c-104bc4fb52a5	chr18	20949392	80257174	9	7	2
abdcc62d-d5fd-4e50-920c-104bc4fb52a5	chr19	90910	1442942	6	4	2
abdcc62d-d5fd-4e50-920c-104bc4fb52a5	chr19	1444475	58586487	4	2	2
abdcc62d-d5fd-4e50-920c-104bc4fb52a5	chr20	80664	64324800	4	2	2
abdcc62d-d5fd-4e50-920c-104bc4fb52a5	chr21	10336543	46677045	4	2	2
abdcc62d-d5fd-4e50-920c-104bc4fb52a5	chr22	15294545	22024669	4	2	2
abdcc62d-d5fd-4e50-920c-104bc4fb52a5	chr22	22026269	22916268	1	1	0
abdcc62d-d5fd-4e50-920c-104bc4fb52a5	chr22	22916398	50796027	4	2	2
abdcc62d-d5fd-4e50-920c-104bc4fb52a5	chrX	251810	2776199	5	3	2
abdcc62d-d5fd-4e50-920c-104bc4fb52a5	chrX	2785350	155235513	2	2	0
abdcc62d-d5fd-4e50-920c-104bc4fb52a5	chrX	155237303	156004181	3	3	0
df09610a-a75c-4632-8baf-7e9f9d364034	chr1	61735	248930189	2	1	1
df09610a-a75c-4632-8baf-7e9f9d364034	chr2	12784	242147305	2	1	1
df09610a-a75c-4632-8baf-7e9f9d364034	chr3	18667	198169247	2	1	1
df09610a-a75c-4632-8baf-7e9f9d364034	chr4	12281	190106768	2	1	1
df09610a-a75c-4632-8baf-7e9f9d364034	chr5	15532	181363319	2	1	1
df09610a-a75c-4632-8baf-7e9f9d364034	chr6	149661	170741917	2	1	1
df09610a-a75c-4632-8baf-7e9f9d364034	chr7	43259	159334314	2	1	1
df09610a-a75c-4632-8baf-7e9f9d364034	chr8	81254	145072769	2	1	1
df09610a-a75c-4632-8baf-7e9f9d364034	chr9	46587	138200944	2	1	1
df09610a-a75c-4632-8baf-7e9f9d364034	chr10	26823	133769379	2	1	1
df09610a-a75c-4632-8baf-7e9f9d364034	chr11	198572	135074876	2	1	1
df09610a-a75c-4632-8baf-7e9f9d364034	chr12	51460	133201603	2	1	1
df09610a-a75c-4632-8baf-7e9f9d364034	chr13	18452809	114342922	2	1	1
df09610a-a75c-4632-8baf-7e9f9d364034	chr14	18225647	106877229	2	1	1
df09610a-a75c-4632-8baf-7e9f9d364034	chr15	19811075	101928837	2	1	1
df09610a-a75c-4632-8baf-7e9f9d364034	chr16	10777	90221127	2	1	1
df09610a-a75c-4632-8baf-7e9f9d364034	chr17	150733	83090856	2	1	1
df09610a-a75c-4632-8baf-7e9f9d364034	chr18	48133	80257174	2	1	1
df09610a-a75c-4632-8baf-7e9f9d364034	chr19	90910	58586487	2	1	1
df09610a-a75c-4632-8baf-7e9f9d364034	chr20	80664	64324800	2	1	1
df09610a-a75c-4632-8baf-7e9f9d364034	chr21	10336543	46677045	2	1	1
df09610a-a75c-4632-8baf-7e9f9d364034	chr22	15294545	50796027	2	1	1
df09610a-a75c-4632-8baf-7e9f9d364034	chrX	251810	156004181	2	1	1
bbe9854a-d1df-4487-9f90-3fe8dc9d93e2	chr1	62920	12728146	4	2	2
bbe9854a-d1df-4487-9f90-3fe8dc9d93e2	chr1	12728439	12868035	2	1	1
bbe9854a-d1df-4487-9f90-3fe8dc9d93e2	chr1	13110913	13110913	4	4	0
bbe9854a-d1df-4487-9f90-3fe8dc9d93e2	chr1	13114062	18654642	2	2	0
bbe9854a-d1df-4487-9f90-3fe8dc9d93e2	chr1	18658464	168799470	4	2	2
bbe9854a-d1df-4487-9f90-3fe8dc9d93e2	chr1	168808944	169247699	21	19	2
bbe9854a-d1df-4487-9f90-3fe8dc9d93e2	chr1	169264736	170854413	9	7	2
bbe9854a-d1df-4487-9f90-3fe8dc9d93e2	chr1	170861136	181496218	5	3	2
bbe9854a-d1df-4487-9f90-3fe8dc9d93e2	chr1	181496764	248930189	3	2	1
bbe9854a-d1df-4487-9f90-3fe8dc9d93e2	chr2	12784	49603657	3	2	1
bbe9854a-d1df-4487-9f90-3fe8dc9d93e2	chr2	49603733	49762347	5	4	1
bbe9854a-d1df-4487-9f90-3fe8dc9d93e2	chr2	49762879	53327805	3	2	1
bbe9854a-d1df-4487-9f90-3fe8dc9d93e2	chr2	53327873	55907808	5	3	2
bbe9854a-d1df-4487-9f90-3fe8dc9d93e2	chr2	55915318	56022476	3	2	1
bbe9854a-d1df-4487-9f90-3fe8dc9d93e2	chr2	56024112	56367441	7	5	2
bbe9854a-d1df-4487-9f90-3fe8dc9d93e2	chr2	56367799	57343533	9	7	2
bbe9854a-d1df-4487-9f90-3fe8dc9d93e2	chr2	57345318	60054473	4	2	2
bbe9854a-d1df-4487-9f90-3fe8dc9d93e2	chr2	60054794	60154133	6	4	2
bbe9854a-d1df-4487-9f90-3fe8dc9d93e2	chr2	60155119	60489107	5	3	2
bbe9854a-d1df-4487-9f90-3fe8dc9d93e2	chr2	60489173	61844917	16	14	2
bbe9854a-d1df-4487-9f90-3fe8dc9d93e2	chr2	61844972	61850836	9	6	3
bbe9854a-d1df-4487-9f90-3fe8dc9d93e2	chr2	61857160	61957529	15	15	0
bbe9854a-d1df-4487-9f90-3fe8dc9d93e2	chr2	61958559	63024010	6	4	2
bbe9854a-d1df-4487-9f90-3fe8dc9d93e2	chr2	63026181	132850023	4	2	2
bbe9854a-d1df-4487-9f90-3fe8dc9d93e2	chr2	132850431	132857634	2	1	1
bbe9854a-d1df-4487-9f90-3fe8dc9d93e2	chr2	132859117	146104517	4	2	2
bbe9854a-d1df-4487-9f90-3fe8dc9d93e2	chr2	146106836	146109366	0	0	0
bbe9854a-d1df-4487-9f90-3fe8dc9d93e2	chr2	146120238	155999745	4	2	2
bbe9854a-d1df-4487-9f90-3fe8dc9d93e2	chr2	156000368	205548808	3	2	1
bbe9854a-d1df-4487-9f90-3fe8dc9d93e2	chr2	205551015	205560746	6	4	2
bbe9854a-d1df-4487-9f90-3fe8dc9d93e2	chr2	205562130	223360484	3	2	1
bbe9854a-d1df-4487-9f90-3fe8dc9d93e2	chr2	223360627	229496071	4	2	2
bbe9854a-d1df-4487-9f90-3fe8dc9d93e2	chr2	229496185	229837936	13	11	2
bbe9854a-d1df-4487-9f90-3fe8dc9d93e2	chr2	229844007	237142364	4	2	2
bbe9854a-d1df-4487-9f90-3fe8dc9d93e2	chr2	237144124	237681210	8	6	2
bbe9854a-d1df-4487-9f90-3fe8dc9d93e2	chr2	237683227	238962708	12	10	2
bbe9854a-d1df-4487-9f90-3fe8dc9d93e2	chr2	238968259	239503949	7	5	2
bbe9854a-d1df-4487-9f90-3fe8dc9d93e2	chr2	239504525	242147305	4	2	2
bbe9854a-d1df-4487-9f90-3fe8dc9d93e2	chr3	20930	22734364	2	1	1
bbe9854a-d1df-4487-9f90-3fe8dc9d93e2	chr3	22747472	29874451	7	6	1
bbe9854a-d1df-4487-9f90-3fe8dc9d93e2	chr3	29877065	37816988	5	4	1
bbe9854a-d1df-4487-9f90-3fe8dc9d93e2	chr3	37817280	38348007	8	7	1
bbe9854a-d1df-4487-9f90-3fe8dc9d93e2	chr3	38348508	101140333	3	2	1
bbe9854a-d1df-4487-9f90-3fe8dc9d93e2	chr3	101140568	101193857	2	1	1
bbe9854a-d1df-4487-9f90-3fe8dc9d93e2	chr3	101193888	120435796	3	2	1
bbe9854a-d1df-4487-9f90-3fe8dc9d93e2	chr3	120435986	120455459	1	1	0
bbe9854a-d1df-4487-9f90-3fe8dc9d93e2	chr3	120455684	162790480	3	2	1
bbe9854a-d1df-4487-9f90-3fe8dc9d93e2	chr3	162794869	162898127	8	8	0
bbe9854a-d1df-4487-9f90-3fe8dc9d93e2	chr3	162906054	198169247	3	2	1
bbe9854a-d1df-4487-9f90-3fe8dc9d93e2	chr4	68929	10208766	4	3	1
bbe9854a-d1df-4487-9f90-3fe8dc9d93e2	chr4	10212536	10227178	0	0	0
bbe9854a-d1df-4487-9f90-3fe8dc9d93e2	chr4	10227193	83230703	4	3	1
bbe9854a-d1df-4487-9f90-3fe8dc9d93e2	chr4	83230832	83260134	3	2	1
bbe9854a-d1df-4487-9f90-3fe8dc9d93e2	chr4	83264308	187866070	4	3	1
bbe9854a-d1df-4487-9f90-3fe8dc9d93e2	chr4	187870302	189050439	1	1	0
bbe9854a-d1df-4487-9f90-3fe8dc9d93e2	chr4	189050772	190106768	4	3	1
bbe9854a-d1df-4487-9f90-3fe8dc9d93e2	chr5	15532	125138960	3	2	1
bbe9854a-d1df-4487-9f90-3fe8dc9d93e2	chr5	125141683	125147790	1	1	0
bbe9854a-d1df-4487-9f90-3fe8dc9d93e2	chr5	125148575	133568800	3	2	1
bbe9854a-d1df-4487-9f90-3fe8dc9d93e2	chr5	133571908	133590365	1	1	0
bbe9854a-d1df-4487-9f90-3fe8dc9d93e2	chr5	133590972	157869978	3	2	1
bbe9854a-d1df-4487-9f90-3fe8dc9d93e2	chr5	157871644	159423007	1	1	0
bbe9854a-d1df-4487-9f90-3fe8dc9d93e2	chr5	159423505	181363319	3	2	1
bbe9854a-d1df-4487-9f90-3fe8dc9d93e2	chr6	149661	30310335	4	2	2
bbe9854a-d1df-4487-9f90-3fe8dc9d93e2	chr6	30313457	30515216	3	2	1
bbe9854a-d1df-4487-9f90-3fe8dc9d93e2	chr6	30544386	58416164	4	2	2
bbe9854a-d1df-4487-9f90-3fe8dc9d93e2	chr6	58416347	90490902	2	2	0
bbe9854a-d1df-4487-9f90-3fe8dc9d93e2	chr6	90492476	90499998	1	1	0
bbe9854a-d1df-4487-9f90-3fe8dc9d93e2	chr6	90500688	153684741	2	2	0
bbe9854a-d1df-4487-9f90-3fe8dc9d93e2	chr6	153684778	153686471	1	1	0
bbe9854a-d1df-4487-9f90-3fe8dc9d93e2	chr6	153686484	170741917	2	2	0
bbe9854a-d1df-4487-9f90-3fe8dc9d93e2	chr7	43259	52000581	4	2	2
bbe9854a-d1df-4487-9f90-3fe8dc9d93e2	chr7	52003812	52010684	6	3	3
bbe9854a-d1df-4487-9f90-3fe8dc9d93e2	chr7	52012624	68716989	4	2	2
bbe9854a-d1df-4487-9f90-3fe8dc9d93e2	chr7	68717035	68719415	2	1	1
bbe9854a-d1df-4487-9f90-3fe8dc9d93e2	chr7	68719447	86181343	4	2	2
bbe9854a-d1df-4487-9f90-3fe8dc9d93e2	chr7	86183680	86395499	9	7	2
bbe9854a-d1df-4487-9f90-3fe8dc9d93e2	chr7	86400053	114941820	6	4	2
bbe9854a-d1df-4487-9f90-3fe8dc9d93e2	chr7	114943702	114967721	3	2	1
bbe9854a-d1df-4487-9f90-3fe8dc9d93e2	chr7	114969873	114975210	7	7	0
bbe9854a-d1df-4487-9f90-3fe8dc9d93e2	chr7	114975261	115122127	4	2	2
bbe9854a-d1df-4487-9f90-3fe8dc9d93e2	chr7	115123264	126705298	7	5	2
bbe9854a-d1df-4487-9f90-3fe8dc9d93e2	chr7	126705518	126787400	1	1	0
bbe9854a-d1df-4487-9f90-3fe8dc9d93e2	chr7	126788711	159334314	2	2	0
bbe9854a-d1df-4487-9f90-3fe8dc9d93e2	chr8	81254	17713411	4	2	2
bbe9854a-d1df-4487-9f90-3fe8dc9d93e2	chr8	17713759	17719890	7	4	3
bbe9854a-d1df-4487-9f90-3fe8dc9d93e2	chr8	17721247	53237492	4	2	2
bbe9854a-d1df-4487-9f90-3fe8dc9d93e2	chr8	53237506	53432178	5	3	2
bbe9854a-d1df-4487-9f90-3fe8dc9d93e2	chr8	53432328	104851662	4	2	2
bbe9854a-d1df-4487-9f90-3fe8dc9d93e2	chr8	104852122	104879790	3	2	1
bbe9854a-d1df-4487-9f90-3fe8dc9d93e2	chr8	104880476	145072769	4	2	2
bbe9854a-d1df-4487-9f90-3fe8dc9d93e2	chr9	46587	31828574	4	2	2
bbe9854a-d1df-4487-9f90-3fe8dc9d93e2	chr9	31832792	31846529	9	5	4
bbe9854a-d1df-4487-9f90-3fe8dc9d93e2	chr9	31846731	138200944	4	2	2
bbe9854a-d1df-4487-9f90-3fe8dc9d93e2	chr10	45792	23515286	4	2	2
bbe9854a-d1df-4487-9f90-3fe8dc9d93e2	chr10	23515840	23608569	3	2	1
bbe9854a-d1df-4487-9f90-3fe8dc9d93e2	chr10	23608844	93649436	4	2	2
bbe9854a-d1df-4487-9f90-3fe8dc9d93e2	chr10	93650241	93761473	3	2	1
bbe9854a-d1df-4487-9f90-3fe8dc9d93e2	chr10	93762201	133654968	4	2	2
bbe9854a-d1df-4487-9f90-3fe8dc9d93e2	chr11	198510	4371081	6	4	2
bbe9854a-d1df-4487-9f90-3fe8dc9d93e2	chr11	4372449	21623871	5	3	2
bbe9854a-d1df-4487-9f90-3fe8dc9d93e2	chr11	21624315	34342564	6	4	2
bbe9854a-d1df-4487-9f90-3fe8dc9d93e2	chr11	34342586	34662348	5	3	2
bbe9854a-d1df-4487-9f90-3fe8dc9d93e2	chr11	34662615	135074876	6	4	2
bbe9854a-d1df-4487-9f90-3fe8dc9d93e2	chr12	51460	2015789	6	3	3
bbe9854a-d1df-4487-9f90-3fe8dc9d93e2	chr12	2018586	9477960	5	3	2
bbe9854a-d1df-4487-9f90-3fe8dc9d93e2	chr12	9481274	9582374	0	0	0
bbe9854a-d1df-4487-9f90-3fe8dc9d93e2	chr12	9583090	34701563	6	3	3
bbe9854a-d1df-4487-9f90-3fe8dc9d93e2	chr12	37463949	105952954	4	2	2
bbe9854a-d1df-4487-9f90-3fe8dc9d93e2	chr12	105953338	105955186	3	2	1
bbe9854a-d1df-4487-9f90-3fe8dc9d93e2	chr12	105955482	133039120	4	2	2
bbe9854a-d1df-4487-9f90-3fe8dc9d93e2	chr12	133039620	133123324	0	0	0
bbe9854a-d1df-4487-9f90-3fe8dc9d93e2	chr12	133132060	133201603	2	1	1
bbe9854a-d1df-4487-9f90-3fe8dc9d93e2	chr13	18452809	54983816	3	2	1
bbe9854a-d1df-4487-9f90-3fe8dc9d93e2	chr13	54986109	57854491	1	1	0
bbe9854a-d1df-4487-9f90-3fe8dc9d93e2	chr13	57855062	83221406	3	2	1
bbe9854a-d1df-4487-9f90-3fe8dc9d93e2	chr13	83221864	83236198	6	4	2
bbe9854a-d1df-4487-9f90-3fe8dc9d93e2	chr13	83236280	114342922	3	2	1
bbe9854a-d1df-4487-9f90-3fe8dc9d93e2	chr14	18239283	95753846	3	2	1
bbe9854a-d1df-4487-9f90-3fe8dc9d93e2	chr14	95754100	95758712	1	1	0
bbe9854a-d1df-4487-9f90-3fe8dc9d93e2	chr14	95758887	106016256	3	2	1
bbe9854a-d1df-4487-9f90-3fe8dc9d93e2	chr14	106030809	106360014	1	1	0
bbe9854a-d1df-4487-9f90-3fe8dc9d93e2	chr14	106362628	106877229	3	2	1
bbe9854a-d1df-4487-9f90-3fe8dc9d93e2	chr15	19811075	41686205	4	4	0
bbe9854a-d1df-4487-9f90-3fe8dc9d93e2	chr15	41692525	41799137	0	0	0
bbe9854a-d1df-4487-9f90-3fe8dc9d93e2	chr15	41799187	61673779	4	4	0
bbe9854a-d1df-4487-9f90-3fe8dc9d93e2	chr15	61674240	61690136	6	6	0
bbe9854a-d1df-4487-9f90-3fe8dc9d93e2	chr15	61690728	76586021	4	4	0
bbe9854a-d1df-4487-9f90-3fe8dc9d93e2	chr15	76598900	76609900	12	12	0
bbe9854a-d1df-4487-9f90-3fe8dc9d93e2	chr15	76609916	101928837	4	4	0
bbe9854a-d1df-4487-9f90-3fe8dc9d93e2	chr16	10777	90096867	4	2	2
bbe9854a-d1df-4487-9f90-3fe8dc9d93e2	chr17	150733	18452078	2	2	0
bbe9854a-d1df-4487-9f90-3fe8dc9d93e2	chr17	18455632	18550123	0	0	0
bbe9854a-d1df-4487-9f90-3fe8dc9d93e2	chr17	18561272	18668032	6	5	1
bbe9854a-d1df-4487-9f90-3fe8dc9d93e2	chr17	18668351	21661661	6	4	2
bbe9854a-d1df-4487-9f90-3fe8dc9d93e2	chr17	22167265	26943491	11	8	3
bbe9854a-d1df-4487-9f90-3fe8dc9d93e2	chr17	26943774	42539140	4	2	2
bbe9854a-d1df-4487-9f90-3fe8dc9d93e2	chr17	42539627	44577716	4	4	0
bbe9854a-d1df-4487-9f90-3fe8dc9d93e2	chr17	44582033	45997470	3	3	0
bbe9854a-d1df-4487-9f90-3fe8dc9d93e2	chr17	45998535	50659042	4	4	0
bbe9854a-d1df-4487-9f90-3fe8dc9d93e2	chr17	50660500	71468134	3	3	0
bbe9854a-d1df-4487-9f90-3fe8dc9d93e2	chr17	71468617	71493929	6	6	0
bbe9854a-d1df-4487-9f90-3fe8dc9d93e2	chr17	71493972	83091923	3	3	0
bbe9854a-d1df-4487-9f90-3fe8dc9d93e2	chr18	48133	11063771	3	3	0
bbe9854a-d1df-4487-9f90-3fe8dc9d93e2	chr18	11063872	11066025	7	6	1
bbe9854a-d1df-4487-9f90-3fe8dc9d93e2	chr18	11066418	53485780	3	3	0
bbe9854a-d1df-4487-9f90-3fe8dc9d93e2	chr18	53489597	80132754	5	3	2
bbe9854a-d1df-4487-9f90-3fe8dc9d93e2	chr18	80133560	80257174	3	3	0
bbe9854a-d1df-4487-9f90-3fe8dc9d93e2	chr19	90910	9320923	4	2	2
bbe9854a-d1df-4487-9f90-3fe8dc9d93e2	chr19	9325943	9538402	2	2	0
bbe9854a-d1df-4487-9f90-3fe8dc9d93e2	chr19	9539095	12143056	4	2	2
bbe9854a-d1df-4487-9f90-3fe8dc9d93e2	chr19	12145959	12373771	2	2	0
bbe9854a-d1df-4487-9f90-3fe8dc9d93e2	chr19	12375414	29576946	4	2	2
bbe9854a-d1df-4487-9f90-3fe8dc9d93e2	chr19	29577270	29599620	2	1	1
bbe9854a-d1df-4487-9f90-3fe8dc9d93e2	chr19	29599742	32553630	4	2	2
bbe9854a-d1df-4487-9f90-3fe8dc9d93e2	chr19	32553932	32605500	2	1	1
bbe9854a-d1df-4487-9f90-3fe8dc9d93e2	chr19	32605581	33266685	4	2	2
bbe9854a-d1df-4487-9f90-3fe8dc9d93e2	chr19	33271351	33278637	9	5	4
bbe9854a-d1df-4487-9f90-3fe8dc9d93e2	chr19	33284962	58586487	4	2	2
bbe9854a-d1df-4487-9f90-3fe8dc9d93e2	chr20	80664	9611616	4	2	2
bbe9854a-d1df-4487-9f90-3fe8dc9d93e2	chr20	9611691	9618154	1	1	0
bbe9854a-d1df-4487-9f90-3fe8dc9d93e2	chr20	9625973	55578972	4	2	2
bbe9854a-d1df-4487-9f90-3fe8dc9d93e2	chr20	55579044	55635158	6	3	3
bbe9854a-d1df-4487-9f90-3fe8dc9d93e2	chr20	55635277	58627693	4	2	2
bbe9854a-d1df-4487-9f90-3fe8dc9d93e2	chr20	58627947	58630266	2	1	1
bbe9854a-d1df-4487-9f90-3fe8dc9d93e2	chr20	58630596	64324800	4	2	2
bbe9854a-d1df-4487-9f90-3fe8dc9d93e2	chr21	12973348	46677045	4	2	2
bbe9854a-d1df-4487-9f90-3fe8dc9d93e2	chr22	16392123	18088992	4	2	2
bbe9854a-d1df-4487-9f90-3fe8dc9d93e2	chr22	18089665	18167915	6	3	3
bbe9854a-d1df-4487-9f90-3fe8dc9d93e2	chr22	18173093	22026320	4	2	2
bbe9854a-d1df-4487-9f90-3fe8dc9d93e2	chr22	22026345	22329868	2	2	0
bbe9854a-d1df-4487-9f90-3fe8dc9d93e2	chr22	22336388	22909432	0	0	0
bbe9854a-d1df-4487-9f90-3fe8dc9d93e2	chr22	22913385	50796027	4	2	2
bbe9854a-d1df-4487-9f90-3fe8dc9d93e2	chrX	251810	35640420	2	2	0
bbe9854a-d1df-4487-9f90-3fe8dc9d93e2	chrX	35641321	35661895	4	4	0
bbe9854a-d1df-4487-9f90-3fe8dc9d93e2	chrX	35662780	145484536	2	2	0
bbe9854a-d1df-4487-9f90-3fe8dc9d93e2	chrX	145485884	147189947	4	2	2
bbe9854a-d1df-4487-9f90-3fe8dc9d93e2	chrX	147192744	147612812	3	2	1
bbe9854a-d1df-4487-9f90-3fe8dc9d93e2	chrX	147614533	156004181	4	2	2
bbe9854a-d1df-4487-9f90-3fe8dc9d93e2	chrY	2782397	26653788	0	0	0
bbe9854a-d1df-4487-9f90-3fe8dc9d93e2	chrY	56872112	56872112	2	2	0
ac026569-058b-4457-833f-8021feda1009	chr1	62920	2225286	2	1	1
ac026569-058b-4457-833f-8021feda1009	chr1	2235710	6895273	1	1	0
ac026569-058b-4457-833f-8021feda1009	chr1	6899900	22994786	2	1	1
ac026569-058b-4457-833f-8021feda1009	chr1	23001322	26127712	1	1	0
ac026569-058b-4457-833f-8021feda1009	chr1	26140173	52990227	2	1	1
ac026569-058b-4457-833f-8021feda1009	chr1	52991336	55909607	1	1	0
ac026569-058b-4457-833f-8021feda1009	chr1	55909822	156098051	2	1	1
ac026569-058b-4457-833f-8021feda1009	chr1	156108458	207878514	3	2	1
ac026569-058b-4457-833f-8021feda1009	chr1	207879303	208272605	4	3	1
ac026569-058b-4457-833f-8021feda1009	chr1	208272909	214790804	3	2	1
ac026569-058b-4457-833f-8021feda1009	chr1	214791758	214800147	7	5	2
ac026569-058b-4457-833f-8021feda1009	chr1	214801395	248930189	3	2	1
ac026569-058b-4457-833f-8021feda1009	chr2	12784	11721794	1	1	0
ac026569-058b-4457-833f-8021feda1009	chr2	11722888	58123369	2	1	1
ac026569-058b-4457-833f-8021feda1009	chr2	58123436	61702618	3	2	1
ac026569-058b-4457-833f-8021feda1009	chr2	61705065	149179068	2	1	1
ac026569-058b-4457-833f-8021feda1009	chr2	149182373	149200423	1	1	0
ac026569-058b-4457-833f-8021feda1009	chr2	149200647	205194287	2	1	1
ac026569-058b-4457-833f-8021feda1009	chr2	205194601	205231096	1	1	0
ac026569-058b-4457-833f-8021feda1009	chr2	205231812	242147305	2	1	1
ac026569-058b-4457-833f-8021feda1009	chr3	20930	2959224	3	2	1
ac026569-058b-4457-833f-8021feda1009	chr3	2959401	3925783	2	1	1
ac026569-058b-4457-833f-8021feda1009	chr3	3928744	3934733	1	1	0
ac026569-058b-4457-833f-8021feda1009	chr3	3935472	28264171	2	1	1
ac026569-058b-4457-833f-8021feda1009	chr3	28264531	38304801	1	1	0
ac026569-058b-4457-833f-8021feda1009	chr3	38305043	38309139	2	2	0
ac026569-058b-4457-833f-8021feda1009	chr3	38310645	48269527	1	1	0
ac026569-058b-4457-833f-8021feda1009	chr3	48274287	198169247	2	1	1
ac026569-058b-4457-833f-8021feda1009	chr4	68929	160950731	2	1	1
ac026569-058b-4457-833f-8021feda1009	chr4	160952454	161010744	4	4	0
ac026569-058b-4457-833f-8021feda1009	chr4	161011125	190106768	2	1	1
ac026569-058b-4457-833f-8021feda1009	chr5	15532	138345	3	3	0
ac026569-058b-4457-833f-8021feda1009	chr5	142967	1550089	5	4	1
ac026569-058b-4457-833f-8021feda1009	chr5	1555086	181363319	3	2	1
ac026569-058b-4457-833f-8021feda1009	chr6	149661	32373696	2	2	0
ac026569-058b-4457-833f-8021feda1009	chr6	32375045	32639579	5	5	0
ac026569-058b-4457-833f-8021feda1009	chr6	32641650	45896089	2	2	0
ac026569-058b-4457-833f-8021feda1009	chr6	45896768	45942002	3	3	0
ac026569-058b-4457-833f-8021feda1009	chr6	45942727	170741917	2	2	0
ac026569-058b-4457-833f-8021feda1009	chr7	43259	18776474	2	1	1
ac026569-058b-4457-833f-8021feda1009	chr7	18778774	18785082	5	3	2
ac026569-058b-4457-833f-8021feda1009	chr7	18785119	159334314	2	1	1
ac026569-058b-4457-833f-8021feda1009	chr8	81254	38199827	1	1	0
ac026569-058b-4457-833f-8021feda1009	chr8	38200941	127695161	2	1	1
ac026569-058b-4457-833f-8021feda1009	chr8	127695283	145072769	3	2	1
ac026569-058b-4457-833f-8021feda1009	chr9	46587	21667374	2	1	1
ac026569-058b-4457-833f-8021feda1009	chr9	21667693	21914589	1	1	0
ac026569-058b-4457-833f-8021feda1009	chr9	21918581	21977195	0	0	0
ac026569-058b-4457-833f-8021feda1009	chr9	21978444	22170984	1	1	0
ac026569-058b-4457-833f-8021feda1009	chr9	22171485	28671328	2	1	1
ac026569-058b-4457-833f-8021feda1009	chr9	28671667	28741048	1	1	0
ac026569-058b-4457-833f-8021feda1009	chr9	28742354	41741113	2	1	1
ac026569-058b-4457-833f-8021feda1009	chr9	60863881	68598539	3	2	1
ac026569-058b-4457-833f-8021feda1009	chr9	68598785	83290105	2	1	1
ac026569-058b-4457-833f-8021feda1009	chr9	83290145	83295597	1	1	0
ac026569-058b-4457-833f-8021feda1009	chr9	83296035	138200944	2	1	1
ac026569-058b-4457-833f-8021feda1009	chr10	45792	87420940	2	1	1
ac026569-058b-4457-833f-8021feda1009	chr10	87421107	89259723	1	1	0
ac026569-058b-4457-833f-8021feda1009	chr10	89261066	133654968	2	1	1
ac026569-058b-4457-833f-8021feda1009	chr11	198510	135074876	2	1	1
ac026569-058b-4457-833f-8021feda1009	chr12	51460	3437612	3	2	1
ac026569-058b-4457-833f-8021feda1009	chr12	3440648	3461852	1	1	0
ac026569-058b-4457-833f-8021feda1009	chr12	3461998	3482766	2	1	1
ac026569-058b-4457-833f-8021feda1009	chr12	3483301	6913858	2	2	0
ac026569-058b-4457-833f-8021feda1009	chr12	6913959	30082648	3	2	1
ac026569-058b-4457-833f-8021feda1009	chr12	30086334	30090756	0	0	0
ac026569-058b-4457-833f-8021feda1009	chr12	30090789	31988096	3	2	1
ac026569-058b-4457-833f-8021feda1009	chr12	31989907	32125098	4	3	1
ac026569-058b-4457-833f-8021feda1009	chr12	32127406	133201603	3	2	1
ac026569-058b-4457-833f-8021feda1009	chr13	18452809	32572361	1	1	0
ac026569-058b-4457-833f-8021feda1009	chr13	32576322	63743696	2	2	0
ac026569-058b-4457-833f-8021feda1009	chr13	63770336	63819987	5	5	0
ac026569-058b-4457-833f-8021feda1009	chr13	63831189	114342922	2	2	0
ac026569-058b-4457-833f-8021feda1009	chr14	18239283	106877229	2	1	1
ac026569-058b-4457-833f-8021feda1009	chr15	19811075	54844577	2	1	1
ac026569-058b-4457-833f-8021feda1009	chr15	54844752	54855877	1	1	0
ac026569-058b-4457-833f-8021feda1009	chr15	54857968	101928837	2	1	1
ac026569-058b-4457-833f-8021feda1009	chr16	10777	263271	3	2	1
ac026569-058b-4457-833f-8021feda1009	chr16	268414	11244006	2	1	1
ac026569-058b-4457-833f-8021feda1009	chr16	11245200	83587029	3	2	1
ac026569-058b-4457-833f-8021feda1009	chr16	83587254	83605706	6	4	2
ac026569-058b-4457-833f-8021feda1009	chr16	83605730	90096867	3	2	1
ac026569-058b-4457-833f-8021feda1009	chr17	150733	6662325	3	2	1
ac026569-058b-4457-833f-8021feda1009	chr17	6662428	6672601	6	4	2
ac026569-058b-4457-833f-8021feda1009	chr17	6677798	41265456	3	2	1
ac026569-058b-4457-833f-8021feda1009	chr17	41266762	41274279	0	0	0
ac026569-058b-4457-833f-8021feda1009	chr17	41276472	83091923	3	2	1
ac026569-058b-4457-833f-8021feda1009	chr18	48133	40680516	2	1	1
ac026569-058b-4457-833f-8021feda1009	chr18	40680526	40685425	0	0	0
ac026569-058b-4457-833f-8021feda1009	chr18	40688060	46122625	2	1	1
ac026569-058b-4457-833f-8021feda1009	chr18	46122767	80257174	2	2	0
ac026569-058b-4457-833f-8021feda1009	chr19	90910	13753788	2	2	0
ac026569-058b-4457-833f-8021feda1009	chr19	13756052	58586487	2	1	1
ac026569-058b-4457-833f-8021feda1009	chr20	80664	64324800	2	1	1
ac026569-058b-4457-833f-8021feda1009	chr21	12973348	46677045	2	1	1
ac026569-058b-4457-833f-8021feda1009	chr22	16392123	25316329	2	1	1
ac026569-058b-4457-833f-8021feda1009	chr22	25322463	25526380	3	2	1
ac026569-058b-4457-833f-8021feda1009	chr22	25526581	32188672	2	1	1
ac026569-058b-4457-833f-8021feda1009	chr22	32188723	32197107	1	1	0
ac026569-058b-4457-833f-8021feda1009	chr22	32197866	41608565	2	1	1
ac026569-058b-4457-833f-8021feda1009	chr22	41609361	50796027	1	1	0
ac026569-058b-4457-833f-8021feda1009	chrX	251810	21150244	3	2	1
ac026569-058b-4457-833f-8021feda1009	chrX	21152219	31578462	6	4	2
ac026569-058b-4457-833f-8021feda1009	chrX	31578850	32138925	5	4	1
ac026569-058b-4457-833f-8021feda1009	chrX	32139493	35640383	6	4	2
ac026569-058b-4457-833f-8021feda1009	chrX	35640420	35642671	13	7	6
ac026569-058b-4457-833f-8021feda1009	chrX	35642965	63048487	6	4	2
ac026569-058b-4457-833f-8021feda1009	chrX	63050619	63062876	4	3	1
ac026569-058b-4457-833f-8021feda1009	chrX	63064369	63624567	6	6	0
ac026569-058b-4457-833f-8021feda1009	chrX	63635866	68028992	3	2	1
ac026569-058b-4457-833f-8021feda1009	chrX	68031088	68048303	4	3	1
ac026569-058b-4457-833f-8021feda1009	chrX	68054796	79982959	3	2	1
ac026569-058b-4457-833f-8021feda1009	chrX	79984980	80011968	5	3	2
ac026569-058b-4457-833f-8021feda1009	chrX	80012391	95141397	3	2	1
ac026569-058b-4457-833f-8021feda1009	chrX	95141627	95143312	7	5	2
ac026569-058b-4457-833f-8021feda1009	chrX	95155270	114380956	3	2	1
ac026569-058b-4457-833f-8021feda1009	chrX	114380976	114398655	2	1	1
ac026569-058b-4457-833f-8021feda1009	chrX	114401923	117403034	3	2	1
ac026569-058b-4457-833f-8021feda1009	chrX	117408203	117410827	6	4	2
ac026569-058b-4457-833f-8021feda1009	chrX	117413962	117435174	2	1	1
ac026569-058b-4457-833f-8021feda1009	chrX	117436158	156004181	3	2	1
ac026569-058b-4457-833f-8021feda1009	chrY	2782397	26653788	0	0	0
ac026569-058b-4457-833f-8021feda1009	chrY	56872112	56872112	2	2	0
7c1555c9-336c-474b-997a-5d6229e3469e	chr1	61735	6176837	1	1	0
7c1555c9-336c-474b-997a-5d6229e3469e	chr1	6183275	248930189	2	1	1
7c1555c9-336c-474b-997a-5d6229e3469e	chr2	12784	1637293	3	2	1
7c1555c9-336c-474b-997a-5d6229e3469e	chr2	1641680	1785632	1	1	0
7c1555c9-336c-474b-997a-5d6229e3469e	chr2	1786188	4142069	3	2	1
7c1555c9-336c-474b-997a-5d6229e3469e	chr2	4143308	4561108	1	1	0
7c1555c9-336c-474b-997a-5d6229e3469e	chr2	4561337	14669153	3	2	1
7c1555c9-336c-474b-997a-5d6229e3469e	chr2	14669710	15116171	1	1	0
7c1555c9-336c-474b-997a-5d6229e3469e	chr2	15117504	26529048	3	2	1
7c1555c9-336c-474b-997a-5d6229e3469e	chr2	26531477	26571439	1	1	0
7c1555c9-336c-474b-997a-5d6229e3469e	chr2	26574051	30681651	3	2	1
7c1555c9-336c-474b-997a-5d6229e3469e	chr2	30683070	36854700	2	1	1
7c1555c9-336c-474b-997a-5d6229e3469e	chr2	36855552	38284194	8	7	1
7c1555c9-336c-474b-997a-5d6229e3469e	chr2	38284239	49735647	7	6	1
7c1555c9-336c-474b-997a-5d6229e3469e	chr2	49735840	65792645	8	7	1
7c1555c9-336c-474b-997a-5d6229e3469e	chr2	65797794	242147305	2	1	1
7c1555c9-336c-474b-997a-5d6229e3469e	chr3	18667	49276794	2	1	1
7c1555c9-336c-474b-997a-5d6229e3469e	chr3	49279859	50090916	1	1	0
7c1555c9-336c-474b-997a-5d6229e3469e	chr3	50094545	198169247	2	1	1
7c1555c9-336c-474b-997a-5d6229e3469e	chr4	12281	190106768	2	1	1
7c1555c9-336c-474b-997a-5d6229e3469e	chr5	15532	13151745	2	1	1
7c1555c9-336c-474b-997a-5d6229e3469e	chr5	13157615	77881644	3	2	1
7c1555c9-336c-474b-997a-5d6229e3469e	chr5	77881705	79511683	4	3	1
7c1555c9-336c-474b-997a-5d6229e3469e	chr5	79512593	89187624	2	1	1
7c1555c9-336c-474b-997a-5d6229e3469e	chr5	89188628	91945549	3	2	1
7c1555c9-336c-474b-997a-5d6229e3469e	chr5	91950651	166911368	2	1	1
7c1555c9-336c-474b-997a-5d6229e3469e	chr5	166912050	181363319	3	2	1
7c1555c9-336c-474b-997a-5d6229e3469e	chr6	149661	13395904	3	2	1
7c1555c9-336c-474b-997a-5d6229e3469e	chr6	13396275	31328515	2	1	1
7c1555c9-336c-474b-997a-5d6229e3469e	chr6	31328674	32842666	1	1	0
7c1555c9-336c-474b-997a-5d6229e3469e	chr6	32845437	118780577	2	1	1
7c1555c9-336c-474b-997a-5d6229e3469e	chr6	118781663	137082276	1	1	0
7c1555c9-336c-474b-997a-5d6229e3469e	chr6	137082390	139089134	0	0	0
7c1555c9-336c-474b-997a-5d6229e3469e	chr6	139090262	170741917	1	1	0
7c1555c9-336c-474b-997a-5d6229e3469e	chr7	43259	44816183	2	2	0
7c1555c9-336c-474b-997a-5d6229e3469e	chr7	44822002	51766088	1	1	0
7c1555c9-336c-474b-997a-5d6229e3469e	chr7	51767580	51980153	6	5	1
7c1555c9-336c-474b-997a-5d6229e3469e	chr7	51983746	52922654	3	2	1
7c1555c9-336c-474b-997a-5d6229e3469e	chr7	52922705	159334314	2	1	1
7c1555c9-336c-474b-997a-5d6229e3469e	chr8	81254	58965249	2	2	0
7c1555c9-336c-474b-997a-5d6229e3469e	chr8	58965674	59135293	0	0	0
7c1555c9-336c-474b-997a-5d6229e3469e	chr8	59135735	145072769	2	2	0
7c1555c9-336c-474b-997a-5d6229e3469e	chr9	46587	5517206	3	2	1
7c1555c9-336c-474b-997a-5d6229e3469e	chr9	5520221	138200944	2	1	1
7c1555c9-336c-474b-997a-5d6229e3469e	chr10	26823	31159147	2	1	1
7c1555c9-336c-474b-997a-5d6229e3469e	chr10	31164807	31836875	1	1	0
7c1555c9-336c-474b-997a-5d6229e3469e	chr10	31837030	32449627	3	2	1
7c1555c9-336c-474b-997a-5d6229e3469e	chr10	32452414	50409045	2	1	1
7c1555c9-336c-474b-997a-5d6229e3469e	chr10	50410684	50614645	1	1	0
7c1555c9-336c-474b-997a-5d6229e3469e	chr10	50615171	133769379	2	1	1
7c1555c9-336c-474b-997a-5d6229e3469e	chr11	198572	11043858	3	3	0
7c1555c9-336c-474b-997a-5d6229e3469e	chr11	11044298	135074876	2	2	0
7c1555c9-336c-474b-997a-5d6229e3469e	chr12	51460	133201603	2	1	1
7c1555c9-336c-474b-997a-5d6229e3469e	chr13	18452809	114342922	2	1	1
7c1555c9-336c-474b-997a-5d6229e3469e	chr14	18225647	22066726	2	1	1
7c1555c9-336c-474b-997a-5d6229e3469e	chr14	22067807	22550878	1	1	0
7c1555c9-336c-474b-997a-5d6229e3469e	chr14	22551762	105691429	2	1	1
7c1555c9-336c-474b-997a-5d6229e3469e	chr14	105700900	106294285	0	0	0
7c1555c9-336c-474b-997a-5d6229e3469e	chr14	106294689	106877229	1	1	0
7c1555c9-336c-474b-997a-5d6229e3469e	chr15	19811075	41873530	2	1	1
7c1555c9-336c-474b-997a-5d6229e3469e	chr15	41873940	101928837	3	2	1
7c1555c9-336c-474b-997a-5d6229e3469e	chr16	10777	17095348	2	2	0
7c1555c9-336c-474b-997a-5d6229e3469e	chr16	17100006	81805179	3	2	1
7c1555c9-336c-474b-997a-5d6229e3469e	chr16	81806466	81909817	2	2	0
7c1555c9-336c-474b-997a-5d6229e3469e	chr16	81912866	90221127	3	2	1
7c1555c9-336c-474b-997a-5d6229e3469e	chr17	150733	83090856	2	1	1
7c1555c9-336c-474b-997a-5d6229e3469e	chr18	48133	71449164	2	1	1
7c1555c9-336c-474b-997a-5d6229e3469e	chr18	71449941	80257174	1	1	0
7c1555c9-336c-474b-997a-5d6229e3469e	chr19	90910	56145723	2	1	1
7c1555c9-336c-474b-997a-5d6229e3469e	chr19	56146019	58586487	3	2	1
7c1555c9-336c-474b-997a-5d6229e3469e	chr20	80664	64324800	2	1	1
7c1555c9-336c-474b-997a-5d6229e3469e	chr21	10336543	46677045	3	2	1
7c1555c9-336c-474b-997a-5d6229e3469e	chr22	15294545	50796027	2	1	1
7c1555c9-336c-474b-997a-5d6229e3469e	chrX	251810	153425752	2	2	0
7c1555c9-336c-474b-997a-5d6229e3469e	chrX	153433297	156004181	1	1	0
c7823372-b451-4159-9cb8-d4de8479bda8	chr1	61735	248930189	2	1	1
c7823372-b451-4159-9cb8-d4de8479bda8	chr2	12784	36809863	2	1	1
c7823372-b451-4159-9cb8-d4de8479bda8	chr2	36810410	37306032	1	1	0
c7823372-b451-4159-9cb8-d4de8479bda8	chr2	37306230	242147305	2	1	1
c7823372-b451-4159-9cb8-d4de8479bda8	chr3	18667	42549584	2	1	1
c7823372-b451-4159-9cb8-d4de8479bda8	chr3	42553623	54330966	1	1	0
c7823372-b451-4159-9cb8-d4de8479bda8	chr3	54332744	170090051	2	1	1
c7823372-b451-4159-9cb8-d4de8479bda8	chr3	170090326	198169247	2	2	0
c7823372-b451-4159-9cb8-d4de8479bda8	chr4	12281	190106768	2	1	1
c7823372-b451-4159-9cb8-d4de8479bda8	chr5	15532	181363319	2	1	1
c7823372-b451-4159-9cb8-d4de8479bda8	chr6	149661	34207832	2	2	0
c7823372-b451-4159-9cb8-d4de8479bda8	chr6	34208807	96021493	2	1	1
c7823372-b451-4159-9cb8-d4de8479bda8	chr6	96025495	139044986	1	1	0
c7823372-b451-4159-9cb8-d4de8479bda8	chr6	139048079	142374482	2	1	1
c7823372-b451-4159-9cb8-d4de8479bda8	chr6	142380144	148958052	1	1	0
c7823372-b451-4159-9cb8-d4de8479bda8	chr6	148961388	149173773	2	2	0
c7823372-b451-4159-9cb8-d4de8479bda8	chr6	149174344	150835191	1	1	0
c7823372-b451-4159-9cb8-d4de8479bda8	chr6	150837310	170335481	2	1	1
c7823372-b451-4159-9cb8-d4de8479bda8	chr6	170342284	170741917	1	1	0
c7823372-b451-4159-9cb8-d4de8479bda8	chr7	43259	159334314	2	1	1
c7823372-b451-4159-9cb8-d4de8479bda8	chr8	81254	145072769	2	1	1
c7823372-b451-4159-9cb8-d4de8479bda8	chr9	46587	138200944	2	1	1
c7823372-b451-4159-9cb8-d4de8479bda8	chr10	26823	5608230	1	1	0
c7823372-b451-4159-9cb8-d4de8479bda8	chr10	5609615	63661498	2	1	1
c7823372-b451-4159-9cb8-d4de8479bda8	chr10	63669438	121828217	3	2	1
c7823372-b451-4159-9cb8-d4de8479bda8	chr10	121828485	122464571	4	3	1
c7823372-b451-4159-9cb8-d4de8479bda8	chr10	122464908	133769379	3	2	1
c7823372-b451-4159-9cb8-d4de8479bda8	chr11	198572	135074876	2	1	1
c7823372-b451-4159-9cb8-d4de8479bda8	chr12	51460	23233320	2	1	1
c7823372-b451-4159-9cb8-d4de8479bda8	chr12	23235706	24613769	4	3	1
c7823372-b451-4159-9cb8-d4de8479bda8	chr12	24615467	89593388	3	2	1
c7823372-b451-4159-9cb8-d4de8479bda8	chr12	89598412	89856013	5	4	1
c7823372-b451-4159-9cb8-d4de8479bda8	chr12	89857754	114393132	3	2	1
c7823372-b451-4159-9cb8-d4de8479bda8	chr12	114399130	114760387	2	1	1
c7823372-b451-4159-9cb8-d4de8479bda8	chr12	114760587	133201603	3	2	1
c7823372-b451-4159-9cb8-d4de8479bda8	chr13	18452809	114342922	2	1	1
c7823372-b451-4159-9cb8-d4de8479bda8	chr14	18225647	106877229	2	1	1
c7823372-b451-4159-9cb8-d4de8479bda8	chr15	19811075	44225151	2	1	1
c7823372-b451-4159-9cb8-d4de8479bda8	chr15	44227716	101928837	2	2	0
c7823372-b451-4159-9cb8-d4de8479bda8	chr16	10777	90221127	2	1	1
c7823372-b451-4159-9cb8-d4de8479bda8	chr17	150733	83090856	2	1	1
c7823372-b451-4159-9cb8-d4de8479bda8	chr18	48133	80257174	3	2	1
c7823372-b451-4159-9cb8-d4de8479bda8	chr19	90910	38831935	2	1	1
c7823372-b451-4159-9cb8-d4de8479bda8	chr19	38832397	58586487	3	2	1
c7823372-b451-4159-9cb8-d4de8479bda8	chr20	80664	64324800	2	1	1
c7823372-b451-4159-9cb8-d4de8479bda8	chr21	10336543	46677045	2	1	1
c7823372-b451-4159-9cb8-d4de8479bda8	chr22	15294545	50796027	2	1	1
c7823372-b451-4159-9cb8-d4de8479bda8	chrX	251810	2785350	2	1	1
c7823372-b451-4159-9cb8-d4de8479bda8	chrX	2785592	155677414	1	1	0
c7823372-b451-4159-9cb8-d4de8479bda8	chrX	155679498	156004181	2	1	1
9755c987-1430-4961-b0c9-2fdb58d778ea	chr1	62920	76851875	4	2	2
9755c987-1430-4961-b0c9-2fdb58d778ea	chr1	76852034	76859416	1	1	0
9755c987-1430-4961-b0c9-2fdb58d778ea	chr1	76859715	80542461	4	2	2
9755c987-1430-4961-b0c9-2fdb58d778ea	chr1	80547086	80567431	9	5	4
9755c987-1430-4961-b0c9-2fdb58d778ea	chr1	80569458	82643311	4	2	2
9755c987-1430-4961-b0c9-2fdb58d778ea	chr1	82643376	82751256	1	1	0
9755c987-1430-4961-b0c9-2fdb58d778ea	chr1	82751683	121705338	4	2	2
9755c987-1430-4961-b0c9-2fdb58d778ea	chr1	143541857	152583051	3	2	1
9755c987-1430-4961-b0c9-2fdb58d778ea	chr1	152583230	152613762	0	0	0
9755c987-1430-4961-b0c9-2fdb58d778ea	chr1	152613802	248930189	4	2	2
9755c987-1430-4961-b0c9-2fdb58d778ea	chr2	12784	26581275	3	2	1
9755c987-1430-4961-b0c9-2fdb58d778ea	chr2	26581379	30318122	5	3	2
9755c987-1430-4961-b0c9-2fdb58d778ea	chr2	30318838	34894302	3	2	1
9755c987-1430-4961-b0c9-2fdb58d778ea	chr2	34894402	60507406	5	3	2
9755c987-1430-4961-b0c9-2fdb58d778ea	chr2	60510025	62527247	14	12	2
9755c987-1430-4961-b0c9-2fdb58d778ea	chr2	62530324	63246308	10	8	2
9755c987-1430-4961-b0c9-2fdb58d778ea	chr2	63247165	63334931	4	3	1
9755c987-1430-4961-b0c9-2fdb58d778ea	chr2	63335011	146106861	4	2	2
9755c987-1430-4961-b0c9-2fdb58d778ea	chr2	146106875	146109366	0	0	0
9755c987-1430-4961-b0c9-2fdb58d778ea	chr2	146120238	214018930	4	2	2
9755c987-1430-4961-b0c9-2fdb58d778ea	chr2	214020081	242147305	5	3	2
9755c987-1430-4961-b0c9-2fdb58d778ea	chr3	20930	60299165	5	3	2
9755c987-1430-4961-b0c9-2fdb58d778ea	chr3	60300657	60304285	3	3	0
9755c987-1430-4961-b0c9-2fdb58d778ea	chr3	60306327	60323811	4	3	1
9755c987-1430-4961-b0c9-2fdb58d778ea	chr3	60324212	60933722	2	2	0
9755c987-1430-4961-b0c9-2fdb58d778ea	chr3	60934346	87435447	5	3	2
9755c987-1430-4961-b0c9-2fdb58d778ea	chr3	87436179	87481414	9	6	3
9755c987-1430-4961-b0c9-2fdb58d778ea	chr3	87482878	169520992	5	3	2
9755c987-1430-4961-b0c9-2fdb58d778ea	chr3	169521777	171585121	4	2	2
9755c987-1430-4961-b0c9-2fdb58d778ea	chr3	171585861	191484023	5	3	2
9755c987-1430-4961-b0c9-2fdb58d778ea	chr3	191484683	191505875	1	1	0
9755c987-1430-4961-b0c9-2fdb58d778ea	chr3	191505957	193579146	4	3	1
9755c987-1430-4961-b0c9-2fdb58d778ea	chr3	193581536	198169247	4	2	2
9755c987-1430-4961-b0c9-2fdb58d778ea	chr4	68929	119319983	4	2	2
9755c987-1430-4961-b0c9-2fdb58d778ea	chr4	119320069	119337052	2	1	1
9755c987-1430-4961-b0c9-2fdb58d778ea	chr4	119339630	151301051	4	2	2
9755c987-1430-4961-b0c9-2fdb58d778ea	chr4	151302054	153745747	1	1	0
9755c987-1430-4961-b0c9-2fdb58d778ea	chr4	153746435	154163215	6	4	2
9755c987-1430-4961-b0c9-2fdb58d778ea	chr4	154163400	169889118	4	2	2
9755c987-1430-4961-b0c9-2fdb58d778ea	chr4	169890646	170616750	9	7	2
9755c987-1430-4961-b0c9-2fdb58d778ea	chr4	170617049	170779437	6	4	2
9755c987-1430-4961-b0c9-2fdb58d778ea	chr4	170779467	171568744	2	2	0
9755c987-1430-4961-b0c9-2fdb58d778ea	chr4	171569002	190106768	4	2	2
9755c987-1430-4961-b0c9-2fdb58d778ea	chr5	15532	35446119	4	2	2
9755c987-1430-4961-b0c9-2fdb58d778ea	chr5	35446426	36388015	2	2	0
9755c987-1430-4961-b0c9-2fdb58d778ea	chr5	36389025	38366428	6	4	2
9755c987-1430-4961-b0c9-2fdb58d778ea	chr5	38367793	39219437	21	19	2
9755c987-1430-4961-b0c9-2fdb58d778ea	chr5	39219953	39646428	8	6	2
9755c987-1430-4961-b0c9-2fdb58d778ea	chr5	39647429	40698039	10	8	2
9755c987-1430-4961-b0c9-2fdb58d778ea	chr5	40698424	181116046	4	2	2
9755c987-1430-4961-b0c9-2fdb58d778ea	chr5	181116318	181363319	3	2	1
9755c987-1430-4961-b0c9-2fdb58d778ea	chr6	149661	26670022	6	3	3
9755c987-1430-4961-b0c9-2fdb58d778ea	chr6	26671100	28327262	6	4	2
9755c987-1430-4961-b0c9-2fdb58d778ea	chr6	28328873	30119999	5	3	2
9755c987-1430-4961-b0c9-2fdb58d778ea	chr6	30124930	30515216	4	2	2
9755c987-1430-4961-b0c9-2fdb58d778ea	chr6	30544386	66611116	6	3	3
9755c987-1430-4961-b0c9-2fdb58d778ea	chr6	66616171	67057968	4	3	1
9755c987-1430-4961-b0c9-2fdb58d778ea	chr6	67058164	67336794	3	3	0
9755c987-1430-4961-b0c9-2fdb58d778ea	chr6	67346717	70199631	6	3	3
9755c987-1430-4961-b0c9-2fdb58d778ea	chr6	70201149	70298787	6	5	1
9755c987-1430-4961-b0c9-2fdb58d778ea	chr6	70300128	71893072	2	2	0
9755c987-1430-4961-b0c9-2fdb58d778ea	chr6	71893824	71931837	7	4	3
9755c987-1430-4961-b0c9-2fdb58d778ea	chr6	71932672	72043003	2	2	0
9755c987-1430-4961-b0c9-2fdb58d778ea	chr6	72053636	78608974	6	3	3
9755c987-1430-4961-b0c9-2fdb58d778ea	chr6	78615156	83188450	2	2	0
9755c987-1430-4961-b0c9-2fdb58d778ea	chr6	83188699	83520934	6	3	3
9755c987-1430-4961-b0c9-2fdb58d778ea	chr6	83524112	88999845	3	3	0
9755c987-1430-4961-b0c9-2fdb58d778ea	chr6	88999970	89360409	6	3	3
9755c987-1430-4961-b0c9-2fdb58d778ea	chr6	89361076	89404409	2	2	0
9755c987-1430-4961-b0c9-2fdb58d778ea	chr6	89404422	90818469	6	3	3
9755c987-1430-4961-b0c9-2fdb58d778ea	chr6	90820481	155708241	3	3	0
9755c987-1430-4961-b0c9-2fdb58d778ea	chr6	155708510	165066106	6	3	3
9755c987-1430-4961-b0c9-2fdb58d778ea	chr6	165066374	166452575	2	2	0
9755c987-1430-4961-b0c9-2fdb58d778ea	chr6	166456349	167088034	5	3	2
9755c987-1430-4961-b0c9-2fdb58d778ea	chr6	167088050	167308057	7	4	3
9755c987-1430-4961-b0c9-2fdb58d778ea	chr6	167310366	170135483	5	3	2
9755c987-1430-4961-b0c9-2fdb58d778ea	chr6	170138127	170741917	3	3	0
9755c987-1430-4961-b0c9-2fdb58d778ea	chr7	43259	1544037	8	6	2
9755c987-1430-4961-b0c9-2fdb58d778ea	chr7	1552361	4874727	9	6	3
9755c987-1430-4961-b0c9-2fdb58d778ea	chr7	4879646	7018199	6	3	3
9755c987-1430-4961-b0c9-2fdb58d778ea	chr7	7018691	8444926	4	2	2
9755c987-1430-4961-b0c9-2fdb58d778ea	chr7	8445022	8533927	8	4	4
9755c987-1430-4961-b0c9-2fdb58d778ea	chr7	8535838	20157942	5	3	2
9755c987-1430-4961-b0c9-2fdb58d778ea	chr7	20158817	21490486	7	4	3
9755c987-1430-4961-b0c9-2fdb58d778ea	chr7	21496158	21861306	4	2	2
9755c987-1430-4961-b0c9-2fdb58d778ea	chr7	21861420	24128700	7	4	3
9755c987-1430-4961-b0c9-2fdb58d778ea	chr7	24129299	154889200	5	3	2
9755c987-1430-4961-b0c9-2fdb58d778ea	chr7	154889340	154895247	9	5	4
9755c987-1430-4961-b0c9-2fdb58d778ea	chr7	154898158	159334314	4	2	2
9755c987-1430-4961-b0c9-2fdb58d778ea	chr8	81254	81550089	4	2	2
9755c987-1430-4961-b0c9-2fdb58d778ea	chr8	81551379	82778718	4	3	1
9755c987-1430-4961-b0c9-2fdb58d778ea	chr8	82778844	145072769	4	2	2
9755c987-1430-4961-b0c9-2fdb58d778ea	chr9	46587	32439497	4	2	2
9755c987-1430-4961-b0c9-2fdb58d778ea	chr9	32439797	41741113	3	2	1
9755c987-1430-4961-b0c9-2fdb58d778ea	chr9	60863881	138200944	4	2	2
9755c987-1430-4961-b0c9-2fdb58d778ea	chr10	45792	5575587	7	5	2
9755c987-1430-4961-b0c9-2fdb58d778ea	chr10	5577903	21078808	5	3	2
9755c987-1430-4961-b0c9-2fdb58d778ea	chr10	21079143	21127612	8	4	4
9755c987-1430-4961-b0c9-2fdb58d778ea	chr10	21128677	83858790	5	3	2
9755c987-1430-4961-b0c9-2fdb58d778ea	chr10	83862356	83873173	1	1	0
9755c987-1430-4961-b0c9-2fdb58d778ea	chr10	83873402	91917612	5	3	2
9755c987-1430-4961-b0c9-2fdb58d778ea	chr10	91922596	93246900	5	4	1
9755c987-1430-4961-b0c9-2fdb58d778ea	chr10	93247199	133654968	5	3	2
9755c987-1430-4961-b0c9-2fdb58d778ea	chr11	198510	26652486	5	3	2
9755c987-1430-4961-b0c9-2fdb58d778ea	chr11	26652636	26653681	11	7	4
9755c987-1430-4961-b0c9-2fdb58d778ea	chr11	26656163	42681402	5	3	2
9755c987-1430-4961-b0c9-2fdb58d778ea	chr11	42682653	42714332	1	1	0
9755c987-1430-4961-b0c9-2fdb58d778ea	chr11	42716758	135074876	5	3	2
9755c987-1430-4961-b0c9-2fdb58d778ea	chr12	51460	31871322	4	2	2
9755c987-1430-4961-b0c9-2fdb58d778ea	chr12	31871710	32965221	5	3	2
9755c987-1430-4961-b0c9-2fdb58d778ea	chr12	32969127	99065304	4	2	2
9755c987-1430-4961-b0c9-2fdb58d778ea	chr12	99067137	99493352	2	2	0
9755c987-1430-4961-b0c9-2fdb58d778ea	chr12	99493896	120547612	4	2	2
9755c987-1430-4961-b0c9-2fdb58d778ea	chr12	120548270	122962779	2	2	0
9755c987-1430-4961-b0c9-2fdb58d778ea	chr12	122963381	133201603	4	2	2
9755c987-1430-4961-b0c9-2fdb58d778ea	chr13	18452809	114342922	4	2	2
9755c987-1430-4961-b0c9-2fdb58d778ea	chr14	18239283	22632004	3	2	1
9755c987-1430-4961-b0c9-2fdb58d778ea	chr14	22633534	22647708	6	3	3
9755c987-1430-4961-b0c9-2fdb58d778ea	chr14	22651327	25402477	3	2	1
9755c987-1430-4961-b0c9-2fdb58d778ea	chr14	25409430	43958502	4	2	2
9755c987-1430-4961-b0c9-2fdb58d778ea	chr14	43958550	46986755	4	3	1
9755c987-1430-4961-b0c9-2fdb58d778ea	chr14	46986895	90674424	4	2	2
9755c987-1430-4961-b0c9-2fdb58d778ea	chr14	90679694	96280052	6	4	2
9755c987-1430-4961-b0c9-2fdb58d778ea	chr14	96281619	100321227	2	2	0
9755c987-1430-4961-b0c9-2fdb58d778ea	chr14	100322640	101399144	23	21	2
9755c987-1430-4961-b0c9-2fdb58d778ea	chr14	101405850	101609149	6	4	2
9755c987-1430-4961-b0c9-2fdb58d778ea	chr14	101614672	101624607	9	7	2
9755c987-1430-4961-b0c9-2fdb58d778ea	chr14	101630786	105758187	1	1	0
9755c987-1430-4961-b0c9-2fdb58d778ea	chr14	105779965	106266163	5	5	0
9755c987-1430-4961-b0c9-2fdb58d778ea	chr14	106266761	106808831	2	2	0
9755c987-1430-4961-b0c9-2fdb58d778ea	chr14	106809421	106877229	4	2	2
9755c987-1430-4961-b0c9-2fdb58d778ea	chr15	19811075	45283584	5	3	2
9755c987-1430-4961-b0c9-2fdb58d778ea	chr15	45285585	53976665	6	3	3
9755c987-1430-4961-b0c9-2fdb58d778ea	chr15	53977914	54300800	7	4	3
9755c987-1430-4961-b0c9-2fdb58d778ea	chr15	54302831	57495794	6	3	3
9755c987-1430-4961-b0c9-2fdb58d778ea	chr15	57496189	57587971	7	4	3
9755c987-1430-4961-b0c9-2fdb58d778ea	chr15	57588320	101928837	6	3	3
9755c987-1430-4961-b0c9-2fdb58d778ea	chr16	10777	22333146	4	3	1
9755c987-1430-4961-b0c9-2fdb58d778ea	chr16	22333870	23878387	7	4	3
9755c987-1430-4961-b0c9-2fdb58d778ea	chr16	23879414	24016909	10	8	2
9755c987-1430-4961-b0c9-2fdb58d778ea	chr16	24016916	90096867	4	2	2
9755c987-1430-4961-b0c9-2fdb58d778ea	chr17	150733	27139741	3	3	0
9755c987-1430-4961-b0c9-2fdb58d778ea	chr17	27139975	33330590	5	3	2
9755c987-1430-4961-b0c9-2fdb58d778ea	chr17	33330657	33349473	10	5	5
9755c987-1430-4961-b0c9-2fdb58d778ea	chr17	33350044	83091923	5	3	2
9755c987-1430-4961-b0c9-2fdb58d778ea	chr18	48133	50790789	7	5	2
9755c987-1430-4961-b0c9-2fdb58d778ea	chr18	50791201	50823928	10	7	3
9755c987-1430-4961-b0c9-2fdb58d778ea	chr18	50823946	72759620	7	5	2
9755c987-1430-4961-b0c9-2fdb58d778ea	chr18	72761318	72763217	10	7	3
9755c987-1430-4961-b0c9-2fdb58d778ea	chr18	72763308	80257174	7	5	2
9755c987-1430-4961-b0c9-2fdb58d778ea	chr19	90910	366725	2	1	1
9755c987-1430-4961-b0c9-2fdb58d778ea	chr19	366804	6901183	4	2	2
9755c987-1430-4961-b0c9-2fdb58d778ea	chr19	6901231	6943527	2	1	1
9755c987-1430-4961-b0c9-2fdb58d778ea	chr19	6950049	24191409	4	2	2
9755c987-1430-4961-b0c9-2fdb58d778ea	chr19	24191617	29307711	9	7	2
9755c987-1430-4961-b0c9-2fdb58d778ea	chr19	29308806	29341508	13	11	2
9755c987-1430-4961-b0c9-2fdb58d778ea	chr19	29341848	30096676	9	7	2
9755c987-1430-4961-b0c9-2fdb58d778ea	chr19	30096689	30565546	6	4	2
9755c987-1430-4961-b0c9-2fdb58d778ea	chr19	30566418	35065377	10	8	2
9755c987-1430-4961-b0c9-2fdb58d778ea	chr19	35066536	36130741	7	6	1
9755c987-1430-4961-b0c9-2fdb58d778ea	chr19	36132064	37263204	13	11	2
9755c987-1430-4961-b0c9-2fdb58d778ea	chr19	37263518	44704675	3	2	1
9755c987-1430-4961-b0c9-2fdb58d778ea	chr19	44704818	45716821	2	1	1
9755c987-1430-4961-b0c9-2fdb58d778ea	chr19	45725512	46011539	10	8	2
9755c987-1430-4961-b0c9-2fdb58d778ea	chr19	46011737	46785443	22	21	1
9755c987-1430-4961-b0c9-2fdb58d778ea	chr19	46789526	47180881	15	13	2
9755c987-1430-4961-b0c9-2fdb58d778ea	chr19	47185129	48580799	3	2	1
9755c987-1430-4961-b0c9-2fdb58d778ea	chr19	48580939	51628560	4	2	2
9755c987-1430-4961-b0c9-2fdb58d778ea	chr19	51639099	51644944	0	0	0
9755c987-1430-4961-b0c9-2fdb58d778ea	chr19	51651652	52293989	4	2	2
9755c987-1430-4961-b0c9-2fdb58d778ea	chr19	52295615	55223852	3	2	1
9755c987-1430-4961-b0c9-2fdb58d778ea	chr19	55226813	56537829	13	11	2
9755c987-1430-4961-b0c9-2fdb58d778ea	chr19	56539918	58586487	3	2	1
9755c987-1430-4961-b0c9-2fdb58d778ea	chr20	80664	64244821	5	3	2
9755c987-1430-4961-b0c9-2fdb58d778ea	chr20	64245166	64324800	2	1	1
9755c987-1430-4961-b0c9-2fdb58d778ea	chr21	12973348	46677045	5	3	2
9755c987-1430-4961-b0c9-2fdb58d778ea	chr22	16392123	50796027	3	2	1
9755c987-1430-4961-b0c9-2fdb58d778ea	chrX	251810	35640420	3	3	0
9755c987-1430-4961-b0c9-2fdb58d778ea	chrX	35641321	35660274	6	5	1
9755c987-1430-4961-b0c9-2fdb58d778ea	chrX	35660622	95141136	3	3	0
9755c987-1430-4961-b0c9-2fdb58d778ea	chrX	95141397	95142210	9	7	2
9755c987-1430-4961-b0c9-2fdb58d778ea	chrX	95143133	156004181	3	3	0
9755c987-1430-4961-b0c9-2fdb58d778ea	chrY	2782397	26653788	0	0	0
9755c987-1430-4961-b0c9-2fdb58d778ea	chrY	56872112	56872112	5	5	0
02841f4a-92df-47d3-bb8e-1b521b3d06ee	chr1	61735	1809802	4	2	2
02841f4a-92df-47d3-bb8e-1b521b3d06ee	chr1	1810970	11033887	2	2	0
02841f4a-92df-47d3-bb8e-1b521b3d06ee	chr1	11034982	248930189	4	2	2
02841f4a-92df-47d3-bb8e-1b521b3d06ee	chr2	12784	60511092	4	2	2
02841f4a-92df-47d3-bb8e-1b521b3d06ee	chr2	60511926	60839481	2	2	0
02841f4a-92df-47d3-bb8e-1b521b3d06ee	chr2	60840862	242147305	4	2	2
02841f4a-92df-47d3-bb8e-1b521b3d06ee	chr3	18667	71151006	4	4	0
02841f4a-92df-47d3-bb8e-1b521b3d06ee	chr3	71151338	187900419	6	3	3
02841f4a-92df-47d3-bb8e-1b521b3d06ee	chr3	187904019	188815021	4	2	2
02841f4a-92df-47d3-bb8e-1b521b3d06ee	chr3	188821529	198169247	6	3	3
02841f4a-92df-47d3-bb8e-1b521b3d06ee	chr4	12281	190106768	4	2	2
02841f4a-92df-47d3-bb8e-1b521b3d06ee	chr5	15532	105241870	4	2	2
02841f4a-92df-47d3-bb8e-1b521b3d06ee	chr5	105245290	132800935	2	2	0
02841f4a-92df-47d3-bb8e-1b521b3d06ee	chr5	132817812	181363319	4	2	2
02841f4a-92df-47d3-bb8e-1b521b3d06ee	chr6	149661	170741917	4	2	2
02841f4a-92df-47d3-bb8e-1b521b3d06ee	chr7	43259	159334314	6	3	3
02841f4a-92df-47d3-bb8e-1b521b3d06ee	chr8	81254	145072769	4	2	2
02841f4a-92df-47d3-bb8e-1b521b3d06ee	chr9	46587	37125914	4	4	0
02841f4a-92df-47d3-bb8e-1b521b3d06ee	chr9	37132118	138200944	4	2	2
02841f4a-92df-47d3-bb8e-1b521b3d06ee	chr10	26823	133769379	4	2	2
02841f4a-92df-47d3-bb8e-1b521b3d06ee	chr11	198572	135074876	4	2	2
02841f4a-92df-47d3-bb8e-1b521b3d06ee	chr12	51460	133201603	4	2	2
02841f4a-92df-47d3-bb8e-1b521b3d06ee	chr13	18452809	114342922	4	2	2
02841f4a-92df-47d3-bb8e-1b521b3d06ee	chr14	18225647	21942429	4	2	2
02841f4a-92df-47d3-bb8e-1b521b3d06ee	chr14	21942460	22531112	1	1	0
02841f4a-92df-47d3-bb8e-1b521b3d06ee	chr14	22533736	106877229	4	2	2
02841f4a-92df-47d3-bb8e-1b521b3d06ee	chr15	19811075	101928837	4	2	2
02841f4a-92df-47d3-bb8e-1b521b3d06ee	chr16	10777	90221127	4	2	2
02841f4a-92df-47d3-bb8e-1b521b3d06ee	chr17	150733	83090856	4	2	2
02841f4a-92df-47d3-bb8e-1b521b3d06ee	chr18	48133	12133229	2	2	0
02841f4a-92df-47d3-bb8e-1b521b3d06ee	chr18	12134154	12782832	12	10	2
02841f4a-92df-47d3-bb8e-1b521b3d06ee	chr18	12783348	14113929	20	18	2
02841f4a-92df-47d3-bb8e-1b521b3d06ee	chr18	14115122	15402409	13	11	2
02841f4a-92df-47d3-bb8e-1b521b3d06ee	chr18	20949392	24572272	14	12	2
02841f4a-92df-47d3-bb8e-1b521b3d06ee	chr18	24572281	64563461	16	14	2
02841f4a-92df-47d3-bb8e-1b521b3d06ee	chr18	64569414	73831713	17	15	2
02841f4a-92df-47d3-bb8e-1b521b3d06ee	chr18	73834433	80257174	16	14	2
02841f4a-92df-47d3-bb8e-1b521b3d06ee	chr19	90910	38715648	4	2	2
02841f4a-92df-47d3-bb8e-1b521b3d06ee	chr19	38725953	58586487	6	4	2
02841f4a-92df-47d3-bb8e-1b521b3d06ee	chr20	80664	64324800	4	2	2
02841f4a-92df-47d3-bb8e-1b521b3d06ee	chr21	10336543	46677045	4	2	2
02841f4a-92df-47d3-bb8e-1b521b3d06ee	chr22	15294545	21903264	4	2	2
02841f4a-92df-47d3-bb8e-1b521b3d06ee	chr22	21903314	50796027	4	4	0
02841f4a-92df-47d3-bb8e-1b521b3d06ee	chrX	251810	156004181	2	2	0
d02f91e7-afde-45b3-bb4e-62bbff8be6e0	chr1	62920	25256850	2	1	1
d02f91e7-afde-45b3-bb4e-62bbff8be6e0	chr1	25266637	25320455	1	1	0
d02f91e7-afde-45b3-bb4e-62bbff8be6e0	chr1	25336819	65332178	2	1	1
d02f91e7-afde-45b3-bb4e-62bbff8be6e0	chr1	65333230	65352934	3	2	1
d02f91e7-afde-45b3-bb4e-62bbff8be6e0	chr1	65353026	195468153	2	1	1
d02f91e7-afde-45b3-bb4e-62bbff8be6e0	chr1	195468906	195507821	3	2	1
d02f91e7-afde-45b3-bb4e-62bbff8be6e0	chr1	195508421	212867587	2	1	1
d02f91e7-afde-45b3-bb4e-62bbff8be6e0	chr1	212867683	212923875	1	1	0
d02f91e7-afde-45b3-bb4e-62bbff8be6e0	chr1	212924587	220308220	2	1	1
d02f91e7-afde-45b3-bb4e-62bbff8be6e0	chr1	220308575	220327616	3	2	1
d02f91e7-afde-45b3-bb4e-62bbff8be6e0	chr1	220327675	248930189	2	1	1
d02f91e7-afde-45b3-bb4e-62bbff8be6e0	chr2	12784	34228228	2	1	1
d02f91e7-afde-45b3-bb4e-62bbff8be6e0	chr2	34228655	34235474	4	2	2
d02f91e7-afde-45b3-bb4e-62bbff8be6e0	chr2	34236339	105543169	2	1	1
d02f91e7-afde-45b3-bb4e-62bbff8be6e0	chr2	105543877	105555544	3	2	1
d02f91e7-afde-45b3-bb4e-62bbff8be6e0	chr2	105555991	242147305	2	1	1
d02f91e7-afde-45b3-bb4e-62bbff8be6e0	chr3	20930	198169247	2	1	1
d02f91e7-afde-45b3-bb4e-62bbff8be6e0	chr4	68929	190106768	2	1	1
d02f91e7-afde-45b3-bb4e-62bbff8be6e0	chr5	15532	181363319	2	1	1
d02f91e7-afde-45b3-bb4e-62bbff8be6e0	chr6	149661	23789469	2	1	1
d02f91e7-afde-45b3-bb4e-62bbff8be6e0	chr6	23789887	23795467	1	1	0
d02f91e7-afde-45b3-bb4e-62bbff8be6e0	chr6	23795950	128706712	2	1	1
d02f91e7-afde-45b3-bb4e-62bbff8be6e0	chr6	128706879	128710566	1	1	0
d02f91e7-afde-45b3-bb4e-62bbff8be6e0	chr6	128710955	170741917	2	1	1
d02f91e7-afde-45b3-bb4e-62bbff8be6e0	chr7	43259	38251113	2	1	1
d02f91e7-afde-45b3-bb4e-62bbff8be6e0	chr7	38254500	38318626	1	1	0
d02f91e7-afde-45b3-bb4e-62bbff8be6e0	chr7	38318811	159334314	2	1	1
d02f91e7-afde-45b3-bb4e-62bbff8be6e0	chr8	81254	15905861	2	1	1
d02f91e7-afde-45b3-bb4e-62bbff8be6e0	chr8	15908892	15951914	3	2	1
d02f91e7-afde-45b3-bb4e-62bbff8be6e0	chr8	15952312	145072769	2	1	1
d02f91e7-afde-45b3-bb4e-62bbff8be6e0	chr9	46587	3125664	2	1	1
d02f91e7-afde-45b3-bb4e-62bbff8be6e0	chr9	3125843	3135193	1	1	0
d02f91e7-afde-45b3-bb4e-62bbff8be6e0	chr9	3137759	83290847	2	1	1
d02f91e7-afde-45b3-bb4e-62bbff8be6e0	chr9	83290871	83293307	1	1	0
d02f91e7-afde-45b3-bb4e-62bbff8be6e0	chr9	83293553	103697870	2	1	1
d02f91e7-afde-45b3-bb4e-62bbff8be6e0	chr9	103698384	103706059	4	3	1
d02f91e7-afde-45b3-bb4e-62bbff8be6e0	chr9	103706667	138200944	2	1	1
d02f91e7-afde-45b3-bb4e-62bbff8be6e0	chr10	45792	45998155	2	1	1
d02f91e7-afde-45b3-bb4e-62bbff8be6e0	chr10	46169953	46514459	4	2	2
d02f91e7-afde-45b3-bb4e-62bbff8be6e0	chr10	46522514	49091975	2	1	1
d02f91e7-afde-45b3-bb4e-62bbff8be6e0	chr10	49092134	49099416	1	1	0
d02f91e7-afde-45b3-bb4e-62bbff8be6e0	chr10	49100446	133654968	2	1	1
d02f91e7-afde-45b3-bb4e-62bbff8be6e0	chr11	198510	135074876	2	1	1
d02f91e7-afde-45b3-bb4e-62bbff8be6e0	chr12	51460	133201603	2	1	1
d02f91e7-afde-45b3-bb4e-62bbff8be6e0	chr13	18452809	109560521	2	1	1
d02f91e7-afde-45b3-bb4e-62bbff8be6e0	chr13	109560629	109581704	3	2	1
d02f91e7-afde-45b3-bb4e-62bbff8be6e0	chr13	109582360	114342922	2	1	1
d02f91e7-afde-45b3-bb4e-62bbff8be6e0	chr14	18239283	21748208	2	1	1
d02f91e7-afde-45b3-bb4e-62bbff8be6e0	chr14	21750823	22010722	1	1	0
d02f91e7-afde-45b3-bb4e-62bbff8be6e0	chr14	22011358	22471267	0	0	0
d02f91e7-afde-45b3-bb4e-62bbff8be6e0	chr14	22472398	22530666	1	1	0
d02f91e7-afde-45b3-bb4e-62bbff8be6e0	chr14	22530968	99555861	2	1	1
d02f91e7-afde-45b3-bb4e-62bbff8be6e0	chr14	99556011	99560380	1	1	0
d02f91e7-afde-45b3-bb4e-62bbff8be6e0	chr14	99561643	105758187	2	1	1
d02f91e7-afde-45b3-bb4e-62bbff8be6e0	chr14	105779965	106320716	4	4	0
d02f91e7-afde-45b3-bb4e-62bbff8be6e0	chr14	106321086	106877229	2	1	1
d02f91e7-afde-45b3-bb4e-62bbff8be6e0	chr15	19811075	87551799	2	1	1
d02f91e7-afde-45b3-bb4e-62bbff8be6e0	chr15	87553553	87614733	3	2	1
d02f91e7-afde-45b3-bb4e-62bbff8be6e0	chr15	87615124	101928837	2	1	1
d02f91e7-afde-45b3-bb4e-62bbff8be6e0	chr16	10777	90096867	2	1	1
d02f91e7-afde-45b3-bb4e-62bbff8be6e0	chr17	150733	83091923	2	1	1
d02f91e7-afde-45b3-bb4e-62bbff8be6e0	chr18	48133	4971660	2	1	1
d02f91e7-afde-45b3-bb4e-62bbff8be6e0	chr18	4973590	4985483	1	1	0
d02f91e7-afde-45b3-bb4e-62bbff8be6e0	chr18	4987699	80257174	2	1	1
d02f91e7-afde-45b3-bb4e-62bbff8be6e0	chr19	90910	29576946	2	1	1
d02f91e7-afde-45b3-bb4e-62bbff8be6e0	chr19	29577270	29599620	1	1	0
d02f91e7-afde-45b3-bb4e-62bbff8be6e0	chr19	29599742	58586487	2	1	1
d02f91e7-afde-45b3-bb4e-62bbff8be6e0	chr20	80664	64324800	2	1	1
d02f91e7-afde-45b3-bb4e-62bbff8be6e0	chr21	12973348	46677045	2	1	1
d02f91e7-afde-45b3-bb4e-62bbff8be6e0	chr22	16392123	50796027	2	1	1
d02f91e7-afde-45b3-bb4e-62bbff8be6e0	chrX	251810	1401237	2	1	1
d02f91e7-afde-45b3-bb4e-62bbff8be6e0	chrX	1420810	1479705	1	1	0
d02f91e7-afde-45b3-bb4e-62bbff8be6e0	chrX	1480942	2408681	2	1	1
d02f91e7-afde-45b3-bb4e-62bbff8be6e0	chrX	2408741	2446094	1	1	0
d02f91e7-afde-45b3-bb4e-62bbff8be6e0	chrX	2450101	2727325	2	1	1
d02f91e7-afde-45b3-bb4e-62bbff8be6e0	chrX	2735511	2748343	3	2	1
d02f91e7-afde-45b3-bb4e-62bbff8be6e0	chrX	2759819	156004181	1	1	0
d02f91e7-afde-45b3-bb4e-62bbff8be6e0	chrY	2782397	26653788	2	1	1
d02f91e7-afde-45b3-bb4e-62bbff8be6e0	chrY	56872112	56872112	2	2	0
a9a573a3-0ed1-4e85-89fa-f3b236d6f246	chr1	62920	41673722	2	2	0
a9a573a3-0ed1-4e85-89fa-f3b236d6f246	chr1	41676718	108793611	2	1	1
a9a573a3-0ed1-4e85-89fa-f3b236d6f246	chr1	108794172	108805931	1	1	0
a9a573a3-0ed1-4e85-89fa-f3b236d6f246	chr1	108806397	117569935	2	1	1
a9a573a3-0ed1-4e85-89fa-f3b236d6f246	chr1	117576143	117718360	3	2	1
a9a573a3-0ed1-4e85-89fa-f3b236d6f246	chr1	117726429	248930189	2	1	1
a9a573a3-0ed1-4e85-89fa-f3b236d6f246	chr2	12784	242147305	2	1	1
a9a573a3-0ed1-4e85-89fa-f3b236d6f246	chr3	20930	198169247	2	1	1
a9a573a3-0ed1-4e85-89fa-f3b236d6f246	chr4	68929	10208766	2	1	1
a9a573a3-0ed1-4e85-89fa-f3b236d6f246	chr4	10212536	10229625	0	0	0
a9a573a3-0ed1-4e85-89fa-f3b236d6f246	chr4	10229874	95811765	2	1	1
a9a573a3-0ed1-4e85-89fa-f3b236d6f246	chr4	95811816	95813429	4	2	2
a9a573a3-0ed1-4e85-89fa-f3b236d6f246	chr4	95813470	190106768	2	1	1
a9a573a3-0ed1-4e85-89fa-f3b236d6f246	chr5	15532	97714396	2	1	1
a9a573a3-0ed1-4e85-89fa-f3b236d6f246	chr5	97714657	97763616	0	0	0
a9a573a3-0ed1-4e85-89fa-f3b236d6f246	chr5	97763980	181363319	2	1	1
a9a573a3-0ed1-4e85-89fa-f3b236d6f246	chr6	149661	18907205	2	1	1
a9a573a3-0ed1-4e85-89fa-f3b236d6f246	chr6	18908441	18928392	4	2	2
a9a573a3-0ed1-4e85-89fa-f3b236d6f246	chr6	18929418	31110480	2	1	1
a9a573a3-0ed1-4e85-89fa-f3b236d6f246	chr6	31112655	31129676	4	2	2
a9a573a3-0ed1-4e85-89fa-f3b236d6f246	chr6	31131055	45896089	2	1	1
a9a573a3-0ed1-4e85-89fa-f3b236d6f246	chr6	45896768	45946291	3	2	1
a9a573a3-0ed1-4e85-89fa-f3b236d6f246	chr6	45946353	51792064	2	1	1
a9a573a3-0ed1-4e85-89fa-f3b236d6f246	chr6	51800799	51806363	1	1	0
a9a573a3-0ed1-4e85-89fa-f3b236d6f246	chr6	51806523	74723792	2	1	1
a9a573a3-0ed1-4e85-89fa-f3b236d6f246	chr6	74723856	80575042	1	1	0
a9a573a3-0ed1-4e85-89fa-f3b236d6f246	chr6	80575241	80579817	0	0	0
a9a573a3-0ed1-4e85-89fa-f3b236d6f246	chr6	80584624	96101642	1	1	0
a9a573a3-0ed1-4e85-89fa-f3b236d6f246	chr6	96103147	103286941	2	1	1
a9a573a3-0ed1-4e85-89fa-f3b236d6f246	chr6	103286950	103326915	0	0	0
a9a573a3-0ed1-4e85-89fa-f3b236d6f246	chr6	103327551	170741917	2	1	1
a9a573a3-0ed1-4e85-89fa-f3b236d6f246	chr7	43259	159334314	2	1	1
a9a573a3-0ed1-4e85-89fa-f3b236d6f246	chr8	81254	145072769	2	1	1
a9a573a3-0ed1-4e85-89fa-f3b236d6f246	chr9	46587	138200944	2	1	1
a9a573a3-0ed1-4e85-89fa-f3b236d6f246	chr10	45792	45798171	2	1	1
a9a573a3-0ed1-4e85-89fa-f3b236d6f246	chr10	45817039	46522571	4	3	1
a9a573a3-0ed1-4e85-89fa-f3b236d6f246	chr10	46525652	133654968	2	1	1
a9a573a3-0ed1-4e85-89fa-f3b236d6f246	chr11	198510	90322377	2	1	1
a9a573a3-0ed1-4e85-89fa-f3b236d6f246	chr11	90327687	90453400	0	0	0
a9a573a3-0ed1-4e85-89fa-f3b236d6f246	chr11	90453625	135074876	2	1	1
a9a573a3-0ed1-4e85-89fa-f3b236d6f246	chr12	51460	115115553	2	1	1
a9a573a3-0ed1-4e85-89fa-f3b236d6f246	chr12	115115740	117313620	1	1	0
a9a573a3-0ed1-4e85-89fa-f3b236d6f246	chr12	117314264	133201603	2	1	1
a9a573a3-0ed1-4e85-89fa-f3b236d6f246	chr13	18452809	114342922	3	2	1
a9a573a3-0ed1-4e85-89fa-f3b236d6f246	chr14	18239283	106346115	2	1	1
a9a573a3-0ed1-4e85-89fa-f3b236d6f246	chr14	106346129	106589281	1	1	0
a9a573a3-0ed1-4e85-89fa-f3b236d6f246	chr14	106596539	106877229	2	1	1
a9a573a3-0ed1-4e85-89fa-f3b236d6f246	chr15	19811075	24189385	3	2	1
a9a573a3-0ed1-4e85-89fa-f3b236d6f246	chr15	24197072	24232659	0	0	0
a9a573a3-0ed1-4e85-89fa-f3b236d6f246	chr15	24233617	101928837	3	2	1
a9a573a3-0ed1-4e85-89fa-f3b236d6f246	chr16	10777	90096867	2	1	1
a9a573a3-0ed1-4e85-89fa-f3b236d6f246	chr17	150733	46940493	2	1	1
a9a573a3-0ed1-4e85-89fa-f3b236d6f246	chr17	46941097	46956655	3	2	1
a9a573a3-0ed1-4e85-89fa-f3b236d6f246	chr17	46957017	83091923	2	1	1
a9a573a3-0ed1-4e85-89fa-f3b236d6f246	chr18	48133	80257174	2	1	1
a9a573a3-0ed1-4e85-89fa-f3b236d6f246	chr19	90910	7083618	2	1	1
a9a573a3-0ed1-4e85-89fa-f3b236d6f246	chr19	7083750	7112683	1	1	0
a9a573a3-0ed1-4e85-89fa-f3b236d6f246	chr19	7114202	58586487	2	1	1
a9a573a3-0ed1-4e85-89fa-f3b236d6f246	chr20	80664	64324800	2	1	1
a9a573a3-0ed1-4e85-89fa-f3b236d6f246	chr21	12973348	45903608	2	1	1
a9a573a3-0ed1-4e85-89fa-f3b236d6f246	chr21	45903828	45946440	3	2	1
a9a573a3-0ed1-4e85-89fa-f3b236d6f246	chr21	45949276	46677045	2	1	1
a9a573a3-0ed1-4e85-89fa-f3b236d6f246	chr22	16392123	45518581	2	1	1
a9a573a3-0ed1-4e85-89fa-f3b236d6f246	chr22	45520799	45754271	4	3	1
a9a573a3-0ed1-4e85-89fa-f3b236d6f246	chr22	45754878	50796027	2	1	1
a9a573a3-0ed1-4e85-89fa-f3b236d6f246	chrX	251810	890806	2	1	1
a9a573a3-0ed1-4e85-89fa-f3b236d6f246	chrX	891904	959750	1	1	0
a9a573a3-0ed1-4e85-89fa-f3b236d6f246	chrX	960081	2665720	2	1	1
a9a573a3-0ed1-4e85-89fa-f3b236d6f246	chrX	2667074	2719466	1	1	0
a9a573a3-0ed1-4e85-89fa-f3b236d6f246	chrX	2720458	2775134	2	1	1
a9a573a3-0ed1-4e85-89fa-f3b236d6f246	chrX	2775583	156004181	0	0	0
a9a573a3-0ed1-4e85-89fa-f3b236d6f246	chrY	2782397	26653788	2	1	1
a9a573a3-0ed1-4e85-89fa-f3b236d6f246	chrY	56872112	56872112	3	3	0
abdcc62d-d5fd-4e50-920c-104bc4fb52a5	chr1	62920	36516512	2	1	1
abdcc62d-d5fd-4e50-920c-104bc4fb52a5	chr1	36517037	36775947	1	1	0
abdcc62d-d5fd-4e50-920c-104bc4fb52a5	chr1	36777142	121705338	2	1	1
abdcc62d-d5fd-4e50-920c-104bc4fb52a5	chr1	143541857	205479428	4	3	1
abdcc62d-d5fd-4e50-920c-104bc4fb52a5	chr1	205482501	248930189	1	1	0
abdcc62d-d5fd-4e50-920c-104bc4fb52a5	chr2	12784	75155584	2	2	0
abdcc62d-d5fd-4e50-920c-104bc4fb52a5	chr2	75159475	75183037	0	0	0
abdcc62d-d5fd-4e50-920c-104bc4fb52a5	chr2	75186966	82636012	2	2	0
abdcc62d-d5fd-4e50-920c-104bc4fb52a5	chr2	82636256	84060381	3	3	0
abdcc62d-d5fd-4e50-920c-104bc4fb52a5	chr2	84060475	88858290	2	2	0
abdcc62d-d5fd-4e50-920c-104bc4fb52a5	chr2	88861753	89069842	8	8	0
abdcc62d-d5fd-4e50-920c-104bc4fb52a5	chr2	89085826	242147305	2	2	0
abdcc62d-d5fd-4e50-920c-104bc4fb52a5	chr3	20930	21944976	3	2	1
abdcc62d-d5fd-4e50-920c-104bc4fb52a5	chr3	21949340	21959454	1	1	0
abdcc62d-d5fd-4e50-920c-104bc4fb52a5	chr3	21966375	41562962	3	2	1
abdcc62d-d5fd-4e50-920c-104bc4fb52a5	chr3	41563060	41574354	9	5	4
abdcc62d-d5fd-4e50-920c-104bc4fb52a5	chr3	41575890	59988736	3	2	1
abdcc62d-d5fd-4e50-920c-104bc4fb52a5	chr3	59988789	60101664	2	2	0
abdcc62d-d5fd-4e50-920c-104bc4fb52a5	chr3	60101725	60413421	3	2	1
abdcc62d-d5fd-4e50-920c-104bc4fb52a5	chr3	60413439	60569541	1	1	0
abdcc62d-d5fd-4e50-920c-104bc4fb52a5	chr3	60570635	146538692	3	2	1
abdcc62d-d5fd-4e50-920c-104bc4fb52a5	chr3	146539520	146559345	1	1	0
abdcc62d-d5fd-4e50-920c-104bc4fb52a5	chr3	146560829	198169247	3	2	1
abdcc62d-d5fd-4e50-920c-104bc4fb52a5	chr4	68929	108128606	2	1	1
abdcc62d-d5fd-4e50-920c-104bc4fb52a5	chr4	108129061	108738708	3	2	1
abdcc62d-d5fd-4e50-920c-104bc4fb52a5	chr4	108739119	190106768	2	1	1
abdcc62d-d5fd-4e50-920c-104bc4fb52a5	chr5	15532	2286173	1	1	0
abdcc62d-d5fd-4e50-920c-104bc4fb52a5	chr5	2286792	181363319	2	1	1
abdcc62d-d5fd-4e50-920c-104bc4fb52a5	chr6	149661	466033	1	1	0
abdcc62d-d5fd-4e50-920c-104bc4fb52a5	chr6	466368	11943676	2	1	1
abdcc62d-d5fd-4e50-920c-104bc4fb52a5	chr6	11944344	11957025	0	0	0
abdcc62d-d5fd-4e50-920c-104bc4fb52a5	chr6	11957634	45919684	2	1	1
abdcc62d-d5fd-4e50-920c-104bc4fb52a5	chr6	45920166	45931284	4	2	2
abdcc62d-d5fd-4e50-920c-104bc4fb52a5	chr6	45932086	67816823	2	1	1
abdcc62d-d5fd-4e50-920c-104bc4fb52a5	chr6	67818046	75386500	1	1	0
abdcc62d-d5fd-4e50-920c-104bc4fb52a5	chr6	75386514	75809485	2	1	1
abdcc62d-d5fd-4e50-920c-104bc4fb52a5	chr6	75812885	105396238	1	1	0
abdcc62d-d5fd-4e50-920c-104bc4fb52a5	chr6	105397539	106336499	0	0	0
abdcc62d-d5fd-4e50-920c-104bc4fb52a5	chr6	106336676	107009680	1	1	0
abdcc62d-d5fd-4e50-920c-104bc4fb52a5	chr6	107014103	107234765	2	1	1
abdcc62d-d5fd-4e50-920c-104bc4fb52a5	chr6	107238519	112090980	1	1	0
abdcc62d-d5fd-4e50-920c-104bc4fb52a5	chr6	112092217	112106613	0	0	0
abdcc62d-d5fd-4e50-920c-104bc4fb52a5	chr6	112106622	113719728	1	1	0
abdcc62d-d5fd-4e50-920c-104bc4fb52a5	chr6	113719745	119122601	2	1	1
abdcc62d-d5fd-4e50-920c-104bc4fb52a5	chr6	119127435	120023140	1	1	0
abdcc62d-d5fd-4e50-920c-104bc4fb52a5	chr6	120024289	122357041	2	1	1
abdcc62d-d5fd-4e50-920c-104bc4fb52a5	chr6	122357115	122365441	4	3	1
abdcc62d-d5fd-4e50-920c-104bc4fb52a5	chr6	122366265	170741917	2	1	1
abdcc62d-d5fd-4e50-920c-104bc4fb52a5	chr7	43259	2609630	2	1	1
abdcc62d-d5fd-4e50-920c-104bc4fb52a5	chr7	2612005	103772004	3	2	1
abdcc62d-d5fd-4e50-920c-104bc4fb52a5	chr7	103772037	103880090	2	1	1
abdcc62d-d5fd-4e50-920c-104bc4fb52a5	chr7	103880436	147578435	3	2	1
abdcc62d-d5fd-4e50-920c-104bc4fb52a5	chr7	147580968	147584704	1	1	0
abdcc62d-d5fd-4e50-920c-104bc4fb52a5	chr7	147585158	159334314	3	2	1
abdcc62d-d5fd-4e50-920c-104bc4fb52a5	chr8	81254	141829131	2	1	1
abdcc62d-d5fd-4e50-920c-104bc4fb52a5	chr8	141829753	142747851	1	1	0
abdcc62d-d5fd-4e50-920c-104bc4fb52a5	chr8	142748941	142822196	3	2	1
abdcc62d-d5fd-4e50-920c-104bc4fb52a5	chr8	142822382	145072769	1	1	0
abdcc62d-d5fd-4e50-920c-104bc4fb52a5	chr9	46587	21833660	3	3	0
abdcc62d-d5fd-4e50-920c-104bc4fb52a5	chr9	21834611	22164992	0	0	0
abdcc62d-d5fd-4e50-920c-104bc4fb52a5	chr9	22167975	37516503	3	3	0
abdcc62d-d5fd-4e50-920c-104bc4fb52a5	chr9	37516535	41741113	3	2	1
abdcc62d-d5fd-4e50-920c-104bc4fb52a5	chr9	60863881	63687412	6	3	3
abdcc62d-d5fd-4e50-920c-104bc4fb52a5	chr9	63692647	67832599	6	6	0
abdcc62d-d5fd-4e50-920c-104bc4fb52a5	chr9	67915741	138200944	3	2	1
abdcc62d-d5fd-4e50-920c-104bc4fb52a5	chr10	45792	65546400	2	1	1
abdcc62d-d5fd-4e50-920c-104bc4fb52a5	chr10	65546518	65554688	0	0	0
abdcc62d-d5fd-4e50-920c-104bc4fb52a5	chr10	65563037	93834258	2	1	1
abdcc62d-d5fd-4e50-920c-104bc4fb52a5	chr10	93835407	94046602	3	2	1
abdcc62d-d5fd-4e50-920c-104bc4fb52a5	chr10	94047224	133654968	2	1	1
abdcc62d-d5fd-4e50-920c-104bc4fb52a5	chr11	198510	128335014	2	1	1
abdcc62d-d5fd-4e50-920c-104bc4fb52a5	chr11	128335058	128676739	3	2	1
abdcc62d-d5fd-4e50-920c-104bc4fb52a5	chr11	128677346	135074876	2	1	1
abdcc62d-d5fd-4e50-920c-104bc4fb52a5	chr12	51460	9481274	2	1	1
abdcc62d-d5fd-4e50-920c-104bc4fb52a5	chr12	9485313	9575696	0	0	0
abdcc62d-d5fd-4e50-920c-104bc4fb52a5	chr12	9582373	133201603	2	1	1
abdcc62d-d5fd-4e50-920c-104bc4fb52a5	chr13	18452809	22951226	2	1	1
abdcc62d-d5fd-4e50-920c-104bc4fb52a5	chr13	22956080	24372340	4	3	1
abdcc62d-d5fd-4e50-920c-104bc4fb52a5	chr13	24373203	55237274	2	1	1
abdcc62d-d5fd-4e50-920c-104bc4fb52a5	chr13	55237645	55429716	1	1	0
abdcc62d-d5fd-4e50-920c-104bc4fb52a5	chr13	55430130	114342922	2	1	1
abdcc62d-d5fd-4e50-920c-104bc4fb52a5	chr14	18239283	21822667	2	1	1
abdcc62d-d5fd-4e50-920c-104bc4fb52a5	chr14	21823687	22632004	1	1	0
abdcc62d-d5fd-4e50-920c-104bc4fb52a5	chr14	22633534	22644437	5	3	2
abdcc62d-d5fd-4e50-920c-104bc4fb52a5	chr14	22645313	106877229	2	1	1
abdcc62d-d5fd-4e50-920c-104bc4fb52a5	chr15	19811075	101500415	2	1	1
abdcc62d-d5fd-4e50-920c-104bc4fb52a5	chr15	101500469	101928837	1	1	0
abdcc62d-d5fd-4e50-920c-104bc4fb52a5	chr16	10777	36048855	2	1	1
abdcc62d-d5fd-4e50-920c-104bc4fb52a5	chr16	46441986	48569315	2	2	0
abdcc62d-d5fd-4e50-920c-104bc4fb52a5	chr16	48570185	90096867	2	1	1
abdcc62d-d5fd-4e50-920c-104bc4fb52a5	chr17	150733	56551619	2	1	1
abdcc62d-d5fd-4e50-920c-104bc4fb52a5	chr17	56551671	58593607	1	1	0
abdcc62d-d5fd-4e50-920c-104bc4fb52a5	chr17	58594948	83091923	2	1	1
abdcc62d-d5fd-4e50-920c-104bc4fb52a5	chr18	48133	47459913	4	3	1
abdcc62d-d5fd-4e50-920c-104bc4fb52a5	chr18	47460165	47500023	8	6	2
abdcc62d-d5fd-4e50-920c-104bc4fb52a5	chr18	47500261	80257174	4	3	1
abdcc62d-d5fd-4e50-920c-104bc4fb52a5	chr19	90910	939777	2	1	1
abdcc62d-d5fd-4e50-920c-104bc4fb52a5	chr19	941603	1388321	3	2	1
abdcc62d-d5fd-4e50-920c-104bc4fb52a5	chr19	1389780	58586487	2	1	1
abdcc62d-d5fd-4e50-920c-104bc4fb52a5	chr20	80664	64324800	2	1	1
abdcc62d-d5fd-4e50-920c-104bc4fb52a5	chr21	12973348	22121097	2	1	1
abdcc62d-d5fd-4e50-920c-104bc4fb52a5	chr21	22121367	22291730	1	1	0
abdcc62d-d5fd-4e50-920c-104bc4fb52a5	chr21	22292338	46677045	2	1	1
abdcc62d-d5fd-4e50-920c-104bc4fb52a5	chr22	16392123	22018754	2	1	1
abdcc62d-d5fd-4e50-920c-104bc4fb52a5	chr22	22021940	22913385	1	1	0
abdcc62d-d5fd-4e50-920c-104bc4fb52a5	chr22	22916061	50796027	2	1	1
abdcc62d-d5fd-4e50-920c-104bc4fb52a5	chrX	251810	2785350	2	1	1
abdcc62d-d5fd-4e50-920c-104bc4fb52a5	chrX	2785592	118284018	0	0	0
abdcc62d-d5fd-4e50-920c-104bc4fb52a5	chrX	118285598	118321987	1	1	0
abdcc62d-d5fd-4e50-920c-104bc4fb52a5	chrX	118322959	156004181	0	0	0
abdcc62d-d5fd-4e50-920c-104bc4fb52a5	chrY	2782397	26653788	2	2	0
abdcc62d-d5fd-4e50-920c-104bc4fb52a5	chrY	56872112	56872112	3	3	0
d667b3a8-35d8-46fa-b3c3-4fbe24c889e6	chr1	61735	115979237	2	1	1
d667b3a8-35d8-46fa-b3c3-4fbe24c889e6	chr1	115982172	117105285	1	1	0
d667b3a8-35d8-46fa-b3c3-4fbe24c889e6	chr1	117108377	248930189	2	1	1
d667b3a8-35d8-46fa-b3c3-4fbe24c889e6	chr2	12784	242147305	2	1	1
d667b3a8-35d8-46fa-b3c3-4fbe24c889e6	chr3	18667	54434185	2	2	0
d667b3a8-35d8-46fa-b3c3-4fbe24c889e6	chr3	54435565	198169247	2	1	1
d667b3a8-35d8-46fa-b3c3-4fbe24c889e6	chr4	12281	184100848	2	1	1
d667b3a8-35d8-46fa-b3c3-4fbe24c889e6	chr4	184102088	185450063	1	1	0
d667b3a8-35d8-46fa-b3c3-4fbe24c889e6	chr4	185457387	190106768	2	1	1
d667b3a8-35d8-46fa-b3c3-4fbe24c889e6	chr5	15532	181363319	2	1	1
d667b3a8-35d8-46fa-b3c3-4fbe24c889e6	chr6	149661	37177747	2	2	0
d667b3a8-35d8-46fa-b3c3-4fbe24c889e6	chr6	37177866	97015848	2	1	1
d667b3a8-35d8-46fa-b3c3-4fbe24c889e6	chr6	97021018	128649628	1	1	0
d667b3a8-35d8-46fa-b3c3-4fbe24c889e6	chr6	128649850	170741917	2	1	1
d667b3a8-35d8-46fa-b3c3-4fbe24c889e6	chr7	43259	159334314	2	1	1
d667b3a8-35d8-46fa-b3c3-4fbe24c889e6	chr8	81254	55508566	2	1	1
d667b3a8-35d8-46fa-b3c3-4fbe24c889e6	chr8	55509203	64638909	1	1	0
d667b3a8-35d8-46fa-b3c3-4fbe24c889e6	chr8	64641984	87573707	2	1	1
d667b3a8-35d8-46fa-b3c3-4fbe24c889e6	chr8	87575885	92180108	1	1	0
d667b3a8-35d8-46fa-b3c3-4fbe24c889e6	chr8	92184543	98358879	2	1	1
d667b3a8-35d8-46fa-b3c3-4fbe24c889e6	chr8	98360708	99613862	1	1	0
d667b3a8-35d8-46fa-b3c3-4fbe24c889e6	chr8	99614805	132504105	2	1	1
d667b3a8-35d8-46fa-b3c3-4fbe24c889e6	chr8	132511398	133162997	1	1	0
d667b3a8-35d8-46fa-b3c3-4fbe24c889e6	chr8	133163188	145072769	2	1	1
d667b3a8-35d8-46fa-b3c3-4fbe24c889e6	chr9	46587	21684723	2	1	1
d667b3a8-35d8-46fa-b3c3-4fbe24c889e6	chr9	21688239	22481287	1	1	0
d667b3a8-35d8-46fa-b3c3-4fbe24c889e6	chr9	22481754	138200944	2	1	1
d667b3a8-35d8-46fa-b3c3-4fbe24c889e6	chr10	26823	986628	2	1	1
d667b3a8-35d8-46fa-b3c3-4fbe24c889e6	chr10	994198	3753179	1	1	0
d667b3a8-35d8-46fa-b3c3-4fbe24c889e6	chr10	3754377	4517165	2	1	1
d667b3a8-35d8-46fa-b3c3-4fbe24c889e6	chr10	4522014	13720810	1	1	0
d667b3a8-35d8-46fa-b3c3-4fbe24c889e6	chr10	13722711	133769379	2	1	1
d667b3a8-35d8-46fa-b3c3-4fbe24c889e6	chr11	198572	135074876	2	1	1
d667b3a8-35d8-46fa-b3c3-4fbe24c889e6	chr12	51460	53805058	2	1	1
d667b3a8-35d8-46fa-b3c3-4fbe24c889e6	chr12	53806887	133201603	3	2	1
d667b3a8-35d8-46fa-b3c3-4fbe24c889e6	chr13	18452809	114342922	2	1	1
d667b3a8-35d8-46fa-b3c3-4fbe24c889e6	chr14	18225647	21917596	2	1	1
d667b3a8-35d8-46fa-b3c3-4fbe24c889e6	chr14	21918611	22506715	1	1	0
d667b3a8-35d8-46fa-b3c3-4fbe24c889e6	chr14	22506743	106877229	2	1	1
d667b3a8-35d8-46fa-b3c3-4fbe24c889e6	chr15	19811075	101928837	2	1	1
d667b3a8-35d8-46fa-b3c3-4fbe24c889e6	chr16	10777	2013825	2	1	1
d667b3a8-35d8-46fa-b3c3-4fbe24c889e6	chr16	2020930	14885112	4	3	1
d667b3a8-35d8-46fa-b3c3-4fbe24c889e6	chr16	14887120	87922202	2	1	1
d667b3a8-35d8-46fa-b3c3-4fbe24c889e6	chr16	87922251	88597904	1	1	0
d667b3a8-35d8-46fa-b3c3-4fbe24c889e6	chr16	88598824	90221127	2	1	1
d667b3a8-35d8-46fa-b3c3-4fbe24c889e6	chr17	150733	63738427	2	1	1
d667b3a8-35d8-46fa-b3c3-4fbe24c889e6	chr17	63738645	83090856	2	2	0
d667b3a8-35d8-46fa-b3c3-4fbe24c889e6	chr18	48133	46381315	2	1	1
d667b3a8-35d8-46fa-b3c3-4fbe24c889e6	chr18	46382954	80257174	3	2	1
d667b3a8-35d8-46fa-b3c3-4fbe24c889e6	chr19	90910	1442942	3	2	1
d667b3a8-35d8-46fa-b3c3-4fbe24c889e6	chr19	1444475	43514023	2	1	1
d667b3a8-35d8-46fa-b3c3-4fbe24c889e6	chr19	43514900	44954889	3	2	1
d667b3a8-35d8-46fa-b3c3-4fbe24c889e6	chr19	44954978	45116372	1	1	0
d667b3a8-35d8-46fa-b3c3-4fbe24c889e6	chr19	45120696	58586487	3	2	1
d667b3a8-35d8-46fa-b3c3-4fbe24c889e6	chr20	80664	64324800	2	1	1
d667b3a8-35d8-46fa-b3c3-4fbe24c889e6	chr21	10336543	25331461	2	1	1
d667b3a8-35d8-46fa-b3c3-4fbe24c889e6	chr21	25333645	25658927	3	2	1
d667b3a8-35d8-46fa-b3c3-4fbe24c889e6	chr21	25659522	46677045	2	1	1
d667b3a8-35d8-46fa-b3c3-4fbe24c889e6	chr22	15294545	28876310	2	1	1
d667b3a8-35d8-46fa-b3c3-4fbe24c889e6	chr22	28879752	29542120	1	1	0
d667b3a8-35d8-46fa-b3c3-4fbe24c889e6	chr22	29542368	50796027	2	1	1
d667b3a8-35d8-46fa-b3c3-4fbe24c889e6	chrX	251810	2776199	2	1	1
d667b3a8-35d8-46fa-b3c3-4fbe24c889e6	chrX	2785350	155523319	1	1	0
d667b3a8-35d8-46fa-b3c3-4fbe24c889e6	chrX	155525686	156004181	0	0	0
39011b0a-65a5-4f28-8269-6e15fb1e2b67	chr1	62920	99120887	2	1	1
39011b0a-65a5-4f28-8269-6e15fb1e2b67	chr1	99120960	99136011	5	3	2
39011b0a-65a5-4f28-8269-6e15fb1e2b67	chr1	99136053	148355693	2	1	1
39011b0a-65a5-4f28-8269-6e15fb1e2b67	chr1	148357098	152752050	2	2	0
39011b0a-65a5-4f28-8269-6e15fb1e2b67	chr1	152752340	152777257	4	4	0
39011b0a-65a5-4f28-8269-6e15fb1e2b67	chr1	152777415	188977322	2	2	0
39011b0a-65a5-4f28-8269-6e15fb1e2b67	chr1	188977548	189015846	4	4	0
39011b0a-65a5-4f28-8269-6e15fb1e2b67	chr1	189015936	221309394	2	2	0
39011b0a-65a5-4f28-8269-6e15fb1e2b67	chr1	221313087	221346528	3	3	0
39011b0a-65a5-4f28-8269-6e15fb1e2b67	chr1	221353110	248930189	2	2	0
39011b0a-65a5-4f28-8269-6e15fb1e2b67	chr2	12784	78997012	2	1	1
39011b0a-65a5-4f28-8269-6e15fb1e2b67	chr2	78997311	78999587	3	2	1
39011b0a-65a5-4f28-8269-6e15fb1e2b67	chr2	78999744	88816884	2	1	1
39011b0a-65a5-4f28-8269-6e15fb1e2b67	chr2	88818588	88836539	4	4	0
39011b0a-65a5-4f28-8269-6e15fb1e2b67	chr2	88836615	185752979	2	1	1
39011b0a-65a5-4f28-8269-6e15fb1e2b67	chr2	185753280	185932330	3	2	1
39011b0a-65a5-4f28-8269-6e15fb1e2b67	chr2	185942541	198610323	2	1	1
39011b0a-65a5-4f28-8269-6e15fb1e2b67	chr2	198611248	198638112	1	1	0
39011b0a-65a5-4f28-8269-6e15fb1e2b67	chr2	198639699	205193737	2	1	1
39011b0a-65a5-4f28-8269-6e15fb1e2b67	chr2	205194287	205231096	1	1	0
39011b0a-65a5-4f28-8269-6e15fb1e2b67	chr2	205231812	242147305	2	1	1
39011b0a-65a5-4f28-8269-6e15fb1e2b67	chr3	20930	13779116	2	1	1
39011b0a-65a5-4f28-8269-6e15fb1e2b67	chr3	13781270	13794999	3	2	1
39011b0a-65a5-4f28-8269-6e15fb1e2b67	chr3	13795038	122633831	2	1	1
39011b0a-65a5-4f28-8269-6e15fb1e2b67	chr3	122634514	122684954	3	2	1
39011b0a-65a5-4f28-8269-6e15fb1e2b67	chr3	122688012	187791759	2	1	1
39011b0a-65a5-4f28-8269-6e15fb1e2b67	chr3	187792765	188542773	1	1	0
39011b0a-65a5-4f28-8269-6e15fb1e2b67	chr3	188542915	198169247	2	1	1
39011b0a-65a5-4f28-8269-6e15fb1e2b67	chr4	68929	28647648	2	1	1
39011b0a-65a5-4f28-8269-6e15fb1e2b67	chr4	28650403	28664735	4	2	2
39011b0a-65a5-4f28-8269-6e15fb1e2b67	chr4	28665354	54635561	2	1	1
39011b0a-65a5-4f28-8269-6e15fb1e2b67	chr4	54635754	54756229	3	2	1
39011b0a-65a5-4f28-8269-6e15fb1e2b67	chr4	54757636	160911998	2	1	1
39011b0a-65a5-4f28-8269-6e15fb1e2b67	chr4	160914845	161025607	3	2	1
39011b0a-65a5-4f28-8269-6e15fb1e2b67	chr4	161031076	190106768	2	1	1
39011b0a-65a5-4f28-8269-6e15fb1e2b67	chr5	15532	133580489	2	1	1
39011b0a-65a5-4f28-8269-6e15fb1e2b67	chr5	133580531	133582431	1	1	0
39011b0a-65a5-4f28-8269-6e15fb1e2b67	chr5	133589545	138854049	2	1	1
39011b0a-65a5-4f28-8269-6e15fb1e2b67	chr5	138859299	151379635	2	2	0
39011b0a-65a5-4f28-8269-6e15fb1e2b67	chr5	151380464	151397487	3	3	0
39011b0a-65a5-4f28-8269-6e15fb1e2b67	chr5	151398237	181363319	2	2	0
39011b0a-65a5-4f28-8269-6e15fb1e2b67	chr6	149661	29931120	2	1	1
39011b0a-65a5-4f28-8269-6e15fb1e2b67	chr6	29931900	29948709	4	2	2
39011b0a-65a5-4f28-8269-6e15fb1e2b67	chr6	29948728	45919684	2	1	1
39011b0a-65a5-4f28-8269-6e15fb1e2b67	chr6	45920166	45931284	3	2	1
39011b0a-65a5-4f28-8269-6e15fb1e2b67	chr6	45932086	61617112	2	1	1
39011b0a-65a5-4f28-8269-6e15fb1e2b67	chr6	61617310	61652720	2	2	0
39011b0a-65a5-4f28-8269-6e15fb1e2b67	chr6	61652895	170741917	1	1	0
39011b0a-65a5-4f28-8269-6e15fb1e2b67	chr7	43259	110935040	2	1	1
39011b0a-65a5-4f28-8269-6e15fb1e2b67	chr7	110937713	111052512	1	1	0
39011b0a-65a5-4f28-8269-6e15fb1e2b67	chr7	111054551	159334314	2	1	1
39011b0a-65a5-4f28-8269-6e15fb1e2b67	chr8	81254	3593535	2	1	1
39011b0a-65a5-4f28-8269-6e15fb1e2b67	chr8	3593589	3616234	1	1	0
39011b0a-65a5-4f28-8269-6e15fb1e2b67	chr8	3616306	66477405	2	1	1
39011b0a-65a5-4f28-8269-6e15fb1e2b67	chr8	66478789	145072769	2	2	0
39011b0a-65a5-4f28-8269-6e15fb1e2b67	chr9	46587	8154249	2	2	0
39011b0a-65a5-4f28-8269-6e15fb1e2b67	chr9	8156455	8189810	3	3	0
39011b0a-65a5-4f28-8269-6e15fb1e2b67	chr9	8190651	31832792	2	2	0
39011b0a-65a5-4f28-8269-6e15fb1e2b67	chr9	31834084	31846529	4	4	0
39011b0a-65a5-4f28-8269-6e15fb1e2b67	chr9	31846731	35533695	2	2	0
39011b0a-65a5-4f28-8269-6e15fb1e2b67	chr9	35533889	138200944	2	1	1
39011b0a-65a5-4f28-8269-6e15fb1e2b67	chr10	45792	62668488	2	1	1
39011b0a-65a5-4f28-8269-6e15fb1e2b67	chr10	62669954	64291047	3	2	1
39011b0a-65a5-4f28-8269-6e15fb1e2b67	chr10	64293645	90614076	2	1	1
39011b0a-65a5-4f28-8269-6e15fb1e2b67	chr10	90614170	90725975	1	1	0
39011b0a-65a5-4f28-8269-6e15fb1e2b67	chr10	90730617	133654968	2	1	1
39011b0a-65a5-4f28-8269-6e15fb1e2b67	chr11	198510	46101205	2	1	1
39011b0a-65a5-4f28-8269-6e15fb1e2b67	chr11	46101620	46503408	1	1	0
39011b0a-65a5-4f28-8269-6e15fb1e2b67	chr11	46505731	67326389	2	1	1
39011b0a-65a5-4f28-8269-6e15fb1e2b67	chr11	67331320	67582822	1	1	0
39011b0a-65a5-4f28-8269-6e15fb1e2b67	chr11	67584356	104900759	2	1	1
39011b0a-65a5-4f28-8269-6e15fb1e2b67	chr11	104901412	104910172	3	2	1
39011b0a-65a5-4f28-8269-6e15fb1e2b67	chr11	104910307	116330576	2	1	1
39011b0a-65a5-4f28-8269-6e15fb1e2b67	chr11	116331318	116406948	1	1	0
39011b0a-65a5-4f28-8269-6e15fb1e2b67	chr11	116407031	121168200	2	1	1
39011b0a-65a5-4f28-8269-6e15fb1e2b67	chr11	121168360	121581942	1	1	0
39011b0a-65a5-4f28-8269-6e15fb1e2b67	chr11	121582998	128483143	2	1	1
39011b0a-65a5-4f28-8269-6e15fb1e2b67	chr11	128483276	128582260	1	1	0
39011b0a-65a5-4f28-8269-6e15fb1e2b67	chr11	128590309	135074876	2	1	1
39011b0a-65a5-4f28-8269-6e15fb1e2b67	chr12	51460	115333801	2	1	1
39011b0a-65a5-4f28-8269-6e15fb1e2b67	chr12	115334132	115338921	4	2	2
39011b0a-65a5-4f28-8269-6e15fb1e2b67	chr12	115339528	133201603	2	1	1
39011b0a-65a5-4f28-8269-6e15fb1e2b67	chr13	18452809	22129391	2	1	1
39011b0a-65a5-4f28-8269-6e15fb1e2b67	chr13	22132601	79737543	3	3	0
39011b0a-65a5-4f28-8269-6e15fb1e2b67	chr13	79741872	79855147	2	2	0
39011b0a-65a5-4f28-8269-6e15fb1e2b67	chr13	79856040	114342922	3	3	0
39011b0a-65a5-4f28-8269-6e15fb1e2b67	chr14	18239283	22632004	2	1	1
39011b0a-65a5-4f28-8269-6e15fb1e2b67	chr14	22633534	22645313	4	2	2
39011b0a-65a5-4f28-8269-6e15fb1e2b67	chr14	22645702	24891977	2	1	1
39011b0a-65a5-4f28-8269-6e15fb1e2b67	chr14	24893473	24895096	0	0	0
39011b0a-65a5-4f28-8269-6e15fb1e2b67	chr14	24895226	95753846	2	1	1
39011b0a-65a5-4f28-8269-6e15fb1e2b67	chr14	95754100	95757255	1	1	0
39011b0a-65a5-4f28-8269-6e15fb1e2b67	chr14	95758712	103367544	2	1	1
39011b0a-65a5-4f28-8269-6e15fb1e2b67	chr14	103373661	103902012	1	1	0
39011b0a-65a5-4f28-8269-6e15fb1e2b67	chr14	103902073	105758187	2	1	1
39011b0a-65a5-4f28-8269-6e15fb1e2b67	chr14	105779965	105935612	4	4	0
39011b0a-65a5-4f28-8269-6e15fb1e2b67	chr14	105935639	106016256	1	1	0
39011b0a-65a5-4f28-8269-6e15fb1e2b67	chr14	106030809	106320716	0	0	0
39011b0a-65a5-4f28-8269-6e15fb1e2b67	chr14	106321086	106877229	2	1	1
39011b0a-65a5-4f28-8269-6e15fb1e2b67	chr15	19811075	101928837	2	1	1
39011b0a-65a5-4f28-8269-6e15fb1e2b67	chr16	10777	90096867	2	1	1
39011b0a-65a5-4f28-8269-6e15fb1e2b67	chr17	150733	15140645	2	1	1
39011b0a-65a5-4f28-8269-6e15fb1e2b67	chr17	15140682	15151185	0	0	0
39011b0a-65a5-4f28-8269-6e15fb1e2b67	chr17	15155674	83091923	2	1	1
39011b0a-65a5-4f28-8269-6e15fb1e2b67	chr18	48133	15402409	1	1	0
39011b0a-65a5-4f28-8269-6e15fb1e2b67	chr18	20949392	47459913	2	1	1
39011b0a-65a5-4f28-8269-6e15fb1e2b67	chr18	47460165	47482302	4	2	2
39011b0a-65a5-4f28-8269-6e15fb1e2b67	chr18	47482470	80257174	2	1	1
39011b0a-65a5-4f28-8269-6e15fb1e2b67	chr19	90910	5921341	2	1	1
39011b0a-65a5-4f28-8269-6e15fb1e2b67	chr19	5923889	8052166	1	1	0
39011b0a-65a5-4f28-8269-6e15fb1e2b67	chr19	8052752	31995440	2	1	1
39011b0a-65a5-4f28-8269-6e15fb1e2b67	chr19	31997321	34188713	3	2	1
39011b0a-65a5-4f28-8269-6e15fb1e2b67	chr19	34191108	58586487	2	1	1
39011b0a-65a5-4f28-8269-6e15fb1e2b67	chr20	80664	64324800	2	1	1
39011b0a-65a5-4f28-8269-6e15fb1e2b67	chr21	12973348	14243534	2	1	1
39011b0a-65a5-4f28-8269-6e15fb1e2b67	chr21	14244308	14248374	1	1	0
39011b0a-65a5-4f28-8269-6e15fb1e2b67	chr21	14248477	46677045	2	1	1
39011b0a-65a5-4f28-8269-6e15fb1e2b67	chr22	16392123	50796027	2	1	1
39011b0a-65a5-4f28-8269-6e15fb1e2b67	chrX	251810	156004181	1	1	0
39011b0a-65a5-4f28-8269-6e15fb1e2b67	chrY	2782397	26653788	0	0	0
39011b0a-65a5-4f28-8269-6e15fb1e2b67	chrY	56872112	56872112	2	2	0
3749af12-9cc5-4aba-837a-fc2dc58b4376	chr1	61735	248930189	2	1	1
3749af12-9cc5-4aba-837a-fc2dc58b4376	chr2	12784	20390071	2	1	1
3749af12-9cc5-4aba-837a-fc2dc58b4376	chr2	20390766	21206815	1	1	0
3749af12-9cc5-4aba-837a-fc2dc58b4376	chr2	21207685	24857086	2	1	1
3749af12-9cc5-4aba-837a-fc2dc58b4376	chr2	24860441	26054740	1	1	0
3749af12-9cc5-4aba-837a-fc2dc58b4376	chr2	26056941	58080273	2	1	1
3749af12-9cc5-4aba-837a-fc2dc58b4376	chr2	58081327	60368028	4	3	1
3749af12-9cc5-4aba-837a-fc2dc58b4376	chr2	60371965	62471551	3	2	1
3749af12-9cc5-4aba-837a-fc2dc58b4376	chr2	62471874	73345527	2	1	1
3749af12-9cc5-4aba-837a-fc2dc58b4376	chr2	73357232	74911271	1	1	0
3749af12-9cc5-4aba-837a-fc2dc58b4376	chr2	74911715	242147305	2	1	1
3749af12-9cc5-4aba-837a-fc2dc58b4376	chr3	18667	60550687	2	1	1
3749af12-9cc5-4aba-837a-fc2dc58b4376	chr3	60550857	60795294	1	1	0
3749af12-9cc5-4aba-837a-fc2dc58b4376	chr3	60798502	198169247	2	1	1
3749af12-9cc5-4aba-837a-fc2dc58b4376	chr4	12281	43007435	2	1	1
3749af12-9cc5-4aba-837a-fc2dc58b4376	chr4	43012514	43204398	1	1	0
3749af12-9cc5-4aba-837a-fc2dc58b4376	chr4	43204521	43609111	2	1	1
3749af12-9cc5-4aba-837a-fc2dc58b4376	chr4	43610369	44230945	1	1	0
3749af12-9cc5-4aba-837a-fc2dc58b4376	chr4	44236794	88804775	2	1	1
3749af12-9cc5-4aba-837a-fc2dc58b4376	chr4	88804942	129896302	2	2	0
3749af12-9cc5-4aba-837a-fc2dc58b4376	chr4	129909959	131902240	3	3	0
3749af12-9cc5-4aba-837a-fc2dc58b4376	chr4	131905410	190106768	2	2	0
3749af12-9cc5-4aba-837a-fc2dc58b4376	chr5	15532	181363319	2	1	1
3749af12-9cc5-4aba-837a-fc2dc58b4376	chr6	149661	50073327	2	2	0
3749af12-9cc5-4aba-837a-fc2dc58b4376	chr6	50073341	170741917	2	1	1
3749af12-9cc5-4aba-837a-fc2dc58b4376	chr7	43259	9192894	2	1	1
3749af12-9cc5-4aba-837a-fc2dc58b4376	chr7	9193425	10662626	3	2	1
3749af12-9cc5-4aba-837a-fc2dc58b4376	chr7	10663328	159334314	2	1	1
3749af12-9cc5-4aba-837a-fc2dc58b4376	chr8	81254	120612452	2	1	1
3749af12-9cc5-4aba-837a-fc2dc58b4376	chr8	120614789	120716829	3	2	1
3749af12-9cc5-4aba-837a-fc2dc58b4376	chr8	120718124	145072769	2	1	1
3749af12-9cc5-4aba-837a-fc2dc58b4376	chr9	46587	138200944	2	1	1
3749af12-9cc5-4aba-837a-fc2dc58b4376	chr10	26823	133769379	2	1	1
3749af12-9cc5-4aba-837a-fc2dc58b4376	chr11	198572	135074876	2	1	1
3749af12-9cc5-4aba-837a-fc2dc58b4376	chr12	51460	133201603	2	1	1
3749af12-9cc5-4aba-837a-fc2dc58b4376	chr13	18452809	90408120	2	1	1
3749af12-9cc5-4aba-837a-fc2dc58b4376	chr13	90409000	94451440	3	2	1
3749af12-9cc5-4aba-837a-fc2dc58b4376	chr13	94459255	114342922	2	1	1
3749af12-9cc5-4aba-837a-fc2dc58b4376	chr14	18225647	106877229	2	1	1
3749af12-9cc5-4aba-837a-fc2dc58b4376	chr15	19811075	43421436	2	1	1
3749af12-9cc5-4aba-837a-fc2dc58b4376	chr15	43423098	101928837	2	2	0
3749af12-9cc5-4aba-837a-fc2dc58b4376	chr16	10777	63384203	2	1	1
3749af12-9cc5-4aba-837a-fc2dc58b4376	chr16	63385410	65745600	3	2	1
3749af12-9cc5-4aba-837a-fc2dc58b4376	chr16	65745918	90221127	2	1	1
3749af12-9cc5-4aba-837a-fc2dc58b4376	chr17	150733	42176880	2	1	1
3749af12-9cc5-4aba-837a-fc2dc58b4376	chr17	42178326	42382597	3	2	1
3749af12-9cc5-4aba-837a-fc2dc58b4376	chr17	42383017	83090856	2	1	1
3749af12-9cc5-4aba-837a-fc2dc58b4376	chr18	48133	80257174	2	1	1
3749af12-9cc5-4aba-837a-fc2dc58b4376	chr19	90910	58586487	2	1	1
3749af12-9cc5-4aba-837a-fc2dc58b4376	chr20	80664	64324800	2	1	1
3749af12-9cc5-4aba-837a-fc2dc58b4376	chr21	10336543	46677045	2	1	1
3749af12-9cc5-4aba-837a-fc2dc58b4376	chr22	15294545	50796027	2	1	1
3749af12-9cc5-4aba-837a-fc2dc58b4376	chrX	251810	2776199	2	1	1
3749af12-9cc5-4aba-837a-fc2dc58b4376	chrX	2785350	156004181	1	1	0
02841f4a-92df-47d3-bb8e-1b521b3d06ee	chr1	62920	11040397	2	2	0
02841f4a-92df-47d3-bb8e-1b521b3d06ee	chr1	11048652	99203378	4	2	2
02841f4a-92df-47d3-bb8e-1b521b3d06ee	chr1	99203395	99885660	3	2	1
02841f4a-92df-47d3-bb8e-1b521b3d06ee	chr1	99886079	121705338	4	2	2
02841f4a-92df-47d3-bb8e-1b521b3d06ee	chr1	143541857	147301458	5	4	1
02841f4a-92df-47d3-bb8e-1b521b3d06ee	chr1	147301618	214788634	4	2	2
02841f4a-92df-47d3-bb8e-1b521b3d06ee	chr1	214790804	214800147	10	5	5
02841f4a-92df-47d3-bb8e-1b521b3d06ee	chr1	214801395	248930189	4	2	2
02841f4a-92df-47d3-bb8e-1b521b3d06ee	chr2	12784	57937611	4	2	2
02841f4a-92df-47d3-bb8e-1b521b3d06ee	chr2	57938460	57990626	1	1	0
02841f4a-92df-47d3-bb8e-1b521b3d06ee	chr2	57992319	60511092	4	2	2
02841f4a-92df-47d3-bb8e-1b521b3d06ee	chr2	60511926	60839481	2	2	0
02841f4a-92df-47d3-bb8e-1b521b3d06ee	chr2	60840862	242147305	4	2	2
02841f4a-92df-47d3-bb8e-1b521b3d06ee	chr3	20930	71151338	4	4	0
02841f4a-92df-47d3-bb8e-1b521b3d06ee	chr3	71155112	89357875	6	3	3
02841f4a-92df-47d3-bb8e-1b521b3d06ee	chr3	89357888	89370231	0	0	0
02841f4a-92df-47d3-bb8e-1b521b3d06ee	chr3	89370771	187900352	6	3	3
02841f4a-92df-47d3-bb8e-1b521b3d06ee	chr3	187900419	188792251	4	2	2
02841f4a-92df-47d3-bb8e-1b521b3d06ee	chr3	188799329	198169247	6	3	3
02841f4a-92df-47d3-bb8e-1b521b3d06ee	chr4	68929	10208766	4	2	2
02841f4a-92df-47d3-bb8e-1b521b3d06ee	chr4	10212536	10229874	0	0	0
02841f4a-92df-47d3-bb8e-1b521b3d06ee	chr4	10232590	190106768	4	2	2
02841f4a-92df-47d3-bb8e-1b521b3d06ee	chr5	15532	40052190	4	2	2
02841f4a-92df-47d3-bb8e-1b521b3d06ee	chr5	40055155	40161423	6	3	3
02841f4a-92df-47d3-bb8e-1b521b3d06ee	chr5	40161654	105252752	4	2	2
02841f4a-92df-47d3-bb8e-1b521b3d06ee	chr5	105253580	133159493	2	2	0
02841f4a-92df-47d3-bb8e-1b521b3d06ee	chr5	133163494	150128912	4	2	2
02841f4a-92df-47d3-bb8e-1b521b3d06ee	chr5	150128981	150198011	6	3	3
02841f4a-92df-47d3-bb8e-1b521b3d06ee	chr5	150198356	181363319	4	2	2
02841f4a-92df-47d3-bb8e-1b521b3d06ee	chr6	149661	30341328	4	2	2
02841f4a-92df-47d3-bb8e-1b521b3d06ee	chr6	30352153	30515216	1	1	0
02841f4a-92df-47d3-bb8e-1b521b3d06ee	chr6	30544386	76702394	4	2	2
02841f4a-92df-47d3-bb8e-1b521b3d06ee	chr6	76702482	76743040	0	0	0
02841f4a-92df-47d3-bb8e-1b521b3d06ee	chr6	76743087	170741917	4	2	2
02841f4a-92df-47d3-bb8e-1b521b3d06ee	chr7	43259	159334314	6	3	3
02841f4a-92df-47d3-bb8e-1b521b3d06ee	chr8	81254	2053227	4	2	2
02841f4a-92df-47d3-bb8e-1b521b3d06ee	chr8	2053507	2088938	8	4	4
02841f4a-92df-47d3-bb8e-1b521b3d06ee	chr8	2088956	145072769	4	2	2
02841f4a-92df-47d3-bb8e-1b521b3d06ee	chr9	46587	36955091	4	4	0
02841f4a-92df-47d3-bb8e-1b521b3d06ee	chr9	36957636	138200944	4	2	2
02841f4a-92df-47d3-bb8e-1b521b3d06ee	chr10	45792	133654968	4	2	2
02841f4a-92df-47d3-bb8e-1b521b3d06ee	chr11	198510	946484	4	2	2
02841f4a-92df-47d3-bb8e-1b521b3d06ee	chr11	946985	2507094	3	2	1
02841f4a-92df-47d3-bb8e-1b521b3d06ee	chr11	2508932	135074876	4	2	2
02841f4a-92df-47d3-bb8e-1b521b3d06ee	chr12	51460	133201603	4	2	2
02841f4a-92df-47d3-bb8e-1b521b3d06ee	chr13	18452809	114342922	4	2	2
02841f4a-92df-47d3-bb8e-1b521b3d06ee	chr14	18239283	21872691	4	2	2
02841f4a-92df-47d3-bb8e-1b521b3d06ee	chr14	21874234	22530968	1	1	0
02841f4a-92df-47d3-bb8e-1b521b3d06ee	chr14	22531112	106877229	4	2	2
02841f4a-92df-47d3-bb8e-1b521b3d06ee	chr15	19811075	20525226	9	5	4
02841f4a-92df-47d3-bb8e-1b521b3d06ee	chr15	20538669	23448798	11	11	0
02841f4a-92df-47d3-bb8e-1b521b3d06ee	chr15	23452110	45943616	4	2	2
02841f4a-92df-47d3-bb8e-1b521b3d06ee	chr15	45943633	45950067	0	0	0
02841f4a-92df-47d3-bb8e-1b521b3d06ee	chr15	45950082	101928837	4	2	2
02841f4a-92df-47d3-bb8e-1b521b3d06ee	chr16	10777	88594941	4	2	2
02841f4a-92df-47d3-bb8e-1b521b3d06ee	chr16	88597904	89984281	3	2	1
02841f4a-92df-47d3-bb8e-1b521b3d06ee	chr16	89984472	90096867	4	3	1
02841f4a-92df-47d3-bb8e-1b521b3d06ee	chr17	150733	46088904	4	2	2
02841f4a-92df-47d3-bb8e-1b521b3d06ee	chr17	46089055	46275506	9	6	3
02841f4a-92df-47d3-bb8e-1b521b3d06ee	chr17	46276519	83091923	4	2	2
02841f4a-92df-47d3-bb8e-1b521b3d06ee	chr18	48133	12133229	2	2	0
02841f4a-92df-47d3-bb8e-1b521b3d06ee	chr18	12134154	12747943	12	10	2
02841f4a-92df-47d3-bb8e-1b521b3d06ee	chr18	12750219	14252849	20	18	2
02841f4a-92df-47d3-bb8e-1b521b3d06ee	chr18	14253030	15402409	14	12	2
02841f4a-92df-47d3-bb8e-1b521b3d06ee	chr18	20949392	24399693	13	11	2
02841f4a-92df-47d3-bb8e-1b521b3d06ee	chr18	24400515	32726130	16	14	2
02841f4a-92df-47d3-bb8e-1b521b3d06ee	chr18	32726881	34499996	18	16	2
02841f4a-92df-47d3-bb8e-1b521b3d06ee	chr18	34500341	64236916	16	14	2
02841f4a-92df-47d3-bb8e-1b521b3d06ee	chr18	64237128	73904182	17	15	2
02841f4a-92df-47d3-bb8e-1b521b3d06ee	chr18	73906067	80257174	16	14	2
02841f4a-92df-47d3-bb8e-1b521b3d06ee	chr19	90910	10692116	4	2	2
02841f4a-92df-47d3-bb8e-1b521b3d06ee	chr19	10692719	10930030	2	2	0
02841f4a-92df-47d3-bb8e-1b521b3d06ee	chr19	10940323	17647072	4	2	2
02841f4a-92df-47d3-bb8e-1b521b3d06ee	chr19	17650117	17678131	1	1	0
02841f4a-92df-47d3-bb8e-1b521b3d06ee	chr19	17678840	33459653	4	2	2
02841f4a-92df-47d3-bb8e-1b521b3d06ee	chr19	33461048	38740263	3	2	1
02841f4a-92df-47d3-bb8e-1b521b3d06ee	chr19	38748537	58586487	6	4	2
02841f4a-92df-47d3-bb8e-1b521b3d06ee	chr20	80664	53539809	4	2	2
02841f4a-92df-47d3-bb8e-1b521b3d06ee	chr20	53540308	53582956	13	7	6
02841f4a-92df-47d3-bb8e-1b521b3d06ee	chr20	53583053	64324800	4	2	2
02841f4a-92df-47d3-bb8e-1b521b3d06ee	chr21	12973348	14097609	6	4	2
02841f4a-92df-47d3-bb8e-1b521b3d06ee	chr21	14099039	14558233	3	2	1
02841f4a-92df-47d3-bb8e-1b521b3d06ee	chr21	14560289	46677045	4	2	2
02841f4a-92df-47d3-bb8e-1b521b3d06ee	chr22	16392123	21893791	4	2	2
02841f4a-92df-47d3-bb8e-1b521b3d06ee	chr22	21899454	50796027	4	4	0
02841f4a-92df-47d3-bb8e-1b521b3d06ee	chrX	251810	689999	4	2	2
02841f4a-92df-47d3-bb8e-1b521b3d06ee	chrX	690248	966477	1	1	0
02841f4a-92df-47d3-bb8e-1b521b3d06ee	chrX	970067	1731702	3	2	1
02841f4a-92df-47d3-bb8e-1b521b3d06ee	chrX	1731860	2376598	2	1	1
02841f4a-92df-47d3-bb8e-1b521b3d06ee	chrX	2377218	2442775	0	0	0
02841f4a-92df-47d3-bb8e-1b521b3d06ee	chrX	2446094	2464269	4	2	2
02841f4a-92df-47d3-bb8e-1b521b3d06ee	chrX	2464404	2474297	6	5	1
02841f4a-92df-47d3-bb8e-1b521b3d06ee	chrX	2476642	2820991	2	1	1
02841f4a-92df-47d3-bb8e-1b521b3d06ee	chrX	2821571	155734393	0	0	0
02841f4a-92df-47d3-bb8e-1b521b3d06ee	chrX	155734427	156004181	1	1	0
02841f4a-92df-47d3-bb8e-1b521b3d06ee	chrY	2782397	26653788	0	0	0
02841f4a-92df-47d3-bb8e-1b521b3d06ee	chrY	56872112	56872112	1	1	0
3da2d7e4-c2e6-4b54-a9d7-425dd7da9ab0	chr1	62920	71824420	2	1	1
3da2d7e4-c2e6-4b54-a9d7-425dd7da9ab0	chr1	71825491	73151026	3	2	1
3da2d7e4-c2e6-4b54-a9d7-425dd7da9ab0	chr1	73158935	108789550	2	1	1
3da2d7e4-c2e6-4b54-a9d7-425dd7da9ab0	chr1	108791632	108807942	1	1	0
3da2d7e4-c2e6-4b54-a9d7-425dd7da9ab0	chr1	108808188	248930189	2	1	1
3da2d7e4-c2e6-4b54-a9d7-425dd7da9ab0	chr2	12784	68353704	2	1	1
3da2d7e4-c2e6-4b54-a9d7-425dd7da9ab0	chr2	68353849	88816884	1	1	0
3da2d7e4-c2e6-4b54-a9d7-425dd7da9ab0	chr2	88818588	111116699	2	1	1
3da2d7e4-c2e6-4b54-a9d7-425dd7da9ab0	chr2	111125613	129066625	1	1	0
3da2d7e4-c2e6-4b54-a9d7-425dd7da9ab0	chr2	129066803	129142537	0	0	0
3da2d7e4-c2e6-4b54-a9d7-425dd7da9ab0	chr2	129142893	166710919	1	1	0
3da2d7e4-c2e6-4b54-a9d7-425dd7da9ab0	chr2	166720850	205557416	2	1	1
3da2d7e4-c2e6-4b54-a9d7-425dd7da9ab0	chr2	205558272	205580391	3	2	1
3da2d7e4-c2e6-4b54-a9d7-425dd7da9ab0	chr2	205582051	242147305	2	1	1
3da2d7e4-c2e6-4b54-a9d7-425dd7da9ab0	chr3	20930	45691023	2	1	1
3da2d7e4-c2e6-4b54-a9d7-425dd7da9ab0	chr3	45691938	45699406	1	1	0
3da2d7e4-c2e6-4b54-a9d7-425dd7da9ab0	chr3	45708230	60382649	2	1	1
3da2d7e4-c2e6-4b54-a9d7-425dd7da9ab0	chr3	60382813	60486374	1	1	0
3da2d7e4-c2e6-4b54-a9d7-425dd7da9ab0	chr3	60486476	60509541	3	2	1
3da2d7e4-c2e6-4b54-a9d7-425dd7da9ab0	chr3	60509564	85572010	2	1	1
3da2d7e4-c2e6-4b54-a9d7-425dd7da9ab0	chr3	85573513	85703402	1	1	0
3da2d7e4-c2e6-4b54-a9d7-425dd7da9ab0	chr3	85706410	112303595	2	1	1
3da2d7e4-c2e6-4b54-a9d7-425dd7da9ab0	chr3	112306080	112456474	3	2	1
3da2d7e4-c2e6-4b54-a9d7-425dd7da9ab0	chr3	112461053	116792316	2	1	1
3da2d7e4-c2e6-4b54-a9d7-425dd7da9ab0	chr3	116796438	116954186	1	1	0
3da2d7e4-c2e6-4b54-a9d7-425dd7da9ab0	chr3	116954957	146552981	2	1	1
3da2d7e4-c2e6-4b54-a9d7-425dd7da9ab0	chr3	146553583	146586810	1	1	0
3da2d7e4-c2e6-4b54-a9d7-425dd7da9ab0	chr3	146587106	198169247	2	1	1
3da2d7e4-c2e6-4b54-a9d7-425dd7da9ab0	chr4	68929	8609449	1	1	0
3da2d7e4-c2e6-4b54-a9d7-425dd7da9ab0	chr4	8614369	57175400	2	1	1
3da2d7e4-c2e6-4b54-a9d7-425dd7da9ab0	chr4	57178276	57187711	1	1	0
3da2d7e4-c2e6-4b54-a9d7-425dd7da9ab0	chr4	57189069	119304329	2	1	1
3da2d7e4-c2e6-4b54-a9d7-425dd7da9ab0	chr4	119305729	119337052	1	1	0
3da2d7e4-c2e6-4b54-a9d7-425dd7da9ab0	chr4	119339630	190106768	2	1	1
3da2d7e4-c2e6-4b54-a9d7-425dd7da9ab0	chr5	15532	178738549	2	1	1
3da2d7e4-c2e6-4b54-a9d7-425dd7da9ab0	chr5	178738859	178886790	1	1	0
3da2d7e4-c2e6-4b54-a9d7-425dd7da9ab0	chr5	178886824	181363319	2	1	1
3da2d7e4-c2e6-4b54-a9d7-425dd7da9ab0	chr6	149661	42479270	2	2	0
3da2d7e4-c2e6-4b54-a9d7-425dd7da9ab0	chr6	42479394	78234822	2	1	1
3da2d7e4-c2e6-4b54-a9d7-425dd7da9ab0	chr6	78235177	78322600	0	0	0
3da2d7e4-c2e6-4b54-a9d7-425dd7da9ab0	chr6	78322875	97119783	2	1	1
3da2d7e4-c2e6-4b54-a9d7-425dd7da9ab0	chr6	97123177	97733144	2	2	0
3da2d7e4-c2e6-4b54-a9d7-425dd7da9ab0	chr6	97733709	103286954	2	1	1
3da2d7e4-c2e6-4b54-a9d7-425dd7da9ab0	chr6	103290101	103314186	5	5	0
3da2d7e4-c2e6-4b54-a9d7-425dd7da9ab0	chr6	103317795	118299703	2	1	1
3da2d7e4-c2e6-4b54-a9d7-425dd7da9ab0	chr6	118300293	118377006	3	2	1
3da2d7e4-c2e6-4b54-a9d7-425dd7da9ab0	chr6	118377346	131181631	2	1	1
3da2d7e4-c2e6-4b54-a9d7-425dd7da9ab0	chr6	131184391	131213569	3	2	1
3da2d7e4-c2e6-4b54-a9d7-425dd7da9ab0	chr6	131213902	157565527	2	1	1
3da2d7e4-c2e6-4b54-a9d7-425dd7da9ab0	chr6	157566585	157620251	3	2	1
3da2d7e4-c2e6-4b54-a9d7-425dd7da9ab0	chr6	157620479	159142516	2	1	1
3da2d7e4-c2e6-4b54-a9d7-425dd7da9ab0	chr6	159146813	159159542	4	2	2
3da2d7e4-c2e6-4b54-a9d7-425dd7da9ab0	chr6	159159969	170741917	2	1	1
3da2d7e4-c2e6-4b54-a9d7-425dd7da9ab0	chr7	43259	6392233	3	2	1
3da2d7e4-c2e6-4b54-a9d7-425dd7da9ab0	chr7	6392302	15412372	2	1	1
3da2d7e4-c2e6-4b54-a9d7-425dd7da9ab0	chr7	15413347	50936965	1	1	0
3da2d7e4-c2e6-4b54-a9d7-425dd7da9ab0	chr7	50937365	110661674	2	1	1
3da2d7e4-c2e6-4b54-a9d7-425dd7da9ab0	chr7	110662318	110730264	1	1	0
3da2d7e4-c2e6-4b54-a9d7-425dd7da9ab0	chr7	110730854	142618727	2	1	1
3da2d7e4-c2e6-4b54-a9d7-425dd7da9ab0	chr7	142618972	142795900	1	1	0
3da2d7e4-c2e6-4b54-a9d7-425dd7da9ab0	chr7	142801993	159334314	2	1	1
3da2d7e4-c2e6-4b54-a9d7-425dd7da9ab0	chr8	81254	145072769	2	1	1
3da2d7e4-c2e6-4b54-a9d7-425dd7da9ab0	chr9	46587	112852890	2	1	1
3da2d7e4-c2e6-4b54-a9d7-425dd7da9ab0	chr9	112852961	112856058	1	1	0
3da2d7e4-c2e6-4b54-a9d7-425dd7da9ab0	chr9	112857307	133721819	2	1	1
3da2d7e4-c2e6-4b54-a9d7-425dd7da9ab0	chr9	133721832	133753192	3	2	1
3da2d7e4-c2e6-4b54-a9d7-425dd7da9ab0	chr9	133753594	138200944	2	1	1
3da2d7e4-c2e6-4b54-a9d7-425dd7da9ab0	chr10	45792	26640799	2	1	1
3da2d7e4-c2e6-4b54-a9d7-425dd7da9ab0	chr10	26643770	26662206	1	1	0
3da2d7e4-c2e6-4b54-a9d7-425dd7da9ab0	chr10	26665695	133654968	2	1	1
3da2d7e4-c2e6-4b54-a9d7-425dd7da9ab0	chr11	198510	4946420	2	1	1
3da2d7e4-c2e6-4b54-a9d7-425dd7da9ab0	chr11	4947280	4955042	0	0	0
3da2d7e4-c2e6-4b54-a9d7-425dd7da9ab0	chr11	4955781	39369137	2	1	1
3da2d7e4-c2e6-4b54-a9d7-425dd7da9ab0	chr11	39369157	39378702	5	3	2
3da2d7e4-c2e6-4b54-a9d7-425dd7da9ab0	chr11	39379076	66145238	2	1	1
3da2d7e4-c2e6-4b54-a9d7-425dd7da9ab0	chr11	66147322	69996715	2	2	0
3da2d7e4-c2e6-4b54-a9d7-425dd7da9ab0	chr11	69997744	70003258	1	1	0
3da2d7e4-c2e6-4b54-a9d7-425dd7da9ab0	chr11	70003328	77624291	2	2	0
3da2d7e4-c2e6-4b54-a9d7-425dd7da9ab0	chr11	77628786	135074876	3	3	0
3da2d7e4-c2e6-4b54-a9d7-425dd7da9ab0	chr12	51460	23496855	2	1	1
3da2d7e4-c2e6-4b54-a9d7-425dd7da9ab0	chr12	23499180	23556888	1	1	0
3da2d7e4-c2e6-4b54-a9d7-425dd7da9ab0	chr12	23558285	82762427	2	1	1
3da2d7e4-c2e6-4b54-a9d7-425dd7da9ab0	chr12	82764675	82775715	1	1	0
3da2d7e4-c2e6-4b54-a9d7-425dd7da9ab0	chr12	82776099	133201603	2	1	1
3da2d7e4-c2e6-4b54-a9d7-425dd7da9ab0	chr13	18452809	38357159	2	1	1
3da2d7e4-c2e6-4b54-a9d7-425dd7da9ab0	chr13	38362251	54137078	4	3	1
3da2d7e4-c2e6-4b54-a9d7-425dd7da9ab0	chr13	54137101	55268023	3	2	1
3da2d7e4-c2e6-4b54-a9d7-425dd7da9ab0	chr13	55268456	55310811	1	1	0
3da2d7e4-c2e6-4b54-a9d7-425dd7da9ab0	chr13	55310903	99268133	3	2	1
3da2d7e4-c2e6-4b54-a9d7-425dd7da9ab0	chr13	99270437	114342922	1	1	0
3da2d7e4-c2e6-4b54-a9d7-425dd7da9ab0	chr14	18239283	19955213	5	4	1
3da2d7e4-c2e6-4b54-a9d7-425dd7da9ab0	chr14	19956767	22626643	2	1	1
3da2d7e4-c2e6-4b54-a9d7-425dd7da9ab0	chr14	22626766	22632004	0	0	0
3da2d7e4-c2e6-4b54-a9d7-425dd7da9ab0	chr14	22633534	22644437	4	2	2
3da2d7e4-c2e6-4b54-a9d7-425dd7da9ab0	chr14	22645313	106877229	2	1	1
3da2d7e4-c2e6-4b54-a9d7-425dd7da9ab0	chr15	19811075	23442538	2	2	0
3da2d7e4-c2e6-4b54-a9d7-425dd7da9ab0	chr15	23443797	40182700	2	1	1
3da2d7e4-c2e6-4b54-a9d7-425dd7da9ab0	chr15	40183546	46456865	1	1	0
3da2d7e4-c2e6-4b54-a9d7-425dd7da9ab0	chr15	46458685	101928837	2	1	1
3da2d7e4-c2e6-4b54-a9d7-425dd7da9ab0	chr16	10777	65606175	2	1	1
3da2d7e4-c2e6-4b54-a9d7-425dd7da9ab0	chr16	65606531	65621225	1	1	0
3da2d7e4-c2e6-4b54-a9d7-425dd7da9ab0	chr16	65623644	78320176	2	1	1
3da2d7e4-c2e6-4b54-a9d7-425dd7da9ab0	chr16	78327252	78526619	3	2	1
3da2d7e4-c2e6-4b54-a9d7-425dd7da9ab0	chr16	78527219	90096867	2	1	1
3da2d7e4-c2e6-4b54-a9d7-425dd7da9ab0	chr17	150733	46931140	2	1	1
3da2d7e4-c2e6-4b54-a9d7-425dd7da9ab0	chr17	46931569	46945941	3	2	1
3da2d7e4-c2e6-4b54-a9d7-425dd7da9ab0	chr17	46947037	83091923	2	1	1
3da2d7e4-c2e6-4b54-a9d7-425dd7da9ab0	chr18	48133	42471713	2	1	1
3da2d7e4-c2e6-4b54-a9d7-425dd7da9ab0	chr18	42476604	42477802	0	0	0
3da2d7e4-c2e6-4b54-a9d7-425dd7da9ab0	chr18	42478430	80257174	2	1	1
3da2d7e4-c2e6-4b54-a9d7-425dd7da9ab0	chr19	90910	58586487	2	1	1
3da2d7e4-c2e6-4b54-a9d7-425dd7da9ab0	chr20	80664	15702105	2	1	1
3da2d7e4-c2e6-4b54-a9d7-425dd7da9ab0	chr20	15705020	15719244	4	2	2
3da2d7e4-c2e6-4b54-a9d7-425dd7da9ab0	chr20	15721169	64324800	2	1	1
3da2d7e4-c2e6-4b54-a9d7-425dd7da9ab0	chr21	12973348	46677045	3	2	1
3da2d7e4-c2e6-4b54-a9d7-425dd7da9ab0	chr22	16392123	22337660	2	1	1
3da2d7e4-c2e6-4b54-a9d7-425dd7da9ab0	chr22	22337772	22750970	1	1	0
3da2d7e4-c2e6-4b54-a9d7-425dd7da9ab0	chr22	22756683	32179162	2	1	1
3da2d7e4-c2e6-4b54-a9d7-425dd7da9ab0	chr22	32179227	32196133	1	1	0
3da2d7e4-c2e6-4b54-a9d7-425dd7da9ab0	chr22	32196403	36145677	2	1	1
3da2d7e4-c2e6-4b54-a9d7-425dd7da9ab0	chr22	36145777	36166976	1	1	0
3da2d7e4-c2e6-4b54-a9d7-425dd7da9ab0	chr22	36168981	50796027	2	1	1
3da2d7e4-c2e6-4b54-a9d7-425dd7da9ab0	chrX	251810	38524769	1	1	0
3da2d7e4-c2e6-4b54-a9d7-425dd7da9ab0	chrX	38525038	38527194	0	0	0
3da2d7e4-c2e6-4b54-a9d7-425dd7da9ab0	chrX	38527234	156004181	1	1	0
3da2d7e4-c2e6-4b54-a9d7-425dd7da9ab0	chrY	2782397	56872112	0	0	0
ea3db49a-7294-4964-8bb5-96500ea47958	chr1	62920	2541819	3	2	1
ea3db49a-7294-4964-8bb5-96500ea47958	chr1	2551482	2615252	0	0	0
ea3db49a-7294-4964-8bb5-96500ea47958	chr1	2617141	24873061	3	2	1
ea3db49a-7294-4964-8bb5-96500ea47958	chr1	24877458	24956502	2	1	1
ea3db49a-7294-4964-8bb5-96500ea47958	chr1	24956865	105855970	3	2	1
ea3db49a-7294-4964-8bb5-96500ea47958	chr1	105856204	106654105	4	3	1
ea3db49a-7294-4964-8bb5-96500ea47958	chr1	106656184	149881178	3	2	1
ea3db49a-7294-4964-8bb5-96500ea47958	chr1	149888396	149949415	5	5	0
ea3db49a-7294-4964-8bb5-96500ea47958	chr1	149949665	152729218	6	3	3
ea3db49a-7294-4964-8bb5-96500ea47958	chr1	152735349	152777415	8	5	3
ea3db49a-7294-4964-8bb5-96500ea47958	chr1	152777780	157698314	5	3	2
ea3db49a-7294-4964-8bb5-96500ea47958	chr1	157698600	169118549	6	3	3
ea3db49a-7294-4964-8bb5-96500ea47958	chr1	169118894	171234161	4	2	2
ea3db49a-7294-4964-8bb5-96500ea47958	chr1	171235824	188977322	6	3	3
ea3db49a-7294-4964-8bb5-96500ea47958	chr1	188977548	189003563	14	9	5
ea3db49a-7294-4964-8bb5-96500ea47958	chr1	189006088	200682081	6	3	3
ea3db49a-7294-4964-8bb5-96500ea47958	chr1	200682101	214271636	5	3	2
ea3db49a-7294-4964-8bb5-96500ea47958	chr1	214272289	248930189	6	3	3
ea3db49a-7294-4964-8bb5-96500ea47958	chr2	12784	51846482	4	2	2
ea3db49a-7294-4964-8bb5-96500ea47958	chr2	51846623	64226110	7	5	2
ea3db49a-7294-4964-8bb5-96500ea47958	chr2	64226352	81386731	4	4	0
ea3db49a-7294-4964-8bb5-96500ea47958	chr2	81386877	88818596	3	3	0
ea3db49a-7294-4964-8bb5-96500ea47958	chr2	88818611	89986900	8	8	0
ea3db49a-7294-4964-8bb5-96500ea47958	chr2	89988886	103686032	3	3	0
ea3db49a-7294-4964-8bb5-96500ea47958	chr2	103688945	166710784	2	2	0
ea3db49a-7294-4964-8bb5-96500ea47958	chr2	166710919	166750119	4	4	0
ea3db49a-7294-4964-8bb5-96500ea47958	chr2	166750532	184025683	3	3	0
ea3db49a-7294-4964-8bb5-96500ea47958	chr2	184025818	196495812	5	5	0
ea3db49a-7294-4964-8bb5-96500ea47958	chr2	196495872	233853569	4	4	0
ea3db49a-7294-4964-8bb5-96500ea47958	chr2	233855851	233859584	8	8	0
ea3db49a-7294-4964-8bb5-96500ea47958	chr2	233866700	242147305	4	4	0
ea3db49a-7294-4964-8bb5-96500ea47958	chr3	20930	162790480	3	2	1
ea3db49a-7294-4964-8bb5-96500ea47958	chr3	162794869	162908784	11	11	0
ea3db49a-7294-4964-8bb5-96500ea47958	chr3	162908815	187734694	3	2	1
ea3db49a-7294-4964-8bb5-96500ea47958	chr3	187736008	189218022	11	8	3
ea3db49a-7294-4964-8bb5-96500ea47958	chr3	189218969	189338943	12	10	2
ea3db49a-7294-4964-8bb5-96500ea47958	chr3	189338975	189438258	9	7	2
ea3db49a-7294-4964-8bb5-96500ea47958	chr3	189441563	191334745	4	2	2
ea3db49a-7294-4964-8bb5-96500ea47958	chr3	191334937	192406266	10	8	2
ea3db49a-7294-4964-8bb5-96500ea47958	chr3	192414348	194456702	4	2	2
ea3db49a-7294-4964-8bb5-96500ea47958	chr3	194466339	198169247	9	7	2
ea3db49a-7294-4964-8bb5-96500ea47958	chr4	68929	49146817	3	2	1
ea3db49a-7294-4964-8bb5-96500ea47958	chr4	49146905	49656595	11	11	0
ea3db49a-7294-4964-8bb5-96500ea47958	chr4	51819533	161492661	3	2	1
ea3db49a-7294-4964-8bb5-96500ea47958	chr4	161497158	161882866	2	1	1
ea3db49a-7294-4964-8bb5-96500ea47958	chr4	161886964	190106768	3	2	1
ea3db49a-7294-4964-8bb5-96500ea47958	chr5	15532	16903003	4	2	2
ea3db49a-7294-4964-8bb5-96500ea47958	chr5	16903609	30975905	5	3	2
ea3db49a-7294-4964-8bb5-96500ea47958	chr5	30975931	153740488	4	2	2
ea3db49a-7294-4964-8bb5-96500ea47958	chr5	153740704	153743928	1	1	0
ea3db49a-7294-4964-8bb5-96500ea47958	chr5	153752746	181363319	4	2	2
ea3db49a-7294-4964-8bb5-96500ea47958	chr6	149661	60351931	7	6	1
ea3db49a-7294-4964-8bb5-96500ea47958	chr6	60352984	60585656	4	3	1
ea3db49a-7294-4964-8bb5-96500ea47958	chr6	60585948	170741917	2	1	1
ea3db49a-7294-4964-8bb5-96500ea47958	chr7	43259	7211838	5	4	1
ea3db49a-7294-4964-8bb5-96500ea47958	chr7	7212483	52000581	6	5	1
ea3db49a-7294-4964-8bb5-96500ea47958	chr7	52003812	52006792	10	8	2
ea3db49a-7294-4964-8bb5-96500ea47958	chr7	52010307	64074102	6	5	1
ea3db49a-7294-4964-8bb5-96500ea47958	chr7	64075823	65041135	8	7	1
ea3db49a-7294-4964-8bb5-96500ea47958	chr7	65046526	67860680	5	4	1
ea3db49a-7294-4964-8bb5-96500ea47958	chr7	67861246	68381416	8	7	1
ea3db49a-7294-4964-8bb5-96500ea47958	chr7	68383377	68719415	5	4	1
ea3db49a-7294-4964-8bb5-96500ea47958	chr7	68719447	77253808	8	7	1
ea3db49a-7294-4964-8bb5-96500ea47958	chr7	77254291	110432006	9	8	1
ea3db49a-7294-4964-8bb5-96500ea47958	chr7	110433492	110501353	6	5	1
ea3db49a-7294-4964-8bb5-96500ea47958	chr7	110501379	159334314	3	2	1
ea3db49a-7294-4964-8bb5-96500ea47958	chr8	81254	2710929	8	7	1
ea3db49a-7294-4964-8bb5-96500ea47958	chr8	2713727	5963848	3	2	1
ea3db49a-7294-4964-8bb5-96500ea47958	chr8	5963894	7537162	8	7	1
ea3db49a-7294-4964-8bb5-96500ea47958	chr8	7598502	9129966	3	2	1
ea3db49a-7294-4964-8bb5-96500ea47958	chr8	9133067	12177488	8	7	1
ea3db49a-7294-4964-8bb5-96500ea47958	chr8	12323772	19083112	3	2	1
ea3db49a-7294-4964-8bb5-96500ea47958	chr8	19083425	19733691	8	7	1
ea3db49a-7294-4964-8bb5-96500ea47958	chr8	19736073	32337743	3	2	1
ea3db49a-7294-4964-8bb5-96500ea47958	chr8	32338027	36598811	8	7	1
ea3db49a-7294-4964-8bb5-96500ea47958	chr8	36602856	41784416	3	2	1
ea3db49a-7294-4964-8bb5-96500ea47958	chr8	41784646	43124847	8	7	1
ea3db49a-7294-4964-8bb5-96500ea47958	chr8	43128022	43565674	3	3	0
ea3db49a-7294-4964-8bb5-96500ea47958	chr8	43565689	47607832	7	6	1
ea3db49a-7294-4964-8bb5-96500ea47958	chr8	47613619	49182068	3	2	1
ea3db49a-7294-4964-8bb5-96500ea47958	chr8	49182435	50000732	8	7	1
ea3db49a-7294-4964-8bb5-96500ea47958	chr8	50003965	50484942	3	2	1
ea3db49a-7294-4964-8bb5-96500ea47958	chr8	50488126	52925511	9	8	1
ea3db49a-7294-4964-8bb5-96500ea47958	chr8	52926421	53136139	3	2	1
ea3db49a-7294-4964-8bb5-96500ea47958	chr8	53138516	53396159	9	8	1
ea3db49a-7294-4964-8bb5-96500ea47958	chr8	53399358	55216357	3	2	1
ea3db49a-7294-4964-8bb5-96500ea47958	chr8	55217420	55493263	8	7	1
ea3db49a-7294-4964-8bb5-96500ea47958	chr8	55493325	55538780	4	3	1
ea3db49a-7294-4964-8bb5-96500ea47958	chr8	55539066	58390018	8	7	1
ea3db49a-7294-4964-8bb5-96500ea47958	chr8	58390325	66986517	3	2	1
ea3db49a-7294-4964-8bb5-96500ea47958	chr8	66989095	70482641	8	7	1
ea3db49a-7294-4964-8bb5-96500ea47958	chr8	70483562	77450989	3	2	1
ea3db49a-7294-4964-8bb5-96500ea47958	chr8	77451894	82575960	9	8	1
ea3db49a-7294-4964-8bb5-96500ea47958	chr8	82578931	83708898	3	2	1
ea3db49a-7294-4964-8bb5-96500ea47958	chr8	83713011	84970924	9	8	1
ea3db49a-7294-4964-8bb5-96500ea47958	chr8	84979144	87683192	3	2	1
ea3db49a-7294-4964-8bb5-96500ea47958	chr8	87684611	88087643	9	8	1
ea3db49a-7294-4964-8bb5-96500ea47958	chr8	88089819	90167578	3	2	1
ea3db49a-7294-4964-8bb5-96500ea47958	chr8	90171183	90673411	9	8	1
ea3db49a-7294-4964-8bb5-96500ea47958	chr8	90675342	96989773	3	2	1
ea3db49a-7294-4964-8bb5-96500ea47958	chr8	97003577	100673904	8	7	1
ea3db49a-7294-4964-8bb5-96500ea47958	chr8	100676883	102618912	3	2	1
ea3db49a-7294-4964-8bb5-96500ea47958	chr8	102621534	103316081	8	7	1
ea3db49a-7294-4964-8bb5-96500ea47958	chr8	103316362	105730379	9	8	1
ea3db49a-7294-4964-8bb5-96500ea47958	chr8	105730574	107224881	3	2	1
ea3db49a-7294-4964-8bb5-96500ea47958	chr8	107227471	110695528	9	8	1
ea3db49a-7294-4964-8bb5-96500ea47958	chr8	110695810	120499207	12	8	4
ea3db49a-7294-4964-8bb5-96500ea47958	chr8	120499500	125144512	6	3	3
ea3db49a-7294-4964-8bb5-96500ea47958	chr8	125145204	125458575	12	8	4
ea3db49a-7294-4964-8bb5-96500ea47958	chr8	125459528	128031336	11	9	2
ea3db49a-7294-4964-8bb5-96500ea47958	chr8	128033045	128045278	9	5	4
ea3db49a-7294-4964-8bb5-96500ea47958	chr8	128046110	128236803	4	2	2
ea3db49a-7294-4964-8bb5-96500ea47958	chr8	128241577	131235644	9	7	2
ea3db49a-7294-4964-8bb5-96500ea47958	chr8	131238109	134237787	4	2	2
ea3db49a-7294-4964-8bb5-96500ea47958	chr8	134237829	135072188	9	7	2
ea3db49a-7294-4964-8bb5-96500ea47958	chr8	135073353	136722562	4	2	2
ea3db49a-7294-4964-8bb5-96500ea47958	chr8	136722836	137931957	10	8	2
ea3db49a-7294-4964-8bb5-96500ea47958	chr8	137932706	137947004	7	7	0
ea3db49a-7294-4964-8bb5-96500ea47958	chr8	137947992	139152414	4	2	2
ea3db49a-7294-4964-8bb5-96500ea47958	chr8	139154102	145072769	9	7	2
ea3db49a-7294-4964-8bb5-96500ea47958	chr9	46587	9747265	3	3	0
ea3db49a-7294-4964-8bb5-96500ea47958	chr9	9750994	12272744	4	4	0
ea3db49a-7294-4964-8bb5-96500ea47958	chr9	12272803	21819478	3	3	0
ea3db49a-7294-4964-8bb5-96500ea47958	chr9	21828111	22208684	0	0	0
ea3db49a-7294-4964-8bb5-96500ea47958	chr9	22210887	90784409	3	3	0
ea3db49a-7294-4964-8bb5-96500ea47958	chr9	90784631	91078377	2	2	0
ea3db49a-7294-4964-8bb5-96500ea47958	chr9	91078556	113699573	3	3	0
ea3db49a-7294-4964-8bb5-96500ea47958	chr9	113699832	114088211	3	2	1
ea3db49a-7294-4964-8bb5-96500ea47958	chr9	114089092	138200944	3	3	0
ea3db49a-7294-4964-8bb5-96500ea47958	chr10	45792	93893240	6	3	3
ea3db49a-7294-4964-8bb5-96500ea47958	chr10	93893392	94069918	7	4	3
ea3db49a-7294-4964-8bb5-96500ea47958	chr10	94070906	133654968	5	3	2
ea3db49a-7294-4964-8bb5-96500ea47958	chr11	198510	44265599	6	3	3
ea3db49a-7294-4964-8bb5-96500ea47958	chr11	44265742	46258848	5	3	2
ea3db49a-7294-4964-8bb5-96500ea47958	chr11	46261373	116389118	6	3	3
ea3db49a-7294-4964-8bb5-96500ea47958	chr11	116390498	116408710	3	2	1
ea3db49a-7294-4964-8bb5-96500ea47958	chr11	116409535	134184101	5	3	2
ea3db49a-7294-4964-8bb5-96500ea47958	chr11	134184194	134637161	6	4	2
ea3db49a-7294-4964-8bb5-96500ea47958	chr11	134637277	135074876	5	3	2
ea3db49a-7294-4964-8bb5-96500ea47958	chr12	51460	133201603	4	3	1
ea3db49a-7294-4964-8bb5-96500ea47958	chr13	18452809	114342922	6	3	3
ea3db49a-7294-4964-8bb5-96500ea47958	chr14	18239283	25992539	4	2	2
ea3db49a-7294-4964-8bb5-96500ea47958	chr14	25992661	51220924	5	3	2
ea3db49a-7294-4964-8bb5-96500ea47958	chr14	51224807	105505543	4	2	2
ea3db49a-7294-4964-8bb5-96500ea47958	chr14	105505557	106877229	4	3	1
ea3db49a-7294-4964-8bb5-96500ea47958	chr15	19811075	34372026	3	2	1
ea3db49a-7294-4964-8bb5-96500ea47958	chr15	34372763	34589465	0	0	0
ea3db49a-7294-4964-8bb5-96500ea47958	chr15	34599421	34604931	2	1	1
ea3db49a-7294-4964-8bb5-96500ea47958	chr15	34606122	101928837	3	2	1
ea3db49a-7294-4964-8bb5-96500ea47958	chr16	10777	90096867	4	2	2
ea3db49a-7294-4964-8bb5-96500ea47958	chr17	150733	264729	4	2	2
ea3db49a-7294-4964-8bb5-96500ea47958	chr17	264878	18971407	3	2	1
ea3db49a-7294-4964-8bb5-96500ea47958	chr17	18973153	18973153	12	12	0
ea3db49a-7294-4964-8bb5-96500ea47958	chr17	18973270	19100750	3	2	1
ea3db49a-7294-4964-8bb5-96500ea47958	chr17	19126843	41266762	5	3	2
ea3db49a-7294-4964-8bb5-96500ea47958	chr17	41266774	41274279	0	0	0
ea3db49a-7294-4964-8bb5-96500ea47958	chr17	41276472	43207927	6	3	3
ea3db49a-7294-4964-8bb5-96500ea47958	chr17	43215382	83091923	3	2	1
ea3db49a-7294-4964-8bb5-96500ea47958	chr18	48133	15402409	3	3	0
ea3db49a-7294-4964-8bb5-96500ea47958	chr18	20949392	63126261	4	3	1
ea3db49a-7294-4964-8bb5-96500ea47958	chr18	63126422	70408793	6	3	3
ea3db49a-7294-4964-8bb5-96500ea47958	chr18	70415522	70441540	5	3	2
ea3db49a-7294-4964-8bb5-96500ea47958	chr18	70444281	80257174	3	2	1
ea3db49a-7294-4964-8bb5-96500ea47958	chr19	90910	58586487	4	2	2
ea3db49a-7294-4964-8bb5-96500ea47958	chr20	80664	64324800	4	2	2
ea3db49a-7294-4964-8bb5-96500ea47958	chr21	12973348	24411423	5	3	2
ea3db49a-7294-4964-8bb5-96500ea47958	chr21	24411539	46677045	4	2	2
ea3db49a-7294-4964-8bb5-96500ea47958	chr22	16392123	19574776	6	3	3
ea3db49a-7294-4964-8bb5-96500ea47958	chr22	19575824	32179162	5	3	2
ea3db49a-7294-4964-8bb5-96500ea47958	chr22	32179227	32196133	3	2	1
ea3db49a-7294-4964-8bb5-96500ea47958	chr22	32196403	41921921	5	3	2
ea3db49a-7294-4964-8bb5-96500ea47958	chr22	41923652	50796027	3	2	1
ea3db49a-7294-4964-8bb5-96500ea47958	chrX	251810	35640420	2	2	0
ea3db49a-7294-4964-8bb5-96500ea47958	chrX	35641321	35643389	5	5	0
ea3db49a-7294-4964-8bb5-96500ea47958	chrX	35644143	94466844	2	2	0
ea3db49a-7294-4964-8bb5-96500ea47958	chrX	94468853	94479440	4	4	0
ea3db49a-7294-4964-8bb5-96500ea47958	chrX	94479630	156004181	2	2	0
ea3db49a-7294-4964-8bb5-96500ea47958	chrY	2782397	26653788	0	0	0
ea3db49a-7294-4964-8bb5-96500ea47958	chrY	56872112	56872112	6	6	0
ccb9f6eb-643c-4dea-9da2-1262dd6115ea	chr1	62920	121705338	2	1	1
ccb9f6eb-643c-4dea-9da2-1262dd6115ea	chr1	143541857	175210764	3	3	0
ccb9f6eb-643c-4dea-9da2-1262dd6115ea	chr1	175210999	176039041	4	3	1
ccb9f6eb-643c-4dea-9da2-1262dd6115ea	chr1	176043509	181805135	3	2	1
ccb9f6eb-643c-4dea-9da2-1262dd6115ea	chr1	181805916	181929866	4	3	1
ccb9f6eb-643c-4dea-9da2-1262dd6115ea	chr1	181929872	244063338	3	2	1
ccb9f6eb-643c-4dea-9da2-1262dd6115ea	chr1	244065397	247674832	2	1	1
ccb9f6eb-643c-4dea-9da2-1262dd6115ea	chr1	247675085	248930189	3	2	1
ccb9f6eb-643c-4dea-9da2-1262dd6115ea	chr2	12784	3766754	2	1	1
ccb9f6eb-643c-4dea-9da2-1262dd6115ea	chr2	3766835	3790818	4	2	2
ccb9f6eb-643c-4dea-9da2-1262dd6115ea	chr2	3791350	29852145	2	1	1
ccb9f6eb-643c-4dea-9da2-1262dd6115ea	chr2	29852185	29867763	5	3	2
ccb9f6eb-643c-4dea-9da2-1262dd6115ea	chr2	29868729	242147305	2	1	1
ccb9f6eb-643c-4dea-9da2-1262dd6115ea	chr3	20930	6780792	2	1	1
ccb9f6eb-643c-4dea-9da2-1262dd6115ea	chr3	6780988	6791848	6	3	3
ccb9f6eb-643c-4dea-9da2-1262dd6115ea	chr3	6792476	14579301	2	1	1
ccb9f6eb-643c-4dea-9da2-1262dd6115ea	chr3	14579720	14749174	1	1	0
ccb9f6eb-643c-4dea-9da2-1262dd6115ea	chr3	14749864	21949340	2	1	1
ccb9f6eb-643c-4dea-9da2-1262dd6115ea	chr3	21958000	21959454	0	0	0
ccb9f6eb-643c-4dea-9da2-1262dd6115ea	chr3	21966375	97147066	2	1	1
ccb9f6eb-643c-4dea-9da2-1262dd6115ea	chr3	97148194	98147333	3	2	1
ccb9f6eb-643c-4dea-9da2-1262dd6115ea	chr3	98151845	119201999	2	1	1
ccb9f6eb-643c-4dea-9da2-1262dd6115ea	chr3	119209587	120223877	1	1	0
ccb9f6eb-643c-4dea-9da2-1262dd6115ea	chr3	120225548	128784312	2	1	1
ccb9f6eb-643c-4dea-9da2-1262dd6115ea	chr3	128787415	129263746	4	4	0
ccb9f6eb-643c-4dea-9da2-1262dd6115ea	chr3	129264381	198169247	2	1	1
ccb9f6eb-643c-4dea-9da2-1262dd6115ea	chr4	68929	35485070	2	1	1
ccb9f6eb-643c-4dea-9da2-1262dd6115ea	chr4	35490646	35520000	1	1	0
ccb9f6eb-643c-4dea-9da2-1262dd6115ea	chr4	35523088	54635561	2	1	1
ccb9f6eb-643c-4dea-9da2-1262dd6115ea	chr4	54635754	54749359	3	2	1
ccb9f6eb-643c-4dea-9da2-1262dd6115ea	chr4	54751042	168526369	2	1	1
ccb9f6eb-643c-4dea-9da2-1262dd6115ea	chr4	168526757	168602465	1	1	0
ccb9f6eb-643c-4dea-9da2-1262dd6115ea	chr4	168604869	169025852	2	1	1
ccb9f6eb-643c-4dea-9da2-1262dd6115ea	chr4	169026849	169034225	7	4	3
ccb9f6eb-643c-4dea-9da2-1262dd6115ea	chr4	169039073	181168526	2	1	1
ccb9f6eb-643c-4dea-9da2-1262dd6115ea	chr4	181170142	181272501	1	1	0
ccb9f6eb-643c-4dea-9da2-1262dd6115ea	chr4	181272779	189828279	2	1	1
ccb9f6eb-643c-4dea-9da2-1262dd6115ea	chr4	189834486	190106768	3	2	1
ccb9f6eb-643c-4dea-9da2-1262dd6115ea	chr5	15532	35664261	2	1	1
ccb9f6eb-643c-4dea-9da2-1262dd6115ea	chr5	35673481	35873466	1	1	0
ccb9f6eb-643c-4dea-9da2-1262dd6115ea	chr5	35874144	52616457	2	1	1
ccb9f6eb-643c-4dea-9da2-1262dd6115ea	chr5	52616519	52667742	1	1	0
ccb9f6eb-643c-4dea-9da2-1262dd6115ea	chr5	52667904	78180865	2	1	1
ccb9f6eb-643c-4dea-9da2-1262dd6115ea	chr5	78181271	78409743	1	1	0
ccb9f6eb-643c-4dea-9da2-1262dd6115ea	chr5	78412062	107435356	2	1	1
ccb9f6eb-643c-4dea-9da2-1262dd6115ea	chr5	107435508	107444828	5	3	2
ccb9f6eb-643c-4dea-9da2-1262dd6115ea	chr5	107445531	127517345	2	1	1
ccb9f6eb-643c-4dea-9da2-1262dd6115ea	chr5	127518435	127590204	1	1	0
ccb9f6eb-643c-4dea-9da2-1262dd6115ea	chr5	127592899	161709583	2	1	1
ccb9f6eb-643c-4dea-9da2-1262dd6115ea	chr5	161712912	161822548	1	1	0
ccb9f6eb-643c-4dea-9da2-1262dd6115ea	chr5	161822855	181363319	2	1	1
ccb9f6eb-643c-4dea-9da2-1262dd6115ea	chr6	149661	8932228	2	1	1
ccb9f6eb-643c-4dea-9da2-1262dd6115ea	chr6	8932657	14097278	1	1	0
ccb9f6eb-643c-4dea-9da2-1262dd6115ea	chr6	14098407	28858628	2	1	1
ccb9f6eb-643c-4dea-9da2-1262dd6115ea	chr6	28869040	30056091	1	1	0
ccb9f6eb-643c-4dea-9da2-1262dd6115ea	chr6	30056900	31965741	2	1	1
ccb9f6eb-643c-4dea-9da2-1262dd6115ea	chr6	31973780	32965445	3	2	1
ccb9f6eb-643c-4dea-9da2-1262dd6115ea	chr6	32966664	43777370	2	1	1
ccb9f6eb-643c-4dea-9da2-1262dd6115ea	chr6	43778673	44321687	1	1	0
ccb9f6eb-643c-4dea-9da2-1262dd6115ea	chr6	44321714	61777006	2	1	1
ccb9f6eb-643c-4dea-9da2-1262dd6115ea	chr6	61777492	62233146	1	1	0
ccb9f6eb-643c-4dea-9da2-1262dd6115ea	chr6	62233770	119597451	2	1	1
ccb9f6eb-643c-4dea-9da2-1262dd6115ea	chr6	119601242	124328679	1	1	0
ccb9f6eb-643c-4dea-9da2-1262dd6115ea	chr6	124328902	124461792	0	0	0
ccb9f6eb-643c-4dea-9da2-1262dd6115ea	chr6	124464303	130167693	1	1	0
ccb9f6eb-643c-4dea-9da2-1262dd6115ea	chr6	130168683	130906073	0	0	0
ccb9f6eb-643c-4dea-9da2-1262dd6115ea	chr6	130906195	136348413	1	1	0
ccb9f6eb-643c-4dea-9da2-1262dd6115ea	chr6	136350956	138006624	0	0	0
ccb9f6eb-643c-4dea-9da2-1262dd6115ea	chr6	138007313	145001120	1	1	0
ccb9f6eb-643c-4dea-9da2-1262dd6115ea	chr6	145001237	145467353	0	0	0
ccb9f6eb-643c-4dea-9da2-1262dd6115ea	chr6	145469712	146075563	1	1	0
ccb9f6eb-643c-4dea-9da2-1262dd6115ea	chr6	146076662	154097279	2	1	1
ccb9f6eb-643c-4dea-9da2-1262dd6115ea	chr6	154097426	154913334	1	1	0
ccb9f6eb-643c-4dea-9da2-1262dd6115ea	chr6	154913944	170741917	2	1	1
ccb9f6eb-643c-4dea-9da2-1262dd6115ea	chr7	43259	57269320	2	1	1
ccb9f6eb-643c-4dea-9da2-1262dd6115ea	chr7	57269338	57318137	1	1	0
ccb9f6eb-643c-4dea-9da2-1262dd6115ea	chr7	57320397	115734852	2	1	1
ccb9f6eb-643c-4dea-9da2-1262dd6115ea	chr7	115735453	131471468	1	1	0
ccb9f6eb-643c-4dea-9da2-1262dd6115ea	chr7	131471590	159334314	2	1	1
ccb9f6eb-643c-4dea-9da2-1262dd6115ea	chr8	81254	3162901	2	1	1
ccb9f6eb-643c-4dea-9da2-1262dd6115ea	chr8	3163100	4931630	1	1	0
ccb9f6eb-643c-4dea-9da2-1262dd6115ea	chr8	4931782	5988346	2	1	1
ccb9f6eb-643c-4dea-9da2-1262dd6115ea	chr8	5988800	6781597	1	1	0
ccb9f6eb-643c-4dea-9da2-1262dd6115ea	chr8	6781904	6786811	4	3	1
ccb9f6eb-643c-4dea-9da2-1262dd6115ea	chr8	6787873	26353214	1	1	0
ccb9f6eb-643c-4dea-9da2-1262dd6115ea	chr8	26354897	27912250	2	1	1
ccb9f6eb-643c-4dea-9da2-1262dd6115ea	chr8	27912560	27929707	5	3	2
ccb9f6eb-643c-4dea-9da2-1262dd6115ea	chr8	27929792	96550484	2	1	1
ccb9f6eb-643c-4dea-9da2-1262dd6115ea	chr8	96550959	103629400	1	1	0
ccb9f6eb-643c-4dea-9da2-1262dd6115ea	chr8	103647671	128513727	2	1	1
ccb9f6eb-643c-4dea-9da2-1262dd6115ea	chr8	128517544	132993230	1	1	0
ccb9f6eb-643c-4dea-9da2-1262dd6115ea	chr8	132994568	141166213	2	1	1
ccb9f6eb-643c-4dea-9da2-1262dd6115ea	chr8	141167152	145072769	1	1	0
ccb9f6eb-643c-4dea-9da2-1262dd6115ea	chr9	46587	74185999	2	1	1
ccb9f6eb-643c-4dea-9da2-1262dd6115ea	chr9	74186647	95184949	1	1	0
ccb9f6eb-643c-4dea-9da2-1262dd6115ea	chr9	95186600	138200944	2	1	1
ccb9f6eb-643c-4dea-9da2-1262dd6115ea	chr10	45792	114442437	2	1	1
ccb9f6eb-643c-4dea-9da2-1262dd6115ea	chr10	114442570	127387915	1	1	0
ccb9f6eb-643c-4dea-9da2-1262dd6115ea	chr10	127387931	133654968	2	1	1
ccb9f6eb-643c-4dea-9da2-1262dd6115ea	chr11	198510	973976	2	2	0
ccb9f6eb-643c-4dea-9da2-1262dd6115ea	chr11	976019	7586855	3	2	1
ccb9f6eb-643c-4dea-9da2-1262dd6115ea	chr11	7589744	16695868	2	1	1
ccb9f6eb-643c-4dea-9da2-1262dd6115ea	chr11	16699997	16839600	1	1	0
ccb9f6eb-643c-4dea-9da2-1262dd6115ea	chr11	16840816	18931442	2	1	1
ccb9f6eb-643c-4dea-9da2-1262dd6115ea	chr11	18931457	18939631	0	0	0
ccb9f6eb-643c-4dea-9da2-1262dd6115ea	chr11	18939734	45245493	2	1	1
ccb9f6eb-643c-4dea-9da2-1262dd6115ea	chr11	45245691	45364863	1	1	0
ccb9f6eb-643c-4dea-9da2-1262dd6115ea	chr11	45369478	58003882	2	1	1
ccb9f6eb-643c-4dea-9da2-1262dd6115ea	chr11	58013749	58104718	1	1	0
ccb9f6eb-643c-4dea-9da2-1262dd6115ea	chr11	58106682	60236685	2	1	1
ccb9f6eb-643c-4dea-9da2-1262dd6115ea	chr11	60239102	60263065	1	1	0
ccb9f6eb-643c-4dea-9da2-1262dd6115ea	chr11	60265379	108966472	2	1	1
ccb9f6eb-643c-4dea-9da2-1262dd6115ea	chr11	108966488	119236363	3	2	1
ccb9f6eb-643c-4dea-9da2-1262dd6115ea	chr11	119237017	119295337	0	0	0
ccb9f6eb-643c-4dea-9da2-1262dd6115ea	chr11	119295590	121638807	1	1	0
ccb9f6eb-643c-4dea-9da2-1262dd6115ea	chr11	121650615	131247102	4	3	1
ccb9f6eb-643c-4dea-9da2-1262dd6115ea	chr11	131247199	131253037	7	5	2
ccb9f6eb-643c-4dea-9da2-1262dd6115ea	chr11	131262803	135074876	4	3	1
ccb9f6eb-643c-4dea-9da2-1262dd6115ea	chr12	51460	7700883	2	1	1
ccb9f6eb-643c-4dea-9da2-1262dd6115ea	chr12	7700916	7971304	3	2	1
ccb9f6eb-643c-4dea-9da2-1262dd6115ea	chr12	7978362	99422770	2	1	1
ccb9f6eb-643c-4dea-9da2-1262dd6115ea	chr12	99423064	99528663	1	1	0
ccb9f6eb-643c-4dea-9da2-1262dd6115ea	chr12	99529126	127781123	2	1	1
ccb9f6eb-643c-4dea-9da2-1262dd6115ea	chr12	127783400	127790649	4	2	2
ccb9f6eb-643c-4dea-9da2-1262dd6115ea	chr12	127790924	133201603	2	1	1
ccb9f6eb-643c-4dea-9da2-1262dd6115ea	chr13	18452809	19918880	1	1	0
ccb9f6eb-643c-4dea-9da2-1262dd6115ea	chr13	19920266	30034380	2	1	1
ccb9f6eb-643c-4dea-9da2-1262dd6115ea	chr13	30035327	50027001	1	1	0
ccb9f6eb-643c-4dea-9da2-1262dd6115ea	chr13	50030481	102239011	2	1	1
ccb9f6eb-643c-4dea-9da2-1262dd6115ea	chr13	102242097	102350169	1	1	0
ccb9f6eb-643c-4dea-9da2-1262dd6115ea	chr13	102350528	114342922	2	1	1
ccb9f6eb-643c-4dea-9da2-1262dd6115ea	chr14	18239283	82225178	2	1	1
ccb9f6eb-643c-4dea-9da2-1262dd6115ea	chr14	82226179	83055013	3	2	1
ccb9f6eb-643c-4dea-9da2-1262dd6115ea	chr14	83055974	106877229	2	1	1
ccb9f6eb-643c-4dea-9da2-1262dd6115ea	chr15	19811075	45942117	2	1	1
ccb9f6eb-643c-4dea-9da2-1262dd6115ea	chr15	45943266	45944267	0	0	0
ccb9f6eb-643c-4dea-9da2-1262dd6115ea	chr15	45948515	101928837	2	1	1
ccb9f6eb-643c-4dea-9da2-1262dd6115ea	chr16	10777	10022842	2	1	1
ccb9f6eb-643c-4dea-9da2-1262dd6115ea	chr16	10023680	12298914	1	1	0
ccb9f6eb-643c-4dea-9da2-1262dd6115ea	chr16	12303862	12612656	0	0	0
ccb9f6eb-643c-4dea-9da2-1262dd6115ea	chr16	12613101	13437594	1	1	0
ccb9f6eb-643c-4dea-9da2-1262dd6115ea	chr16	13437655	13456200	3	2	1
ccb9f6eb-643c-4dea-9da2-1262dd6115ea	chr16	13456374	13874291	1	1	0
ccb9f6eb-643c-4dea-9da2-1262dd6115ea	chr16	13874540	35368261	2	1	1
ccb9f6eb-643c-4dea-9da2-1262dd6115ea	chr16	35368509	61690965	1	1	0
ccb9f6eb-643c-4dea-9da2-1262dd6115ea	chr16	61694668	73411153	2	1	1
ccb9f6eb-643c-4dea-9da2-1262dd6115ea	chr16	73411207	73490397	1	1	0
ccb9f6eb-643c-4dea-9da2-1262dd6115ea	chr16	73491338	73507390	4	2	2
ccb9f6eb-643c-4dea-9da2-1262dd6115ea	chr16	73508188	86356433	2	1	1
ccb9f6eb-643c-4dea-9da2-1262dd6115ea	chr16	86356664	86907058	1	1	0
ccb9f6eb-643c-4dea-9da2-1262dd6115ea	chr16	86910053	90096867	2	1	1
ccb9f6eb-643c-4dea-9da2-1262dd6115ea	chr17	150733	189133	4	2	2
ccb9f6eb-643c-4dea-9da2-1262dd6115ea	chr17	193683	46085732	2	1	1
ccb9f6eb-643c-4dea-9da2-1262dd6115ea	chr17	46088437	46276519	5	5	0
ccb9f6eb-643c-4dea-9da2-1262dd6115ea	chr17	46284643	63976305	2	1	1
ccb9f6eb-643c-4dea-9da2-1262dd6115ea	chr17	63977670	65874236	1	1	0
ccb9f6eb-643c-4dea-9da2-1262dd6115ea	chr17	65874601	83091923	2	1	1
ccb9f6eb-643c-4dea-9da2-1262dd6115ea	chr18	48133	13826083	2	1	1
ccb9f6eb-643c-4dea-9da2-1262dd6115ea	chr18	13826838	13931828	1	1	0
ccb9f6eb-643c-4dea-9da2-1262dd6115ea	chr18	13933925	33719235	2	1	1
ccb9f6eb-643c-4dea-9da2-1262dd6115ea	chr18	33721631	33794130	1	1	0
ccb9f6eb-643c-4dea-9da2-1262dd6115ea	chr18	33795029	80257174	2	1	1
ccb9f6eb-643c-4dea-9da2-1262dd6115ea	chr19	90910	13829931	2	1	1
ccb9f6eb-643c-4dea-9da2-1262dd6115ea	chr19	13830024	16050473	1	1	0
ccb9f6eb-643c-4dea-9da2-1262dd6115ea	chr19	16050811	18814890	2	1	1
ccb9f6eb-643c-4dea-9da2-1262dd6115ea	chr19	18815668	24282155	1	1	0
ccb9f6eb-643c-4dea-9da2-1262dd6115ea	chr19	24304880	58586487	2	1	1
ccb9f6eb-643c-4dea-9da2-1262dd6115ea	chr20	80664	12166698	2	1	1
ccb9f6eb-643c-4dea-9da2-1262dd6115ea	chr20	12167103	15126332	1	1	0
ccb9f6eb-643c-4dea-9da2-1262dd6115ea	chr20	15126392	64324800	2	1	1
ccb9f6eb-643c-4dea-9da2-1262dd6115ea	chr21	12973348	18144472	2	1	1
ccb9f6eb-643c-4dea-9da2-1262dd6115ea	chr21	18145506	18148659	0	0	0
ccb9f6eb-643c-4dea-9da2-1262dd6115ea	chr21	18149531	34835302	2	1	1
ccb9f6eb-643c-4dea-9da2-1262dd6115ea	chr21	34835765	35015531	1	1	0
ccb9f6eb-643c-4dea-9da2-1262dd6115ea	chr21	35015879	46677045	2	1	1
ccb9f6eb-643c-4dea-9da2-1262dd6115ea	chr22	16392123	18048218	2	1	1
ccb9f6eb-643c-4dea-9da2-1262dd6115ea	chr22	18054379	19046950	3	2	1
ccb9f6eb-643c-4dea-9da2-1262dd6115ea	chr22	19047597	41251789	2	1	1
ccb9f6eb-643c-4dea-9da2-1262dd6115ea	chr22	41252916	42002739	1	1	0
ccb9f6eb-643c-4dea-9da2-1262dd6115ea	chr22	42003682	50796027	2	1	1
ccb9f6eb-643c-4dea-9da2-1262dd6115ea	chrX	251810	707991	1	1	0
ccb9f6eb-643c-4dea-9da2-1262dd6115ea	chrX	717914	856845	0	0	0
ccb9f6eb-643c-4dea-9da2-1262dd6115ea	chrX	856907	2820991	1	1	0
ccb9f6eb-643c-4dea-9da2-1262dd6115ea	chrX	2821571	156004181	0	0	0
ccb9f6eb-643c-4dea-9da2-1262dd6115ea	chrY	2782397	26653788	0	0	0
ccb9f6eb-643c-4dea-9da2-1262dd6115ea	chrY	56872112	56872112	2	2	0
d20cb7e6-53e5-40c5-87e7-f81a530b21a9	chr1	62920	3809837	5	3	2
d20cb7e6-53e5-40c5-87e7-f81a530b21a9	chr1	3813871	34418013	4	2	2
d20cb7e6-53e5-40c5-87e7-f81a530b21a9	chr1	34418143	34449534	10	6	4
d20cb7e6-53e5-40c5-87e7-f81a530b21a9	chr1	34449793	152583051	4	2	2
d20cb7e6-53e5-40c5-87e7-f81a530b21a9	chr1	152583230	152613762	0	0	0
d20cb7e6-53e5-40c5-87e7-f81a530b21a9	chr1	152613802	152785214	4	2	2
d20cb7e6-53e5-40c5-87e7-f81a530b21a9	chr1	152787202	152796224	0	0	0
d20cb7e6-53e5-40c5-87e7-f81a530b21a9	chr1	152801429	196740630	4	2	2
d20cb7e6-53e5-40c5-87e7-f81a530b21a9	chr1	196741937	196832312	17	17	0
d20cb7e6-53e5-40c5-87e7-f81a530b21a9	chr1	196832525	248930189	4	2	2
d20cb7e6-53e5-40c5-87e7-f81a530b21a9	chr2	12784	127072723	5	3	2
d20cb7e6-53e5-40c5-87e7-f81a530b21a9	chr2	127075108	127101070	11	6	5
d20cb7e6-53e5-40c5-87e7-f81a530b21a9	chr2	127103254	139993331	5	3	2
d20cb7e6-53e5-40c5-87e7-f81a530b21a9	chr2	139996333	140047372	12	9	3
d20cb7e6-53e5-40c5-87e7-f81a530b21a9	chr2	140047475	161028371	5	3	2
d20cb7e6-53e5-40c5-87e7-f81a530b21a9	chr2	161028581	161037866	2	1	1
d20cb7e6-53e5-40c5-87e7-f81a530b21a9	chr2	161038045	242147305	5	3	2
d20cb7e6-53e5-40c5-87e7-f81a530b21a9	chr3	20930	68682877	3	2	1
d20cb7e6-53e5-40c5-87e7-f81a530b21a9	chr3	68697013	68698262	17	17	0
d20cb7e6-53e5-40c5-87e7-f81a530b21a9	chr3	68699607	139707180	3	2	1
d20cb7e6-53e5-40c5-87e7-f81a530b21a9	chr3	139713769	139721207	0	0	0
d20cb7e6-53e5-40c5-87e7-f81a530b21a9	chr3	139721283	176902760	3	2	1
d20cb7e6-53e5-40c5-87e7-f81a530b21a9	chr3	176903322	177562816	1	1	0
d20cb7e6-53e5-40c5-87e7-f81a530b21a9	chr3	177564535	187755024	3	2	1
d20cb7e6-53e5-40c5-87e7-f81a530b21a9	chr3	187755486	187998819	2	2	0
d20cb7e6-53e5-40c5-87e7-f81a530b21a9	chr3	187999752	198169247	3	2	1
d20cb7e6-53e5-40c5-87e7-f81a530b21a9	chr4	68929	10208766	4	3	1
d20cb7e6-53e5-40c5-87e7-f81a530b21a9	chr4	10212536	10227178	0	0	0
d20cb7e6-53e5-40c5-87e7-f81a530b21a9	chr4	10227193	53917782	4	3	1
d20cb7e6-53e5-40c5-87e7-f81a530b21a9	chr4	53923138	97632861	3	3	0
d20cb7e6-53e5-40c5-87e7-f81a530b21a9	chr4	97639622	114250213	4	3	1
d20cb7e6-53e5-40c5-87e7-f81a530b21a9	chr4	114250423	114267651	11	11	0
d20cb7e6-53e5-40c5-87e7-f81a530b21a9	chr4	114268665	119319983	4	3	1
d20cb7e6-53e5-40c5-87e7-f81a530b21a9	chr4	119320069	119337052	1	1	0
d20cb7e6-53e5-40c5-87e7-f81a530b21a9	chr4	119339630	190106768	4	3	1
d20cb7e6-53e5-40c5-87e7-f81a530b21a9	chr5	15532	8702128	6	4	2
d20cb7e6-53e5-40c5-87e7-f81a530b21a9	chr5	8702410	8747030	0	0	0
d20cb7e6-53e5-40c5-87e7-f81a530b21a9	chr5	8749619	77780810	6	4	2
d20cb7e6-53e5-40c5-87e7-f81a530b21a9	chr5	77784033	79558098	5	3	2
d20cb7e6-53e5-40c5-87e7-f81a530b21a9	chr5	79559409	153739869	6	4	2
d20cb7e6-53e5-40c5-87e7-f81a530b21a9	chr5	153740488	153743928	1	1	0
d20cb7e6-53e5-40c5-87e7-f81a530b21a9	chr5	153752746	171580988	6	3	3
d20cb7e6-53e5-40c5-87e7-f81a530b21a9	chr5	171582103	171585541	1	1	0
d20cb7e6-53e5-40c5-87e7-f81a530b21a9	chr5	171585900	181363319	6	3	3
d20cb7e6-53e5-40c5-87e7-f81a530b21a9	chr6	149661	11335245	6	6	0
d20cb7e6-53e5-40c5-87e7-f81a530b21a9	chr6	11335940	29396651	4	4	0
d20cb7e6-53e5-40c5-87e7-f81a530b21a9	chr6	29396838	29868964	2	2	0
d20cb7e6-53e5-40c5-87e7-f81a530b21a9	chr6	29869295	29958684	6	6	0
d20cb7e6-53e5-40c5-87e7-f81a530b21a9	chr6	29968530	30310335	2	2	0
d20cb7e6-53e5-40c5-87e7-f81a530b21a9	chr6	30313457	30515216	0	0	0
d20cb7e6-53e5-40c5-87e7-f81a530b21a9	chr6	30544386	31810537	2	2	0
d20cb7e6-53e5-40c5-87e7-f81a530b21a9	chr6	31826815	38886568	4	4	0
d20cb7e6-53e5-40c5-87e7-f81a530b21a9	chr6	38889523	170741917	4	2	2
d20cb7e6-53e5-40c5-87e7-f81a530b21a9	chr7	43259	35357045	4	2	2
d20cb7e6-53e5-40c5-87e7-f81a530b21a9	chr7	35357957	35365086	0	0	0
d20cb7e6-53e5-40c5-87e7-f81a530b21a9	chr7	35366118	151847905	4	2	2
d20cb7e6-53e5-40c5-87e7-f81a530b21a9	chr7	151849504	151908042	6	4	2
d20cb7e6-53e5-40c5-87e7-f81a530b21a9	chr7	151909078	159334314	4	2	2
d20cb7e6-53e5-40c5-87e7-f81a530b21a9	chr8	81254	39845930	2	2	0
d20cb7e6-53e5-40c5-87e7-f81a530b21a9	chr8	39853971	43841613	4	2	2
d20cb7e6-53e5-40c5-87e7-f81a530b21a9	chr8	43845969	128082343	6	4	2
d20cb7e6-53e5-40c5-87e7-f81a530b21a9	chr8	128082594	128188200	12	10	2
d20cb7e6-53e5-40c5-87e7-f81a530b21a9	chr8	128188747	145072769	6	3	3
d20cb7e6-53e5-40c5-87e7-f81a530b21a9	chr9	46587	22125403	7	5	2
d20cb7e6-53e5-40c5-87e7-f81a530b21a9	chr9	22125504	22135211	15	11	4
d20cb7e6-53e5-40c5-87e7-f81a530b21a9	chr9	22136490	110354768	7	5	2
d20cb7e6-53e5-40c5-87e7-f81a530b21a9	chr9	110355011	138200944	5	5	0
d20cb7e6-53e5-40c5-87e7-f81a530b21a9	chr10	45792	24086334	4	2	2
d20cb7e6-53e5-40c5-87e7-f81a530b21a9	chr10	24088745	24088991	49	49	0
d20cb7e6-53e5-40c5-87e7-f81a530b21a9	chr10	24088992	93834258	4	2	2
d20cb7e6-53e5-40c5-87e7-f81a530b21a9	chr10	93835407	94046602	6	3	3
d20cb7e6-53e5-40c5-87e7-f81a530b21a9	chr10	94047224	133654968	4	2	2
d20cb7e6-53e5-40c5-87e7-f81a530b21a9	chr11	198510	26640524	4	4	0
d20cb7e6-53e5-40c5-87e7-f81a530b21a9	chr11	26640999	27771985	5	5	0
d20cb7e6-53e5-40c5-87e7-f81a530b21a9	chr11	27772498	69868400	4	4	0
d20cb7e6-53e5-40c5-87e7-f81a530b21a9	chr11	69869258	69954050	10	9	1
d20cb7e6-53e5-40c5-87e7-f81a530b21a9	chr11	69959977	70006134	2	2	0
d20cb7e6-53e5-40c5-87e7-f81a530b21a9	chr11	70008612	70545611	4	4	0
d20cb7e6-53e5-40c5-87e7-f81a530b21a9	chr11	70546243	70550933	13	11	2
d20cb7e6-53e5-40c5-87e7-f81a530b21a9	chr11	70550964	107457818	4	4	0
d20cb7e6-53e5-40c5-87e7-f81a530b21a9	chr11	107460607	107467690	19	19	0
d20cb7e6-53e5-40c5-87e7-f81a530b21a9	chr11	107467791	119220927	4	4	0
d20cb7e6-53e5-40c5-87e7-f81a530b21a9	chr11	119221993	119555344	7	7	0
d20cb7e6-53e5-40c5-87e7-f81a530b21a9	chr11	119555797	135074876	4	4	0
d20cb7e6-53e5-40c5-87e7-f81a530b21a9	chr12	51460	9477960	5	3	2
d20cb7e6-53e5-40c5-87e7-f81a530b21a9	chr12	9481274	9583090	0	0	0
d20cb7e6-53e5-40c5-87e7-f81a530b21a9	chr12	9584060	47846577	5	3	2
d20cb7e6-53e5-40c5-87e7-f81a530b21a9	chr12	47847018	133201603	5	4	1
d20cb7e6-53e5-40c5-87e7-f81a530b21a9	chr13	18452809	114342922	3	2	1
d20cb7e6-53e5-40c5-87e7-f81a530b21a9	chr14	18239283	22012710	3	2	1
d20cb7e6-53e5-40c5-87e7-f81a530b21a9	chr14	22013212	22530666	1	1	0
d20cb7e6-53e5-40c5-87e7-f81a530b21a9	chr14	22530968	106877229	3	2	1
d20cb7e6-53e5-40c5-87e7-f81a530b21a9	chr15	19811075	45943616	4	2	2
d20cb7e6-53e5-40c5-87e7-f81a530b21a9	chr15	45943633	45950067	0	0	0
d20cb7e6-53e5-40c5-87e7-f81a530b21a9	chr15	45950082	101928837	4	2	2
d20cb7e6-53e5-40c5-87e7-f81a530b21a9	chr16	10777	10831016	4	2	2
d20cb7e6-53e5-40c5-87e7-f81a530b21a9	chr16	10832277	10987533	4	3	1
d20cb7e6-53e5-40c5-87e7-f81a530b21a9	chr16	10994127	82829072	5	3	2
d20cb7e6-53e5-40c5-87e7-f81a530b21a9	chr16	82830642	82835664	1	1	0
d20cb7e6-53e5-40c5-87e7-f81a530b21a9	chr16	82835697	90096867	4	2	2
d20cb7e6-53e5-40c5-87e7-f81a530b21a9	chr17	150733	33328771	3	2	1
d20cb7e6-53e5-40c5-87e7-f81a530b21a9	chr17	33329786	33352174	7	4	3
d20cb7e6-53e5-40c5-87e7-f81a530b21a9	chr17	33353870	44137544	3	2	1
d20cb7e6-53e5-40c5-87e7-f81a530b21a9	chr17	44138373	46130967	4	2	2
d20cb7e6-53e5-40c5-87e7-f81a530b21a9	chr17	46131308	46284997	2	2	0
d20cb7e6-53e5-40c5-87e7-f81a530b21a9	chr17	46286804	83091923	4	2	2
d20cb7e6-53e5-40c5-87e7-f81a530b21a9	chr18	48133	80257174	4	2	2
d20cb7e6-53e5-40c5-87e7-f81a530b21a9	chr19	90910	58586487	4	2	2
d20cb7e6-53e5-40c5-87e7-f81a530b21a9	chr20	80664	64324800	4	2	2
d20cb7e6-53e5-40c5-87e7-f81a530b21a9	chr21	12973348	13966152	5	3	2
d20cb7e6-53e5-40c5-87e7-f81a530b21a9	chr21	13968218	46677045	4	2	2
d20cb7e6-53e5-40c5-87e7-f81a530b21a9	chr22	16392123	38425499	4	2	2
d20cb7e6-53e5-40c5-87e7-f81a530b21a9	chr22	38427131	41223346	3	2	1
d20cb7e6-53e5-40c5-87e7-f81a530b21a9	chr22	41223522	50796027	4	2	2
d20cb7e6-53e5-40c5-87e7-f81a530b21a9	chrX	251810	490325	3	3	0
d20cb7e6-53e5-40c5-87e7-f81a530b21a9	chrX	490407	701944	5	5	0
d20cb7e6-53e5-40c5-87e7-f81a530b21a9	chrX	702474	959750	3	3	0
d20cb7e6-53e5-40c5-87e7-f81a530b21a9	chrX	960081	1126722	7	6	1
d20cb7e6-53e5-40c5-87e7-f81a530b21a9	chrX	1400981	2376598	4	4	0
d20cb7e6-53e5-40c5-87e7-f81a530b21a9	chrX	2377218	2442775	2	2	0
d20cb7e6-53e5-40c5-87e7-f81a530b21a9	chrX	2446094	2504105	6	6	0
d20cb7e6-53e5-40c5-87e7-f81a530b21a9	chrX	2504267	2627552	3	3	0
d20cb7e6-53e5-40c5-87e7-f81a530b21a9	chrX	2627862	2649506	5	5	0
d20cb7e6-53e5-40c5-87e7-f81a530b21a9	chrX	2649606	2735872	3	3	0
d20cb7e6-53e5-40c5-87e7-f81a530b21a9	chrX	2738809	2775583	5	5	0
d20cb7e6-53e5-40c5-87e7-f81a530b21a9	chrX	2776199	31294004	2	2	0
d20cb7e6-53e5-40c5-87e7-f81a530b21a9	chrX	31294171	31858276	1	1	0
d20cb7e6-53e5-40c5-87e7-f81a530b21a9	chrX	31859920	32204687	2	2	0
d20cb7e6-53e5-40c5-87e7-f81a530b21a9	chrX	32205328	32353241	0	0	0
d20cb7e6-53e5-40c5-87e7-f81a530b21a9	chrX	32353673	140722503	2	2	0
d20cb7e6-53e5-40c5-87e7-f81a530b21a9	chrX	140726391	140851220	3	3	0
d20cb7e6-53e5-40c5-87e7-f81a530b21a9	chrX	140851579	156004181	2	2	0
d20cb7e6-53e5-40c5-87e7-f81a530b21a9	chrY	2782397	26653788	0	0	0
d20cb7e6-53e5-40c5-87e7-f81a530b21a9	chrY	56872112	56872112	6	6	0
176c6c1e-0489-4c91-9678-a0b76d05f440	chr1	61735	32005625	2	1	1
176c6c1e-0489-4c91-9678-a0b76d05f440	chr1	32011168	32811399	1	1	0
176c6c1e-0489-4c91-9678-a0b76d05f440	chr1	32815047	240599983	2	1	1
176c6c1e-0489-4c91-9678-a0b76d05f440	chr1	240600008	248930189	1	1	0
176c6c1e-0489-4c91-9678-a0b76d05f440	chr2	12784	123362332	2	1	1
176c6c1e-0489-4c91-9678-a0b76d05f440	chr2	123362346	123866810	1	1	0
176c6c1e-0489-4c91-9678-a0b76d05f440	chr2	123870240	242147305	2	1	1
176c6c1e-0489-4c91-9678-a0b76d05f440	chr3	18667	60441084	3	2	1
176c6c1e-0489-4c91-9678-a0b76d05f440	chr3	60447491	60491921	2	1	1
176c6c1e-0489-4c91-9678-a0b76d05f440	chr3	60492307	70608779	3	2	1
176c6c1e-0489-4c91-9678-a0b76d05f440	chr3	70609106	71658742	4	3	1
176c6c1e-0489-4c91-9678-a0b76d05f440	chr3	71659233	116594797	3	2	1
176c6c1e-0489-4c91-9678-a0b76d05f440	chr3	116597006	116693351	2	1	1
176c6c1e-0489-4c91-9678-a0b76d05f440	chr3	116696625	116866434	3	2	1
176c6c1e-0489-4c91-9678-a0b76d05f440	chr3	116867387	117364550	2	1	1
176c6c1e-0489-4c91-9678-a0b76d05f440	chr3	117365104	117464796	3	2	1
176c6c1e-0489-4c91-9678-a0b76d05f440	chr3	117468360	117633661	2	1	1
176c6c1e-0489-4c91-9678-a0b76d05f440	chr3	117635394	118352447	4	3	1
176c6c1e-0489-4c91-9678-a0b76d05f440	chr3	118352759	187676653	3	2	1
176c6c1e-0489-4c91-9678-a0b76d05f440	chr3	187676833	187859308	6	5	1
176c6c1e-0489-4c91-9678-a0b76d05f440	chr3	187859439	188139789	12	11	1
176c6c1e-0489-4c91-9678-a0b76d05f440	chr3	188140063	188193022	5	4	1
176c6c1e-0489-4c91-9678-a0b76d05f440	chr3	188193342	198169247	3	2	1
176c6c1e-0489-4c91-9678-a0b76d05f440	chr4	12281	169088652	2	1	1
176c6c1e-0489-4c91-9678-a0b76d05f440	chr4	169091503	190106768	1	1	0
176c6c1e-0489-4c91-9678-a0b76d05f440	chr5	15532	96551541	2	1	1
176c6c1e-0489-4c91-9678-a0b76d05f440	chr5	96560922	152882165	3	2	1
176c6c1e-0489-4c91-9678-a0b76d05f440	chr5	152898460	181363319	2	2	0
176c6c1e-0489-4c91-9678-a0b76d05f440	chr6	149661	76437229	3	2	1
176c6c1e-0489-4c91-9678-a0b76d05f440	chr6	76444657	118825212	1	1	0
176c6c1e-0489-4c91-9678-a0b76d05f440	chr6	118895717	170741917	3	2	1
176c6c1e-0489-4c91-9678-a0b76d05f440	chr7	43259	70709837	3	2	1
176c6c1e-0489-4c91-9678-a0b76d05f440	chr7	70711927	124688121	4	3	1
176c6c1e-0489-4c91-9678-a0b76d05f440	chr7	124691065	142670154	3	2	1
176c6c1e-0489-4c91-9678-a0b76d05f440	chr7	142670801	159334314	2	1	1
176c6c1e-0489-4c91-9678-a0b76d05f440	chr8	81254	112177220	2	1	1
176c6c1e-0489-4c91-9678-a0b76d05f440	chr8	112178608	115321893	3	2	1
176c6c1e-0489-4c91-9678-a0b76d05f440	chr8	115322069	122587696	5	3	2
176c6c1e-0489-4c91-9678-a0b76d05f440	chr8	122588026	145072769	4	2	2
176c6c1e-0489-4c91-9678-a0b76d05f440	chr9	46587	8258659	2	1	1
176c6c1e-0489-4c91-9678-a0b76d05f440	chr9	8258921	8577900	1	1	0
176c6c1e-0489-4c91-9678-a0b76d05f440	chr9	8578165	8894031	2	1	1
176c6c1e-0489-4c91-9678-a0b76d05f440	chr9	8894910	9030039	4	3	1
176c6c1e-0489-4c91-9678-a0b76d05f440	chr9	9039222	10351898	1	1	0
176c6c1e-0489-4c91-9678-a0b76d05f440	chr9	10355194	11291395	2	1	1
176c6c1e-0489-4c91-9678-a0b76d05f440	chr9	11291467	11551014	4	3	1
176c6c1e-0489-4c91-9678-a0b76d05f440	chr9	11554350	12526333	2	1	1
176c6c1e-0489-4c91-9678-a0b76d05f440	chr9	12527414	13471428	1	1	0
176c6c1e-0489-4c91-9678-a0b76d05f440	chr9	13477941	17678089	2	1	1
176c6c1e-0489-4c91-9678-a0b76d05f440	chr9	17682176	18187807	1	1	0
176c6c1e-0489-4c91-9678-a0b76d05f440	chr9	18188244	19582632	3	2	1
176c6c1e-0489-4c91-9678-a0b76d05f440	chr9	19583439	19605130	4	3	1
176c6c1e-0489-4c91-9678-a0b76d05f440	chr9	19608189	19903873	1	1	0
176c6c1e-0489-4c91-9678-a0b76d05f440	chr9	19909671	20299197	0	0	0
176c6c1e-0489-4c91-9678-a0b76d05f440	chr9	20299845	20929298	2	2	0
176c6c1e-0489-4c91-9678-a0b76d05f440	chr9	20929978	21772625	1	1	0
176c6c1e-0489-4c91-9678-a0b76d05f440	chr9	21773168	22543910	0	0	0
176c6c1e-0489-4c91-9678-a0b76d05f440	chr9	22544844	23682671	1	1	0
176c6c1e-0489-4c91-9678-a0b76d05f440	chr9	23687099	23993071	0	0	0
176c6c1e-0489-4c91-9678-a0b76d05f440	chr9	23997711	24290020	1	1	0
176c6c1e-0489-4c91-9678-a0b76d05f440	chr9	24298510	26359487	2	1	1
176c6c1e-0489-4c91-9678-a0b76d05f440	chr9	26359872	26777706	1	1	0
176c6c1e-0489-4c91-9678-a0b76d05f440	chr9	26778170	27381466	3	2	1
176c6c1e-0489-4c91-9678-a0b76d05f440	chr9	27382087	27480734	1	1	0
176c6c1e-0489-4c91-9678-a0b76d05f440	chr9	27484498	28390723	2	1	1
176c6c1e-0489-4c91-9678-a0b76d05f440	chr9	28397399	31444585	1	1	0
176c6c1e-0489-4c91-9678-a0b76d05f440	chr9	31445216	70138107	2	1	1
176c6c1e-0489-4c91-9678-a0b76d05f440	chr9	70138839	72635216	1	1	0
176c6c1e-0489-4c91-9678-a0b76d05f440	chr9	72638813	74108448	2	1	1
176c6c1e-0489-4c91-9678-a0b76d05f440	chr9	74108779	76792137	1	1	0
176c6c1e-0489-4c91-9678-a0b76d05f440	chr9	76795309	89670977	2	1	1
176c6c1e-0489-4c91-9678-a0b76d05f440	chr9	89671185	89974166	1	1	0
176c6c1e-0489-4c91-9678-a0b76d05f440	chr9	89976616	93039143	3	2	1
176c6c1e-0489-4c91-9678-a0b76d05f440	chr9	93043925	93573181	1	1	0
176c6c1e-0489-4c91-9678-a0b76d05f440	chr9	93578202	138200944	2	1	1
176c6c1e-0489-4c91-9678-a0b76d05f440	chr10	26823	20487282	3	2	1
176c6c1e-0489-4c91-9678-a0b76d05f440	chr10	20487303	21102589	1	1	0
176c6c1e-0489-4c91-9678-a0b76d05f440	chr10	21102682	21194037	2	1	1
176c6c1e-0489-4c91-9678-a0b76d05f440	chr10	21206210	24606887	1	1	0
176c6c1e-0489-4c91-9678-a0b76d05f440	chr10	24610685	24946852	3	2	1
176c6c1e-0489-4c91-9678-a0b76d05f440	chr10	24947270	25023378	1	1	0
176c6c1e-0489-4c91-9678-a0b76d05f440	chr10	25025674	25052069	3	2	1
176c6c1e-0489-4c91-9678-a0b76d05f440	chr10	25053267	126348994	2	1	1
176c6c1e-0489-4c91-9678-a0b76d05f440	chr10	126349246	133769379	3	2	1
176c6c1e-0489-4c91-9678-a0b76d05f440	chr11	198572	105573886	2	1	1
176c6c1e-0489-4c91-9678-a0b76d05f440	chr11	105574460	135074876	3	2	1
176c6c1e-0489-4c91-9678-a0b76d05f440	chr12	51460	133201603	2	1	1
176c6c1e-0489-4c91-9678-a0b76d05f440	chr13	18452809	19069038	1	1	0
176c6c1e-0489-4c91-9678-a0b76d05f440	chr13	19071411	24094381	2	1	1
176c6c1e-0489-4c91-9678-a0b76d05f440	chr13	24094833	25106582	1	1	0
176c6c1e-0489-4c91-9678-a0b76d05f440	chr13	25109177	26229738	2	1	1
176c6c1e-0489-4c91-9678-a0b76d05f440	chr13	26230874	35196900	1	1	0
176c6c1e-0489-4c91-9678-a0b76d05f440	chr13	35199482	62985447	2	1	1
176c6c1e-0489-4c91-9678-a0b76d05f440	chr13	62985760	63584832	1	1	0
176c6c1e-0489-4c91-9678-a0b76d05f440	chr13	63586328	63788749	2	1	1
176c6c1e-0489-4c91-9678-a0b76d05f440	chr13	63789185	63917249	1	1	0
176c6c1e-0489-4c91-9678-a0b76d05f440	chr13	63917511	101210703	2	1	1
176c6c1e-0489-4c91-9678-a0b76d05f440	chr13	101214707	114342922	1	1	0
176c6c1e-0489-4c91-9678-a0b76d05f440	chr14	18225647	21655758	3	2	1
176c6c1e-0489-4c91-9678-a0b76d05f440	chr14	21655890	22461795	4	3	1
176c6c1e-0489-4c91-9678-a0b76d05f440	chr14	22461816	88459676	3	2	1
176c6c1e-0489-4c91-9678-a0b76d05f440	chr14	88465740	106877229	2	1	1
176c6c1e-0489-4c91-9678-a0b76d05f440	chr15	19811075	49991081	2	1	1
176c6c1e-0489-4c91-9678-a0b76d05f440	chr15	49991464	94000921	3	2	1
176c6c1e-0489-4c91-9678-a0b76d05f440	chr15	94002274	95007631	4	3	1
176c6c1e-0489-4c91-9678-a0b76d05f440	chr15	95008072	101928837	3	2	1
176c6c1e-0489-4c91-9678-a0b76d05f440	chr16	10777	78615101	2	1	1
176c6c1e-0489-4c91-9678-a0b76d05f440	chr16	78617098	78730200	1	1	0
176c6c1e-0489-4c91-9678-a0b76d05f440	chr16	78730253	78750727	0	0	0
176c6c1e-0489-4c91-9678-a0b76d05f440	chr16	78751391	90221127	2	1	1
176c6c1e-0489-4c91-9678-a0b76d05f440	chr17	150733	83090856	2	1	1
176c6c1e-0489-4c91-9678-a0b76d05f440	chr18	48133	5598934	5	4	1
176c6c1e-0489-4c91-9678-a0b76d05f440	chr18	5601404	15402409	4	3	1
176c6c1e-0489-4c91-9678-a0b76d05f440	chr18	20949392	27760414	7	6	1
176c6c1e-0489-4c91-9678-a0b76d05f440	chr18	27760436	29095715	5	4	1
176c6c1e-0489-4c91-9678-a0b76d05f440	chr18	29095784	30598044	6	5	1
176c6c1e-0489-4c91-9678-a0b76d05f440	chr18	30603543	33778819	5	4	1
176c6c1e-0489-4c91-9678-a0b76d05f440	chr18	33779747	41904246	7	6	1
176c6c1e-0489-4c91-9678-a0b76d05f440	chr18	41904285	42596153	3	2	1
176c6c1e-0489-4c91-9678-a0b76d05f440	chr18	42596323	53456461	5	4	1
176c6c1e-0489-4c91-9678-a0b76d05f440	chr18	53456977	54170678	4	3	1
176c6c1e-0489-4c91-9678-a0b76d05f440	chr18	54171805	57816246	7	6	1
176c6c1e-0489-4c91-9678-a0b76d05f440	chr18	57816618	59689143	4	3	1
176c6c1e-0489-4c91-9678-a0b76d05f440	chr18	59689792	63366193	7	6	1
176c6c1e-0489-4c91-9678-a0b76d05f440	chr18	63374725	65237981	4	3	1
176c6c1e-0489-4c91-9678-a0b76d05f440	chr18	65241259	66849838	6	5	1
176c6c1e-0489-4c91-9678-a0b76d05f440	chr18	66850040	68685139	7	6	1
176c6c1e-0489-4c91-9678-a0b76d05f440	chr18	68686764	70396757	5	4	1
176c6c1e-0489-4c91-9678-a0b76d05f440	chr18	70397133	80257174	6	5	1
176c6c1e-0489-4c91-9678-a0b76d05f440	chr19	90910	30221415	2	1	1
176c6c1e-0489-4c91-9678-a0b76d05f440	chr19	30224065	30334661	3	2	1
176c6c1e-0489-4c91-9678-a0b76d05f440	chr19	30335338	41980184	2	1	1
176c6c1e-0489-4c91-9678-a0b76d05f440	chr19	41982403	44666041	1	1	0
176c6c1e-0489-4c91-9678-a0b76d05f440	chr19	44671727	58586487	2	1	1
176c6c1e-0489-4c91-9678-a0b76d05f440	chr20	80664	64324800	2	1	1
176c6c1e-0489-4c91-9678-a0b76d05f440	chr21	10336543	46677045	2	1	1
176c6c1e-0489-4c91-9678-a0b76d05f440	chr22	15294545	22336851	2	1	1
176c6c1e-0489-4c91-9678-a0b76d05f440	chr22	22337132	22756683	1	1	0
176c6c1e-0489-4c91-9678-a0b76d05f440	chr22	22759294	22880111	0	0	0
176c6c1e-0489-4c91-9678-a0b76d05f440	chr22	22881053	22881053	1	1	0
176c6c1e-0489-4c91-9678-a0b76d05f440	chr22	22909432	50796027	2	1	1
176c6c1e-0489-4c91-9678-a0b76d05f440	chrX	251810	6543409	1	1	0
176c6c1e-0489-4c91-9678-a0b76d05f440	chrX	6549873	8166621	0	0	0
176c6c1e-0489-4c91-9678-a0b76d05f440	chrX	8167012	102965216	1	1	0
176c6c1e-0489-4c91-9678-a0b76d05f440	chrX	102975705	103017522	0	0	0
176c6c1e-0489-4c91-9678-a0b76d05f440	chrX	103017728	122713682	1	1	0
176c6c1e-0489-4c91-9678-a0b76d05f440	chrX	122713947	156004181	2	2	0
69d65371-5fd2-4988-ad11-c571d5bcc644	chr1	61735	24323593	2	2	0
69d65371-5fd2-4988-ad11-c571d5bcc644	chr1	24323759	37877214	1	1	0
69d65371-5fd2-4988-ad11-c571d5bcc644	chr1	37878222	121741181	2	2	0
69d65371-5fd2-4988-ad11-c571d5bcc644	chr1	143285278	158146518	2	1	1
69d65371-5fd2-4988-ad11-c571d5bcc644	chr1	158148997	159125844	4	2	2
69d65371-5fd2-4988-ad11-c571d5bcc644	chr1	159126311	174800072	3	2	1
69d65371-5fd2-4988-ad11-c571d5bcc644	chr1	174803184	196855470	2	1	1
69d65371-5fd2-4988-ad11-c571d5bcc644	chr1	196858725	215984613	3	2	1
69d65371-5fd2-4988-ad11-c571d5bcc644	chr1	215984692	248930189	2	1	1
69d65371-5fd2-4988-ad11-c571d5bcc644	chr2	12784	81356641	2	1	1
69d65371-5fd2-4988-ad11-c571d5bcc644	chr2	81357169	83752910	3	2	1
69d65371-5fd2-4988-ad11-c571d5bcc644	chr2	83754201	113352943	2	1	1
69d65371-5fd2-4988-ad11-c571d5bcc644	chr2	113356358	116473608	3	2	1
69d65371-5fd2-4988-ad11-c571d5bcc644	chr2	116473866	158536445	2	1	1
69d65371-5fd2-4988-ad11-c571d5bcc644	chr2	158536660	178136434	1	1	0
69d65371-5fd2-4988-ad11-c571d5bcc644	chr2	178139929	231593146	2	1	1
69d65371-5fd2-4988-ad11-c571d5bcc644	chr2	231593453	242147305	3	2	1
69d65371-5fd2-4988-ad11-c571d5bcc644	chr3	18667	143166260	2	1	1
69d65371-5fd2-4988-ad11-c571d5bcc644	chr3	143166302	147132791	3	2	1
69d65371-5fd2-4988-ad11-c571d5bcc644	chr3	147134951	187156894	2	1	1
69d65371-5fd2-4988-ad11-c571d5bcc644	chr3	187157047	192929322	3	2	1
69d65371-5fd2-4988-ad11-c571d5bcc644	chr3	192929340	198169247	2	1	1
69d65371-5fd2-4988-ad11-c571d5bcc644	chr4	12281	27208364	2	1	1
69d65371-5fd2-4988-ad11-c571d5bcc644	chr4	27209023	37115269	3	2	1
69d65371-5fd2-4988-ad11-c571d5bcc644	chr4	37118669	43517873	2	1	1
69d65371-5fd2-4988-ad11-c571d5bcc644	chr4	43521282	46959881	3	2	1
69d65371-5fd2-4988-ad11-c571d5bcc644	chr4	46959917	186871959	2	1	1
69d65371-5fd2-4988-ad11-c571d5bcc644	chr4	186872186	190106768	3	2	1
69d65371-5fd2-4988-ad11-c571d5bcc644	chr5	15532	17481490	2	1	1
69d65371-5fd2-4988-ad11-c571d5bcc644	chr5	17490644	30467795	3	2	1
69d65371-5fd2-4988-ad11-c571d5bcc644	chr5	30469137	181363319	2	1	1
69d65371-5fd2-4988-ad11-c571d5bcc644	chr6	149661	32997971	1	1	0
69d65371-5fd2-4988-ad11-c571d5bcc644	chr6	32998165	67765386	3	2	1
69d65371-5fd2-4988-ad11-c571d5bcc644	chr6	67765638	68682658	1	1	0
69d65371-5fd2-4988-ad11-c571d5bcc644	chr6	68683315	128894424	2	1	1
69d65371-5fd2-4988-ad11-c571d5bcc644	chr6	128894815	132662603	3	2	1
69d65371-5fd2-4988-ad11-c571d5bcc644	chr6	132665917	170741917	2	1	1
69d65371-5fd2-4988-ad11-c571d5bcc644	chr7	43259	80445841	2	1	1
69d65371-5fd2-4988-ad11-c571d5bcc644	chr7	80446060	83303873	1	1	0
69d65371-5fd2-4988-ad11-c571d5bcc644	chr7	83304292	129395867	2	1	1
69d65371-5fd2-4988-ad11-c571d5bcc644	chr7	129400177	159334314	3	2	1
69d65371-5fd2-4988-ad11-c571d5bcc644	chr8	81254	2176575	2	1	1
69d65371-5fd2-4988-ad11-c571d5bcc644	chr8	2176628	6161258	3	2	1
69d65371-5fd2-4988-ad11-c571d5bcc644	chr8	6161648	58318201	2	1	1
69d65371-5fd2-4988-ad11-c571d5bcc644	chr8	58318230	64019898	1	1	0
69d65371-5fd2-4988-ad11-c571d5bcc644	chr8	64025827	145072769	2	1	1
69d65371-5fd2-4988-ad11-c571d5bcc644	chr9	46587	1123806	3	2	1
69d65371-5fd2-4988-ad11-c571d5bcc644	chr9	1124003	138200944	2	1	1
69d65371-5fd2-4988-ad11-c571d5bcc644	chr10	26823	133769379	2	1	1
69d65371-5fd2-4988-ad11-c571d5bcc644	chr11	198572	59191556	2	1	1
69d65371-5fd2-4988-ad11-c571d5bcc644	chr11	59193648	59255322	9	7	2
69d65371-5fd2-4988-ad11-c571d5bcc644	chr11	59256951	73160026	2	1	1
69d65371-5fd2-4988-ad11-c571d5bcc644	chr11	73161343	135074876	2	2	0
69d65371-5fd2-4988-ad11-c571d5bcc644	chr12	51460	133201603	2	1	1
69d65371-5fd2-4988-ad11-c571d5bcc644	chr13	18452809	114342922	2	1	1
69d65371-5fd2-4988-ad11-c571d5bcc644	chr14	18225647	22019458	2	1	1
69d65371-5fd2-4988-ad11-c571d5bcc644	chr14	22019648	22496189	0	0	0
69d65371-5fd2-4988-ad11-c571d5bcc644	chr14	22496204	106877229	2	1	1
69d65371-5fd2-4988-ad11-c571d5bcc644	chr15	19811075	94823569	2	1	1
69d65371-5fd2-4988-ad11-c571d5bcc644	chr15	94826064	98347304	3	2	1
69d65371-5fd2-4988-ad11-c571d5bcc644	chr15	98347975	101928837	2	1	1
69d65371-5fd2-4988-ad11-c571d5bcc644	chr16	10777	90221127	2	1	1
69d65371-5fd2-4988-ad11-c571d5bcc644	chr17	150733	83090856	2	1	1
69d65371-5fd2-4988-ad11-c571d5bcc644	chr18	48133	80257174	2	1	1
69d65371-5fd2-4988-ad11-c571d5bcc644	chr19	90910	16059118	2	2	0
69d65371-5fd2-4988-ad11-c571d5bcc644	chr19	16061549	58586487	2	1	1
69d65371-5fd2-4988-ad11-c571d5bcc644	chr20	80664	64324800	2	1	1
69d65371-5fd2-4988-ad11-c571d5bcc644	chr21	10336543	15440246	4	2	2
69d65371-5fd2-4988-ad11-c571d5bcc644	chr21	15440563	46677045	3	2	1
69d65371-5fd2-4988-ad11-c571d5bcc644	chr22	15294545	50796027	2	1	1
69d65371-5fd2-4988-ad11-c571d5bcc644	chrX	251810	2776199	6	4	2
69d65371-5fd2-4988-ad11-c571d5bcc644	chrX	2785350	155699837	1	1	0
69d65371-5fd2-4988-ad11-c571d5bcc644	chrX	155733777	155770975	4	4	0
69d65371-5fd2-4988-ad11-c571d5bcc644	chrX	155771074	156004181	6	6	0
d20cb7e6-53e5-40c5-87e7-f81a530b21a9	chr1	61735	248930189	4	2	2
d20cb7e6-53e5-40c5-87e7-f81a530b21a9	chr2	12784	242147305	5	3	2
d20cb7e6-53e5-40c5-87e7-f81a530b21a9	chr3	18667	878074	2	1	1
d20cb7e6-53e5-40c5-87e7-f81a530b21a9	chr3	878663	176895386	3	2	1
d20cb7e6-53e5-40c5-87e7-f81a530b21a9	chr3	176895634	177556691	1	1	0
d20cb7e6-53e5-40c5-87e7-f81a530b21a9	chr3	177558164	198169247	3	2	1
d20cb7e6-53e5-40c5-87e7-f81a530b21a9	chr4	12281	53917782	4	3	1
d20cb7e6-53e5-40c5-87e7-f81a530b21a9	chr4	53923138	97603502	3	3	0
d20cb7e6-53e5-40c5-87e7-f81a530b21a9	chr4	97607831	190106768	4	3	1
d20cb7e6-53e5-40c5-87e7-f81a530b21a9	chr5	15532	1978343	5	3	2
d20cb7e6-53e5-40c5-87e7-f81a530b21a9	chr5	1979658	167699666	6	4	2
d20cb7e6-53e5-40c5-87e7-f81a530b21a9	chr5	167700687	181363319	6	3	3
d20cb7e6-53e5-40c5-87e7-f81a530b21a9	chr6	149661	1214407	5	5	0
d20cb7e6-53e5-40c5-87e7-f81a530b21a9	chr6	1214653	11307802	6	6	0
d20cb7e6-53e5-40c5-87e7-f81a530b21a9	chr6	11310186	29292964	4	4	0
d20cb7e6-53e5-40c5-87e7-f81a530b21a9	chr6	29294726	31859509	2	2	0
d20cb7e6-53e5-40c5-87e7-f81a530b21a9	chr6	31868374	38861000	4	4	0
d20cb7e6-53e5-40c5-87e7-f81a530b21a9	chr6	38861260	170741917	4	2	2
d20cb7e6-53e5-40c5-87e7-f81a530b21a9	chr7	43259	158258921	4	2	2
d20cb7e6-53e5-40c5-87e7-f81a530b21a9	chr7	158259182	159334314	3	2	1
d20cb7e6-53e5-40c5-87e7-f81a530b21a9	chr8	81254	39911824	2	2	0
d20cb7e6-53e5-40c5-87e7-f81a530b21a9	chr8	39911856	46012589	4	2	2
d20cb7e6-53e5-40c5-87e7-f81a530b21a9	chr8	46012735	128081590	6	3	3
d20cb7e6-53e5-40c5-87e7-f81a530b21a9	chr8	128082343	128187253	13	11	2
d20cb7e6-53e5-40c5-87e7-f81a530b21a9	chr8	128187320	145072769	6	3	3
d20cb7e6-53e5-40c5-87e7-f81a530b21a9	chr9	46587	110355011	7	5	2
d20cb7e6-53e5-40c5-87e7-f81a530b21a9	chr9	110358432	138200944	5	5	0
d20cb7e6-53e5-40c5-87e7-f81a530b21a9	chr10	26823	133769379	4	2	2
d20cb7e6-53e5-40c5-87e7-f81a530b21a9	chr11	198572	119217113	4	4	0
d20cb7e6-53e5-40c5-87e7-f81a530b21a9	chr11	119220927	119511552	9	9	0
d20cb7e6-53e5-40c5-87e7-f81a530b21a9	chr11	119513142	135074876	4	4	0
d20cb7e6-53e5-40c5-87e7-f81a530b21a9	chr12	51460	47859573	5	3	2
d20cb7e6-53e5-40c5-87e7-f81a530b21a9	chr12	47861628	133201603	5	4	1
d20cb7e6-53e5-40c5-87e7-f81a530b21a9	chr13	18452809	114342922	3	2	1
d20cb7e6-53e5-40c5-87e7-f81a530b21a9	chr14	18225647	21956321	3	2	1
d20cb7e6-53e5-40c5-87e7-f81a530b21a9	chr14	21960136	22528564	2	1	1
d20cb7e6-53e5-40c5-87e7-f81a530b21a9	chr14	22528875	105521701	3	2	1
d20cb7e6-53e5-40c5-87e7-f81a530b21a9	chr14	105533894	106877229	1	1	0
d20cb7e6-53e5-40c5-87e7-f81a530b21a9	chr15	19811075	100771564	4	2	2
d20cb7e6-53e5-40c5-87e7-f81a530b21a9	chr15	100776305	101928837	3	2	1
d20cb7e6-53e5-40c5-87e7-f81a530b21a9	chr16	10777	10923561	4	2	2
d20cb7e6-53e5-40c5-87e7-f81a530b21a9	chr16	10925873	90221127	5	3	2
d20cb7e6-53e5-40c5-87e7-f81a530b21a9	chr17	150733	1300323	2	1	1
d20cb7e6-53e5-40c5-87e7-f81a530b21a9	chr17	1301570	44343308	3	2	1
d20cb7e6-53e5-40c5-87e7-f81a530b21a9	chr17	44346297	83090856	4	2	2
d20cb7e6-53e5-40c5-87e7-f81a530b21a9	chr18	48133	1262012	3	2	1
d20cb7e6-53e5-40c5-87e7-f81a530b21a9	chr18	1263743	79362597	4	2	2
d20cb7e6-53e5-40c5-87e7-f81a530b21a9	chr18	79362830	80257174	3	2	1
d20cb7e6-53e5-40c5-87e7-f81a530b21a9	chr19	90910	58586487	4	2	2
d20cb7e6-53e5-40c5-87e7-f81a530b21a9	chr20	80664	64324800	4	2	2
d20cb7e6-53e5-40c5-87e7-f81a530b21a9	chr21	10336543	46677045	4	2	2
d20cb7e6-53e5-40c5-87e7-f81a530b21a9	chr22	15294545	38830101	4	2	2
d20cb7e6-53e5-40c5-87e7-f81a530b21a9	chr22	38830708	41278517	3	2	1
d20cb7e6-53e5-40c5-87e7-f81a530b21a9	chr22	41280172	50796027	4	2	2
d20cb7e6-53e5-40c5-87e7-f81a530b21a9	chrX	251810	2775134	3	3	0
d20cb7e6-53e5-40c5-87e7-f81a530b21a9	chrX	2775583	31277767	4	4	0
d20cb7e6-53e5-40c5-87e7-f81a530b21a9	chrX	31280049	31280049	3	3	0
d20cb7e6-53e5-40c5-87e7-f81a530b21a9	chrX	31283551	31399840	2	2	0
d20cb7e6-53e5-40c5-87e7-f81a530b21a9	chrX	31404135	32199069	4	4	0
d20cb7e6-53e5-40c5-87e7-f81a530b21a9	chrX	32204687	32353241	0	0	0
d20cb7e6-53e5-40c5-87e7-f81a530b21a9	chrX	32353673	155525686	4	4	0
d20cb7e6-53e5-40c5-87e7-f81a530b21a9	chrX	155532577	156004181	2	2	0
7964c7c4-9d9a-4f2e-a616-69d0ae7dbb05	chr1	61735	6077673	2	2	0
7964c7c4-9d9a-4f2e-a616-69d0ae7dbb05	chr1	6079684	248930189	2	1	1
7964c7c4-9d9a-4f2e-a616-69d0ae7dbb05	chr2	12784	242147305	2	1	1
7964c7c4-9d9a-4f2e-a616-69d0ae7dbb05	chr3	18667	42037370	2	1	1
7964c7c4-9d9a-4f2e-a616-69d0ae7dbb05	chr3	42037619	55200992	1	1	0
7964c7c4-9d9a-4f2e-a616-69d0ae7dbb05	chr3	55201205	198169247	2	1	1
7964c7c4-9d9a-4f2e-a616-69d0ae7dbb05	chr4	12281	190106768	2	1	1
7964c7c4-9d9a-4f2e-a616-69d0ae7dbb05	chr5	15532	181363319	2	1	1
7964c7c4-9d9a-4f2e-a616-69d0ae7dbb05	chr6	149661	170741917	2	1	1
7964c7c4-9d9a-4f2e-a616-69d0ae7dbb05	chr7	43259	159334314	2	1	1
7964c7c4-9d9a-4f2e-a616-69d0ae7dbb05	chr8	81254	2285647	2	1	1
7964c7c4-9d9a-4f2e-a616-69d0ae7dbb05	chr8	2285658	2765254	2	2	0
7964c7c4-9d9a-4f2e-a616-69d0ae7dbb05	chr8	2765322	145072769	2	1	1
7964c7c4-9d9a-4f2e-a616-69d0ae7dbb05	chr9	46587	138200944	2	1	1
7964c7c4-9d9a-4f2e-a616-69d0ae7dbb05	chr10	26823	133769379	2	1	1
7964c7c4-9d9a-4f2e-a616-69d0ae7dbb05	chr11	198572	135074876	2	1	1
7964c7c4-9d9a-4f2e-a616-69d0ae7dbb05	chr12	51460	133201603	2	1	1
7964c7c4-9d9a-4f2e-a616-69d0ae7dbb05	chr13	18452809	114342922	2	1	1
7964c7c4-9d9a-4f2e-a616-69d0ae7dbb05	chr14	18225647	106877229	2	1	1
7964c7c4-9d9a-4f2e-a616-69d0ae7dbb05	chr15	19811075	36585560	2	1	1
7964c7c4-9d9a-4f2e-a616-69d0ae7dbb05	chr15	36586998	55014021	1	1	0
7964c7c4-9d9a-4f2e-a616-69d0ae7dbb05	chr15	55014216	101928837	2	1	1
7964c7c4-9d9a-4f2e-a616-69d0ae7dbb05	chr16	10777	90221127	2	1	1
7964c7c4-9d9a-4f2e-a616-69d0ae7dbb05	chr17	150733	83090856	2	1	1
7964c7c4-9d9a-4f2e-a616-69d0ae7dbb05	chr18	48133	80257174	2	1	1
7964c7c4-9d9a-4f2e-a616-69d0ae7dbb05	chr19	90910	58586487	2	1	1
7964c7c4-9d9a-4f2e-a616-69d0ae7dbb05	chr20	80664	64324800	2	1	1
7964c7c4-9d9a-4f2e-a616-69d0ae7dbb05	chr21	10336543	46677045	2	1	1
7964c7c4-9d9a-4f2e-a616-69d0ae7dbb05	chr22	15294545	50796027	2	2	0
7964c7c4-9d9a-4f2e-a616-69d0ae7dbb05	chrX	251810	2785350	2	1	1
7964c7c4-9d9a-4f2e-a616-69d0ae7dbb05	chrX	2785592	155699647	1	1	0
7964c7c4-9d9a-4f2e-a616-69d0ae7dbb05	chrX	155699837	156004181	2	2	0
39011b0a-65a5-4f28-8269-6e15fb1e2b67	chr1	61735	149034889	2	1	1
39011b0a-65a5-4f28-8269-6e15fb1e2b67	chr1	149034897	248930189	2	2	0
39011b0a-65a5-4f28-8269-6e15fb1e2b67	chr2	12784	242147305	2	1	1
39011b0a-65a5-4f28-8269-6e15fb1e2b67	chr3	18667	187810173	2	1	1
39011b0a-65a5-4f28-8269-6e15fb1e2b67	chr3	187814805	188524727	1	1	0
39011b0a-65a5-4f28-8269-6e15fb1e2b67	chr3	188529067	198169247	2	1	1
39011b0a-65a5-4f28-8269-6e15fb1e2b67	chr4	12281	190106768	2	1	1
39011b0a-65a5-4f28-8269-6e15fb1e2b67	chr5	15532	139147337	2	1	1
39011b0a-65a5-4f28-8269-6e15fb1e2b67	chr5	139148357	181363319	2	2	0
39011b0a-65a5-4f28-8269-6e15fb1e2b67	chr6	149661	61618320	2	1	1
39011b0a-65a5-4f28-8269-6e15fb1e2b67	chr6	61618616	61659801	2	2	0
39011b0a-65a5-4f28-8269-6e15fb1e2b67	chr6	61679520	170741917	1	1	0
39011b0a-65a5-4f28-8269-6e15fb1e2b67	chr7	43259	110943219	2	1	1
39011b0a-65a5-4f28-8269-6e15fb1e2b67	chr7	110944133	111037317	1	1	0
39011b0a-65a5-4f28-8269-6e15fb1e2b67	chr7	111038314	159334314	2	1	1
39011b0a-65a5-4f28-8269-6e15fb1e2b67	chr8	81254	3593535	2	1	1
39011b0a-65a5-4f28-8269-6e15fb1e2b67	chr8	3593589	3616234	1	1	0
39011b0a-65a5-4f28-8269-6e15fb1e2b67	chr8	3616306	67525585	2	1	1
39011b0a-65a5-4f28-8269-6e15fb1e2b67	chr8	67526809	145072769	2	2	0
39011b0a-65a5-4f28-8269-6e15fb1e2b67	chr9	46587	35526608	2	2	0
39011b0a-65a5-4f28-8269-6e15fb1e2b67	chr9	35527872	138200944	2	1	1
39011b0a-65a5-4f28-8269-6e15fb1e2b67	chr10	26823	62663745	2	1	1
39011b0a-65a5-4f28-8269-6e15fb1e2b67	chr10	62665349	64289589	3	2	1
39011b0a-65a5-4f28-8269-6e15fb1e2b67	chr10	64289934	90607960	2	1	1
39011b0a-65a5-4f28-8269-6e15fb1e2b67	chr10	90614076	90725975	1	1	0
39011b0a-65a5-4f28-8269-6e15fb1e2b67	chr10	90730617	133769379	2	1	1
39011b0a-65a5-4f28-8269-6e15fb1e2b67	chr11	198572	46101205	2	1	1
39011b0a-65a5-4f28-8269-6e15fb1e2b67	chr11	46101620	46556850	1	1	0
39011b0a-65a5-4f28-8269-6e15fb1e2b67	chr11	46557442	67331320	2	1	1
39011b0a-65a5-4f28-8269-6e15fb1e2b67	chr11	67337301	67593869	1	1	0
39011b0a-65a5-4f28-8269-6e15fb1e2b67	chr11	67603308	121146708	2	1	1
39011b0a-65a5-4f28-8269-6e15fb1e2b67	chr11	121151212	121582998	1	1	0
39011b0a-65a5-4f28-8269-6e15fb1e2b67	chr11	121584116	128440377	2	1	1
39011b0a-65a5-4f28-8269-6e15fb1e2b67	chr11	128440838	128582260	1	1	0
39011b0a-65a5-4f28-8269-6e15fb1e2b67	chr11	128590309	135074876	2	1	1
39011b0a-65a5-4f28-8269-6e15fb1e2b67	chr12	51460	133201603	2	1	1
39011b0a-65a5-4f28-8269-6e15fb1e2b67	chr13	18452809	22027596	2	1	1
39011b0a-65a5-4f28-8269-6e15fb1e2b67	chr13	22030678	39663740	2	2	0
39011b0a-65a5-4f28-8269-6e15fb1e2b67	chr13	39668234	95075095	3	3	0
39011b0a-65a5-4f28-8269-6e15fb1e2b67	chr13	95076069	114342922	2	2	0
39011b0a-65a5-4f28-8269-6e15fb1e2b67	chr14	18225647	103367544	2	1	1
39011b0a-65a5-4f28-8269-6e15fb1e2b67	chr14	103373661	103915165	1	1	0
39011b0a-65a5-4f28-8269-6e15fb1e2b67	chr14	103933953	105863019	2	1	1
39011b0a-65a5-4f28-8269-6e15fb1e2b67	chr14	105876458	106372206	0	0	0
39011b0a-65a5-4f28-8269-6e15fb1e2b67	chr14	106378645	106877229	2	1	1
39011b0a-65a5-4f28-8269-6e15fb1e2b67	chr15	19811075	101928837	2	1	1
39011b0a-65a5-4f28-8269-6e15fb1e2b67	chr16	10777	90221127	2	1	1
39011b0a-65a5-4f28-8269-6e15fb1e2b67	chr17	150733	83090856	2	1	1
39011b0a-65a5-4f28-8269-6e15fb1e2b67	chr18	48133	15402409	1	1	0
39011b0a-65a5-4f28-8269-6e15fb1e2b67	chr18	20949392	80257174	2	1	1
39011b0a-65a5-4f28-8269-6e15fb1e2b67	chr19	90910	5802276	2	1	1
39011b0a-65a5-4f28-8269-6e15fb1e2b67	chr19	5807403	8052166	1	1	0
39011b0a-65a5-4f28-8269-6e15fb1e2b67	chr19	8052752	31995440	2	1	1
39011b0a-65a5-4f28-8269-6e15fb1e2b67	chr19	31997321	34163064	3	2	1
39011b0a-65a5-4f28-8269-6e15fb1e2b67	chr19	34164154	58586487	2	1	1
39011b0a-65a5-4f28-8269-6e15fb1e2b67	chr20	80664	64324800	2	1	1
39011b0a-65a5-4f28-8269-6e15fb1e2b67	chr21	10336543	46677045	2	1	1
39011b0a-65a5-4f28-8269-6e15fb1e2b67	chr22	15294545	50796027	2	1	1
39011b0a-65a5-4f28-8269-6e15fb1e2b67	chrX	251810	156004181	1	1	0
f374ed7d-b5cf-4b1e-b966-1ec1775ecade	chr1	62920	48061862	4	2	2
f374ed7d-b5cf-4b1e-b966-1ec1775ecade	chr1	48064586	52470986	4	3	1
f374ed7d-b5cf-4b1e-b966-1ec1775ecade	chr1	52472097	55973732	4	2	2
f374ed7d-b5cf-4b1e-b966-1ec1775ecade	chr1	55973753	56250899	4	3	1
f374ed7d-b5cf-4b1e-b966-1ec1775ecade	chr1	56252057	60059763	3	2	1
f374ed7d-b5cf-4b1e-b966-1ec1775ecade	chr1	60067939	61014229	4	3	1
f374ed7d-b5cf-4b1e-b966-1ec1775ecade	chr1	61014328	75188740	4	2	2
f374ed7d-b5cf-4b1e-b966-1ec1775ecade	chr1	75189161	76157960	3	3	0
f374ed7d-b5cf-4b1e-b966-1ec1775ecade	chr1	76160062	88647773	4	2	2
f374ed7d-b5cf-4b1e-b966-1ec1775ecade	chr1	88651307	89263031	4	3	1
f374ed7d-b5cf-4b1e-b966-1ec1775ecade	chr1	89264267	121705338	4	2	2
f374ed7d-b5cf-4b1e-b966-1ec1775ecade	chr1	143541857	147016587	0	0	0
f374ed7d-b5cf-4b1e-b966-1ec1775ecade	chr1	147024836	169230187	4	2	2
f374ed7d-b5cf-4b1e-b966-1ec1775ecade	chr1	169234328	170133123	4	4	0
f374ed7d-b5cf-4b1e-b966-1ec1775ecade	chr1	170133735	196181550	4	2	2
f374ed7d-b5cf-4b1e-b966-1ec1775ecade	chr1	196182257	197899592	5	4	1
f374ed7d-b5cf-4b1e-b966-1ec1775ecade	chr1	197904571	207600619	5	3	2
f374ed7d-b5cf-4b1e-b966-1ec1775ecade	chr1	207600646	207847643	4	3	1
f374ed7d-b5cf-4b1e-b966-1ec1775ecade	chr1	207851475	238769973	5	3	2
f374ed7d-b5cf-4b1e-b966-1ec1775ecade	chr1	238770126	239014278	4	4	0
f374ed7d-b5cf-4b1e-b966-1ec1775ecade	chr1	239016652	241886906	5	3	2
f374ed7d-b5cf-4b1e-b966-1ec1775ecade	chr1	241887411	244499220	2	2	0
f374ed7d-b5cf-4b1e-b966-1ec1775ecade	chr1	244503543	248930189	4	2	2
f374ed7d-b5cf-4b1e-b966-1ec1775ecade	chr2	12784	82825216	4	3	1
f374ed7d-b5cf-4b1e-b966-1ec1775ecade	chr2	82832814	83652034	4	4	0
f374ed7d-b5cf-4b1e-b966-1ec1775ecade	chr2	83655469	89984697	4	3	1
f374ed7d-b5cf-4b1e-b966-1ec1775ecade	chr2	89986900	90228255	1	1	0
f374ed7d-b5cf-4b1e-b966-1ec1775ecade	chr2	90230139	146104517	4	3	1
f374ed7d-b5cf-4b1e-b966-1ec1775ecade	chr2	146106836	146109366	0	0	0
f374ed7d-b5cf-4b1e-b966-1ec1775ecade	chr2	146120238	163474387	4	3	1
f374ed7d-b5cf-4b1e-b966-1ec1775ecade	chr2	163475847	164709073	4	4	0
f374ed7d-b5cf-4b1e-b966-1ec1775ecade	chr2	164711039	242147305	4	3	1
f374ed7d-b5cf-4b1e-b966-1ec1775ecade	chr3	20930	1845620	6	5	1
f374ed7d-b5cf-4b1e-b966-1ec1775ecade	chr3	1847176	23741222	5	4	1
f374ed7d-b5cf-4b1e-b966-1ec1775ecade	chr3	23747411	36618007	8	4	4
f374ed7d-b5cf-4b1e-b966-1ec1775ecade	chr3	36620573	37474632	8	6	2
f374ed7d-b5cf-4b1e-b966-1ec1775ecade	chr3	37474645	41569737	8	4	4
f374ed7d-b5cf-4b1e-b966-1ec1775ecade	chr3	41571809	41885609	7	5	2
f374ed7d-b5cf-4b1e-b966-1ec1775ecade	chr3	41887891	42774649	9	5	4
f374ed7d-b5cf-4b1e-b966-1ec1775ecade	chr3	42775082	45091145	7	5	2
f374ed7d-b5cf-4b1e-b966-1ec1775ecade	chr3	45092282	59808978	8	4	4
f374ed7d-b5cf-4b1e-b966-1ec1775ecade	chr3	59810199	60364239	9	6	3
f374ed7d-b5cf-4b1e-b966-1ec1775ecade	chr3	60364977	60579493	7	4	3
f374ed7d-b5cf-4b1e-b966-1ec1775ecade	chr3	60580134	61287807	6	4	2
f374ed7d-b5cf-4b1e-b966-1ec1775ecade	chr3	61287890	84397605	8	4	4
f374ed7d-b5cf-4b1e-b966-1ec1775ecade	chr3	84401215	86158652	7	6	1
f374ed7d-b5cf-4b1e-b966-1ec1775ecade	chr3	86160707	88052272	8	4	4
f374ed7d-b5cf-4b1e-b966-1ec1775ecade	chr3	88052335	94250634	8	7	1
f374ed7d-b5cf-4b1e-b966-1ec1775ecade	chr3	94252267	102102309	8	4	4
f374ed7d-b5cf-4b1e-b966-1ec1775ecade	chr3	102104617	102508878	9	5	4
f374ed7d-b5cf-4b1e-b966-1ec1775ecade	chr3	102509361	109317180	8	4	4
f374ed7d-b5cf-4b1e-b966-1ec1775ecade	chr3	109317494	110375058	8	6	2
f374ed7d-b5cf-4b1e-b966-1ec1775ecade	chr3	110375374	157844368	8	4	4
f374ed7d-b5cf-4b1e-b966-1ec1775ecade	chr3	157844484	164867831	10	5	5
f374ed7d-b5cf-4b1e-b966-1ec1775ecade	chr3	164868044	166216931	11	8	3
f374ed7d-b5cf-4b1e-b966-1ec1775ecade	chr3	166223576	197536422	10	5	5
f374ed7d-b5cf-4b1e-b966-1ec1775ecade	chr3	197536530	198169247	10	9	1
f374ed7d-b5cf-4b1e-b966-1ec1775ecade	chr4	68929	27790489	4	2	2
f374ed7d-b5cf-4b1e-b966-1ec1775ecade	chr4	27790738	28907737	4	3	1
f374ed7d-b5cf-4b1e-b966-1ec1775ecade	chr4	28913860	34344306	4	2	2
f374ed7d-b5cf-4b1e-b966-1ec1775ecade	chr4	34346365	34896330	3	3	0
f374ed7d-b5cf-4b1e-b966-1ec1775ecade	chr4	34899951	45372972	3	2	1
f374ed7d-b5cf-4b1e-b966-1ec1775ecade	chr4	45373980	45629311	4	3	1
f374ed7d-b5cf-4b1e-b966-1ec1775ecade	chr4	45636066	63639211	4	2	2
f374ed7d-b5cf-4b1e-b966-1ec1775ecade	chr4	63646869	65013000	3	3	0
f374ed7d-b5cf-4b1e-b966-1ec1775ecade	chr4	65013435	76492084	3	2	1
f374ed7d-b5cf-4b1e-b966-1ec1775ecade	chr4	76495945	94207526	2	2	0
f374ed7d-b5cf-4b1e-b966-1ec1775ecade	chr4	94207627	94420222	5	4	1
f374ed7d-b5cf-4b1e-b966-1ec1775ecade	chr4	94422425	94489851	4	3	1
f374ed7d-b5cf-4b1e-b966-1ec1775ecade	chr4	94497621	104946251	4	2	2
f374ed7d-b5cf-4b1e-b966-1ec1775ecade	chr4	104948826	105743256	4	3	1
f374ed7d-b5cf-4b1e-b966-1ec1775ecade	chr4	105747473	133712013	4	2	2
f374ed7d-b5cf-4b1e-b966-1ec1775ecade	chr4	133713817	134818993	5	4	1
f374ed7d-b5cf-4b1e-b966-1ec1775ecade	chr4	134820877	152192919	4	2	2
f374ed7d-b5cf-4b1e-b966-1ec1775ecade	chr4	152194007	154430886	2	2	0
f374ed7d-b5cf-4b1e-b966-1ec1775ecade	chr4	154432527	171473047	4	2	2
f374ed7d-b5cf-4b1e-b966-1ec1775ecade	chr4	171484847	173677531	4	3	1
f374ed7d-b5cf-4b1e-b966-1ec1775ecade	chr4	173678308	190106768	4	2	2
f374ed7d-b5cf-4b1e-b966-1ec1775ecade	chr5	15532	85139892	4	2	2
f374ed7d-b5cf-4b1e-b966-1ec1775ecade	chr5	85140834	85753322	4	4	0
f374ed7d-b5cf-4b1e-b966-1ec1775ecade	chr5	85754336	118396135	4	2	2
f374ed7d-b5cf-4b1e-b966-1ec1775ecade	chr5	118396530	120055339	4	4	0
f374ed7d-b5cf-4b1e-b966-1ec1775ecade	chr5	120058150	152474741	4	2	2
f374ed7d-b5cf-4b1e-b966-1ec1775ecade	chr5	152475063	153094914	4	3	1
f374ed7d-b5cf-4b1e-b966-1ec1775ecade	chr5	153099546	153775581	4	4	0
f374ed7d-b5cf-4b1e-b966-1ec1775ecade	chr5	153777159	156861811	4	2	2
f374ed7d-b5cf-4b1e-b966-1ec1775ecade	chr5	156861850	157270139	5	4	1
f374ed7d-b5cf-4b1e-b966-1ec1775ecade	chr5	157270644	181363319	4	2	2
f374ed7d-b5cf-4b1e-b966-1ec1775ecade	chr6	149661	561421	5	3	2
f374ed7d-b5cf-4b1e-b966-1ec1775ecade	chr6	561527	4710828	6	3	3
f374ed7d-b5cf-4b1e-b966-1ec1775ecade	chr6	4711425	5068291	6	5	1
f374ed7d-b5cf-4b1e-b966-1ec1775ecade	chr6	5068637	12590287	6	3	3
f374ed7d-b5cf-4b1e-b966-1ec1775ecade	chr6	12590955	13188011	6	5	1
f374ed7d-b5cf-4b1e-b966-1ec1775ecade	chr6	13188261	22378886	6	3	3
f374ed7d-b5cf-4b1e-b966-1ec1775ecade	chr6	22379855	22709201	6	5	1
f374ed7d-b5cf-4b1e-b966-1ec1775ecade	chr6	22709399	24974609	6	4	2
f374ed7d-b5cf-4b1e-b966-1ec1775ecade	chr6	24975080	26542666	6	3	3
f374ed7d-b5cf-4b1e-b966-1ec1775ecade	chr6	26546580	29554811	6	5	1
f374ed7d-b5cf-4b1e-b966-1ec1775ecade	chr6	29554935	47920614	6	3	3
f374ed7d-b5cf-4b1e-b966-1ec1775ecade	chr6	47920713	48353558	6	5	1
f374ed7d-b5cf-4b1e-b966-1ec1775ecade	chr6	48353674	58356315	6	3	3
f374ed7d-b5cf-4b1e-b966-1ec1775ecade	chr6	58362157	62784853	6	5	1
f374ed7d-b5cf-4b1e-b966-1ec1775ecade	chr6	62785090	67816005	6	3	3
f374ed7d-b5cf-4b1e-b966-1ec1775ecade	chr6	67816618	129403382	2	2	0
f374ed7d-b5cf-4b1e-b966-1ec1775ecade	chr6	129403767	129451627	1	1	0
f374ed7d-b5cf-4b1e-b966-1ec1775ecade	chr6	129453114	129469927	5	3	2
f374ed7d-b5cf-4b1e-b966-1ec1775ecade	chr6	129472285	129544534	2	1	1
f374ed7d-b5cf-4b1e-b966-1ec1775ecade	chr6	129549376	136135903	6	3	3
f374ed7d-b5cf-4b1e-b966-1ec1775ecade	chr6	136136453	136757917	5	4	1
f374ed7d-b5cf-4b1e-b966-1ec1775ecade	chr6	136758404	140938397	6	3	3
f374ed7d-b5cf-4b1e-b966-1ec1775ecade	chr6	140938801	141465839	6	5	1
f374ed7d-b5cf-4b1e-b966-1ec1775ecade	chr6	141467032	158937325	6	3	3
f374ed7d-b5cf-4b1e-b966-1ec1775ecade	chr6	158941507	159116317	6	5	1
f374ed7d-b5cf-4b1e-b966-1ec1775ecade	chr6	159117385	160358833	6	3	3
f374ed7d-b5cf-4b1e-b966-1ec1775ecade	chr6	160360634	160908082	6	5	1
f374ed7d-b5cf-4b1e-b966-1ec1775ecade	chr6	160909620	170741917	6	3	3
f374ed7d-b5cf-4b1e-b966-1ec1775ecade	chr7	43259	19621853	8	6	2
f374ed7d-b5cf-4b1e-b966-1ec1775ecade	chr7	19622242	20562584	7	5	2
f374ed7d-b5cf-4b1e-b966-1ec1775ecade	chr7	20563259	28649121	8	6	2
f374ed7d-b5cf-4b1e-b966-1ec1775ecade	chr7	28649665	28987847	9	9	0
f374ed7d-b5cf-4b1e-b966-1ec1775ecade	chr7	28988777	62925454	8	6	2
f374ed7d-b5cf-4b1e-b966-1ec1775ecade	chr7	62925667	70766663	7	4	3
f374ed7d-b5cf-4b1e-b966-1ec1775ecade	chr7	70771945	70835745	12	6	6
f374ed7d-b5cf-4b1e-b966-1ec1775ecade	chr7	70835964	80450861	7	4	3
f374ed7d-b5cf-4b1e-b966-1ec1775ecade	chr7	80451079	80514039	8	6	2
f374ed7d-b5cf-4b1e-b966-1ec1775ecade	chr7	80514112	89209169	7	4	3
f374ed7d-b5cf-4b1e-b966-1ec1775ecade	chr7	89209432	89222561	12	8	4
f374ed7d-b5cf-4b1e-b966-1ec1775ecade	chr7	89223839	91692737	6	3	3
f374ed7d-b5cf-4b1e-b966-1ec1775ecade	chr7	91692791	92872390	6	6	0
f374ed7d-b5cf-4b1e-b966-1ec1775ecade	chr7	92874274	118871695	7	4	3
f374ed7d-b5cf-4b1e-b966-1ec1775ecade	chr7	118872783	119438419	7	6	1
f374ed7d-b5cf-4b1e-b966-1ec1775ecade	chr7	119440218	159334314	7	4	3
f374ed7d-b5cf-4b1e-b966-1ec1775ecade	chr8	81254	24748634	2	2	0
f374ed7d-b5cf-4b1e-b966-1ec1775ecade	chr8	24749081	32727339	4	2	2
f374ed7d-b5cf-4b1e-b966-1ec1775ecade	chr8	32729556	33324162	4	3	1
f374ed7d-b5cf-4b1e-b966-1ec1775ecade	chr8	33324311	39368332	4	2	2
f374ed7d-b5cf-4b1e-b966-1ec1775ecade	chr8	39368369	39663900	0	0	0
f374ed7d-b5cf-4b1e-b966-1ec1775ecade	chr8	39665094	49171785	4	2	2
f374ed7d-b5cf-4b1e-b966-1ec1775ecade	chr8	49172680	49831720	3	3	0
f374ed7d-b5cf-4b1e-b966-1ec1775ecade	chr8	49835951	58965249	4	2	2
f374ed7d-b5cf-4b1e-b966-1ec1775ecade	chr8	58965674	66134774	3	2	1
f374ed7d-b5cf-4b1e-b966-1ec1775ecade	chr8	66138721	67663271	4	4	0
f374ed7d-b5cf-4b1e-b966-1ec1775ecade	chr8	67664182	68960332	4	2	2
f374ed7d-b5cf-4b1e-b966-1ec1775ecade	chr8	68960498	69061766	5	3	2
f374ed7d-b5cf-4b1e-b966-1ec1775ecade	chr8	69062202	97975516	4	2	2
f374ed7d-b5cf-4b1e-b966-1ec1775ecade	chr8	97977990	98337246	4	3	1
f374ed7d-b5cf-4b1e-b966-1ec1775ecade	chr8	98340745	110804397	4	2	2
f374ed7d-b5cf-4b1e-b966-1ec1775ecade	chr8	110805362	111237377	4	3	1
f374ed7d-b5cf-4b1e-b966-1ec1775ecade	chr8	111237477	113685815	4	2	2
f374ed7d-b5cf-4b1e-b966-1ec1775ecade	chr8	113686047	114559550	6	4	2
f374ed7d-b5cf-4b1e-b966-1ec1775ecade	chr8	114559761	114892807	6	5	1
f374ed7d-b5cf-4b1e-b966-1ec1775ecade	chr8	114895324	115241141	4	3	1
f374ed7d-b5cf-4b1e-b966-1ec1775ecade	chr8	115241361	118614901	6	4	2
f374ed7d-b5cf-4b1e-b966-1ec1775ecade	chr8	118617215	119225116	5	5	0
f374ed7d-b5cf-4b1e-b966-1ec1775ecade	chr8	119227407	130866748	6	4	2
f374ed7d-b5cf-4b1e-b966-1ec1775ecade	chr8	130866822	130880663	10	7	3
f374ed7d-b5cf-4b1e-b966-1ec1775ecade	chr8	130882637	144925310	6	4	2
f374ed7d-b5cf-4b1e-b966-1ec1775ecade	chr8	144925347	145072769	6	6	0
f374ed7d-b5cf-4b1e-b966-1ec1775ecade	chr9	46587	304276	5	4	1
f374ed7d-b5cf-4b1e-b966-1ec1775ecade	chr9	304428	23634967	5	3	2
f374ed7d-b5cf-4b1e-b966-1ec1775ecade	chr9	23637494	29533693	5	5	0
f374ed7d-b5cf-4b1e-b966-1ec1775ecade	chr9	29533783	31108604	4	4	0
f374ed7d-b5cf-4b1e-b966-1ec1775ecade	chr9	31109269	33656559	4	2	2
f374ed7d-b5cf-4b1e-b966-1ec1775ecade	chr9	33658618	34587487	5	4	1
f374ed7d-b5cf-4b1e-b966-1ec1775ecade	chr9	34588008	74809272	5	3	2
f374ed7d-b5cf-4b1e-b966-1ec1775ecade	chr9	74809334	75178920	5	4	1
f374ed7d-b5cf-4b1e-b966-1ec1775ecade	chr9	75186465	80369576	5	3	2
f374ed7d-b5cf-4b1e-b966-1ec1775ecade	chr9	80370811	80382310	1	1	0
f374ed7d-b5cf-4b1e-b966-1ec1775ecade	chr9	80382885	125993597	4	2	2
f374ed7d-b5cf-4b1e-b966-1ec1775ecade	chr9	125993620	138200944	5	3	2
f374ed7d-b5cf-4b1e-b966-1ec1775ecade	chr10	45792	21901726	5	3	2
f374ed7d-b5cf-4b1e-b966-1ec1775ecade	chr10	21901748	23050837	5	5	0
f374ed7d-b5cf-4b1e-b966-1ec1775ecade	chr10	23052264	48830264	5	3	2
f374ed7d-b5cf-4b1e-b966-1ec1775ecade	chr10	48833078	48863470	2	1	1
f374ed7d-b5cf-4b1e-b966-1ec1775ecade	chr10	48864656	55878709	6	4	2
f374ed7d-b5cf-4b1e-b966-1ec1775ecade	chr10	55882064	56124447	2	2	0
f374ed7d-b5cf-4b1e-b966-1ec1775ecade	chr10	56128037	57820298	6	4	2
f374ed7d-b5cf-4b1e-b966-1ec1775ecade	chr10	57822331	58299194	5	5	0
f374ed7d-b5cf-4b1e-b966-1ec1775ecade	chr10	58299822	69926659	5	3	2
f374ed7d-b5cf-4b1e-b966-1ec1775ecade	chr10	69930719	70990500	6	4	2
f374ed7d-b5cf-4b1e-b966-1ec1775ecade	chr10	70990936	76982768	5	3	2
f374ed7d-b5cf-4b1e-b966-1ec1775ecade	chr10	76984799	77186944	6	6	0
f374ed7d-b5cf-4b1e-b966-1ec1775ecade	chr10	77189006	105223477	5	3	2
f374ed7d-b5cf-4b1e-b966-1ec1775ecade	chr10	105223801	106581679	5	5	0
f374ed7d-b5cf-4b1e-b966-1ec1775ecade	chr10	106582254	133654968	5	3	2
f374ed7d-b5cf-4b1e-b966-1ec1775ecade	chr11	198510	25160292	4	2	2
f374ed7d-b5cf-4b1e-b966-1ec1775ecade	chr11	25160882	25811800	5	4	1
f374ed7d-b5cf-4b1e-b966-1ec1775ecade	chr11	25813355	37456689	4	2	2
f374ed7d-b5cf-4b1e-b966-1ec1775ecade	chr11	37459525	38294741	4	3	1
f374ed7d-b5cf-4b1e-b966-1ec1775ecade	chr11	38298562	83918868	4	2	2
f374ed7d-b5cf-4b1e-b966-1ec1775ecade	chr11	83921960	84419051	4	3	1
f374ed7d-b5cf-4b1e-b966-1ec1775ecade	chr11	84424213	104900759	4	2	2
f374ed7d-b5cf-4b1e-b966-1ec1775ecade	chr11	104901412	104910172	8	4	4
f374ed7d-b5cf-4b1e-b966-1ec1775ecade	chr11	104910307	112666520	4	2	2
f374ed7d-b5cf-4b1e-b966-1ec1775ecade	chr11	112668594	132139615	5	3	2
f374ed7d-b5cf-4b1e-b966-1ec1775ecade	chr11	132139972	132294665	5	4	1
f374ed7d-b5cf-4b1e-b966-1ec1775ecade	chr11	132294761	135074876	5	3	2
f374ed7d-b5cf-4b1e-b966-1ec1775ecade	chr12	51460	7966272	4	2	2
f374ed7d-b5cf-4b1e-b966-1ec1775ecade	chr12	7969735	8885989	4	3	1
f374ed7d-b5cf-4b1e-b966-1ec1775ecade	chr12	8889747	8967302	6	3	3
f374ed7d-b5cf-4b1e-b966-1ec1775ecade	chr12	8968307	15058280	3	2	1
f374ed7d-b5cf-4b1e-b966-1ec1775ecade	chr12	15058549	15117231	7	4	3
f374ed7d-b5cf-4b1e-b966-1ec1775ecade	chr12	15124179	47881534	4	2	2
f374ed7d-b5cf-4b1e-b966-1ec1775ecade	chr12	47882160	48806821	4	3	1
f374ed7d-b5cf-4b1e-b966-1ec1775ecade	chr12	48807424	66113007	4	2	2
f374ed7d-b5cf-4b1e-b966-1ec1775ecade	chr12	66113065	66254683	2	2	0
f374ed7d-b5cf-4b1e-b966-1ec1775ecade	chr12	66255929	80411197	4	2	2
f374ed7d-b5cf-4b1e-b966-1ec1775ecade	chr12	80412300	81076938	4	3	1
f374ed7d-b5cf-4b1e-b966-1ec1775ecade	chr12	81077191	86272944	4	2	2
f374ed7d-b5cf-4b1e-b966-1ec1775ecade	chr12	86273161	88808124	4	4	0
f374ed7d-b5cf-4b1e-b966-1ec1775ecade	chr12	88808405	89642558	4	3	1
f374ed7d-b5cf-4b1e-b966-1ec1775ecade	chr12	89642933	106274361	3	2	1
f374ed7d-b5cf-4b1e-b966-1ec1775ecade	chr12	106275253	107156893	4	3	1
f374ed7d-b5cf-4b1e-b966-1ec1775ecade	chr12	107157354	117550716	4	2	2
f374ed7d-b5cf-4b1e-b966-1ec1775ecade	chr12	117550981	117569103	7	4	3
f374ed7d-b5cf-4b1e-b966-1ec1775ecade	chr12	117569936	133201603	4	2	2
f374ed7d-b5cf-4b1e-b966-1ec1775ecade	chr13	18452809	68986958	5	4	1
f374ed7d-b5cf-4b1e-b966-1ec1775ecade	chr13	68988753	69064035	4	2	2
f374ed7d-b5cf-4b1e-b966-1ec1775ecade	chr13	69068440	82007307	5	4	1
f374ed7d-b5cf-4b1e-b966-1ec1775ecade	chr13	82008015	84968752	6	5	1
f374ed7d-b5cf-4b1e-b966-1ec1775ecade	chr13	84968968	114342922	5	4	1
f374ed7d-b5cf-4b1e-b966-1ec1775ecade	chr14	18239283	19945699	9	6	3
f374ed7d-b5cf-4b1e-b966-1ec1775ecade	chr14	19949382	21882891	4	2	2
f374ed7d-b5cf-4b1e-b966-1ec1775ecade	chr14	21883488	22478914	3	2	1
f374ed7d-b5cf-4b1e-b966-1ec1775ecade	chr14	22481502	30914340	4	2	2
f374ed7d-b5cf-4b1e-b966-1ec1775ecade	chr14	30919517	32063340	5	4	1
f374ed7d-b5cf-4b1e-b966-1ec1775ecade	chr14	32065091	99551024	4	2	2
f374ed7d-b5cf-4b1e-b966-1ec1775ecade	chr14	99551085	99556527	1	1	0
f374ed7d-b5cf-4b1e-b966-1ec1775ecade	chr14	99557059	105733039	5	3	2
f374ed7d-b5cf-4b1e-b966-1ec1775ecade	chr14	105752248	106379202	9	9	0
f374ed7d-b5cf-4b1e-b966-1ec1775ecade	chr14	106380858	106877229	4	2	2
f374ed7d-b5cf-4b1e-b966-1ec1775ecade	chr15	19811075	23708094	4	2	2
f374ed7d-b5cf-4b1e-b966-1ec1775ecade	chr15	23709102	47331654	2	2	0
f374ed7d-b5cf-4b1e-b966-1ec1775ecade	chr15	47331922	75822017	4	2	2
f374ed7d-b5cf-4b1e-b966-1ec1775ecade	chr15	75822470	77085312	4	3	1
f374ed7d-b5cf-4b1e-b966-1ec1775ecade	chr15	77085483	81533806	4	2	2
f374ed7d-b5cf-4b1e-b966-1ec1775ecade	chr15	81534492	81960409	3	3	0
f374ed7d-b5cf-4b1e-b966-1ec1775ecade	chr15	81960911	101928837	4	2	2
f374ed7d-b5cf-4b1e-b966-1ec1775ecade	chr16	10777	52909787	4	2	2
f374ed7d-b5cf-4b1e-b966-1ec1775ecade	chr16	52910832	53373647	4	3	1
f374ed7d-b5cf-4b1e-b966-1ec1775ecade	chr16	53373855	54695231	4	2	2
f374ed7d-b5cf-4b1e-b966-1ec1775ecade	chr16	54695314	54717607	2	1	1
f374ed7d-b5cf-4b1e-b966-1ec1775ecade	chr16	54717895	76201128	4	2	2
f374ed7d-b5cf-4b1e-b966-1ec1775ecade	chr16	76201347	76202214	1	1	0
f374ed7d-b5cf-4b1e-b966-1ec1775ecade	chr16	76202656	80298593	4	2	2
f374ed7d-b5cf-4b1e-b966-1ec1775ecade	chr16	80298669	80300113	1	1	0
f374ed7d-b5cf-4b1e-b966-1ec1775ecade	chr16	80300263	90096867	4	2	2
f374ed7d-b5cf-4b1e-b966-1ec1775ecade	chr17	150733	17211322	3	3	0
f374ed7d-b5cf-4b1e-b966-1ec1775ecade	chr17	17213098	44216242	5	3	2
f374ed7d-b5cf-4b1e-b966-1ec1775ecade	chr17	44216448	47347438	4	4	0
f374ed7d-b5cf-4b1e-b966-1ec1775ecade	chr17	47347749	47592534	1	1	0
f374ed7d-b5cf-4b1e-b966-1ec1775ecade	chr17	47592551	83091923	5	5	0
f374ed7d-b5cf-4b1e-b966-1ec1775ecade	chr18	48133	12003321	6	5	1
f374ed7d-b5cf-4b1e-b966-1ec1775ecade	chr18	12004091	12010746	3	3	0
f374ed7d-b5cf-4b1e-b966-1ec1775ecade	chr18	12012517	15402409	7	6	1
f374ed7d-b5cf-4b1e-b966-1ec1775ecade	chr18	20949392	80257174	6	5	1
f374ed7d-b5cf-4b1e-b966-1ec1775ecade	chr19	90910	58586487	5	4	1
f374ed7d-b5cf-4b1e-b966-1ec1775ecade	chr20	80664	1357817	3	2	1
f374ed7d-b5cf-4b1e-b966-1ec1775ecade	chr20	1359746	1705464	2	2	0
f374ed7d-b5cf-4b1e-b966-1ec1775ecade	chr20	1706503	3194772	3	2	1
f374ed7d-b5cf-4b1e-b966-1ec1775ecade	chr20	3195797	3970220	3	3	0
f374ed7d-b5cf-4b1e-b966-1ec1775ecade	chr20	3976167	19578651	5	3	2
f374ed7d-b5cf-4b1e-b966-1ec1775ecade	chr20	19579256	24122829	3	2	1
f374ed7d-b5cf-4b1e-b966-1ec1775ecade	chr20	24123666	31292725	5	3	2
f374ed7d-b5cf-4b1e-b966-1ec1775ecade	chr20	31293239	33055180	8	6	2
f374ed7d-b5cf-4b1e-b966-1ec1775ecade	chr20	33055705	39359399	5	3	2
f374ed7d-b5cf-4b1e-b966-1ec1775ecade	chr20	39359811	39840579	3	3	0
f374ed7d-b5cf-4b1e-b966-1ec1775ecade	chr20	39841881	64324800	3	2	1
f374ed7d-b5cf-4b1e-b966-1ec1775ecade	chr21	12973348	45903608	4	2	2
f374ed7d-b5cf-4b1e-b966-1ec1775ecade	chr21	45903828	45922202	11	6	5
f374ed7d-b5cf-4b1e-b966-1ec1775ecade	chr21	45922608	46677045	4	2	2
f374ed7d-b5cf-4b1e-b966-1ec1775ecade	chr22	16392123	50796027	4	2	2
f374ed7d-b5cf-4b1e-b966-1ec1775ecade	chrX	251810	19101797	6	3	3
f374ed7d-b5cf-4b1e-b966-1ec1775ecade	chrX	19103593	21204178	6	5	1
f374ed7d-b5cf-4b1e-b966-1ec1775ecade	chrX	21207674	35132919	6	3	3
f374ed7d-b5cf-4b1e-b966-1ec1775ecade	chrX	35141149	37855798	6	5	1
f374ed7d-b5cf-4b1e-b966-1ec1775ecade	chrX	37860187	56455658	6	3	3
f374ed7d-b5cf-4b1e-b966-1ec1775ecade	chrX	56456112	67910806	5	5	0
f374ed7d-b5cf-4b1e-b966-1ec1775ecade	chrX	67919080	72089071	6	3	3
f374ed7d-b5cf-4b1e-b966-1ec1775ecade	chrX	72091857	77381020	6	4	2
f374ed7d-b5cf-4b1e-b966-1ec1775ecade	chrX	77383579	85175134	6	3	3
f374ed7d-b5cf-4b1e-b966-1ec1775ecade	chrX	85179418	86241065	6	5	1
f374ed7d-b5cf-4b1e-b966-1ec1775ecade	chrX	86241313	102802726	6	3	3
f374ed7d-b5cf-4b1e-b966-1ec1775ecade	chrX	102803824	108760471	5	3	2
f374ed7d-b5cf-4b1e-b966-1ec1775ecade	chrX	108762433	109626119	5	4	1
f374ed7d-b5cf-4b1e-b966-1ec1775ecade	chrX	109626955	109730514	3	2	1
f374ed7d-b5cf-4b1e-b966-1ec1775ecade	chrX	109730612	112150244	5	4	1
f374ed7d-b5cf-4b1e-b966-1ec1775ecade	chrX	112152259	114182061	5	3	2
f374ed7d-b5cf-4b1e-b966-1ec1775ecade	chrX	114189780	115606550	5	4	1
f374ed7d-b5cf-4b1e-b966-1ec1775ecade	chrX	115608867	126079653	5	3	2
f374ed7d-b5cf-4b1e-b966-1ec1775ecade	chrX	126080939	126791110	5	4	1
f374ed7d-b5cf-4b1e-b966-1ec1775ecade	chrX	126793641	140797431	5	3	2
f374ed7d-b5cf-4b1e-b966-1ec1775ecade	chrX	140797645	141269732	6	3	3
f374ed7d-b5cf-4b1e-b966-1ec1775ecade	chrX	141271339	156004181	5	3	2
f374ed7d-b5cf-4b1e-b966-1ec1775ecade	chrY	2782397	56872112	0	0	0
5b1bff34-5c81-4139-9f22-01c256754e2d	chr1	61735	20010831	2	2	0
5b1bff34-5c81-4139-9f22-01c256754e2d	chr1	20011506	34134267	1	1	0
5b1bff34-5c81-4139-9f22-01c256754e2d	chr1	34135952	36511086	2	1	1
5b1bff34-5c81-4139-9f22-01c256754e2d	chr1	36511964	38089814	1	1	0
5b1bff34-5c81-4139-9f22-01c256754e2d	chr1	38091426	54808846	2	1	1
5b1bff34-5c81-4139-9f22-01c256754e2d	chr1	54808979	55590175	1	1	0
5b1bff34-5c81-4139-9f22-01c256754e2d	chr1	55592176	99666476	2	1	1
5b1bff34-5c81-4139-9f22-01c256754e2d	chr1	99667734	103068609	1	1	0
5b1bff34-5c81-4139-9f22-01c256754e2d	chr1	103074261	114751166	2	1	1
5b1bff34-5c81-4139-9f22-01c256754e2d	chr1	114761069	116534942	1	1	0
5b1bff34-5c81-4139-9f22-01c256754e2d	chr1	116538219	121741181	2	1	1
5b1bff34-5c81-4139-9f22-01c256754e2d	chr1	143285278	152753153	3	2	1
5b1bff34-5c81-4139-9f22-01c256754e2d	chr1	152761914	153685711	2	2	0
5b1bff34-5c81-4139-9f22-01c256754e2d	chr1	153686632	220223030	3	2	1
5b1bff34-5c81-4139-9f22-01c256754e2d	chr1	220227258	248930189	1	1	0
5b1bff34-5c81-4139-9f22-01c256754e2d	chr2	12784	139836288	2	1	1
5b1bff34-5c81-4139-9f22-01c256754e2d	chr2	139836310	150150835	1	1	0
5b1bff34-5c81-4139-9f22-01c256754e2d	chr2	150155022	242147305	2	1	1
5b1bff34-5c81-4139-9f22-01c256754e2d	chr3	18667	22134443	2	1	1
5b1bff34-5c81-4139-9f22-01c256754e2d	chr3	22139681	22436350	1	1	0
5b1bff34-5c81-4139-9f22-01c256754e2d	chr3	22438152	93808615	2	1	1
5b1bff34-5c81-4139-9f22-01c256754e2d	chr3	93811402	187736120	3	2	1
5b1bff34-5c81-4139-9f22-01c256754e2d	chr3	187736150	198169247	2	1	1
5b1bff34-5c81-4139-9f22-01c256754e2d	chr4	12281	49656595	2	1	1
5b1bff34-5c81-4139-9f22-01c256754e2d	chr4	51819533	190106768	1	1	0
5b1bff34-5c81-4139-9f22-01c256754e2d	chr5	15532	33841178	2	1	1
5b1bff34-5c81-4139-9f22-01c256754e2d	chr5	33843153	34123989	1	1	0
5b1bff34-5c81-4139-9f22-01c256754e2d	chr5	34146304	40569367	2	1	1
5b1bff34-5c81-4139-9f22-01c256754e2d	chr5	40569851	40607808	1	1	0
5b1bff34-5c81-4139-9f22-01c256754e2d	chr5	40607896	52193605	2	1	1
5b1bff34-5c81-4139-9f22-01c256754e2d	chr5	52193788	52254717	1	1	0
5b1bff34-5c81-4139-9f22-01c256754e2d	chr5	52258498	181363319	2	1	1
5b1bff34-5c81-4139-9f22-01c256754e2d	chr6	149661	56948388	2	1	1
5b1bff34-5c81-4139-9f22-01c256754e2d	chr6	56957530	56993833	1	1	0
5b1bff34-5c81-4139-9f22-01c256754e2d	chr6	57001533	99942349	2	1	1
5b1bff34-5c81-4139-9f22-01c256754e2d	chr6	99943021	107903566	1	1	0
5b1bff34-5c81-4139-9f22-01c256754e2d	chr6	107909673	170741917	2	1	1
5b1bff34-5c81-4139-9f22-01c256754e2d	chr7	43259	159334314	2	1	1
5b1bff34-5c81-4139-9f22-01c256754e2d	chr8	81254	66741144	1	1	0
5b1bff34-5c81-4139-9f22-01c256754e2d	chr8	66741999	145072769	2	1	1
5b1bff34-5c81-4139-9f22-01c256754e2d	chr9	46587	21679271	2	1	1
5b1bff34-5c81-4139-9f22-01c256754e2d	chr9	21679453	21846441	1	1	0
5b1bff34-5c81-4139-9f22-01c256754e2d	chr9	21855097	22909789	0	0	0
5b1bff34-5c81-4139-9f22-01c256754e2d	chr9	22911865	23520958	1	1	0
5b1bff34-5c81-4139-9f22-01c256754e2d	chr9	23520988	138200944	2	1	1
5b1bff34-5c81-4139-9f22-01c256754e2d	chr10	26823	133769379	2	1	1
5b1bff34-5c81-4139-9f22-01c256754e2d	chr11	198572	135074876	2	1	1
5b1bff34-5c81-4139-9f22-01c256754e2d	chr12	51460	19897245	2	1	1
5b1bff34-5c81-4139-9f22-01c256754e2d	chr12	19906181	20087371	1	1	0
5b1bff34-5c81-4139-9f22-01c256754e2d	chr12	20087391	133201603	2	1	1
5b1bff34-5c81-4139-9f22-01c256754e2d	chr13	18452809	114342922	2	1	1
5b1bff34-5c81-4139-9f22-01c256754e2d	chr14	18225647	74827517	2	1	1
5b1bff34-5c81-4139-9f22-01c256754e2d	chr14	74827988	74912432	1	1	0
5b1bff34-5c81-4139-9f22-01c256754e2d	chr14	74915322	106574965	2	1	1
5b1bff34-5c81-4139-9f22-01c256754e2d	chr14	106575052	106811167	2	2	0
5b1bff34-5c81-4139-9f22-01c256754e2d	chr14	106812664	106877229	3	2	1
5b1bff34-5c81-4139-9f22-01c256754e2d	chr15	19811075	101928837	2	1	1
5b1bff34-5c81-4139-9f22-01c256754e2d	chr16	10777	36048855	2	1	1
5b1bff34-5c81-4139-9f22-01c256754e2d	chr16	46429870	70821299	1	1	0
5b1bff34-5c81-4139-9f22-01c256754e2d	chr16	70821576	71168586	2	2	0
5b1bff34-5c81-4139-9f22-01c256754e2d	chr16	71168894	90221127	1	1	0
5b1bff34-5c81-4139-9f22-01c256754e2d	chr17	150733	7564627	2	1	1
5b1bff34-5c81-4139-9f22-01c256754e2d	chr17	7565371	10020397	1	1	0
5b1bff34-5c81-4139-9f22-01c256754e2d	chr17	10020614	83090856	2	1	1
5b1bff34-5c81-4139-9f22-01c256754e2d	chr18	48133	7679796	1	1	0
5b1bff34-5c81-4139-9f22-01c256754e2d	chr18	7688125	80257174	2	1	1
5b1bff34-5c81-4139-9f22-01c256754e2d	chr19	90910	2058332	2	1	1
5b1bff34-5c81-4139-9f22-01c256754e2d	chr19	2060090	2197735	1	1	0
5b1bff34-5c81-4139-9f22-01c256754e2d	chr19	2203722	19094126	2	1	1
5b1bff34-5c81-4139-9f22-01c256754e2d	chr19	19095691	19171998	1	1	0
5b1bff34-5c81-4139-9f22-01c256754e2d	chr19	19175268	58586487	2	1	1
5b1bff34-5c81-4139-9f22-01c256754e2d	chr20	80664	64324800	2	1	1
5b1bff34-5c81-4139-9f22-01c256754e2d	chr21	10336543	46677045	2	1	1
5b1bff34-5c81-4139-9f22-01c256754e2d	chr22	15294545	49097792	2	1	1
5b1bff34-5c81-4139-9f22-01c256754e2d	chr22	49107087	49894942	1	1	0
5b1bff34-5c81-4139-9f22-01c256754e2d	chr22	49901092	50796027	2	1	1
5b1bff34-5c81-4139-9f22-01c256754e2d	chrX	251810	156004181	1	1	0
ad89b287-1d8b-43f8-bcf0-4a57f24562b3	chr1	62920	4099183	1	1	0
ad89b287-1d8b-43f8-bcf0-4a57f24562b3	chr1	4100844	76851875	2	1	1
ad89b287-1d8b-43f8-bcf0-4a57f24562b3	chr1	76852034	76859416	0	0	0
ad89b287-1d8b-43f8-bcf0-4a57f24562b3	chr1	76859715	121705338	2	1	1
ad89b287-1d8b-43f8-bcf0-4a57f24562b3	chr1	143541857	150336164	4	3	1
ad89b287-1d8b-43f8-bcf0-4a57f24562b3	chr1	150340471	182310192	3	2	1
ad89b287-1d8b-43f8-bcf0-4a57f24562b3	chr1	182310561	182582202	3	3	0
ad89b287-1d8b-43f8-bcf0-4a57f24562b3	chr1	182583608	206629756	4	2	2
ad89b287-1d8b-43f8-bcf0-4a57f24562b3	chr1	206633027	213347319	2	2	0
ad89b287-1d8b-43f8-bcf0-4a57f24562b3	chr1	213348090	215218902	3	2	1
ad89b287-1d8b-43f8-bcf0-4a57f24562b3	chr1	215219102	217013505	2	2	0
ad89b287-1d8b-43f8-bcf0-4a57f24562b3	chr1	217020345	217298775	4	2	2
ad89b287-1d8b-43f8-bcf0-4a57f24562b3	chr1	217298923	248930189	2	2	0
ad89b287-1d8b-43f8-bcf0-4a57f24562b3	chr2	12784	29852145	2	1	1
ad89b287-1d8b-43f8-bcf0-4a57f24562b3	chr2	29852185	29867763	9	5	4
ad89b287-1d8b-43f8-bcf0-4a57f24562b3	chr2	29868729	56533196	2	1	1
ad89b287-1d8b-43f8-bcf0-4a57f24562b3	chr2	56533992	57939688	4	3	1
ad89b287-1d8b-43f8-bcf0-4a57f24562b3	chr2	57940963	57942359	0	0	0
ad89b287-1d8b-43f8-bcf0-4a57f24562b3	chr2	57942815	242147305	2	1	1
ad89b287-1d8b-43f8-bcf0-4a57f24562b3	chr3	20930	8784435	2	1	1
ad89b287-1d8b-43f8-bcf0-4a57f24562b3	chr3	8787635	8825123	5	4	1
ad89b287-1d8b-43f8-bcf0-4a57f24562b3	chr3	8825517	9159260	1	1	0
ad89b287-1d8b-43f8-bcf0-4a57f24562b3	chr3	9160012	89472514	2	1	1
ad89b287-1d8b-43f8-bcf0-4a57f24562b3	chr3	89472543	198169247	3	2	1
ad89b287-1d8b-43f8-bcf0-4a57f24562b3	chr4	68929	10208766	2	1	1
ad89b287-1d8b-43f8-bcf0-4a57f24562b3	chr4	10212536	10229874	0	0	0
ad89b287-1d8b-43f8-bcf0-4a57f24562b3	chr4	10232590	190106768	2	1	1
ad89b287-1d8b-43f8-bcf0-4a57f24562b3	chr5	15532	46246558	3	2	1
ad89b287-1d8b-43f8-bcf0-4a57f24562b3	chr5	46251204	74279441	2	1	1
ad89b287-1d8b-43f8-bcf0-4a57f24562b3	chr5	74279533	74282774	0	0	0
ad89b287-1d8b-43f8-bcf0-4a57f24562b3	chr5	74282999	76647432	2	1	1
ad89b287-1d8b-43f8-bcf0-4a57f24562b3	chr5	76648451	76663644	7	4	3
ad89b287-1d8b-43f8-bcf0-4a57f24562b3	chr5	76664953	132386057	2	1	1
ad89b287-1d8b-43f8-bcf0-4a57f24562b3	chr5	132389258	133560229	3	2	1
ad89b287-1d8b-43f8-bcf0-4a57f24562b3	chr5	133561613	133675812	1	1	0
ad89b287-1d8b-43f8-bcf0-4a57f24562b3	chr5	133676343	169089951	2	1	1
ad89b287-1d8b-43f8-bcf0-4a57f24562b3	chr5	169090017	169164296	4	2	2
ad89b287-1d8b-43f8-bcf0-4a57f24562b3	chr5	169164528	181363319	2	1	1
ad89b287-1d8b-43f8-bcf0-4a57f24562b3	chr6	149661	66861827	2	1	1
ad89b287-1d8b-43f8-bcf0-4a57f24562b3	chr6	66862060	66865921	0	0	0
ad89b287-1d8b-43f8-bcf0-4a57f24562b3	chr6	66866199	68831336	2	1	1
ad89b287-1d8b-43f8-bcf0-4a57f24562b3	chr6	68831439	68850412	0	0	0
ad89b287-1d8b-43f8-bcf0-4a57f24562b3	chr6	68850681	78253172	2	1	1
ad89b287-1d8b-43f8-bcf0-4a57f24562b3	chr6	78259348	78325468	0	0	0
ad89b287-1d8b-43f8-bcf0-4a57f24562b3	chr6	78329517	170741917	2	1	1
ad89b287-1d8b-43f8-bcf0-4a57f24562b3	chr7	43259	18779052	2	1	1
ad89b287-1d8b-43f8-bcf0-4a57f24562b3	chr7	18779183	18791642	6	3	3
ad89b287-1d8b-43f8-bcf0-4a57f24562b3	chr7	18791841	38254500	2	1	1
ad89b287-1d8b-43f8-bcf0-4a57f24562b3	chr7	38255395	38317181	0	0	0
ad89b287-1d8b-43f8-bcf0-4a57f24562b3	chr7	38317207	151416092	2	1	1
ad89b287-1d8b-43f8-bcf0-4a57f24562b3	chr7	151416954	151694567	1	1	0
ad89b287-1d8b-43f8-bcf0-4a57f24562b3	chr7	151695342	159334314	2	1	1
ad89b287-1d8b-43f8-bcf0-4a57f24562b3	chr8	81254	66392843	1	1	0
ad89b287-1d8b-43f8-bcf0-4a57f24562b3	chr8	66397025	112738110	2	1	1
ad89b287-1d8b-43f8-bcf0-4a57f24562b3	chr8	112738304	114932763	2	2	0
ad89b287-1d8b-43f8-bcf0-4a57f24562b3	chr8	114932788	121705132	2	1	1
ad89b287-1d8b-43f8-bcf0-4a57f24562b3	chr8	121706223	145072769	3	2	1
ad89b287-1d8b-43f8-bcf0-4a57f24562b3	chr9	46587	114899147	2	1	1
ad89b287-1d8b-43f8-bcf0-4a57f24562b3	chr9	114899385	115736100	2	2	0
ad89b287-1d8b-43f8-bcf0-4a57f24562b3	chr9	115737443	138200944	2	1	1
ad89b287-1d8b-43f8-bcf0-4a57f24562b3	chr10	45792	93834258	2	1	1
ad89b287-1d8b-43f8-bcf0-4a57f24562b3	chr10	93835407	94069918	3	2	1
ad89b287-1d8b-43f8-bcf0-4a57f24562b3	chr10	94070906	133654968	2	1	1
ad89b287-1d8b-43f8-bcf0-4a57f24562b3	chr11	198510	60945605	2	1	1
ad89b287-1d8b-43f8-bcf0-4a57f24562b3	chr11	60955538	61066302	4	2	2
ad89b287-1d8b-43f8-bcf0-4a57f24562b3	chr11	61066571	96335724	2	1	1
ad89b287-1d8b-43f8-bcf0-4a57f24562b3	chr11	96344608	96688962	4	3	1
ad89b287-1d8b-43f8-bcf0-4a57f24562b3	chr11	96691905	98494394	2	1	1
ad89b287-1d8b-43f8-bcf0-4a57f24562b3	chr11	98494858	98525521	7	4	3
ad89b287-1d8b-43f8-bcf0-4a57f24562b3	chr11	98525926	107954823	2	1	1
ad89b287-1d8b-43f8-bcf0-4a57f24562b3	chr11	107955446	109334557	3	2	1
ad89b287-1d8b-43f8-bcf0-4a57f24562b3	chr11	109336301	117633741	2	1	1
ad89b287-1d8b-43f8-bcf0-4a57f24562b3	chr11	117634394	119105750	4	3	1
ad89b287-1d8b-43f8-bcf0-4a57f24562b3	chr11	119106009	135074876	2	1	1
ad89b287-1d8b-43f8-bcf0-4a57f24562b3	chr12	51460	23611290	2	1	1
ad89b287-1d8b-43f8-bcf0-4a57f24562b3	chr12	23611686	23617419	9	5	4
ad89b287-1d8b-43f8-bcf0-4a57f24562b3	chr12	23617526	133201603	2	1	1
ad89b287-1d8b-43f8-bcf0-4a57f24562b3	chr13	18452809	114342922	2	1	1
ad89b287-1d8b-43f8-bcf0-4a57f24562b3	chr14	18239283	22010722	2	1	1
ad89b287-1d8b-43f8-bcf0-4a57f24562b3	chr14	22011358	22530968	0	0	0
ad89b287-1d8b-43f8-bcf0-4a57f24562b3	chr14	22531112	106877229	2	1	1
ad89b287-1d8b-43f8-bcf0-4a57f24562b3	chr15	19811075	25054112	3	2	1
ad89b287-1d8b-43f8-bcf0-4a57f24562b3	chr15	25055911	25081548	8	4	4
ad89b287-1d8b-43f8-bcf0-4a57f24562b3	chr15	25081683	101928837	2	1	1
ad89b287-1d8b-43f8-bcf0-4a57f24562b3	chr16	10777	6203968	2	1	1
ad89b287-1d8b-43f8-bcf0-4a57f24562b3	chr16	6210851	7990319	3	2	1
ad89b287-1d8b-43f8-bcf0-4a57f24562b3	chr16	7990632	87732599	2	1	1
ad89b287-1d8b-43f8-bcf0-4a57f24562b3	chr16	87734558	90096867	1	1	0
ad89b287-1d8b-43f8-bcf0-4a57f24562b3	chr17	150733	656021	2	1	1
ad89b287-1d8b-43f8-bcf0-4a57f24562b3	chr17	656361	7785723	1	1	0
ad89b287-1d8b-43f8-bcf0-4a57f24562b3	chr17	7786566	18452078	2	1	1
ad89b287-1d8b-43f8-bcf0-4a57f24562b3	chr17	18455632	18561272	0	0	0
ad89b287-1d8b-43f8-bcf0-4a57f24562b3	chr17	18561907	41265433	2	1	1
ad89b287-1d8b-43f8-bcf0-4a57f24562b3	chr17	41265456	41274279	0	0	0
ad89b287-1d8b-43f8-bcf0-4a57f24562b3	chr17	41276472	46192180	2	1	1
ad89b287-1d8b-43f8-bcf0-4a57f24562b3	chr17	46194634	46275506	4	3	1
ad89b287-1d8b-43f8-bcf0-4a57f24562b3	chr17	46276519	83091923	2	1	1
ad89b287-1d8b-43f8-bcf0-4a57f24562b3	chr18	48133	76144341	2	1	1
ad89b287-1d8b-43f8-bcf0-4a57f24562b3	chr18	76146510	76353396	3	2	1
ad89b287-1d8b-43f8-bcf0-4a57f24562b3	chr18	76353505	80257174	1	1	0
ad89b287-1d8b-43f8-bcf0-4a57f24562b3	chr19	90910	17660204	2	1	1
ad89b287-1d8b-43f8-bcf0-4a57f24562b3	chr19	17660393	17684551	0	0	0
ad89b287-1d8b-43f8-bcf0-4a57f24562b3	chr19	17684606	50010198	2	1	1
ad89b287-1d8b-43f8-bcf0-4a57f24562b3	chr19	50014852	58586487	4	3	1
ad89b287-1d8b-43f8-bcf0-4a57f24562b3	chr20	80664	64260467	2	1	1
ad89b287-1d8b-43f8-bcf0-4a57f24562b3	chr20	64261403	64324800	0	0	0
ad89b287-1d8b-43f8-bcf0-4a57f24562b3	chr21	12973348	46677045	2	1	1
ad89b287-1d8b-43f8-bcf0-4a57f24562b3	chr22	16392123	32178696	2	1	1
ad89b287-1d8b-43f8-bcf0-4a57f24562b3	chr22	32179162	32189600	0	0	0
ad89b287-1d8b-43f8-bcf0-4a57f24562b3	chr22	32192365	50796027	2	1	1
ad89b287-1d8b-43f8-bcf0-4a57f24562b3	chrX	251810	24501875	2	1	1
ad89b287-1d8b-43f8-bcf0-4a57f24562b3	chrX	24503772	25717311	2	2	0
ad89b287-1d8b-43f8-bcf0-4a57f24562b3	chrX	25717353	156004181	2	1	1
ad89b287-1d8b-43f8-bcf0-4a57f24562b3	chrY	2782397	26653788	0	0	0
ad89b287-1d8b-43f8-bcf0-4a57f24562b3	chrY	56872112	56872112	1	1	0
1f8c5cb0-4040-49b8-b51d-da8cf0529a6a	chr1	62920	25256850	2	1	1
1f8c5cb0-4040-49b8-b51d-da8cf0529a6a	chr1	25266637	25320455	0	0	0
1f8c5cb0-4040-49b8-b51d-da8cf0529a6a	chr1	25336819	76021859	2	1	1
1f8c5cb0-4040-49b8-b51d-da8cf0529a6a	chr1	76023538	76025194	1	1	0
1f8c5cb0-4040-49b8-b51d-da8cf0529a6a	chr1	76025356	121705338	2	1	1
1f8c5cb0-4040-49b8-b51d-da8cf0529a6a	chr1	143541857	147026222	2	2	0
1f8c5cb0-4040-49b8-b51d-da8cf0529a6a	chr1	147027063	149800334	1	1	0
1f8c5cb0-4040-49b8-b51d-da8cf0529a6a	chr1	149807173	206370728	3	2	1
1f8c5cb0-4040-49b8-b51d-da8cf0529a6a	chr1	206394357	234534101	2	1	1
1f8c5cb0-4040-49b8-b51d-da8cf0529a6a	chr1	234535521	234560431	3	2	1
1f8c5cb0-4040-49b8-b51d-da8cf0529a6a	chr1	234561006	248930189	2	1	1
1f8c5cb0-4040-49b8-b51d-da8cf0529a6a	chr2	12784	242147305	2	1	1
1f8c5cb0-4040-49b8-b51d-da8cf0529a6a	chr3	20930	60507709	3	2	1
1f8c5cb0-4040-49b8-b51d-da8cf0529a6a	chr3	60509320	60580170	2	1	1
1f8c5cb0-4040-49b8-b51d-da8cf0529a6a	chr3	60580759	198169247	3	2	1
1f8c5cb0-4040-49b8-b51d-da8cf0529a6a	chr4	68929	167885235	2	1	1
1f8c5cb0-4040-49b8-b51d-da8cf0529a6a	chr4	167885432	167897292	1	1	0
1f8c5cb0-4040-49b8-b51d-da8cf0529a6a	chr4	167897318	190106768	2	1	1
1f8c5cb0-4040-49b8-b51d-da8cf0529a6a	chr5	15532	168737255	2	1	1
1f8c5cb0-4040-49b8-b51d-da8cf0529a6a	chr5	168737739	168751697	1	1	0
1f8c5cb0-4040-49b8-b51d-da8cf0529a6a	chr5	168752251	181363319	2	1	1
1f8c5cb0-4040-49b8-b51d-da8cf0529a6a	chr6	149661	23781435	2	1	1
1f8c5cb0-4040-49b8-b51d-da8cf0529a6a	chr6	23781466	23791903	1	1	0
1f8c5cb0-4040-49b8-b51d-da8cf0529a6a	chr6	23792012	68831854	2	1	1
1f8c5cb0-4040-49b8-b51d-da8cf0529a6a	chr6	68831991	68850681	1	1	0
1f8c5cb0-4040-49b8-b51d-da8cf0529a6a	chr6	68850888	103286954	2	1	1
1f8c5cb0-4040-49b8-b51d-da8cf0529a6a	chr6	103290101	103314186	4	4	0
1f8c5cb0-4040-49b8-b51d-da8cf0529a6a	chr6	103317795	128706879	2	1	1
1f8c5cb0-4040-49b8-b51d-da8cf0529a6a	chr6	128707395	128710566	1	1	0
1f8c5cb0-4040-49b8-b51d-da8cf0529a6a	chr6	128710955	159142516	2	1	1
1f8c5cb0-4040-49b8-b51d-da8cf0529a6a	chr6	159146813	159159542	3	2	1
1f8c5cb0-4040-49b8-b51d-da8cf0529a6a	chr6	159159969	170741917	2	1	1
1f8c5cb0-4040-49b8-b51d-da8cf0529a6a	chr7	43259	63281	6	4	2
1f8c5cb0-4040-49b8-b51d-da8cf0529a6a	chr7	63494	65539576	3	2	1
1f8c5cb0-4040-49b8-b51d-da8cf0529a6a	chr7	65561579	91640172	2	1	1
1f8c5cb0-4040-49b8-b51d-da8cf0529a6a	chr7	91643029	91669846	1	1	0
1f8c5cb0-4040-49b8-b51d-da8cf0529a6a	chr7	91677959	159334314	2	1	1
1f8c5cb0-4040-49b8-b51d-da8cf0529a6a	chr8	81254	63353552	2	1	1
1f8c5cb0-4040-49b8-b51d-da8cf0529a6a	chr8	63359867	63417648	1	1	0
1f8c5cb0-4040-49b8-b51d-da8cf0529a6a	chr8	63418235	145072769	2	1	1
1f8c5cb0-4040-49b8-b51d-da8cf0529a6a	chr9	46587	133713999	2	1	1
1f8c5cb0-4040-49b8-b51d-da8cf0529a6a	chr9	133714091	133753192	3	2	1
1f8c5cb0-4040-49b8-b51d-da8cf0529a6a	chr9	133753594	138200944	2	1	1
1f8c5cb0-4040-49b8-b51d-da8cf0529a6a	chr10	45792	49092134	2	1	1
1f8c5cb0-4040-49b8-b51d-da8cf0529a6a	chr10	49092348	49109733	1	1	0
1f8c5cb0-4040-49b8-b51d-da8cf0529a6a	chr10	49110439	133654968	2	1	1
1f8c5cb0-4040-49b8-b51d-da8cf0529a6a	chr11	198510	135074876	2	1	1
1f8c5cb0-4040-49b8-b51d-da8cf0529a6a	chr12	51460	133201603	2	1	1
1f8c5cb0-4040-49b8-b51d-da8cf0529a6a	chr13	18452809	114342922	2	1	1
1f8c5cb0-4040-49b8-b51d-da8cf0529a6a	chr14	18239283	19956767	3	2	1
1f8c5cb0-4040-49b8-b51d-da8cf0529a6a	chr14	19957350	40344956	2	1	1
1f8c5cb0-4040-49b8-b51d-da8cf0529a6a	chr14	40346517	40412051	1	1	0
1f8c5cb0-4040-49b8-b51d-da8cf0529a6a	chr14	40412213	99555861	2	1	1
1f8c5cb0-4040-49b8-b51d-da8cf0529a6a	chr14	99556011	99560380	1	1	0
1f8c5cb0-4040-49b8-b51d-da8cf0529a6a	chr14	99561643	106877229	2	1	1
1f8c5cb0-4040-49b8-b51d-da8cf0529a6a	chr15	19811075	94723946	2	1	1
1f8c5cb0-4040-49b8-b51d-da8cf0529a6a	chr15	94724335	94731048	1	1	0
1f8c5cb0-4040-49b8-b51d-da8cf0529a6a	chr15	94731120	101928837	2	1	1
1f8c5cb0-4040-49b8-b51d-da8cf0529a6a	chr16	10777	90096867	2	1	1
1f8c5cb0-4040-49b8-b51d-da8cf0529a6a	chr17	150733	83091923	2	1	1
1f8c5cb0-4040-49b8-b51d-da8cf0529a6a	chr18	48133	59441963	3	2	1
1f8c5cb0-4040-49b8-b51d-da8cf0529a6a	chr18	59442026	59554927	2	1	1
1f8c5cb0-4040-49b8-b51d-da8cf0529a6a	chr18	59558746	80257174	3	2	1
1f8c5cb0-4040-49b8-b51d-da8cf0529a6a	chr19	90910	53220360	2	1	1
1f8c5cb0-4040-49b8-b51d-da8cf0529a6a	chr19	53220426	53278427	1	1	0
1f8c5cb0-4040-49b8-b51d-da8cf0529a6a	chr19	53278637	58586487	2	1	1
1f8c5cb0-4040-49b8-b51d-da8cf0529a6a	chr20	80664	64324800	2	1	1
1f8c5cb0-4040-49b8-b51d-da8cf0529a6a	chr21	12973348	46677045	2	1	1
1f8c5cb0-4040-49b8-b51d-da8cf0529a6a	chr22	16392123	50796027	2	1	1
1f8c5cb0-4040-49b8-b51d-da8cf0529a6a	chrX	251810	2628264	1	1	0
1f8c5cb0-4040-49b8-b51d-da8cf0529a6a	chrX	2634737	2649506	2	1	1
1f8c5cb0-4040-49b8-b51d-da8cf0529a6a	chrX	2649606	156004181	1	1	0
1f8c5cb0-4040-49b8-b51d-da8cf0529a6a	chrY	2782397	26653788	1	1	0
1f8c5cb0-4040-49b8-b51d-da8cf0529a6a	chrY	56872112	56872112	2	2	0
632a72e1-4d18-4971-b3ff-ebde8a6e8db4	chr1	62920	121705338	2	1	1
632a72e1-4d18-4971-b3ff-ebde8a6e8db4	chr1	143541857	152787202	6	4	2
632a72e1-4d18-4971-b3ff-ebde8a6e8db4	chr1	152789447	152796224	0	0	0
632a72e1-4d18-4971-b3ff-ebde8a6e8db4	chr1	152801429	157392522	6	4	2
632a72e1-4d18-4971-b3ff-ebde8a6e8db4	chr1	157392700	157413511	0	0	0
632a72e1-4d18-4971-b3ff-ebde8a6e8db4	chr1	157413950	204302423	6	3	3
632a72e1-4d18-4971-b3ff-ebde8a6e8db4	chr1	204306015	220308220	4	2	2
632a72e1-4d18-4971-b3ff-ebde8a6e8db4	chr1	220308575	220323930	11	6	5
632a72e1-4d18-4971-b3ff-ebde8a6e8db4	chr1	220324232	236648484	4	2	2
632a72e1-4d18-4971-b3ff-ebde8a6e8db4	chr1	236648877	236674113	0	0	0
632a72e1-4d18-4971-b3ff-ebde8a6e8db4	chr1	236674133	248930189	4	2	2
632a72e1-4d18-4971-b3ff-ebde8a6e8db4	chr2	12784	4158097	4	2	2
632a72e1-4d18-4971-b3ff-ebde8a6e8db4	chr2	4166274	4175577	0	0	0
632a72e1-4d18-4971-b3ff-ebde8a6e8db4	chr2	4175922	152049068	4	2	2
632a72e1-4d18-4971-b3ff-ebde8a6e8db4	chr2	152049915	152081921	1	1	0
632a72e1-4d18-4971-b3ff-ebde8a6e8db4	chr2	152083033	242147305	4	2	2
632a72e1-4d18-4971-b3ff-ebde8a6e8db4	chr3	20930	8578326	5	3	2
632a72e1-4d18-4971-b3ff-ebde8a6e8db4	chr3	8578488	12590714	4	2	2
632a72e1-4d18-4971-b3ff-ebde8a6e8db4	chr3	12590730	16509780	6	3	3
632a72e1-4d18-4971-b3ff-ebde8a6e8db4	chr3	16510288	45408783	2	2	0
632a72e1-4d18-4971-b3ff-ebde8a6e8db4	chr3	45409362	60324212	4	2	2
632a72e1-4d18-4971-b3ff-ebde8a6e8db4	chr3	60324697	60634880	2	1	1
632a72e1-4d18-4971-b3ff-ebde8a6e8db4	chr3	60635351	95462498	4	2	2
632a72e1-4d18-4971-b3ff-ebde8a6e8db4	chr3	95462538	95476381	0	0	0
632a72e1-4d18-4971-b3ff-ebde8a6e8db4	chr3	95478379	146614107	4	2	2
632a72e1-4d18-4971-b3ff-ebde8a6e8db4	chr3	146614651	162790480	6	3	3
632a72e1-4d18-4971-b3ff-ebde8a6e8db4	chr3	162794869	162906109	0	0	0
632a72e1-4d18-4971-b3ff-ebde8a6e8db4	chr3	162908192	187736191	6	3	3
632a72e1-4d18-4971-b3ff-ebde8a6e8db4	chr3	187753578	198169247	2	2	0
632a72e1-4d18-4971-b3ff-ebde8a6e8db4	chr4	68929	34777432	4	2	2
632a72e1-4d18-4971-b3ff-ebde8a6e8db4	chr4	34784878	34823103	0	0	0
632a72e1-4d18-4971-b3ff-ebde8a6e8db4	chr4	34828250	78360816	4	2	2
632a72e1-4d18-4971-b3ff-ebde8a6e8db4	chr4	78361378	78374156	0	0	0
632a72e1-4d18-4971-b3ff-ebde8a6e8db4	chr4	78374168	91435107	4	2	2
632a72e1-4d18-4971-b3ff-ebde8a6e8db4	chr4	91435249	91447765	0	0	0
632a72e1-4d18-4971-b3ff-ebde8a6e8db4	chr4	91451983	190106768	4	2	2
632a72e1-4d18-4971-b3ff-ebde8a6e8db4	chr5	15532	34991858	6	3	3
632a72e1-4d18-4971-b3ff-ebde8a6e8db4	chr5	34992385	35114689	5	5	0
632a72e1-4d18-4971-b3ff-ebde8a6e8db4	chr5	35115223	41234806	6	3	3
632a72e1-4d18-4971-b3ff-ebde8a6e8db4	chr5	41234831	77911729	4	2	2
632a72e1-4d18-4971-b3ff-ebde8a6e8db4	chr5	77911745	80644385	3	2	1
632a72e1-4d18-4971-b3ff-ebde8a6e8db4	chr5	80645308	80671443	0	0	0
632a72e1-4d18-4971-b3ff-ebde8a6e8db4	chr5	80672439	83602543	4	2	2
632a72e1-4d18-4971-b3ff-ebde8a6e8db4	chr5	83604631	83615766	12	6	6
632a72e1-4d18-4971-b3ff-ebde8a6e8db4	chr5	83615929	131500247	4	2	2
632a72e1-4d18-4971-b3ff-ebde8a6e8db4	chr5	131500329	178823121	4	4	0
632a72e1-4d18-4971-b3ff-ebde8a6e8db4	chr5	178827246	178853270	0	0	0
632a72e1-4d18-4971-b3ff-ebde8a6e8db4	chr5	178853333	181363319	4	4	0
632a72e1-4d18-4971-b3ff-ebde8a6e8db4	chr6	149661	14588088	8	4	4
632a72e1-4d18-4971-b3ff-ebde8a6e8db4	chr6	14590522	14595164	1	1	0
632a72e1-4d18-4971-b3ff-ebde8a6e8db4	chr6	14595206	27845916	9	5	4
632a72e1-4d18-4971-b3ff-ebde8a6e8db4	chr6	27846035	45896089	6	3	3
632a72e1-4d18-4971-b3ff-ebde8a6e8db4	chr6	45896768	45950788	10	5	5
632a72e1-4d18-4971-b3ff-ebde8a6e8db4	chr6	45951232	51804764	6	3	3
632a72e1-4d18-4971-b3ff-ebde8a6e8db4	chr6	51804801	51806523	0	0	0
632a72e1-4d18-4971-b3ff-ebde8a6e8db4	chr6	51806552	54891731	6	4	2
632a72e1-4d18-4971-b3ff-ebde8a6e8db4	chr6	54892993	60359038	6	3	3
632a72e1-4d18-4971-b3ff-ebde8a6e8db4	chr6	60368538	75417351	4	2	2
632a72e1-4d18-4971-b3ff-ebde8a6e8db4	chr6	75419824	103286954	2	2	0
632a72e1-4d18-4971-b3ff-ebde8a6e8db4	chr6	103290101	103314186	11	11	0
632a72e1-4d18-4971-b3ff-ebde8a6e8db4	chr6	103317795	146605661	2	2	0
632a72e1-4d18-4971-b3ff-ebde8a6e8db4	chr6	146607202	154161542	4	2	2
632a72e1-4d18-4971-b3ff-ebde8a6e8db4	chr6	154162011	154280621	2	2	0
632a72e1-4d18-4971-b3ff-ebde8a6e8db4	chr6	154282312	170741917	4	2	2
632a72e1-4d18-4971-b3ff-ebde8a6e8db4	chr7	43259	38279875	4	2	2
632a72e1-4d18-4971-b3ff-ebde8a6e8db4	chr7	38280173	38319355	0	0	0
632a72e1-4d18-4971-b3ff-ebde8a6e8db4	chr7	38322471	134100981	4	2	2
632a72e1-4d18-4971-b3ff-ebde8a6e8db4	chr7	134100986	134110881	0	0	0
632a72e1-4d18-4971-b3ff-ebde8a6e8db4	chr7	134110912	142392003	4	2	2
632a72e1-4d18-4971-b3ff-ebde8a6e8db4	chr7	142392270	142805678	2	1	1
632a72e1-4d18-4971-b3ff-ebde8a6e8db4	chr7	142807470	144172993	4	2	2
632a72e1-4d18-4971-b3ff-ebde8a6e8db4	chr7	144173164	148940698	2	2	0
632a72e1-4d18-4971-b3ff-ebde8a6e8db4	chr7	148945913	159334314	4	2	2
632a72e1-4d18-4971-b3ff-ebde8a6e8db4	chr8	81254	127570068	4	2	2
632a72e1-4d18-4971-b3ff-ebde8a6e8db4	chr8	127570965	127591195	0	0	0
632a72e1-4d18-4971-b3ff-ebde8a6e8db4	chr8	127591361	145072769	4	2	2
632a72e1-4d18-4971-b3ff-ebde8a6e8db4	chr9	46587	7379847	2	2	0
632a72e1-4d18-4971-b3ff-ebde8a6e8db4	chr9	7380059	31107453	2	1	1
632a72e1-4d18-4971-b3ff-ebde8a6e8db4	chr9	31108085	89697547	4	2	2
632a72e1-4d18-4971-b3ff-ebde8a6e8db4	chr9	89699082	89703400	11	7	4
632a72e1-4d18-4971-b3ff-ebde8a6e8db4	chr9	89705114	138200944	4	2	2
632a72e1-4d18-4971-b3ff-ebde8a6e8db4	chr10	45792	66610287	4	2	2
632a72e1-4d18-4971-b3ff-ebde8a6e8db4	chr10	66612339	66967221	2	2	0
632a72e1-4d18-4971-b3ff-ebde8a6e8db4	chr10	66975510	133654968	4	2	2
632a72e1-4d18-4971-b3ff-ebde8a6e8db4	chr11	198510	135074876	4	2	2
632a72e1-4d18-4971-b3ff-ebde8a6e8db4	chr12	51460	7853910	4	2	2
632a72e1-4d18-4971-b3ff-ebde8a6e8db4	chr12	7855203	8036001	10	7	3
632a72e1-4d18-4971-b3ff-ebde8a6e8db4	chr12	8036367	133201603	4	2	2
632a72e1-4d18-4971-b3ff-ebde8a6e8db4	chr13	18452809	23377441	4	2	2
632a72e1-4d18-4971-b3ff-ebde8a6e8db4	chr13	23377487	31930856	2	2	0
632a72e1-4d18-4971-b3ff-ebde8a6e8db4	chr13	31931339	79846107	4	2	2
632a72e1-4d18-4971-b3ff-ebde8a6e8db4	chr13	79848548	79855147	0	0	0
632a72e1-4d18-4971-b3ff-ebde8a6e8db4	chr13	79856040	106767514	4	2	2
632a72e1-4d18-4971-b3ff-ebde8a6e8db4	chr13	106769638	106775303	10	5	5
632a72e1-4d18-4971-b3ff-ebde8a6e8db4	chr13	106775817	114342922	4	2	2
632a72e1-4d18-4971-b3ff-ebde8a6e8db4	chr14	18239283	22029022	3	2	1
632a72e1-4d18-4971-b3ff-ebde8a6e8db4	chr14	22031413	22530451	0	0	0
632a72e1-4d18-4971-b3ff-ebde8a6e8db4	chr14	22530607	89656796	4	2	2
632a72e1-4d18-4971-b3ff-ebde8a6e8db4	chr14	89657163	96271456	3	2	1
632a72e1-4d18-4971-b3ff-ebde8a6e8db4	chr14	96271552	99555861	4	2	2
632a72e1-4d18-4971-b3ff-ebde8a6e8db4	chr14	99556011	99559743	0	0	0
632a72e1-4d18-4971-b3ff-ebde8a6e8db4	chr14	99560380	105862987	4	2	2
632a72e1-4d18-4971-b3ff-ebde8a6e8db4	chr14	105876458	106365807	17	17	0
632a72e1-4d18-4971-b3ff-ebde8a6e8db4	chr14	106369985	106877229	5	3	2
632a72e1-4d18-4971-b3ff-ebde8a6e8db4	chr15	19811075	24153780	4	2	2
632a72e1-4d18-4971-b3ff-ebde8a6e8db4	chr15	24158234	25222934	4	3	1
632a72e1-4d18-4971-b3ff-ebde8a6e8db4	chr15	25224912	101928837	4	2	2
632a72e1-4d18-4971-b3ff-ebde8a6e8db4	chr16	10777	4833596	3	2	1
632a72e1-4d18-4971-b3ff-ebde8a6e8db4	chr16	4834125	35282555	4	2	2
632a72e1-4d18-4971-b3ff-ebde8a6e8db4	chr16	35282935	35374520	11	6	5
632a72e1-4d18-4971-b3ff-ebde8a6e8db4	chr16	35375297	36048855	6	6	0
632a72e1-4d18-4971-b3ff-ebde8a6e8db4	chr16	46441986	80656237	4	2	2
632a72e1-4d18-4971-b3ff-ebde8a6e8db4	chr16	80656273	90096867	3	2	1
632a72e1-4d18-4971-b3ff-ebde8a6e8db4	chr17	150733	9912094	3	2	1
632a72e1-4d18-4971-b3ff-ebde8a6e8db4	chr17	9913314	41258395	4	2	2
632a72e1-4d18-4971-b3ff-ebde8a6e8db4	chr17	41262120	41274279	0	0	0
632a72e1-4d18-4971-b3ff-ebde8a6e8db4	chr17	41276472	83091923	4	2	2
632a72e1-4d18-4971-b3ff-ebde8a6e8db4	chr18	48133	4971660	2	1	1
632a72e1-4d18-4971-b3ff-ebde8a6e8db4	chr18	4973590	4989684	0	0	0
632a72e1-4d18-4971-b3ff-ebde8a6e8db4	chr18	4990805	80257174	2	1	1
632a72e1-4d18-4971-b3ff-ebde8a6e8db4	chr19	90910	5041167	4	3	1
632a72e1-4d18-4971-b3ff-ebde8a6e8db4	chr19	5045376	19020513	3	2	1
632a72e1-4d18-4971-b3ff-ebde8a6e8db4	chr19	19020739	22554269	4	2	2
632a72e1-4d18-4971-b3ff-ebde8a6e8db4	chr19	22554392	22588000	1	1	0
632a72e1-4d18-4971-b3ff-ebde8a6e8db4	chr19	22589113	53013829	4	2	2
632a72e1-4d18-4971-b3ff-ebde8a6e8db4	chr19	53015494	53050987	23	23	0
632a72e1-4d18-4971-b3ff-ebde8a6e8db4	chr19	53051066	58586487	4	2	2
632a72e1-4d18-4971-b3ff-ebde8a6e8db4	chr20	80664	64324800	4	2	2
632a72e1-4d18-4971-b3ff-ebde8a6e8db4	chr21	12973348	46677045	4	2	2
632a72e1-4d18-4971-b3ff-ebde8a6e8db4	chr22	16392123	32177456	4	2	2
632a72e1-4d18-4971-b3ff-ebde8a6e8db4	chr22	32178696	32196133	0	0	0
632a72e1-4d18-4971-b3ff-ebde8a6e8db4	chr22	32196403	39228934	4	2	2
632a72e1-4d18-4971-b3ff-ebde8a6e8db4	chr22	39229063	42632490	5	3	2
632a72e1-4d18-4971-b3ff-ebde8a6e8db4	chr22	42633132	50796027	3	3	0
632a72e1-4d18-4971-b3ff-ebde8a6e8db4	chrX	251810	359845	1	1	0
632a72e1-4d18-4971-b3ff-ebde8a6e8db4	chrX	372540	718862	4	2	2
632a72e1-4d18-4971-b3ff-ebde8a6e8db4	chrX	721029	876695	2	1	1
632a72e1-4d18-4971-b3ff-ebde8a6e8db4	chrX	890459	1059510	4	2	2
632a72e1-4d18-4971-b3ff-ebde8a6e8db4	chrX	1059715	1507275	3	2	1
632a72e1-4d18-4971-b3ff-ebde8a6e8db4	chrX	1507351	1938120	4	2	2
632a72e1-4d18-4971-b3ff-ebde8a6e8db4	chrX	1939670	2703417	3	2	1
632a72e1-4d18-4971-b3ff-ebde8a6e8db4	chrX	2705504	2775583	5	3	2
632a72e1-4d18-4971-b3ff-ebde8a6e8db4	chrX	2776199	155734393	0	0	0
632a72e1-4d18-4971-b3ff-ebde8a6e8db4	chrX	155734427	155754150	3	2	1
632a72e1-4d18-4971-b3ff-ebde8a6e8db4	chrX	155756190	156004181	2	1	1
632a72e1-4d18-4971-b3ff-ebde8a6e8db4	chrY	2782397	26653788	4	3	1
632a72e1-4d18-4971-b3ff-ebde8a6e8db4	chrY	56872112	56872112	0	0	0
4c31c45b-b980-4a49-9237-f3d65a216956	chr1	62920	45578370	2	1	1
4c31c45b-b980-4a49-9237-f3d65a216956	chr1	45591642	45880532	4	3	1
4c31c45b-b980-4a49-9237-f3d65a216956	chr1	45880562	54374823	2	1	1
4c31c45b-b980-4a49-9237-f3d65a216956	chr1	54375271	54914266	4	3	1
4c31c45b-b980-4a49-9237-f3d65a216956	chr1	54920494	104778974	2	1	1
4c31c45b-b980-4a49-9237-f3d65a216956	chr1	104781448	104880213	1	1	0
4c31c45b-b980-4a49-9237-f3d65a216956	chr1	104881457	115844749	2	1	1
4c31c45b-b980-4a49-9237-f3d65a216956	chr1	115848357	117973631	1	1	0
4c31c45b-b980-4a49-9237-f3d65a216956	chr1	117974111	178689682	2	1	1
4c31c45b-b980-4a49-9237-f3d65a216956	chr1	178690798	185529152	3	2	1
4c31c45b-b980-4a49-9237-f3d65a216956	chr1	185530952	185553555	6	4	2
4c31c45b-b980-4a49-9237-f3d65a216956	chr1	185555786	185568312	1	1	0
4c31c45b-b980-4a49-9237-f3d65a216956	chr1	185568340	241876891	3	2	1
4c31c45b-b980-4a49-9237-f3d65a216956	chr1	241877275	248930189	1	1	0
4c31c45b-b980-4a49-9237-f3d65a216956	chr2	12784	57939688	2	1	1
4c31c45b-b980-4a49-9237-f3d65a216956	chr2	57940963	58430012	1	1	0
4c31c45b-b980-4a49-9237-f3d65a216956	chr2	58430212	104090109	2	1	1
4c31c45b-b980-4a49-9237-f3d65a216956	chr2	104090220	104158418	1	1	0
4c31c45b-b980-4a49-9237-f3d65a216956	chr2	104159220	146104517	2	1	1
4c31c45b-b980-4a49-9237-f3d65a216956	chr2	146106836	146109366	0	0	0
4c31c45b-b980-4a49-9237-f3d65a216956	chr2	146120238	242147305	2	1	1
4c31c45b-b980-4a49-9237-f3d65a216956	chr3	20930	100166113	2	1	1
4c31c45b-b980-4a49-9237-f3d65a216956	chr3	100166532	162501224	2	2	0
4c31c45b-b980-4a49-9237-f3d65a216956	chr3	162501397	162509171	0	0	0
4c31c45b-b980-4a49-9237-f3d65a216956	chr3	162518746	198169247	2	2	0
4c31c45b-b980-4a49-9237-f3d65a216956	chr4	68929	157462318	2	1	1
4c31c45b-b980-4a49-9237-f3d65a216956	chr4	157462435	157470953	5	3	2
4c31c45b-b980-4a49-9237-f3d65a216956	chr4	157471407	184526027	2	1	1
4c31c45b-b980-4a49-9237-f3d65a216956	chr4	184526617	185546335	1	1	0
4c31c45b-b980-4a49-9237-f3d65a216956	chr4	185546656	190106768	2	1	1
4c31c45b-b980-4a49-9237-f3d65a216956	chr5	15532	124040934	2	1	1
4c31c45b-b980-4a49-9237-f3d65a216956	chr5	124042198	124189469	3	2	1
4c31c45b-b980-4a49-9237-f3d65a216956	chr5	124198211	124228446	1	1	0
4c31c45b-b980-4a49-9237-f3d65a216956	chr5	124228600	181363319	2	1	1
4c31c45b-b980-4a49-9237-f3d65a216956	chr6	149661	20662052	4	3	1
4c31c45b-b980-4a49-9237-f3d65a216956	chr6	20663104	21035505	3	3	0
4c31c45b-b980-4a49-9237-f3d65a216956	chr6	21035908	24795452	4	3	1
4c31c45b-b980-4a49-9237-f3d65a216956	chr6	24797419	25948865	2	1	1
4c31c45b-b980-4a49-9237-f3d65a216956	chr6	25950154	42283283	3	2	1
4c31c45b-b980-4a49-9237-f3d65a216956	chr6	42284068	103286954	2	1	1
4c31c45b-b980-4a49-9237-f3d65a216956	chr6	103290101	103323069	0	0	0
4c31c45b-b980-4a49-9237-f3d65a216956	chr6	103326915	170741917	2	1	1
4c31c45b-b980-4a49-9237-f3d65a216956	chr7	43259	18779052	2	1	1
4c31c45b-b980-4a49-9237-f3d65a216956	chr7	18779183	18786415	4	2	2
4c31c45b-b980-4a49-9237-f3d65a216956	chr7	18788291	159334314	2	1	1
4c31c45b-b980-4a49-9237-f3d65a216956	chr8	81254	142401600	2	1	1
4c31c45b-b980-4a49-9237-f3d65a216956	chr8	142402083	145072769	2	2	0
4c31c45b-b980-4a49-9237-f3d65a216956	chr9	46587	92295823	2	1	1
4c31c45b-b980-4a49-9237-f3d65a216956	chr9	92297522	93005025	1	1	0
4c31c45b-b980-4a49-9237-f3d65a216956	chr9	93006166	138200944	2	1	1
4c31c45b-b980-4a49-9237-f3d65a216956	chr10	45792	121115954	2	1	1
4c31c45b-b980-4a49-9237-f3d65a216956	chr10	121118637	121165450	0	0	0
4c31c45b-b980-4a49-9237-f3d65a216956	chr10	121167653	133654968	2	1	1
4c31c45b-b980-4a49-9237-f3d65a216956	chr11	198510	135074876	2	1	1
4c31c45b-b980-4a49-9237-f3d65a216956	chr12	51460	2203323	2	1	1
4c31c45b-b980-4a49-9237-f3d65a216956	chr12	2203799	2208357	0	0	0
4c31c45b-b980-4a49-9237-f3d65a216956	chr12	2208478	9477960	2	1	1
4c31c45b-b980-4a49-9237-f3d65a216956	chr12	9481274	9583090	0	0	0
4c31c45b-b980-4a49-9237-f3d65a216956	chr12	9584060	133201603	2	1	1
4c31c45b-b980-4a49-9237-f3d65a216956	chr13	18452809	37496998	2	1	1
4c31c45b-b980-4a49-9237-f3d65a216956	chr13	37497899	37510620	0	0	0
4c31c45b-b980-4a49-9237-f3d65a216956	chr13	37514193	114342922	2	1	1
4c31c45b-b980-4a49-9237-f3d65a216956	chr14	18239283	21956321	2	1	1
4c31c45b-b980-4a49-9237-f3d65a216956	chr14	21960136	22530607	0	0	0
4c31c45b-b980-4a49-9237-f3d65a216956	chr14	22530666	99551024	2	1	1
4c31c45b-b980-4a49-9237-f3d65a216956	chr14	99551085	99556527	0	0	0
4c31c45b-b980-4a49-9237-f3d65a216956	chr14	99557059	106877229	2	1	1
4c31c45b-b980-4a49-9237-f3d65a216956	chr15	19811075	94723946	2	1	1
4c31c45b-b980-4a49-9237-f3d65a216956	chr15	94724335	94731048	0	0	0
4c31c45b-b980-4a49-9237-f3d65a216956	chr15	94731120	101928837	2	1	1
4c31c45b-b980-4a49-9237-f3d65a216956	chr16	10777	36048855	2	1	1
4c31c45b-b980-4a49-9237-f3d65a216956	chr16	46441986	50554580	1	1	0
4c31c45b-b980-4a49-9237-f3d65a216956	chr16	50555332	50886362	0	0	0
4c31c45b-b980-4a49-9237-f3d65a216956	chr16	50886696	54628556	1	1	0
4c31c45b-b980-4a49-9237-f3d65a216956	chr16	54629315	78195516	2	2	0
4c31c45b-b980-4a49-9237-f3d65a216956	chr16	78198082	78695727	0	0	0
4c31c45b-b980-4a49-9237-f3d65a216956	chr16	78701441	88070485	2	2	0
4c31c45b-b980-4a49-9237-f3d65a216956	chr16	88070700	90096867	1	1	0
4c31c45b-b980-4a49-9237-f3d65a216956	chr17	150733	35469271	2	1	1
4c31c45b-b980-4a49-9237-f3d65a216956	chr17	35469866	36793838	1	1	0
4c31c45b-b980-4a49-9237-f3d65a216956	chr17	36794866	41265456	2	1	1
4c31c45b-b980-4a49-9237-f3d65a216956	chr17	41266762	41274279	0	0	0
4c31c45b-b980-4a49-9237-f3d65a216956	chr17	41276472	70727122	2	1	1
4c31c45b-b980-4a49-9237-f3d65a216956	chr17	70727841	73729493	2	2	0
4c31c45b-b980-4a49-9237-f3d65a216956	chr17	73730095	73749865	4	4	0
4c31c45b-b980-4a49-9237-f3d65a216956	chr17	73749921	83091923	2	2	0
4c31c45b-b980-4a49-9237-f3d65a216956	chr18	48133	14335073	2	1	1
4c31c45b-b980-4a49-9237-f3d65a216956	chr18	14336537	15402409	3	2	1
4c31c45b-b980-4a49-9237-f3d65a216956	chr18	20949392	37421437	2	1	1
4c31c45b-b980-4a49-9237-f3d65a216956	chr18	37422487	37437655	0	0	0
4c31c45b-b980-4a49-9237-f3d65a216956	chr18	37438313	80257174	2	1	1
4c31c45b-b980-4a49-9237-f3d65a216956	chr19	90910	58586487	2	1	1
4c31c45b-b980-4a49-9237-f3d65a216956	chr20	80664	64324800	2	1	1
4c31c45b-b980-4a49-9237-f3d65a216956	chr21	12973348	46677045	2	1	1
4c31c45b-b980-4a49-9237-f3d65a216956	chr22	16392123	50796027	2	1	1
4c31c45b-b980-4a49-9237-f3d65a216956	chrX	251810	490325	1	1	0
4c31c45b-b980-4a49-9237-f3d65a216956	chrX	490407	718786	3	2	1
4c31c45b-b980-4a49-9237-f3d65a216956	chrX	718862	856907	1	1	0
4c31c45b-b980-4a49-9237-f3d65a216956	chrX	876695	1478856	2	1	1
4c31c45b-b980-4a49-9237-f3d65a216956	chrX	1479705	1791355	3	2	1
4c31c45b-b980-4a49-9237-f3d65a216956	chrX	1801009	2452743	1	1	0
4c31c45b-b980-4a49-9237-f3d65a216956	chrX	2458073	2701613	2	1	1
4c31c45b-b980-4a49-9237-f3d65a216956	chrX	2703417	2717448	4	2	2
4c31c45b-b980-4a49-9237-f3d65a216956	chrX	2719189	2775134	3	2	1
4c31c45b-b980-4a49-9237-f3d65a216956	chrX	2775583	137360556	0	0	0
4c31c45b-b980-4a49-9237-f3d65a216956	chrX	137361500	156004181	1	1	0
4c31c45b-b980-4a49-9237-f3d65a216956	chrY	2782397	14131278	2	2	0
4c31c45b-b980-4a49-9237-f3d65a216956	chrY	14131707	56872112	0	0	0
f11679cc-d7b3-4433-bb91-4b94e586950b	chr1	62920	4941863	2	2	0
f11679cc-d7b3-4433-bb91-4b94e586950b	chr1	4941993	4951978	0	0	0
f11679cc-d7b3-4433-bb91-4b94e586950b	chr1	4952041	112771988	2	2	0
f11679cc-d7b3-4433-bb91-4b94e586950b	chr1	112772778	248930189	2	1	1
f11679cc-d7b3-4433-bb91-4b94e586950b	chr2	12784	105543169	2	1	1
f11679cc-d7b3-4433-bb91-4b94e586950b	chr2	105543877	105555544	3	2	1
f11679cc-d7b3-4433-bb91-4b94e586950b	chr2	105555991	242147305	2	1	1
f11679cc-d7b3-4433-bb91-4b94e586950b	chr3	20930	87347967	2	1	1
f11679cc-d7b3-4433-bb91-4b94e586950b	chr3	87348320	87645617	3	2	1
f11679cc-d7b3-4433-bb91-4b94e586950b	chr3	87646182	146538692	2	1	1
f11679cc-d7b3-4433-bb91-4b94e586950b	chr3	146539520	146543309	0	0	0
f11679cc-d7b3-4433-bb91-4b94e586950b	chr3	146543340	162790480	2	1	1
f11679cc-d7b3-4433-bb91-4b94e586950b	chr3	162794869	162908207	0	0	0
f11679cc-d7b3-4433-bb91-4b94e586950b	chr3	162908784	198169247	2	1	1
f11679cc-d7b3-4433-bb91-4b94e586950b	chr4	68929	101563664	2	1	1
f11679cc-d7b3-4433-bb91-4b94e586950b	chr4	101563749	101720035	3	2	1
f11679cc-d7b3-4433-bb91-4b94e586950b	chr4	101720271	190106768	2	1	1
f11679cc-d7b3-4433-bb91-4b94e586950b	chr5	15532	181363319	2	1	1
f11679cc-d7b3-4433-bb91-4b94e586950b	chr6	149661	42400124	2	2	0
f11679cc-d7b3-4433-bb91-4b94e586950b	chr6	42401570	154702585	2	1	1
f11679cc-d7b3-4433-bb91-4b94e586950b	chr6	154702624	155020766	3	2	1
f11679cc-d7b3-4433-bb91-4b94e586950b	chr6	155021132	170741917	2	1	1
f11679cc-d7b3-4433-bb91-4b94e586950b	chr7	43259	38120541	2	1	1
f11679cc-d7b3-4433-bb91-4b94e586950b	chr7	38121916	38347190	1	1	0
f11679cc-d7b3-4433-bb91-4b94e586950b	chr7	38347211	159334314	2	1	1
f11679cc-d7b3-4433-bb91-4b94e586950b	chr8	81254	72078895	2	1	1
f11679cc-d7b3-4433-bb91-4b94e586950b	chr8	72088646	72146665	1	1	0
f11679cc-d7b3-4433-bb91-4b94e586950b	chr8	72146757	145072769	2	1	1
f11679cc-d7b3-4433-bb91-4b94e586950b	chr9	46587	36827220	2	2	0
f11679cc-d7b3-4433-bb91-4b94e586950b	chr9	36829244	138200944	2	1	1
f11679cc-d7b3-4433-bb91-4b94e586950b	chr10	45792	65546518	2	1	1
f11679cc-d7b3-4433-bb91-4b94e586950b	chr10	65548165	65554688	0	0	0
f11679cc-d7b3-4433-bb91-4b94e586950b	chr10	65563037	133654968	2	1	1
f11679cc-d7b3-4433-bb91-4b94e586950b	chr11	198510	135074876	2	1	1
f11679cc-d7b3-4433-bb91-4b94e586950b	chr12	51460	133201603	2	1	1
f11679cc-d7b3-4433-bb91-4b94e586950b	chr13	18452809	114342922	2	1	1
f11679cc-d7b3-4433-bb91-4b94e586950b	chr14	18239283	20009389	1	1	0
f11679cc-d7b3-4433-bb91-4b94e586950b	chr14	20012817	21872691	2	1	1
f11679cc-d7b3-4433-bb91-4b94e586950b	chr14	21874234	22551762	1	1	0
f11679cc-d7b3-4433-bb91-4b94e586950b	chr14	22558476	99555861	2	1	1
f11679cc-d7b3-4433-bb91-4b94e586950b	chr14	99556011	99560380	0	0	0
f11679cc-d7b3-4433-bb91-4b94e586950b	chr14	99561643	106877229	2	1	1
f11679cc-d7b3-4433-bb91-4b94e586950b	chr15	19811075	69797594	2	1	1
f11679cc-d7b3-4433-bb91-4b94e586950b	chr15	69797835	69814755	1	1	0
f11679cc-d7b3-4433-bb91-4b94e586950b	chr15	69817768	101928837	2	1	1
f11679cc-d7b3-4433-bb91-4b94e586950b	chr16	10777	90096867	2	1	1
f11679cc-d7b3-4433-bb91-4b94e586950b	chr17	150733	41265456	2	1	1
f11679cc-d7b3-4433-bb91-4b94e586950b	chr17	41266762	41274279	0	0	0
f11679cc-d7b3-4433-bb91-4b94e586950b	chr17	41276472	83091923	2	1	1
f11679cc-d7b3-4433-bb91-4b94e586950b	chr18	48133	4973590	2	1	1
f11679cc-d7b3-4433-bb91-4b94e586950b	chr18	4974007	4985483	0	0	0
f11679cc-d7b3-4433-bb91-4b94e586950b	chr18	4987699	40678741	2	1	1
f11679cc-d7b3-4433-bb91-4b94e586950b	chr18	40678763	40685425	0	0	0
f11679cc-d7b3-4433-bb91-4b94e586950b	chr18	40688060	80257174	2	1	1
f11679cc-d7b3-4433-bb91-4b94e586950b	chr19	90910	33232799	2	1	1
f11679cc-d7b3-4433-bb91-4b94e586950b	chr19	33232983	33278637	4	2	2
f11679cc-d7b3-4433-bb91-4b94e586950b	chr19	33284962	58586487	2	1	1
f11679cc-d7b3-4433-bb91-4b94e586950b	chr20	80664	64324800	2	1	1
f11679cc-d7b3-4433-bb91-4b94e586950b	chr21	12973348	46677045	2	1	1
f11679cc-d7b3-4433-bb91-4b94e586950b	chr22	16392123	50796027	2	1	1
f11679cc-d7b3-4433-bb91-4b94e586950b	chrX	251810	38531403	2	1	1
f11679cc-d7b3-4433-bb91-4b94e586950b	chrX	38531520	38538064	5	3	2
f11679cc-d7b3-4433-bb91-4b94e586950b	chrX	38539778	156004181	2	1	1
f11679cc-d7b3-4433-bb91-4b94e586950b	chrY	2782397	26653788	0	0	0
f11679cc-d7b3-4433-bb91-4b94e586950b	chrY	56872112	56872112	1	1	0
69d65371-5fd2-4988-ad11-c571d5bcc644	chr1	62920	24325408	2	2	0
69d65371-5fd2-4988-ad11-c571d5bcc644	chr1	24331573	37884283	1	1	0
69d65371-5fd2-4988-ad11-c571d5bcc644	chr1	37884591	121705338	2	2	0
69d65371-5fd2-4988-ad11-c571d5bcc644	chr1	143541857	147896752	2	1	1
69d65371-5fd2-4988-ad11-c571d5bcc644	chr1	147897295	174682706	3	2	1
69d65371-5fd2-4988-ad11-c571d5bcc644	chr1	174683121	196131960	2	1	1
69d65371-5fd2-4988-ad11-c571d5bcc644	chr1	196132290	216015547	3	2	1
69d65371-5fd2-4988-ad11-c571d5bcc644	chr1	216016792	234889856	2	1	1
69d65371-5fd2-4988-ad11-c571d5bcc644	chr1	234891503	235104702	5	4	1
69d65371-5fd2-4988-ad11-c571d5bcc644	chr1	235105854	248930189	2	1	1
69d65371-5fd2-4988-ad11-c571d5bcc644	chr2	12784	154361936	2	1	1
69d65371-5fd2-4988-ad11-c571d5bcc644	chr2	154366359	154382620	8	4	4
69d65371-5fd2-4988-ad11-c571d5bcc644	chr2	154382623	158718599	2	1	1
69d65371-5fd2-4988-ad11-c571d5bcc644	chr2	158720603	178068563	1	1	0
69d65371-5fd2-4988-ad11-c571d5bcc644	chr2	178070586	231593453	2	1	1
69d65371-5fd2-4988-ad11-c571d5bcc644	chr2	231597793	242147305	3	2	1
69d65371-5fd2-4988-ad11-c571d5bcc644	chr3	20930	198169247	2	1	1
69d65371-5fd2-4988-ad11-c571d5bcc644	chr4	68929	102204063	2	1	1
69d65371-5fd2-4988-ad11-c571d5bcc644	chr4	102204226	102253039	0	0	0
69d65371-5fd2-4988-ad11-c571d5bcc644	chr4	102253426	190106768	2	1	1
69d65371-5fd2-4988-ad11-c571d5bcc644	chr5	15532	105097721	2	1	1
69d65371-5fd2-4988-ad11-c571d5bcc644	chr5	105097893	105167266	0	0	0
69d65371-5fd2-4988-ad11-c571d5bcc644	chr5	105168236	168728213	2	1	1
69d65371-5fd2-4988-ad11-c571d5bcc644	chr5	168728306	168744658	0	0	0
69d65371-5fd2-4988-ad11-c571d5bcc644	chr5	168747386	178780287	2	1	1
69d65371-5fd2-4988-ad11-c571d5bcc644	chr5	178780608	178853270	0	0	0
69d65371-5fd2-4988-ad11-c571d5bcc644	chr5	178853333	181363319	2	1	1
69d65371-5fd2-4988-ad11-c571d5bcc644	chr6	149661	32932241	1	1	0
69d65371-5fd2-4988-ad11-c571d5bcc644	chr6	32934157	56574685	3	2	1
69d65371-5fd2-4988-ad11-c571d5bcc644	chr6	56575252	67795229	2	1	1
69d65371-5fd2-4988-ad11-c571d5bcc644	chr6	67795267	68472083	1	1	0
69d65371-5fd2-4988-ad11-c571d5bcc644	chr6	68472365	103286954	2	1	1
69d65371-5fd2-4988-ad11-c571d5bcc644	chr6	103290101	103323069	0	0	0
69d65371-5fd2-4988-ad11-c571d5bcc644	chr6	103326915	170741917	2	1	1
69d65371-5fd2-4988-ad11-c571d5bcc644	chr7	43259	50474784	2	1	1
69d65371-5fd2-4988-ad11-c571d5bcc644	chr7	50475181	50478563	0	0	0
69d65371-5fd2-4988-ad11-c571d5bcc644	chr7	50479066	125947552	2	1	1
69d65371-5fd2-4988-ad11-c571d5bcc644	chr7	125947712	125962527	8	5	3
69d65371-5fd2-4988-ad11-c571d5bcc644	chr7	125962675	129395703	2	1	1
69d65371-5fd2-4988-ad11-c571d5bcc644	chr7	129395867	159334314	3	2	1
69d65371-5fd2-4988-ad11-c571d5bcc644	chr8	81254	58839598	2	1	1
69d65371-5fd2-4988-ad11-c571d5bcc644	chr8	58840149	64073525	1	1	0
69d65371-5fd2-4988-ad11-c571d5bcc644	chr8	64077151	145072769	2	1	1
69d65371-5fd2-4988-ad11-c571d5bcc644	chr9	46587	133721819	2	1	1
69d65371-5fd2-4988-ad11-c571d5bcc644	chr9	133721832	133753192	6	3	3
69d65371-5fd2-4988-ad11-c571d5bcc644	chr9	133753594	138200944	2	1	1
69d65371-5fd2-4988-ad11-c571d5bcc644	chr10	45792	133654968	2	1	1
69d65371-5fd2-4988-ad11-c571d5bcc644	chr11	198510	59191556	2	1	1
69d65371-5fd2-4988-ad11-c571d5bcc644	chr11	59193648	59256951	7	6	1
69d65371-5fd2-4988-ad11-c571d5bcc644	chr11	59257549	73151523	2	1	1
69d65371-5fd2-4988-ad11-c571d5bcc644	chr11	73151797	135074876	2	2	0
69d65371-5fd2-4988-ad11-c571d5bcc644	chr12	51460	130524005	2	1	1
69d65371-5fd2-4988-ad11-c571d5bcc644	chr12	130524194	130569268	0	0	0
69d65371-5fd2-4988-ad11-c571d5bcc644	chr12	130570730	133201603	2	1	1
69d65371-5fd2-4988-ad11-c571d5bcc644	chr13	18452809	114342922	2	1	1
69d65371-5fd2-4988-ad11-c571d5bcc644	chr14	18239283	21956321	1	1	0
69d65371-5fd2-4988-ad11-c571d5bcc644	chr14	21960136	22500513	0	0	0
69d65371-5fd2-4988-ad11-c571d5bcc644	chr14	22500668	106877229	2	1	1
69d65371-5fd2-4988-ad11-c571d5bcc644	chr15	19811075	76598900	2	1	1
69d65371-5fd2-4988-ad11-c571d5bcc644	chr15	76599170	76603003	0	0	0
69d65371-5fd2-4988-ad11-c571d5bcc644	chr15	76603426	101928837	2	1	1
69d65371-5fd2-4988-ad11-c571d5bcc644	chr16	10777	5221208	1	1	0
69d65371-5fd2-4988-ad11-c571d5bcc644	chr16	5223193	90096867	2	1	1
69d65371-5fd2-4988-ad11-c571d5bcc644	chr17	150733	41266762	2	1	1
69d65371-5fd2-4988-ad11-c571d5bcc644	chr17	41266774	41274279	0	0	0
69d65371-5fd2-4988-ad11-c571d5bcc644	chr17	41276472	83091923	2	1	1
69d65371-5fd2-4988-ad11-c571d5bcc644	chr18	48133	80257174	2	1	1
69d65371-5fd2-4988-ad11-c571d5bcc644	chr19	90910	18154130	1	1	0
69d65371-5fd2-4988-ad11-c571d5bcc644	chr19	18156876	58586487	2	1	1
69d65371-5fd2-4988-ad11-c571d5bcc644	chr20	80664	64324800	2	1	1
69d65371-5fd2-4988-ad11-c571d5bcc644	chr21	12973348	46677045	3	2	1
69d65371-5fd2-4988-ad11-c571d5bcc644	chr22	16392123	32178696	2	1	1
69d65371-5fd2-4988-ad11-c571d5bcc644	chr22	32179162	32324938	1	1	0
69d65371-5fd2-4988-ad11-c571d5bcc644	chr22	32325637	50796027	2	1	1
69d65371-5fd2-4988-ad11-c571d5bcc644	chrX	251810	2775134	1	1	0
69d65371-5fd2-4988-ad11-c571d5bcc644	chrX	2775583	156004181	0	0	0
69d65371-5fd2-4988-ad11-c571d5bcc644	chrY	2782397	56872112	0	0	0
72f558fb-f25d-4cd8-9214-f74a547f783c	chr1	62920	4941863	3	2	1
72f558fb-f25d-4cd8-9214-f74a547f783c	chr1	4941993	4947419	1	1	0
72f558fb-f25d-4cd8-9214-f74a547f783c	chr1	4949604	152583051	3	2	1
72f558fb-f25d-4cd8-9214-f74a547f783c	chr1	152583230	152613762	0	0	0
72f558fb-f25d-4cd8-9214-f74a547f783c	chr1	152613802	216449268	3	2	1
72f558fb-f25d-4cd8-9214-f74a547f783c	chr1	216451546	216493016	2	1	1
72f558fb-f25d-4cd8-9214-f74a547f783c	chr1	216493379	248930189	3	2	1
72f558fb-f25d-4cd8-9214-f74a547f783c	chr2	12784	52493838	4	2	2
72f558fb-f25d-4cd8-9214-f74a547f783c	chr2	52494117	52563002	0	0	0
72f558fb-f25d-4cd8-9214-f74a547f783c	chr2	52563355	57777332	4	2	2
72f558fb-f25d-4cd8-9214-f74a547f783c	chr2	57777854	57837445	1	1	0
72f558fb-f25d-4cd8-9214-f74a547f783c	chr2	57841993	96168311	4	2	2
72f558fb-f25d-4cd8-9214-f74a547f783c	chr2	96170774	100649648	2	2	0
72f558fb-f25d-4cd8-9214-f74a547f783c	chr2	100653726	198302364	4	2	2
72f558fb-f25d-4cd8-9214-f74a547f783c	chr2	198303389	198331651	2	1	1
72f558fb-f25d-4cd8-9214-f74a547f783c	chr2	198332759	242147305	4	2	2
72f558fb-f25d-4cd8-9214-f74a547f783c	chr3	20930	198169247	3	2	1
72f558fb-f25d-4cd8-9214-f74a547f783c	chr4	68929	20947697	3	2	1
72f558fb-f25d-4cd8-9214-f74a547f783c	chr4	20948294	20952173	1	1	0
72f558fb-f25d-4cd8-9214-f74a547f783c	chr4	20953339	190106768	3	2	1
72f558fb-f25d-4cd8-9214-f74a547f783c	chr5	15532	84708518	4	2	2
72f558fb-f25d-4cd8-9214-f74a547f783c	chr5	84708783	84741553	3	2	1
72f558fb-f25d-4cd8-9214-f74a547f783c	chr5	84747242	181109116	4	2	2
72f558fb-f25d-4cd8-9214-f74a547f783c	chr5	181110126	181152462	4	3	1
72f558fb-f25d-4cd8-9214-f74a547f783c	chr5	181155043	181363319	4	2	2
72f558fb-f25d-4cd8-9214-f74a547f783c	chr6	149661	158456530	3	2	1
72f558fb-f25d-4cd8-9214-f74a547f783c	chr6	158456900	158474627	2	1	1
72f558fb-f25d-4cd8-9214-f74a547f783c	chr6	158474974	170741917	3	2	1
72f558fb-f25d-4cd8-9214-f74a547f783c	chr7	43259	50318900	3	2	1
72f558fb-f25d-4cd8-9214-f74a547f783c	chr7	50321430	50360354	1	1	0
72f558fb-f25d-4cd8-9214-f74a547f783c	chr7	50362326	159334314	3	2	1
72f558fb-f25d-4cd8-9214-f74a547f783c	chr8	81254	58890398	4	2	2
72f558fb-f25d-4cd8-9214-f74a547f783c	chr8	58891160	59135293	3	2	1
72f558fb-f25d-4cd8-9214-f74a547f783c	chr8	59135735	96347958	4	2	2
72f558fb-f25d-4cd8-9214-f74a547f783c	chr8	96348244	96376067	3	2	1
72f558fb-f25d-4cd8-9214-f74a547f783c	chr8	96377546	145072769	4	2	2
72f558fb-f25d-4cd8-9214-f74a547f783c	chr9	46587	6908557	5	3	2
72f558fb-f25d-4cd8-9214-f74a547f783c	chr9	6909892	7055489	3	3	0
72f558fb-f25d-4cd8-9214-f74a547f783c	chr9	7057302	11336040	5	3	2
72f558fb-f25d-4cd8-9214-f74a547f783c	chr9	11339109	126854027	4	2	2
72f558fb-f25d-4cd8-9214-f74a547f783c	chr9	126854659	138200944	3	2	1
72f558fb-f25d-4cd8-9214-f74a547f783c	chr10	45792	8165229	3	2	1
72f558fb-f25d-4cd8-9214-f74a547f783c	chr10	8167518	59789551	4	2	2
72f558fb-f25d-4cd8-9214-f74a547f783c	chr10	59789938	133654968	3	2	1
72f558fb-f25d-4cd8-9214-f74a547f783c	chr11	198510	69982505	3	2	1
72f558fb-f25d-4cd8-9214-f74a547f783c	chr11	69982527	70003258	2	1	1
72f558fb-f25d-4cd8-9214-f74a547f783c	chr11	70003328	81666445	4	2	2
72f558fb-f25d-4cd8-9214-f74a547f783c	chr11	81667061	81811590	3	2	1
72f558fb-f25d-4cd8-9214-f74a547f783c	chr11	81812939	135074876	4	2	2
72f558fb-f25d-4cd8-9214-f74a547f783c	chr12	51460	13789373	4	2	2
72f558fb-f25d-4cd8-9214-f74a547f783c	chr12	13791561	13925567	3	2	1
72f558fb-f25d-4cd8-9214-f74a547f783c	chr12	13925700	133201603	4	2	2
72f558fb-f25d-4cd8-9214-f74a547f783c	chr13	18452809	37496998	3	2	1
72f558fb-f25d-4cd8-9214-f74a547f783c	chr13	37497899	37510620	0	0	0
72f558fb-f25d-4cd8-9214-f74a547f783c	chr13	37514193	114342922	3	2	1
72f558fb-f25d-4cd8-9214-f74a547f783c	chr14	18239283	87339560	3	2	1
72f558fb-f25d-4cd8-9214-f74a547f783c	chr14	87340858	87346663	1	1	0
72f558fb-f25d-4cd8-9214-f74a547f783c	chr14	87346968	106644606	3	2	1
72f558fb-f25d-4cd8-9214-f74a547f783c	chr14	106646232	106704852	1	1	0
72f558fb-f25d-4cd8-9214-f74a547f783c	chr14	106711719	106877229	3	2	1
72f558fb-f25d-4cd8-9214-f74a547f783c	chr15	19811075	25054112	3	2	1
72f558fb-f25d-4cd8-9214-f74a547f783c	chr15	25055911	25081548	6	4	2
72f558fb-f25d-4cd8-9214-f74a547f783c	chr15	25081683	33782879	3	2	1
72f558fb-f25d-4cd8-9214-f74a547f783c	chr15	33782950	33801334	1	1	0
72f558fb-f25d-4cd8-9214-f74a547f783c	chr15	33802000	40995289	3	2	1
72f558fb-f25d-4cd8-9214-f74a547f783c	chr15	40996080	101928837	3	3	0
72f558fb-f25d-4cd8-9214-f74a547f783c	chr16	10777	10810275	3	2	1
72f558fb-f25d-4cd8-9214-f74a547f783c	chr16	10815456	10914405	1	1	0
72f558fb-f25d-4cd8-9214-f74a547f783c	chr16	10915647	90096867	3	2	1
72f558fb-f25d-4cd8-9214-f74a547f783c	chr17	150733	41265456	4	2	2
72f558fb-f25d-4cd8-9214-f74a547f783c	chr17	41266762	41274279	0	0	0
72f558fb-f25d-4cd8-9214-f74a547f783c	chr17	41276472	83091923	4	2	2
72f558fb-f25d-4cd8-9214-f74a547f783c	chr18	48133	4975986	3	2	1
72f558fb-f25d-4cd8-9214-f74a547f783c	chr18	4976161	4989684	1	1	0
72f558fb-f25d-4cd8-9214-f74a547f783c	chr18	4990805	80257174	3	2	1
72f558fb-f25d-4cd8-9214-f74a547f783c	chr19	90910	4183310	4	4	0
72f558fb-f25d-4cd8-9214-f74a547f783c	chr19	4184195	18036257	3	3	0
72f558fb-f25d-4cd8-9214-f74a547f783c	chr19	18044007	39086724	3	2	1
72f558fb-f25d-4cd8-9214-f74a547f783c	chr19	39086788	58586487	4	3	1
72f558fb-f25d-4cd8-9214-f74a547f783c	chr20	80664	64324800	4	2	2
72f558fb-f25d-4cd8-9214-f74a547f783c	chr21	12973348	46677045	6	4	2
72f558fb-f25d-4cd8-9214-f74a547f783c	chr22	16392123	50796027	3	2	1
72f558fb-f25d-4cd8-9214-f74a547f783c	chrX	251810	26781199	2	2	0
72f558fb-f25d-4cd8-9214-f74a547f783c	chrX	26781535	32068937	3	2	1
72f558fb-f25d-4cd8-9214-f74a547f783c	chrX	32068975	32193673	2	2	0
72f558fb-f25d-4cd8-9214-f74a547f783c	chrX	32193924	32739635	3	2	1
72f558fb-f25d-4cd8-9214-f74a547f783c	chrX	32739726	32769166	1	1	0
72f558fb-f25d-4cd8-9214-f74a547f783c	chrX	32769598	64788651	3	2	1
72f558fb-f25d-4cd8-9214-f74a547f783c	chrX	64788694	64832088	0	0	0
72f558fb-f25d-4cd8-9214-f74a547f783c	chrX	64832797	67032402	3	2	1
72f558fb-f25d-4cd8-9214-f74a547f783c	chrX	67033825	156004181	4	3	1
72f558fb-f25d-4cd8-9214-f74a547f783c	chrY	2782397	26653788	0	0	0
72f558fb-f25d-4cd8-9214-f74a547f783c	chrY	56872112	56872112	2	2	0
3749af12-9cc5-4aba-837a-fc2dc58b4376	chr1	62920	65382392	2	1	1
3749af12-9cc5-4aba-837a-fc2dc58b4376	chr1	65386381	65460164	1	1	0
3749af12-9cc5-4aba-837a-fc2dc58b4376	chr1	65462364	73113554	2	1	1
3749af12-9cc5-4aba-837a-fc2dc58b4376	chr1	73113572	73148457	3	2	1
3749af12-9cc5-4aba-837a-fc2dc58b4376	chr1	73148843	105470754	2	1	1
3749af12-9cc5-4aba-837a-fc2dc58b4376	chr1	105476583	105479753	0	0	0
3749af12-9cc5-4aba-837a-fc2dc58b4376	chr1	105481433	111969573	2	1	1
3749af12-9cc5-4aba-837a-fc2dc58b4376	chr1	111970581	112071480	3	2	1
3749af12-9cc5-4aba-837a-fc2dc58b4376	chr1	112071687	189029475	2	1	1
3749af12-9cc5-4aba-837a-fc2dc58b4376	chr1	189030172	189061197	1	1	0
3749af12-9cc5-4aba-837a-fc2dc58b4376	chr1	189061213	220318395	2	1	1
3749af12-9cc5-4aba-837a-fc2dc58b4376	chr1	220323037	220327675	4	2	2
3749af12-9cc5-4aba-837a-fc2dc58b4376	chr1	220328176	248930189	2	1	1
3749af12-9cc5-4aba-837a-fc2dc58b4376	chr2	12784	20390766	2	1	1
3749af12-9cc5-4aba-837a-fc2dc58b4376	chr2	20390874	21207685	1	1	0
3749af12-9cc5-4aba-837a-fc2dc58b4376	chr2	21208352	24857086	2	1	1
3749af12-9cc5-4aba-837a-fc2dc58b4376	chr2	24860441	26015352	1	1	0
3749af12-9cc5-4aba-837a-fc2dc58b4376	chr2	26016414	58004076	2	1	1
3749af12-9cc5-4aba-837a-fc2dc58b4376	chr2	58006230	58423220	3	2	1
3749af12-9cc5-4aba-837a-fc2dc58b4376	chr2	58425303	60335255	4	3	1
3749af12-9cc5-4aba-837a-fc2dc58b4376	chr2	60335579	60353696	3	2	1
3749af12-9cc5-4aba-837a-fc2dc58b4376	chr2	60353802	61551099	4	3	1
3749af12-9cc5-4aba-837a-fc2dc58b4376	chr2	61551124	62471551	3	2	1
3749af12-9cc5-4aba-837a-fc2dc58b4376	chr2	62471874	73344289	2	1	1
3749af12-9cc5-4aba-837a-fc2dc58b4376	chr2	73345527	74915498	1	1	0
3749af12-9cc5-4aba-837a-fc2dc58b4376	chr2	74917570	88833611	2	1	1
3749af12-9cc5-4aba-837a-fc2dc58b4376	chr2	88834118	89069842	8	8	0
3749af12-9cc5-4aba-837a-fc2dc58b4376	chr2	89085826	168105567	2	1	1
3749af12-9cc5-4aba-837a-fc2dc58b4376	chr2	168108201	168177659	1	1	0
3749af12-9cc5-4aba-837a-fc2dc58b4376	chr2	168178164	171631601	2	1	1
3749af12-9cc5-4aba-837a-fc2dc58b4376	chr2	171633716	171653648	3	2	1
3749af12-9cc5-4aba-837a-fc2dc58b4376	chr2	171654179	242147305	2	1	1
3749af12-9cc5-4aba-837a-fc2dc58b4376	chr3	20930	60550857	2	1	1
3749af12-9cc5-4aba-837a-fc2dc58b4376	chr3	60550936	60792199	1	1	0
3749af12-9cc5-4aba-837a-fc2dc58b4376	chr3	60794907	187776389	2	1	1
3749af12-9cc5-4aba-837a-fc2dc58b4376	chr3	187778748	189332875	3	2	1
3749af12-9cc5-4aba-837a-fc2dc58b4376	chr3	189338943	198169247	2	1	1
3749af12-9cc5-4aba-837a-fc2dc58b4376	chr4	68929	43017409	2	1	1
3749af12-9cc5-4aba-837a-fc2dc58b4376	chr4	43018299	43201367	1	1	0
3749af12-9cc5-4aba-837a-fc2dc58b4376	chr4	43204398	43611584	2	1	1
3749af12-9cc5-4aba-837a-fc2dc58b4376	chr4	43615147	44226157	1	1	0
3749af12-9cc5-4aba-837a-fc2dc58b4376	chr4	44230509	88729544	2	1	1
3749af12-9cc5-4aba-837a-fc2dc58b4376	chr4	88738990	102204063	2	2	0
3749af12-9cc5-4aba-837a-fc2dc58b4376	chr4	102204226	102261459	1	1	0
3749af12-9cc5-4aba-837a-fc2dc58b4376	chr4	102262061	129870375	2	2	0
3749af12-9cc5-4aba-837a-fc2dc58b4376	chr4	129873769	131902240	3	3	0
3749af12-9cc5-4aba-837a-fc2dc58b4376	chr4	131905410	156485854	2	2	0
3749af12-9cc5-4aba-837a-fc2dc58b4376	chr4	156486387	156781100	1	1	0
3749af12-9cc5-4aba-837a-fc2dc58b4376	chr4	156784399	190106768	2	2	0
3749af12-9cc5-4aba-837a-fc2dc58b4376	chr5	15532	7681094	2	1	1
3749af12-9cc5-4aba-837a-fc2dc58b4376	chr5	7682796	7695380	1	1	0
3749af12-9cc5-4aba-837a-fc2dc58b4376	chr5	7695732	32503898	2	1	1
3749af12-9cc5-4aba-837a-fc2dc58b4376	chr5	32506110	32627804	3	2	1
3749af12-9cc5-4aba-837a-fc2dc58b4376	chr5	32628335	165080406	2	1	1
3749af12-9cc5-4aba-837a-fc2dc58b4376	chr5	165081266	165098651	1	1	0
3749af12-9cc5-4aba-837a-fc2dc58b4376	chr5	165099697	178823121	2	1	1
3749af12-9cc5-4aba-837a-fc2dc58b4376	chr5	178827246	178853270	1	1	0
3749af12-9cc5-4aba-837a-fc2dc58b4376	chr5	178853333	181363319	2	1	1
3749af12-9cc5-4aba-837a-fc2dc58b4376	chr6	149661	50076408	2	2	0
3749af12-9cc5-4aba-837a-fc2dc58b4376	chr6	50077039	50311436	2	1	1
3749af12-9cc5-4aba-837a-fc2dc58b4376	chr6	50311771	50333363	1	1	0
3749af12-9cc5-4aba-837a-fc2dc58b4376	chr6	50333879	108697119	2	1	1
3749af12-9cc5-4aba-837a-fc2dc58b4376	chr6	108698403	108765224	3	2	1
3749af12-9cc5-4aba-837a-fc2dc58b4376	chr6	108765875	150356041	2	1	1
3749af12-9cc5-4aba-837a-fc2dc58b4376	chr6	150356618	150409702	1	1	0
3749af12-9cc5-4aba-837a-fc2dc58b4376	chr6	150410519	170741917	2	1	1
3749af12-9cc5-4aba-837a-fc2dc58b4376	chr7	43259	16348937	2	1	1
3749af12-9cc5-4aba-837a-fc2dc58b4376	chr7	16349363	19763700	3	2	1
3749af12-9cc5-4aba-837a-fc2dc58b4376	chr7	19766380	78060571	2	1	1
3749af12-9cc5-4aba-837a-fc2dc58b4376	chr7	78060606	78068964	3	2	1
3749af12-9cc5-4aba-837a-fc2dc58b4376	chr7	78069292	79895200	2	1	1
3749af12-9cc5-4aba-837a-fc2dc58b4376	chr7	79897184	79924120	1	1	0
3749af12-9cc5-4aba-837a-fc2dc58b4376	chr7	79924592	147582908	2	1	1
3749af12-9cc5-4aba-837a-fc2dc58b4376	chr7	147583105	147584537	1	1	0
3749af12-9cc5-4aba-837a-fc2dc58b4376	chr7	147584704	159334314	2	1	1
3749af12-9cc5-4aba-837a-fc2dc58b4376	chr8	81254	72078895	2	1	1
3749af12-9cc5-4aba-837a-fc2dc58b4376	chr8	72088646	72172203	1	1	0
3749af12-9cc5-4aba-837a-fc2dc58b4376	chr8	72176558	120609800	2	1	1
3749af12-9cc5-4aba-837a-fc2dc58b4376	chr8	120612452	120815257	3	2	1
3749af12-9cc5-4aba-837a-fc2dc58b4376	chr8	120816679	138102298	2	1	1
3749af12-9cc5-4aba-837a-fc2dc58b4376	chr8	138103306	138161193	1	1	0
3749af12-9cc5-4aba-837a-fc2dc58b4376	chr8	138161725	145072769	2	1	1
3749af12-9cc5-4aba-837a-fc2dc58b4376	chr9	46587	20837855	2	1	1
3749af12-9cc5-4aba-837a-fc2dc58b4376	chr9	20843842	20934401	3	2	1
3749af12-9cc5-4aba-837a-fc2dc58b4376	chr9	20937709	32088082	2	1	1
3749af12-9cc5-4aba-837a-fc2dc58b4376	chr9	32088306	32106036	3	2	1
3749af12-9cc5-4aba-837a-fc2dc58b4376	chr9	32106339	41741113	2	1	1
3749af12-9cc5-4aba-837a-fc2dc58b4376	chr9	60863881	68846710	3	2	1
3749af12-9cc5-4aba-837a-fc2dc58b4376	chr9	68846899	138200944	2	1	1
3749af12-9cc5-4aba-837a-fc2dc58b4376	chr10	45792	61830678	2	1	1
3749af12-9cc5-4aba-837a-fc2dc58b4376	chr10	61831032	61850423	3	2	1
3749af12-9cc5-4aba-837a-fc2dc58b4376	chr10	61850667	133654968	2	1	1
3749af12-9cc5-4aba-837a-fc2dc58b4376	chr11	198510	4946420	2	1	1
3749af12-9cc5-4aba-837a-fc2dc58b4376	chr11	4947280	4952799	0	0	0
3749af12-9cc5-4aba-837a-fc2dc58b4376	chr11	4953934	5768511	2	1	1
3749af12-9cc5-4aba-837a-fc2dc58b4376	chr11	5768639	5787909	0	0	0
3749af12-9cc5-4aba-837a-fc2dc58b4376	chr11	5788108	135074876	2	1	1
3749af12-9cc5-4aba-837a-fc2dc58b4376	chr12	51460	9477960	2	1	1
3749af12-9cc5-4aba-837a-fc2dc58b4376	chr12	9481274	9575696	0	0	0
3749af12-9cc5-4aba-837a-fc2dc58b4376	chr12	9582373	133201603	2	1	1
3749af12-9cc5-4aba-837a-fc2dc58b4376	chr13	18452809	90417191	2	1	1
3749af12-9cc5-4aba-837a-fc2dc58b4376	chr13	90417632	94451020	3	2	1
3749af12-9cc5-4aba-837a-fc2dc58b4376	chr13	94451076	114342922	2	1	1
3749af12-9cc5-4aba-837a-fc2dc58b4376	chr14	18239283	105588560	2	1	1
3749af12-9cc5-4aba-837a-fc2dc58b4376	chr14	105612353	105862987	1	1	0
3749af12-9cc5-4aba-837a-fc2dc58b4376	chr14	105876458	106877229	3	2	1
3749af12-9cc5-4aba-837a-fc2dc58b4376	chr15	19811075	43436848	2	1	1
3749af12-9cc5-4aba-837a-fc2dc58b4376	chr15	43437800	45223505	2	2	0
3749af12-9cc5-4aba-837a-fc2dc58b4376	chr15	45224975	45237451	1	1	0
3749af12-9cc5-4aba-837a-fc2dc58b4376	chr15	45237569	101928837	2	2	0
3749af12-9cc5-4aba-837a-fc2dc58b4376	chr16	10777	90096867	2	1	1
3749af12-9cc5-4aba-837a-fc2dc58b4376	chr17	150733	41258395	2	1	1
3749af12-9cc5-4aba-837a-fc2dc58b4376	chr17	41262120	41274198	0	0	0
3749af12-9cc5-4aba-837a-fc2dc58b4376	chr17	41274279	42167750	2	1	1
3749af12-9cc5-4aba-837a-fc2dc58b4376	chr17	42170234	42382146	3	2	1
3749af12-9cc5-4aba-837a-fc2dc58b4376	chr17	42382597	83091923	2	1	1
3749af12-9cc5-4aba-837a-fc2dc58b4376	chr18	48133	4971660	2	1	1
3749af12-9cc5-4aba-837a-fc2dc58b4376	chr18	4973590	4989684	0	0	0
3749af12-9cc5-4aba-837a-fc2dc58b4376	chr18	4990805	75814925	2	1	1
3749af12-9cc5-4aba-837a-fc2dc58b4376	chr18	75815032	75823533	3	2	1
3749af12-9cc5-4aba-837a-fc2dc58b4376	chr18	75824756	80257174	2	1	1
3749af12-9cc5-4aba-837a-fc2dc58b4376	chr19	90910	6942291	2	1	1
3749af12-9cc5-4aba-837a-fc2dc58b4376	chr19	6942483	7112683	1	1	0
3749af12-9cc5-4aba-837a-fc2dc58b4376	chr19	7114202	58586487	2	1	1
3749af12-9cc5-4aba-837a-fc2dc58b4376	chr20	80664	64324800	2	1	1
3749af12-9cc5-4aba-837a-fc2dc58b4376	chr21	12973348	46677045	2	1	1
3749af12-9cc5-4aba-837a-fc2dc58b4376	chr22	16392123	50796027	2	1	1
3749af12-9cc5-4aba-837a-fc2dc58b4376	chrX	251810	786390	2	1	1
3749af12-9cc5-4aba-837a-fc2dc58b4376	chrX	809468	959750	1	1	0
3749af12-9cc5-4aba-837a-fc2dc58b4376	chrX	960081	1401237	2	1	1
3749af12-9cc5-4aba-837a-fc2dc58b4376	chrX	1420810	1478856	1	1	0
3749af12-9cc5-4aba-837a-fc2dc58b4376	chrX	1479705	2735511	2	1	1
3749af12-9cc5-4aba-837a-fc2dc58b4376	chrX	2735872	2771534	3	2	1
3749af12-9cc5-4aba-837a-fc2dc58b4376	chrX	2771845	86280481	1	1	0
3749af12-9cc5-4aba-837a-fc2dc58b4376	chrX	86285447	88362529	0	0	0
3749af12-9cc5-4aba-837a-fc2dc58b4376	chrX	88362864	137008001	1	1	0
3749af12-9cc5-4aba-837a-fc2dc58b4376	chrX	137008640	143463712	0	0	0
3749af12-9cc5-4aba-837a-fc2dc58b4376	chrX	143466429	156004181	1	1	0
3749af12-9cc5-4aba-837a-fc2dc58b4376	chrY	2782397	26653788	2	0	2
3749af12-9cc5-4aba-837a-fc2dc58b4376	chrY	56872112	56872112	2	2	0
d311b2e2-a5f0-43ba-a675-7ca6f385924d	chr1	61735	40994245	2	1	1
d311b2e2-a5f0-43ba-a675-7ca6f385924d	chr1	40997942	44300916	1	1	0
d311b2e2-a5f0-43ba-a675-7ca6f385924d	chr1	44302118	61894312	2	1	1
d311b2e2-a5f0-43ba-a675-7ca6f385924d	chr1	61898612	62109755	1	1	0
d311b2e2-a5f0-43ba-a675-7ca6f385924d	chr1	62110087	116525225	2	1	1
d311b2e2-a5f0-43ba-a675-7ca6f385924d	chr1	116527793	117115822	1	1	0
d311b2e2-a5f0-43ba-a675-7ca6f385924d	chr1	117118220	248930189	2	1	1
d311b2e2-a5f0-43ba-a675-7ca6f385924d	chr2	12784	88831554	2	1	1
d311b2e2-a5f0-43ba-a675-7ca6f385924d	chr2	88833611	89025976	0	0	0
d311b2e2-a5f0-43ba-a675-7ca6f385924d	chr2	89027904	183955413	2	1	1
d311b2e2-a5f0-43ba-a675-7ca6f385924d	chr2	183956183	184356184	1	1	0
d311b2e2-a5f0-43ba-a675-7ca6f385924d	chr2	184359761	242147305	2	1	1
d311b2e2-a5f0-43ba-a675-7ca6f385924d	chr3	18667	61025737	2	2	0
d311b2e2-a5f0-43ba-a675-7ca6f385924d	chr3	61027075	119189840	3	2	1
d311b2e2-a5f0-43ba-a675-7ca6f385924d	chr3	119190291	119234078	2	1	1
d311b2e2-a5f0-43ba-a675-7ca6f385924d	chr3	119235626	127596480	1	1	0
d311b2e2-a5f0-43ba-a675-7ca6f385924d	chr3	127599749	198169247	2	1	1
d311b2e2-a5f0-43ba-a675-7ca6f385924d	chr4	12281	179214971	2	1	1
d311b2e2-a5f0-43ba-a675-7ca6f385924d	chr4	179218100	190106768	1	1	0
d311b2e2-a5f0-43ba-a675-7ca6f385924d	chr5	15532	53821766	2	1	1
d311b2e2-a5f0-43ba-a675-7ca6f385924d	chr5	53822988	55002635	3	2	1
d311b2e2-a5f0-43ba-a675-7ca6f385924d	chr5	55004319	181363319	2	1	1
d311b2e2-a5f0-43ba-a675-7ca6f385924d	chr6	149661	26220295	2	1	1
d311b2e2-a5f0-43ba-a675-7ca6f385924d	chr6	26226876	29839124	3	2	1
d311b2e2-a5f0-43ba-a675-7ca6f385924d	chr6	29840146	29882603	2	2	0
d311b2e2-a5f0-43ba-a675-7ca6f385924d	chr6	29903859	31159013	3	2	1
d311b2e2-a5f0-43ba-a675-7ca6f385924d	chr6	31159167	31859509	1	1	0
d311b2e2-a5f0-43ba-a675-7ca6f385924d	chr6	31868374	32257070	2	2	0
d311b2e2-a5f0-43ba-a675-7ca6f385924d	chr6	32266037	32791496	0	0	0
d311b2e2-a5f0-43ba-a675-7ca6f385924d	chr6	32791520	33798236	2	2	0
d311b2e2-a5f0-43ba-a675-7ca6f385924d	chr6	33798354	43451988	3	2	1
d311b2e2-a5f0-43ba-a675-7ca6f385924d	chr6	43464513	92949115	2	1	1
d311b2e2-a5f0-43ba-a675-7ca6f385924d	chr6	92957110	93025356	3	2	1
d311b2e2-a5f0-43ba-a675-7ca6f385924d	chr6	93026032	155321305	2	1	1
d311b2e2-a5f0-43ba-a675-7ca6f385924d	chr6	155321430	157620251	3	2	1
d311b2e2-a5f0-43ba-a675-7ca6f385924d	chr6	157620479	161037007	4	3	1
d311b2e2-a5f0-43ba-a675-7ca6f385924d	chr6	161037226	170741917	3	2	1
d311b2e2-a5f0-43ba-a675-7ca6f385924d	chr7	43259	159334314	2	1	1
d311b2e2-a5f0-43ba-a675-7ca6f385924d	chr8	81254	17383822	2	1	1
d311b2e2-a5f0-43ba-a675-7ca6f385924d	chr8	17384000	26564434	1	1	0
d311b2e2-a5f0-43ba-a675-7ca6f385924d	chr8	26570093	135534630	2	1	1
d311b2e2-a5f0-43ba-a675-7ca6f385924d	chr8	135536505	145072769	3	2	1
d311b2e2-a5f0-43ba-a675-7ca6f385924d	chr9	46587	21865498	3	3	0
d311b2e2-a5f0-43ba-a675-7ca6f385924d	chr9	21868909	22000771	0	0	0
d311b2e2-a5f0-43ba-a675-7ca6f385924d	chr9	22003137	133869666	3	3	0
d311b2e2-a5f0-43ba-a675-7ca6f385924d	chr9	133870098	134016439	2	2	0
d311b2e2-a5f0-43ba-a675-7ca6f385924d	chr9	134018898	138200944	3	3	0
d311b2e2-a5f0-43ba-a675-7ca6f385924d	chr10	26823	133769379	2	1	1
d311b2e2-a5f0-43ba-a675-7ca6f385924d	chr11	198572	135074876	2	1	1
d311b2e2-a5f0-43ba-a675-7ca6f385924d	chr12	51460	11730873	2	1	1
d311b2e2-a5f0-43ba-a675-7ca6f385924d	chr12	11735489	11837432	1	1	0
d311b2e2-a5f0-43ba-a675-7ca6f385924d	chr12	11837507	133201603	2	1	1
d311b2e2-a5f0-43ba-a675-7ca6f385924d	chr13	18452809	114342922	2	1	1
d311b2e2-a5f0-43ba-a675-7ca6f385924d	chr14	18225647	102757707	2	1	1
d311b2e2-a5f0-43ba-a675-7ca6f385924d	chr14	102758421	102839963	0	0	0
d311b2e2-a5f0-43ba-a675-7ca6f385924d	chr14	102846032	105650524	2	1	1
d311b2e2-a5f0-43ba-a675-7ca6f385924d	chr14	105653302	106877229	1	1	0
d311b2e2-a5f0-43ba-a675-7ca6f385924d	chr15	19811075	101928837	2	1	1
d311b2e2-a5f0-43ba-a675-7ca6f385924d	chr16	10777	79142440	2	1	1
d311b2e2-a5f0-43ba-a675-7ca6f385924d	chr16	79143396	79287938	3	2	1
d311b2e2-a5f0-43ba-a675-7ca6f385924d	chr16	79291033	90221127	2	1	1
d311b2e2-a5f0-43ba-a675-7ca6f385924d	chr17	150733	83090856	2	1	1
d311b2e2-a5f0-43ba-a675-7ca6f385924d	chr18	48133	47735555	4	3	1
d311b2e2-a5f0-43ba-a675-7ca6f385924d	chr18	47736650	50798205	5	4	1
d311b2e2-a5f0-43ba-a675-7ca6f385924d	chr18	50798517	80257174	6	5	1
d311b2e2-a5f0-43ba-a675-7ca6f385924d	chr19	90910	58586487	2	1	1
d311b2e2-a5f0-43ba-a675-7ca6f385924d	chr20	80664	64324800	2	1	1
d311b2e2-a5f0-43ba-a675-7ca6f385924d	chr21	10336543	46677045	2	1	1
d311b2e2-a5f0-43ba-a675-7ca6f385924d	chr22	15294545	50796027	2	1	1
d311b2e2-a5f0-43ba-a675-7ca6f385924d	chrX	251810	2785350	2	1	1
d311b2e2-a5f0-43ba-a675-7ca6f385924d	chrX	2785592	96321690	1	1	0
d311b2e2-a5f0-43ba-a675-7ca6f385924d	chrX	96321858	96739643	2	2	0
d311b2e2-a5f0-43ba-a675-7ca6f385924d	chrX	96740555	156004181	1	1	0
4eeb1683-19c9-4734-b5f8-1b916a9c6f45	chr1	62920	21761579	2	1	1
4eeb1683-19c9-4734-b5f8-1b916a9c6f45	chr1	21762348	23306996	1	1	0
4eeb1683-19c9-4734-b5f8-1b916a9c6f45	chr1	23311202	116033984	2	1	1
4eeb1683-19c9-4734-b5f8-1b916a9c6f45	chr1	116034489	116470185	1	1	0
4eeb1683-19c9-4734-b5f8-1b916a9c6f45	chr1	116470644	116554082	0	0	0
4eeb1683-19c9-4734-b5f8-1b916a9c6f45	chr1	116569338	117057848	1	1	0
4eeb1683-19c9-4734-b5f8-1b916a9c6f45	chr1	117058616	152583051	2	1	1
4eeb1683-19c9-4734-b5f8-1b916a9c6f45	chr1	152583230	152613762	0	0	0
4eeb1683-19c9-4734-b5f8-1b916a9c6f45	chr1	152613802	236187393	2	1	1
4eeb1683-19c9-4734-b5f8-1b916a9c6f45	chr1	236197455	236344520	1	1	0
4eeb1683-19c9-4734-b5f8-1b916a9c6f45	chr1	236345136	248930189	2	1	1
4eeb1683-19c9-4734-b5f8-1b916a9c6f45	chr2	12784	99531625	2	1	1
4eeb1683-19c9-4734-b5f8-1b916a9c6f45	chr2	99532874	99952581	1	1	0
4eeb1683-19c9-4734-b5f8-1b916a9c6f45	chr2	99953268	99964863	2	2	0
4eeb1683-19c9-4734-b5f8-1b916a9c6f45	chr2	99965090	126604482	2	1	1
4eeb1683-19c9-4734-b5f8-1b916a9c6f45	chr2	126608179	126621081	1	1	0
4eeb1683-19c9-4734-b5f8-1b916a9c6f45	chr2	126621952	186806652	2	1	1
4eeb1683-19c9-4734-b5f8-1b916a9c6f45	chr2	186810238	187101710	1	1	0
4eeb1683-19c9-4734-b5f8-1b916a9c6f45	chr2	187102568	187104830	0	0	0
4eeb1683-19c9-4734-b5f8-1b916a9c6f45	chr2	187106284	188897396	1	1	0
4eeb1683-19c9-4734-b5f8-1b916a9c6f45	chr2	188897772	205213528	2	1	1
4eeb1683-19c9-4734-b5f8-1b916a9c6f45	chr2	205216287	205223435	1	1	0
4eeb1683-19c9-4734-b5f8-1b916a9c6f45	chr2	205225540	242147305	2	1	1
4eeb1683-19c9-4734-b5f8-1b916a9c6f45	chr3	20930	41562962	2	2	0
4eeb1683-19c9-4734-b5f8-1b916a9c6f45	chr3	41563060	41574354	5	5	0
4eeb1683-19c9-4734-b5f8-1b916a9c6f45	chr3	41575890	54937619	2	2	0
4eeb1683-19c9-4734-b5f8-1b916a9c6f45	chr3	54939653	55122493	1	1	0
4eeb1683-19c9-4734-b5f8-1b916a9c6f45	chr3	55123085	59476587	2	2	0
4eeb1683-19c9-4734-b5f8-1b916a9c6f45	chr3	59477702	59506975	3	3	0
4eeb1683-19c9-4734-b5f8-1b916a9c6f45	chr3	59507323	61521094	2	2	0
4eeb1683-19c9-4734-b5f8-1b916a9c6f45	chr3	61523055	120435796	2	1	1
4eeb1683-19c9-4734-b5f8-1b916a9c6f45	chr3	120435986	120455459	1	1	0
4eeb1683-19c9-4734-b5f8-1b916a9c6f45	chr3	120455684	146100239	2	1	1
4eeb1683-19c9-4734-b5f8-1b916a9c6f45	chr3	146101222	149628158	1	1	0
4eeb1683-19c9-4734-b5f8-1b916a9c6f45	chr3	149632386	149655593	0	0	0
4eeb1683-19c9-4734-b5f8-1b916a9c6f45	chr3	149660155	156008314	1	1	0
4eeb1683-19c9-4734-b5f8-1b916a9c6f45	chr3	156011534	162786507	2	1	1
4eeb1683-19c9-4734-b5f8-1b916a9c6f45	chr3	162786879	162898127	0	0	0
4eeb1683-19c9-4734-b5f8-1b916a9c6f45	chr3	162906054	198169247	2	1	1
4eeb1683-19c9-4734-b5f8-1b916a9c6f45	chr4	68929	54611716	2	1	1
4eeb1683-19c9-4734-b5f8-1b916a9c6f45	chr4	54612354	54641439	1	1	0
4eeb1683-19c9-4734-b5f8-1b916a9c6f45	chr4	54644695	95697353	2	1	1
4eeb1683-19c9-4734-b5f8-1b916a9c6f45	chr4	95706397	95746953	1	1	0
4eeb1683-19c9-4734-b5f8-1b916a9c6f45	chr4	95747257	114250213	2	1	1
4eeb1683-19c9-4734-b5f8-1b916a9c6f45	chr4	114250423	114263234	5	5	0
4eeb1683-19c9-4734-b5f8-1b916a9c6f45	chr4	114264667	147329301	2	1	1
4eeb1683-19c9-4734-b5f8-1b916a9c6f45	chr4	147331771	147377649	1	1	0
4eeb1683-19c9-4734-b5f8-1b916a9c6f45	chr4	147382043	190106768	2	1	1
4eeb1683-19c9-4734-b5f8-1b916a9c6f45	chr5	15532	107432587	2	1	1
4eeb1683-19c9-4734-b5f8-1b916a9c6f45	chr5	107432641	107444828	4	2	2
4eeb1683-19c9-4734-b5f8-1b916a9c6f45	chr5	107445531	178823121	2	1	1
4eeb1683-19c9-4734-b5f8-1b916a9c6f45	chr5	178827246	178841925	1	1	0
4eeb1683-19c9-4734-b5f8-1b916a9c6f45	chr5	178843809	181363319	2	1	1
4eeb1683-19c9-4734-b5f8-1b916a9c6f45	chr6	149661	6157375	2	1	1
4eeb1683-19c9-4734-b5f8-1b916a9c6f45	chr6	6157724	6177850	3	2	1
4eeb1683-19c9-4734-b5f8-1b916a9c6f45	chr6	6179649	28872144	2	1	1
4eeb1683-19c9-4734-b5f8-1b916a9c6f45	chr6	28883860	30127079	1	1	0
4eeb1683-19c9-4734-b5f8-1b916a9c6f45	chr6	30134407	30800092	2	1	1
4eeb1683-19c9-4734-b5f8-1b916a9c6f45	chr6	30804567	33168185	1	1	0
4eeb1683-19c9-4734-b5f8-1b916a9c6f45	chr6	33175359	170741917	2	1	1
4eeb1683-19c9-4734-b5f8-1b916a9c6f45	chr7	43259	147581427	2	1	1
4eeb1683-19c9-4734-b5f8-1b916a9c6f45	chr7	147581780	147583942	1	1	0
4eeb1683-19c9-4734-b5f8-1b916a9c6f45	chr7	147584537	159334314	2	1	1
4eeb1683-19c9-4734-b5f8-1b916a9c6f45	chr8	81254	46278999	2	1	1
4eeb1683-19c9-4734-b5f8-1b916a9c6f45	chr8	46284404	63122412	1	1	0
4eeb1683-19c9-4734-b5f8-1b916a9c6f45	chr8	63131825	73702324	2	1	1
4eeb1683-19c9-4734-b5f8-1b916a9c6f45	chr8	73702890	75040787	1	1	0
4eeb1683-19c9-4734-b5f8-1b916a9c6f45	chr8	75041542	105989036	2	1	1
4eeb1683-19c9-4734-b5f8-1b916a9c6f45	chr8	105992211	106747329	1	1	0
4eeb1683-19c9-4734-b5f8-1b916a9c6f45	chr8	106750815	145072769	2	1	1
4eeb1683-19c9-4734-b5f8-1b916a9c6f45	chr9	46587	21914589	2	2	0
4eeb1683-19c9-4734-b5f8-1b916a9c6f45	chr9	21918581	22018054	0	0	0
4eeb1683-19c9-4734-b5f8-1b916a9c6f45	chr9	22018782	24755139	2	2	0
4eeb1683-19c9-4734-b5f8-1b916a9c6f45	chr9	24755399	96722623	2	1	1
4eeb1683-19c9-4734-b5f8-1b916a9c6f45	chr9	96723092	96944511	1	1	0
4eeb1683-19c9-4734-b5f8-1b916a9c6f45	chr9	96949497	138200944	2	1	1
4eeb1683-19c9-4734-b5f8-1b916a9c6f45	chr10	45792	45792	3	3	0
4eeb1683-19c9-4734-b5f8-1b916a9c6f45	chr10	58258	307366	2	2	0
4eeb1683-19c9-4734-b5f8-1b916a9c6f45	chr10	308361	1410591	1	1	0
4eeb1683-19c9-4734-b5f8-1b916a9c6f45	chr10	1413348	65546518	2	1	1
4eeb1683-19c9-4734-b5f8-1b916a9c6f45	chr10	65548165	65554688	0	0	0
4eeb1683-19c9-4734-b5f8-1b916a9c6f45	chr10	65563037	82738394	2	1	1
4eeb1683-19c9-4734-b5f8-1b916a9c6f45	chr10	82741335	82743047	5	3	2
4eeb1683-19c9-4734-b5f8-1b916a9c6f45	chr10	82743299	103493270	2	1	1
4eeb1683-19c9-4734-b5f8-1b916a9c6f45	chr10	103499881	103541062	3	2	1
4eeb1683-19c9-4734-b5f8-1b916a9c6f45	chr10	103553282	117313900	2	1	1
4eeb1683-19c9-4734-b5f8-1b916a9c6f45	chr10	117314380	119136364	1	1	0
4eeb1683-19c9-4734-b5f8-1b916a9c6f45	chr10	119137862	133654968	2	1	1
4eeb1683-19c9-4734-b5f8-1b916a9c6f45	chr11	198510	31433428	2	1	1
4eeb1683-19c9-4734-b5f8-1b916a9c6f45	chr11	31443255	31724142	1	1	0
4eeb1683-19c9-4734-b5f8-1b916a9c6f45	chr11	31724305	44809869	2	1	1
4eeb1683-19c9-4734-b5f8-1b916a9c6f45	chr11	44810581	44865003	1	1	0
4eeb1683-19c9-4734-b5f8-1b916a9c6f45	chr11	44865042	86910258	2	1	1
4eeb1683-19c9-4734-b5f8-1b916a9c6f45	chr11	86911501	88781692	1	1	0
4eeb1683-19c9-4734-b5f8-1b916a9c6f45	chr11	88786327	99941032	2	1	1
4eeb1683-19c9-4734-b5f8-1b916a9c6f45	chr11	99941102	135074876	3	2	1
4eeb1683-19c9-4734-b5f8-1b916a9c6f45	chr12	51460	9376355	2	1	1
4eeb1683-19c9-4734-b5f8-1b916a9c6f45	chr12	9376744	9625109	1	1	0
4eeb1683-19c9-4734-b5f8-1b916a9c6f45	chr12	9627544	11561906	2	1	1
4eeb1683-19c9-4734-b5f8-1b916a9c6f45	chr12	11562028	14198902	1	1	0
4eeb1683-19c9-4734-b5f8-1b916a9c6f45	chr12	14201291	31988096	2	1	1
4eeb1683-19c9-4734-b5f8-1b916a9c6f45	chr12	31989907	32003529	5	3	2
4eeb1683-19c9-4734-b5f8-1b916a9c6f45	chr12	32004266	47474686	2	1	1
4eeb1683-19c9-4734-b5f8-1b916a9c6f45	chr12	47474763	49862130	1	1	0
4eeb1683-19c9-4734-b5f8-1b916a9c6f45	chr12	49862523	50731358	2	1	1
4eeb1683-19c9-4734-b5f8-1b916a9c6f45	chr12	50733955	121356945	3	2	1
4eeb1683-19c9-4734-b5f8-1b916a9c6f45	chr12	121358150	121684207	2	1	1
4eeb1683-19c9-4734-b5f8-1b916a9c6f45	chr12	121686711	124490766	1	1	0
4eeb1683-19c9-4734-b5f8-1b916a9c6f45	chr12	124494697	132742852	2	1	1
4eeb1683-19c9-4734-b5f8-1b916a9c6f45	chr12	132743756	132882653	1	1	0
4eeb1683-19c9-4734-b5f8-1b916a9c6f45	chr12	132882684	133201603	2	1	1
4eeb1683-19c9-4734-b5f8-1b916a9c6f45	chr13	18452809	114342922	2	1	1
4eeb1683-19c9-4734-b5f8-1b916a9c6f45	chr14	18239283	106877229	2	1	1
4eeb1683-19c9-4734-b5f8-1b916a9c6f45	chr15	19811075	101928837	2	1	1
4eeb1683-19c9-4734-b5f8-1b916a9c6f45	chr16	10777	67814638	2	1	1
4eeb1683-19c9-4734-b5f8-1b916a9c6f45	chr16	67818660	69717482	1	1	0
4eeb1683-19c9-4734-b5f8-1b916a9c6f45	chr16	69728775	78879218	2	1	1
4eeb1683-19c9-4734-b5f8-1b916a9c6f45	chr16	78879267	78892801	4	2	2
4eeb1683-19c9-4734-b5f8-1b916a9c6f45	chr16	78896319	83587029	2	1	1
4eeb1683-19c9-4734-b5f8-1b916a9c6f45	chr16	83587254	83605706	3	2	1
4eeb1683-19c9-4734-b5f8-1b916a9c6f45	chr16	83605730	90096867	2	1	1
4eeb1683-19c9-4734-b5f8-1b916a9c6f45	chr17	150733	43079749	2	1	1
4eeb1683-19c9-4734-b5f8-1b916a9c6f45	chr17	43079885	43095879	0	0	0
4eeb1683-19c9-4734-b5f8-1b916a9c6f45	chr17	43096059	83091923	2	1	1
4eeb1683-19c9-4734-b5f8-1b916a9c6f45	chr18	48133	10772313	3	2	1
4eeb1683-19c9-4734-b5f8-1b916a9c6f45	chr18	10772378	10869612	4	3	1
4eeb1683-19c9-4734-b5f8-1b916a9c6f45	chr18	10870327	68071600	3	2	1
4eeb1683-19c9-4734-b5f8-1b916a9c6f45	chr18	68074284	68084291	2	2	0
4eeb1683-19c9-4734-b5f8-1b916a9c6f45	chr18	68091923	68280882	2	1	1
4eeb1683-19c9-4734-b5f8-1b916a9c6f45	chr18	68280926	80257174	3	2	1
4eeb1683-19c9-4734-b5f8-1b916a9c6f45	chr19	90910	50248104	2	1	1
4eeb1683-19c9-4734-b5f8-1b916a9c6f45	chr19	50251438	51628560	3	2	1
4eeb1683-19c9-4734-b5f8-1b916a9c6f45	chr19	51639099	51644944	0	0	0
4eeb1683-19c9-4734-b5f8-1b916a9c6f45	chr19	51651652	58586487	3	2	1
4eeb1683-19c9-4734-b5f8-1b916a9c6f45	chr20	80664	15706052	2	1	1
4eeb1683-19c9-4734-b5f8-1b916a9c6f45	chr20	15706613	15718624	5	3	2
4eeb1683-19c9-4734-b5f8-1b916a9c6f45	chr20	15719244	64324800	2	1	1
4eeb1683-19c9-4734-b5f8-1b916a9c6f45	chr21	12973348	14317309	2	1	1
4eeb1683-19c9-4734-b5f8-1b916a9c6f45	chr21	14317905	14341751	1	1	0
4eeb1683-19c9-4734-b5f8-1b916a9c6f45	chr21	14341851	46677045	2	1	1
4eeb1683-19c9-4734-b5f8-1b916a9c6f45	chr22	16392123	22770599	2	1	1
4eeb1683-19c9-4734-b5f8-1b916a9c6f45	chr22	22773576	22913385	0	0	0
4eeb1683-19c9-4734-b5f8-1b916a9c6f45	chr22	22916061	50796027	2	1	1
4eeb1683-19c9-4734-b5f8-1b916a9c6f45	chrX	251810	7418683	2	1	1
4eeb1683-19c9-4734-b5f8-1b916a9c6f45	chrX	7419271	7568515	1	1	0
4eeb1683-19c9-4734-b5f8-1b916a9c6f45	chrX	7577345	14053438	2	1	1
4eeb1683-19c9-4734-b5f8-1b916a9c6f45	chrX	14055245	16120796	1	1	0
4eeb1683-19c9-4734-b5f8-1b916a9c6f45	chrX	16123701	35640420	2	1	1
4eeb1683-19c9-4734-b5f8-1b916a9c6f45	chrX	35641321	35661895	3	2	1
4eeb1683-19c9-4734-b5f8-1b916a9c6f45	chrX	35662780	56765278	2	1	1
4eeb1683-19c9-4734-b5f8-1b916a9c6f45	chrX	56781150	56844315	3	2	1
4eeb1683-19c9-4734-b5f8-1b916a9c6f45	chrX	56849589	156004181	2	1	1
4eeb1683-19c9-4734-b5f8-1b916a9c6f45	chrY	2782397	26653788	0	0	0
4eeb1683-19c9-4734-b5f8-1b916a9c6f45	chrY	56872112	56872112	2	2	0
20e35c51-39e1-43fc-bda2-2a3ec219545e	chr1	61735	108114206	4	2	2
20e35c51-39e1-43fc-bda2-2a3ec219545e	chr1	108115312	111382001	2	2	0
20e35c51-39e1-43fc-bda2-2a3ec219545e	chr1	111382127	111420322	0	0	0
20e35c51-39e1-43fc-bda2-2a3ec219545e	chr1	111424386	121741181	2	2	0
20e35c51-39e1-43fc-bda2-2a3ec219545e	chr1	143285278	154711844	4	2	2
20e35c51-39e1-43fc-bda2-2a3ec219545e	chr1	154713065	154989340	2	2	0
20e35c51-39e1-43fc-bda2-2a3ec219545e	chr1	154992265	165844271	4	2	2
20e35c51-39e1-43fc-bda2-2a3ec219545e	chr1	165844483	213220269	6	4	2
20e35c51-39e1-43fc-bda2-2a3ec219545e	chr1	213227915	215140667	4	2	2
20e35c51-39e1-43fc-bda2-2a3ec219545e	chr1	215141092	215680494	2	2	0
20e35c51-39e1-43fc-bda2-2a3ec219545e	chr1	215680558	226368393	4	2	2
20e35c51-39e1-43fc-bda2-2a3ec219545e	chr1	226373702	228074537	2	2	0
20e35c51-39e1-43fc-bda2-2a3ec219545e	chr1	228075541	248930189	4	2	2
20e35c51-39e1-43fc-bda2-2a3ec219545e	chr2	12784	84203642	4	2	2
20e35c51-39e1-43fc-bda2-2a3ec219545e	chr2	84203778	84323272	2	2	0
20e35c51-39e1-43fc-bda2-2a3ec219545e	chr2	84323628	242147305	4	2	2
20e35c51-39e1-43fc-bda2-2a3ec219545e	chr3	18667	198169247	6	3	3
20e35c51-39e1-43fc-bda2-2a3ec219545e	chr4	12281	66348589	4	2	2
20e35c51-39e1-43fc-bda2-2a3ec219545e	chr4	66353752	124565372	2	2	0
20e35c51-39e1-43fc-bda2-2a3ec219545e	chr4	124565704	190106768	4	2	2
20e35c51-39e1-43fc-bda2-2a3ec219545e	chr5	15532	60792848	4	2	2
20e35c51-39e1-43fc-bda2-2a3ec219545e	chr5	60797268	62286365	2	2	0
20e35c51-39e1-43fc-bda2-2a3ec219545e	chr5	62286902	181363319	4	2	2
20e35c51-39e1-43fc-bda2-2a3ec219545e	chr6	149661	43775770	4	2	2
20e35c51-39e1-43fc-bda2-2a3ec219545e	chr6	43777370	52637859	2	2	0
20e35c51-39e1-43fc-bda2-2a3ec219545e	chr6	52642487	170741917	4	2	2
20e35c51-39e1-43fc-bda2-2a3ec219545e	chr7	43259	57271599	6	3	3
20e35c51-39e1-43fc-bda2-2a3ec219545e	chr7	57272437	57296307	2	2	0
20e35c51-39e1-43fc-bda2-2a3ec219545e	chr7	57299189	131083391	6	3	3
20e35c51-39e1-43fc-bda2-2a3ec219545e	chr7	131084072	131687653	1	1	0
20e35c51-39e1-43fc-bda2-2a3ec219545e	chr7	131688398	131713643	2	1	1
20e35c51-39e1-43fc-bda2-2a3ec219545e	chr7	131713757	159334314	6	3	3
20e35c51-39e1-43fc-bda2-2a3ec219545e	chr8	81254	46855412	2	2	0
20e35c51-39e1-43fc-bda2-2a3ec219545e	chr8	46859601	145072769	4	2	2
20e35c51-39e1-43fc-bda2-2a3ec219545e	chr9	46587	25391735	2	2	0
20e35c51-39e1-43fc-bda2-2a3ec219545e	chr9	25392989	138200944	4	2	2
20e35c51-39e1-43fc-bda2-2a3ec219545e	chr10	26823	80028348	4	2	2
20e35c51-39e1-43fc-bda2-2a3ec219545e	chr10	80029545	91859956	2	2	0
20e35c51-39e1-43fc-bda2-2a3ec219545e	chr10	91860348	133769379	4	2	2
20e35c51-39e1-43fc-bda2-2a3ec219545e	chr11	198572	135074876	4	2	2
20e35c51-39e1-43fc-bda2-2a3ec219545e	chr12	51460	11433229	4	2	2
20e35c51-39e1-43fc-bda2-2a3ec219545e	chr12	11433434	13957753	2	2	0
20e35c51-39e1-43fc-bda2-2a3ec219545e	chr12	13958599	133201603	4	2	2
20e35c51-39e1-43fc-bda2-2a3ec219545e	chr13	18452809	114342922	4	2	2
20e35c51-39e1-43fc-bda2-2a3ec219545e	chr14	18225647	106877229	4	2	2
20e35c51-39e1-43fc-bda2-2a3ec219545e	chr15	19811075	33835345	2	2	0
20e35c51-39e1-43fc-bda2-2a3ec219545e	chr15	33835381	34939872	4	2	2
20e35c51-39e1-43fc-bda2-2a3ec219545e	chr15	34939930	96855147	2	2	0
20e35c51-39e1-43fc-bda2-2a3ec219545e	chr15	96858562	97232420	0	0	0
20e35c51-39e1-43fc-bda2-2a3ec219545e	chr15	97232465	101928837	2	2	0
20e35c51-39e1-43fc-bda2-2a3ec219545e	chr16	10777	90221127	4	2	2
20e35c51-39e1-43fc-bda2-2a3ec219545e	chr17	150733	83090856	4	2	2
20e35c51-39e1-43fc-bda2-2a3ec219545e	chr18	48133	80257174	6	3	3
20e35c51-39e1-43fc-bda2-2a3ec219545e	chr19	90910	6511955	4	2	2
20e35c51-39e1-43fc-bda2-2a3ec219545e	chr19	6514299	7112165	2	2	0
20e35c51-39e1-43fc-bda2-2a3ec219545e	chr19	7112254	58586487	4	2	2
20e35c51-39e1-43fc-bda2-2a3ec219545e	chr20	80664	64324800	4	2	2
20e35c51-39e1-43fc-bda2-2a3ec219545e	chr21	10336543	46677045	4	2	2
20e35c51-39e1-43fc-bda2-2a3ec219545e	chr22	15294545	50796027	4	2	2
20e35c51-39e1-43fc-bda2-2a3ec219545e	chrX	251810	1420810	2	2	0
20e35c51-39e1-43fc-bda2-2a3ec219545e	chrX	1420939	3777217	0	0	0
20e35c51-39e1-43fc-bda2-2a3ec219545e	chrX	4017039	156004181	2	2	0
a9a573a3-0ed1-4e85-89fa-f3b236d6f246	chr1	61735	41593070	2	2	0
a9a573a3-0ed1-4e85-89fa-f3b236d6f246	chr1	41593484	248930189	2	1	1
a9a573a3-0ed1-4e85-89fa-f3b236d6f246	chr2	12784	242147305	2	1	1
a9a573a3-0ed1-4e85-89fa-f3b236d6f246	chr3	18667	198169247	2	1	1
a9a573a3-0ed1-4e85-89fa-f3b236d6f246	chr4	12281	190106768	2	1	1
a9a573a3-0ed1-4e85-89fa-f3b236d6f246	chr5	15532	181363319	2	1	1
a9a573a3-0ed1-4e85-89fa-f3b236d6f246	chr6	149661	74723792	2	1	1
a9a573a3-0ed1-4e85-89fa-f3b236d6f246	chr6	74723856	96100870	1	1	0
a9a573a3-0ed1-4e85-89fa-f3b236d6f246	chr6	96101642	170741917	2	1	1
a9a573a3-0ed1-4e85-89fa-f3b236d6f246	chr7	43259	159334314	2	1	1
a9a573a3-0ed1-4e85-89fa-f3b236d6f246	chr8	81254	145072769	2	1	1
a9a573a3-0ed1-4e85-89fa-f3b236d6f246	chr9	46587	138200944	2	1	1
a9a573a3-0ed1-4e85-89fa-f3b236d6f246	chr10	26823	133769379	2	1	1
a9a573a3-0ed1-4e85-89fa-f3b236d6f246	chr11	198572	135074876	2	1	1
a9a573a3-0ed1-4e85-89fa-f3b236d6f246	chr12	51460	133201603	2	1	1
a9a573a3-0ed1-4e85-89fa-f3b236d6f246	chr13	18452809	114342922	3	2	1
a9a573a3-0ed1-4e85-89fa-f3b236d6f246	chr14	18225647	106877229	2	1	1
a9a573a3-0ed1-4e85-89fa-f3b236d6f246	chr15	19811075	101928837	3	2	1
a9a573a3-0ed1-4e85-89fa-f3b236d6f246	chr16	10777	90221127	2	1	1
a9a573a3-0ed1-4e85-89fa-f3b236d6f246	chr17	150733	83090856	2	1	1
a9a573a3-0ed1-4e85-89fa-f3b236d6f246	chr18	48133	80257174	2	1	1
a9a573a3-0ed1-4e85-89fa-f3b236d6f246	chr19	90910	58586487	2	1	1
a9a573a3-0ed1-4e85-89fa-f3b236d6f246	chr20	80664	64324800	2	1	1
a9a573a3-0ed1-4e85-89fa-f3b236d6f246	chr21	10336543	46677045	2	1	1
a9a573a3-0ed1-4e85-89fa-f3b236d6f246	chr22	15294545	50796027	2	1	1
a9a573a3-0ed1-4e85-89fa-f3b236d6f246	chrX	251810	2785592	2	1	1
a9a573a3-0ed1-4e85-89fa-f3b236d6f246	chrX	2785914	156004181	1	1	0
e585b60e-1bce-4527-8d71-462c0fb3cb3d	chr1	61735	248930189	2	1	1
e585b60e-1bce-4527-8d71-462c0fb3cb3d	chr2	12784	58591335	2	1	1
e585b60e-1bce-4527-8d71-462c0fb3cb3d	chr2	58591353	75477524	3	2	1
e585b60e-1bce-4527-8d71-462c0fb3cb3d	chr2	75478493	242147305	2	1	1
e585b60e-1bce-4527-8d71-462c0fb3cb3d	chr3	18667	198169247	2	1	1
e585b60e-1bce-4527-8d71-462c0fb3cb3d	chr4	12281	190106768	2	1	1
e585b60e-1bce-4527-8d71-462c0fb3cb3d	chr5	15532	181363319	2	1	1
e585b60e-1bce-4527-8d71-462c0fb3cb3d	chr6	149661	170741917	2	1	1
e585b60e-1bce-4527-8d71-462c0fb3cb3d	chr7	43259	159334314	2	1	1
e585b60e-1bce-4527-8d71-462c0fb3cb3d	chr8	81254	145072769	2	1	1
e585b60e-1bce-4527-8d71-462c0fb3cb3d	chr9	46587	138200944	2	1	1
e585b60e-1bce-4527-8d71-462c0fb3cb3d	chr10	26823	83841665	2	1	1
e585b60e-1bce-4527-8d71-462c0fb3cb3d	chr10	83843561	107728018	1	1	0
e585b60e-1bce-4527-8d71-462c0fb3cb3d	chr10	107728885	133769379	2	1	1
e585b60e-1bce-4527-8d71-462c0fb3cb3d	chr11	198572	135074876	2	1	1
e585b60e-1bce-4527-8d71-462c0fb3cb3d	chr12	51460	133201603	2	1	1
e585b60e-1bce-4527-8d71-462c0fb3cb3d	chr13	18452809	30869083	2	1	1
e585b60e-1bce-4527-8d71-462c0fb3cb3d	chr13	30869374	72635843	1	1	0
e585b60e-1bce-4527-8d71-462c0fb3cb3d	chr13	72637559	114342922	2	1	1
e585b60e-1bce-4527-8d71-462c0fb3cb3d	chr14	18225647	105733039	2	1	1
e585b60e-1bce-4527-8d71-462c0fb3cb3d	chr14	105752248	105829345	0	0	0
e585b60e-1bce-4527-8d71-462c0fb3cb3d	chr14	105829419	106280330	1	1	0
e585b60e-1bce-4527-8d71-462c0fb3cb3d	chr14	106283755	106877229	2	1	1
e585b60e-1bce-4527-8d71-462c0fb3cb3d	chr15	19811075	39099727	2	1	1
e585b60e-1bce-4527-8d71-462c0fb3cb3d	chr15	39099965	44734963	1	1	0
e585b60e-1bce-4527-8d71-462c0fb3cb3d	chr15	44744719	101928837	2	1	1
e585b60e-1bce-4527-8d71-462c0fb3cb3d	chr16	10777	90221127	2	1	1
e585b60e-1bce-4527-8d71-462c0fb3cb3d	chr17	150733	64980734	2	1	1
e585b60e-1bce-4527-8d71-462c0fb3cb3d	chr17	64985215	67491945	1	1	0
e585b60e-1bce-4527-8d71-462c0fb3cb3d	chr17	67492038	83090856	2	1	1
e585b60e-1bce-4527-8d71-462c0fb3cb3d	chr18	48133	63126614	2	1	1
e585b60e-1bce-4527-8d71-462c0fb3cb3d	chr18	63126688	63328028	3	2	1
e585b60e-1bce-4527-8d71-462c0fb3cb3d	chr18	63333881	80257174	2	1	1
e585b60e-1bce-4527-8d71-462c0fb3cb3d	chr19	90910	58586487	2	1	1
e585b60e-1bce-4527-8d71-462c0fb3cb3d	chr20	80664	64324800	2	1	1
e585b60e-1bce-4527-8d71-462c0fb3cb3d	chr21	10336543	46677045	2	1	1
e585b60e-1bce-4527-8d71-462c0fb3cb3d	chr22	15294545	22373152	2	1	1
e585b60e-1bce-4527-8d71-462c0fb3cb3d	chr22	22373203	22450613	1	1	0
e585b60e-1bce-4527-8d71-462c0fb3cb3d	chr22	22450898	22880111	0	0	0
e585b60e-1bce-4527-8d71-462c0fb3cb3d	chr22	22881053	50796027	2	1	1
e585b60e-1bce-4527-8d71-462c0fb3cb3d	chrX	251810	96070131	1	1	0
e585b60e-1bce-4527-8d71-462c0fb3cb3d	chrX	96070725	96595673	2	1	1
e585b60e-1bce-4527-8d71-462c0fb3cb3d	chrX	96603940	123908522	1	1	0
e585b60e-1bce-4527-8d71-462c0fb3cb3d	chrX	123908574	125069567	2	1	1
e585b60e-1bce-4527-8d71-462c0fb3cb3d	chrX	125070851	150097603	1	1	0
e585b60e-1bce-4527-8d71-462c0fb3cb3d	chrX	150098683	156004181	2	1	1
c4204026-9ff9-49f7-b506-ae4d15c37e0d	chr1	61735	9543723	2	2	0
c4204026-9ff9-49f7-b506-ae4d15c37e0d	chr1	9544815	183520416	2	1	1
c4204026-9ff9-49f7-b506-ae4d15c37e0d	chr1	183520974	206178582	2	2	0
c4204026-9ff9-49f7-b506-ae4d15c37e0d	chr1	206366301	207811080	0	0	0
c4204026-9ff9-49f7-b506-ae4d15c37e0d	chr1	207812835	248930189	2	2	0
c4204026-9ff9-49f7-b506-ae4d15c37e0d	chr2	12784	60741456	2	2	0
c4204026-9ff9-49f7-b506-ae4d15c37e0d	chr2	60741530	61993309	5	5	0
c4204026-9ff9-49f7-b506-ae4d15c37e0d	chr2	61999215	242147305	2	1	1
c4204026-9ff9-49f7-b506-ae4d15c37e0d	chr3	18667	31013677	2	1	1
c4204026-9ff9-49f7-b506-ae4d15c37e0d	chr3	31014378	38611228	1	1	0
c4204026-9ff9-49f7-b506-ae4d15c37e0d	chr3	38611393	46953850	2	1	1
c4204026-9ff9-49f7-b506-ae4d15c37e0d	chr3	46959653	49648310	1	1	0
c4204026-9ff9-49f7-b506-ae4d15c37e0d	chr3	49649076	198169247	2	1	1
c4204026-9ff9-49f7-b506-ae4d15c37e0d	chr4	12281	59174954	2	1	1
c4204026-9ff9-49f7-b506-ae4d15c37e0d	chr4	59175049	60065302	1	1	0
c4204026-9ff9-49f7-b506-ae4d15c37e0d	chr4	60067714	190106768	2	1	1
c4204026-9ff9-49f7-b506-ae4d15c37e0d	chr5	15532	158106426	2	1	1
c4204026-9ff9-49f7-b506-ae4d15c37e0d	chr5	158111986	159392667	1	1	0
c4204026-9ff9-49f7-b506-ae4d15c37e0d	chr5	159393814	181363319	2	1	1
c4204026-9ff9-49f7-b506-ae4d15c37e0d	chr6	149661	52259746	2	2	0
c4204026-9ff9-49f7-b506-ae4d15c37e0d	chr6	52260284	107505187	2	1	1
c4204026-9ff9-49f7-b506-ae4d15c37e0d	chr6	107505261	136647145	2	2	0
c4204026-9ff9-49f7-b506-ae4d15c37e0d	chr6	136647403	138504550	0	0	0
c4204026-9ff9-49f7-b506-ae4d15c37e0d	chr6	138507971	170741917	2	2	0
c4204026-9ff9-49f7-b506-ae4d15c37e0d	chr7	43259	9995676	2	1	1
c4204026-9ff9-49f7-b506-ae4d15c37e0d	chr7	9996166	18955008	1	1	0
c4204026-9ff9-49f7-b506-ae4d15c37e0d	chr7	18955647	159334314	2	1	1
c4204026-9ff9-49f7-b506-ae4d15c37e0d	chr8	81254	145072769	2	1	1
c4204026-9ff9-49f7-b506-ae4d15c37e0d	chr9	46587	19678597	2	1	1
c4204026-9ff9-49f7-b506-ae4d15c37e0d	chr9	19682678	23515659	1	1	0
c4204026-9ff9-49f7-b506-ae4d15c37e0d	chr9	23516237	71534841	2	1	1
c4204026-9ff9-49f7-b506-ae4d15c37e0d	chr9	71535642	83740926	1	1	0
c4204026-9ff9-49f7-b506-ae4d15c37e0d	chr9	83741425	138200944	2	1	1
c4204026-9ff9-49f7-b506-ae4d15c37e0d	chr10	26823	87773321	2	1	1
c4204026-9ff9-49f7-b506-ae4d15c37e0d	chr10	87781131	89492144	1	1	0
c4204026-9ff9-49f7-b506-ae4d15c37e0d	chr10	89492554	133769379	2	1	1
c4204026-9ff9-49f7-b506-ae4d15c37e0d	chr11	198572	135074876	2	1	1
c4204026-9ff9-49f7-b506-ae4d15c37e0d	chr12	51460	133201603	2	1	1
c4204026-9ff9-49f7-b506-ae4d15c37e0d	chr13	18452809	114342922	2	1	1
c4204026-9ff9-49f7-b506-ae4d15c37e0d	chr14	18225647	106877229	2	1	1
c4204026-9ff9-49f7-b506-ae4d15c37e0d	chr15	19811075	44044374	2	1	1
c4204026-9ff9-49f7-b506-ae4d15c37e0d	chr15	44044545	44724233	1	1	0
c4204026-9ff9-49f7-b506-ae4d15c37e0d	chr15	44724407	101928837	2	1	1
c4204026-9ff9-49f7-b506-ae4d15c37e0d	chr16	10777	373529	2	1	1
c4204026-9ff9-49f7-b506-ae4d15c37e0d	chr16	380011	1864456	1	1	0
c4204026-9ff9-49f7-b506-ae4d15c37e0d	chr16	1864874	84712039	2	1	1
c4204026-9ff9-49f7-b506-ae4d15c37e0d	chr16	84712909	90221127	2	2	0
c4204026-9ff9-49f7-b506-ae4d15c37e0d	chr17	150733	65007630	2	1	1
c4204026-9ff9-49f7-b506-ae4d15c37e0d	chr17	65011183	67531325	1	1	0
c4204026-9ff9-49f7-b506-ae4d15c37e0d	chr17	67532685	83090856	2	1	1
c4204026-9ff9-49f7-b506-ae4d15c37e0d	chr18	48133	80257174	2	1	1
c4204026-9ff9-49f7-b506-ae4d15c37e0d	chr19	90910	12884608	2	1	1
c4204026-9ff9-49f7-b506-ae4d15c37e0d	chr19	12888564	15076644	1	1	0
c4204026-9ff9-49f7-b506-ae4d15c37e0d	chr19	15076911	19461154	2	1	1
c4204026-9ff9-49f7-b506-ae4d15c37e0d	chr19	19463984	24321183	1	1	0
c4204026-9ff9-49f7-b506-ae4d15c37e0d	chr19	24321259	58586487	2	1	1
c4204026-9ff9-49f7-b506-ae4d15c37e0d	chr20	80664	64324800	2	1	1
c4204026-9ff9-49f7-b506-ae4d15c37e0d	chr21	10336543	46677045	2	1	1
c4204026-9ff9-49f7-b506-ae4d15c37e0d	chr22	15294545	50796027	2	1	1
c4204026-9ff9-49f7-b506-ae4d15c37e0d	chrX	251810	156004181	2	1	1
d02f91e7-afde-45b3-bb4e-62bbff8be6e0	chr1	61735	248930189	2	1	1
d02f91e7-afde-45b3-bb4e-62bbff8be6e0	chr2	12784	242147305	2	1	1
d02f91e7-afde-45b3-bb4e-62bbff8be6e0	chr3	18667	128992	3	2	1
d02f91e7-afde-45b3-bb4e-62bbff8be6e0	chr3	129115	198169247	2	1	1
d02f91e7-afde-45b3-bb4e-62bbff8be6e0	chr4	12281	190106768	2	1	1
d02f91e7-afde-45b3-bb4e-62bbff8be6e0	chr5	15532	181363319	2	1	1
d02f91e7-afde-45b3-bb4e-62bbff8be6e0	chr6	149661	170741917	2	1	1
d02f91e7-afde-45b3-bb4e-62bbff8be6e0	chr7	43259	38251113	2	1	1
d02f91e7-afde-45b3-bb4e-62bbff8be6e0	chr7	38254500	38342370	0	0	0
d02f91e7-afde-45b3-bb4e-62bbff8be6e0	chr7	38345240	159334314	2	1	1
d02f91e7-afde-45b3-bb4e-62bbff8be6e0	chr8	81254	145072769	2	1	1
d02f91e7-afde-45b3-bb4e-62bbff8be6e0	chr9	46587	138200944	2	1	1
d02f91e7-afde-45b3-bb4e-62bbff8be6e0	chr10	26823	133769379	2	1	1
d02f91e7-afde-45b3-bb4e-62bbff8be6e0	chr11	198572	134992302	2	1	1
d02f91e7-afde-45b3-bb4e-62bbff8be6e0	chr11	134992511	135074876	3	2	1
d02f91e7-afde-45b3-bb4e-62bbff8be6e0	chr12	51460	133201603	2	1	1
d02f91e7-afde-45b3-bb4e-62bbff8be6e0	chr13	18452809	114342922	2	1	1
d02f91e7-afde-45b3-bb4e-62bbff8be6e0	chr14	18225647	21870543	2	1	1
d02f91e7-afde-45b3-bb4e-62bbff8be6e0	chr14	21871945	22010722	1	1	0
d02f91e7-afde-45b3-bb4e-62bbff8be6e0	chr14	22011358	22472398	0	0	0
d02f91e7-afde-45b3-bb4e-62bbff8be6e0	chr14	22473159	22530451	1	1	0
d02f91e7-afde-45b3-bb4e-62bbff8be6e0	chr14	22530591	106877229	2	1	1
d02f91e7-afde-45b3-bb4e-62bbff8be6e0	chr15	19811075	101928837	2	1	1
d02f91e7-afde-45b3-bb4e-62bbff8be6e0	chr16	10777	90221127	2	1	1
d02f91e7-afde-45b3-bb4e-62bbff8be6e0	chr17	150733	83090856	2	1	1
d02f91e7-afde-45b3-bb4e-62bbff8be6e0	chr18	48133	80257174	2	1	1
d02f91e7-afde-45b3-bb4e-62bbff8be6e0	chr19	90910	58586487	2	1	1
d02f91e7-afde-45b3-bb4e-62bbff8be6e0	chr20	80664	64324800	2	1	1
d02f91e7-afde-45b3-bb4e-62bbff8be6e0	chr21	10336543	46677045	2	1	1
d02f91e7-afde-45b3-bb4e-62bbff8be6e0	chr22	15294545	50796027	2	1	1
d02f91e7-afde-45b3-bb4e-62bbff8be6e0	chrX	251810	2785350	2	1	1
d02f91e7-afde-45b3-bb4e-62bbff8be6e0	chrX	2785592	155683544	1	1	0
d02f91e7-afde-45b3-bb4e-62bbff8be6e0	chrX	155686314	156004181	2	1	1
7c1555c9-336c-474b-997a-5d6229e3469e	chr1	62920	6176837	1	1	0
7c1555c9-336c-474b-997a-5d6229e3469e	chr1	6183275	94620818	2	1	1
7c1555c9-336c-474b-997a-5d6229e3469e	chr1	94620853	94635769	4	2	2
7c1555c9-336c-474b-997a-5d6229e3469e	chr1	94636361	116478615	2	1	1
7c1555c9-336c-474b-997a-5d6229e3469e	chr1	116478668	116634010	1	1	0
7c1555c9-336c-474b-997a-5d6229e3469e	chr1	116634140	160453312	2	1	1
7c1555c9-336c-474b-997a-5d6229e3469e	chr1	160456184	160720465	1	1	0
7c1555c9-336c-474b-997a-5d6229e3469e	chr1	160724570	248930189	2	1	1
7c1555c9-336c-474b-997a-5d6229e3469e	chr2	12784	301380	2	1	1
7c1555c9-336c-474b-997a-5d6229e3469e	chr2	305203	1645060	3	2	1
7c1555c9-336c-474b-997a-5d6229e3469e	chr2	1646062	1784234	1	1	0
7c1555c9-336c-474b-997a-5d6229e3469e	chr2	1784851	4145344	3	2	1
7c1555c9-336c-474b-997a-5d6229e3469e	chr2	4148895	4561108	1	1	0
7c1555c9-336c-474b-997a-5d6229e3469e	chr2	4561337	14667502	3	2	1
7c1555c9-336c-474b-997a-5d6229e3469e	chr2	14669153	15115408	1	1	0
7c1555c9-336c-474b-997a-5d6229e3469e	chr2	15116016	26529048	3	2	1
7c1555c9-336c-474b-997a-5d6229e3469e	chr2	26531477	26571439	1	1	0
7c1555c9-336c-474b-997a-5d6229e3469e	chr2	26574051	30756407	3	2	1
7c1555c9-336c-474b-997a-5d6229e3469e	chr2	30756854	36854700	2	1	1
7c1555c9-336c-474b-997a-5d6229e3469e	chr2	36855552	38240137	8	7	1
7c1555c9-336c-474b-997a-5d6229e3469e	chr2	38240466	50370777	7	6	1
7c1555c9-336c-474b-997a-5d6229e3469e	chr2	50371189	65792645	8	7	1
7c1555c9-336c-474b-997a-5d6229e3469e	chr2	65797794	65809431	2	2	0
7c1555c9-336c-474b-997a-5d6229e3469e	chr2	65812157	84478978	2	1	1
7c1555c9-336c-474b-997a-5d6229e3469e	chr2	84479904	84663926	0	0	0
7c1555c9-336c-474b-997a-5d6229e3469e	chr2	84668015	88833611	2	1	1
7c1555c9-336c-474b-997a-5d6229e3469e	chr2	88834118	89118119	7	7	0
7c1555c9-336c-474b-997a-5d6229e3469e	chr2	89119438	152054916	2	1	1
7c1555c9-336c-474b-997a-5d6229e3469e	chr2	152056429	152081921	1	1	0
7c1555c9-336c-474b-997a-5d6229e3469e	chr2	152083033	186569221	2	1	1
7c1555c9-336c-474b-997a-5d6229e3469e	chr2	186569892	186684627	1	1	0
7c1555c9-336c-474b-997a-5d6229e3469e	chr2	186688693	242147305	2	1	1
7c1555c9-336c-474b-997a-5d6229e3469e	chr3	20930	1429175	2	1	1
7c1555c9-336c-474b-997a-5d6229e3469e	chr3	1429208	1451742	4	2	2
7c1555c9-336c-474b-997a-5d6229e3469e	chr3	1452268	45691023	2	1	1
7c1555c9-336c-474b-997a-5d6229e3469e	chr3	45691938	45740141	1	1	0
7c1555c9-336c-474b-997a-5d6229e3469e	chr3	45750717	49251084	2	1	1
7c1555c9-336c-474b-997a-5d6229e3469e	chr3	49251583	50110776	1	1	0
7c1555c9-336c-474b-997a-5d6229e3469e	chr3	50115923	198169247	2	1	1
7c1555c9-336c-474b-997a-5d6229e3469e	chr4	68929	190106768	2	1	1
7c1555c9-336c-474b-997a-5d6229e3469e	chr5	15532	13206954	2	1	1
7c1555c9-336c-474b-997a-5d6229e3469e	chr5	13207291	77869808	3	2	1
7c1555c9-336c-474b-997a-5d6229e3469e	chr5	77873655	79520878	4	3	1
7c1555c9-336c-474b-997a-5d6229e3469e	chr5	79521156	89311887	2	1	1
7c1555c9-336c-474b-997a-5d6229e3469e	chr5	89312046	91945549	3	2	1
7c1555c9-336c-474b-997a-5d6229e3469e	chr5	91950651	166975167	2	1	1
7c1555c9-336c-474b-997a-5d6229e3469e	chr5	166975292	178827320	3	2	1
7c1555c9-336c-474b-997a-5d6229e3469e	chr5	178828653	178841756	1	1	0
7c1555c9-336c-474b-997a-5d6229e3469e	chr5	178841925	181363319	3	2	1
7c1555c9-336c-474b-997a-5d6229e3469e	chr6	149661	10460755	3	2	1
7c1555c9-336c-474b-997a-5d6229e3469e	chr6	10465938	10530771	0	0	0
7c1555c9-336c-474b-997a-5d6229e3469e	chr6	10534810	13350014	3	2	1
7c1555c9-336c-474b-997a-5d6229e3469e	chr6	13350892	31305926	2	1	1
7c1555c9-336c-474b-997a-5d6229e3469e	chr6	31309909	32842666	1	1	0
7c1555c9-336c-474b-997a-5d6229e3469e	chr6	32845437	68831058	2	1	1
7c1555c9-336c-474b-997a-5d6229e3469e	chr6	68831222	68850681	1	1	0
7c1555c9-336c-474b-997a-5d6229e3469e	chr6	68850888	78253172	2	1	1
7c1555c9-336c-474b-997a-5d6229e3469e	chr6	78259348	78293324	0	0	0
7c1555c9-336c-474b-997a-5d6229e3469e	chr6	78293764	103286954	2	1	1
7c1555c9-336c-474b-997a-5d6229e3469e	chr6	103290101	103314186	5	5	0
7c1555c9-336c-474b-997a-5d6229e3469e	chr6	103317795	118898080	2	1	1
7c1555c9-336c-474b-997a-5d6229e3469e	chr6	118900300	137082276	1	1	0
7c1555c9-336c-474b-997a-5d6229e3469e	chr6	137082390	139066028	0	0	0
7c1555c9-336c-474b-997a-5d6229e3469e	chr6	139066400	170741917	1	1	0
7c1555c9-336c-474b-997a-5d6229e3469e	chr7	43259	44782138	2	2	0
7c1555c9-336c-474b-997a-5d6229e3469e	chr7	44787918	51766088	1	1	0
7c1555c9-336c-474b-997a-5d6229e3469e	chr7	51767580	51980153	5	4	1
7c1555c9-336c-474b-997a-5d6229e3469e	chr7	51983746	52940715	3	2	1
7c1555c9-336c-474b-997a-5d6229e3469e	chr7	52940903	142251960	2	1	1
7c1555c9-336c-474b-997a-5d6229e3469e	chr7	142252035	142805678	1	1	0
7c1555c9-336c-474b-997a-5d6229e3469e	chr7	142807470	159334314	2	1	1
7c1555c9-336c-474b-997a-5d6229e3469e	chr8	81254	34997908	2	2	0
7c1555c9-336c-474b-997a-5d6229e3469e	chr8	34998616	35014834	1	1	0
7c1555c9-336c-474b-997a-5d6229e3469e	chr8	35018014	41145484	2	2	0
7c1555c9-336c-474b-997a-5d6229e3469e	chr8	41146843	41171372	3	3	0
7c1555c9-336c-474b-997a-5d6229e3469e	chr8	41172906	58965674	2	2	0
7c1555c9-336c-474b-997a-5d6229e3469e	chr8	58969607	59135293	0	0	0
7c1555c9-336c-474b-997a-5d6229e3469e	chr8	59135735	72141026	2	2	0
7c1555c9-336c-474b-997a-5d6229e3469e	chr8	72141240	72163598	0	0	0
7c1555c9-336c-474b-997a-5d6229e3469e	chr8	72163858	121204600	2	2	0
7c1555c9-336c-474b-997a-5d6229e3469e	chr8	121214878	121227959	1	1	0
7c1555c9-336c-474b-997a-5d6229e3469e	chr8	121227978	145072769	2	2	0
7c1555c9-336c-474b-997a-5d6229e3469e	chr9	46587	3125460	3	2	1
7c1555c9-336c-474b-997a-5d6229e3469e	chr9	3125608	3139301	2	1	1
7c1555c9-336c-474b-997a-5d6229e3469e	chr9	3139596	5520221	3	2	1
7c1555c9-336c-474b-997a-5d6229e3469e	chr9	5523432	83290105	2	1	1
7c1555c9-336c-474b-997a-5d6229e3469e	chr9	83290145	83293307	0	0	0
7c1555c9-336c-474b-997a-5d6229e3469e	chr9	83293553	110837142	2	1	1
7c1555c9-336c-474b-997a-5d6229e3469e	chr9	110843591	111012416	1	1	0
7c1555c9-336c-474b-997a-5d6229e3469e	chr9	111013503	133721819	2	1	1
7c1555c9-336c-474b-997a-5d6229e3469e	chr9	133721832	133753192	4	2	2
7c1555c9-336c-474b-997a-5d6229e3469e	chr9	133753594	138200944	2	1	1
7c1555c9-336c-474b-997a-5d6229e3469e	chr10	45792	31169222	2	1	1
7c1555c9-336c-474b-997a-5d6229e3469e	chr10	31169813	31837030	1	1	0
7c1555c9-336c-474b-997a-5d6229e3469e	chr10	31837360	32449627	3	2	1
7c1555c9-336c-474b-997a-5d6229e3469e	chr10	32452414	50409045	2	1	1
7c1555c9-336c-474b-997a-5d6229e3469e	chr10	50410684	50605947	1	1	0
7c1555c9-336c-474b-997a-5d6229e3469e	chr10	50606232	93835586	2	1	1
7c1555c9-336c-474b-997a-5d6229e3469e	chr10	93836168	93953765	3	2	1
7c1555c9-336c-474b-997a-5d6229e3469e	chr10	93955224	133654968	2	1	1
7c1555c9-336c-474b-997a-5d6229e3469e	chr11	198510	11048858	3	3	0
7c1555c9-336c-474b-997a-5d6229e3469e	chr11	11054470	44560043	2	2	0
7c1555c9-336c-474b-997a-5d6229e3469e	chr11	44561110	44582631	4	4	0
7c1555c9-336c-474b-997a-5d6229e3469e	chr11	44585782	90502837	2	2	0
7c1555c9-336c-474b-997a-5d6229e3469e	chr11	90502955	90588881	0	0	0
7c1555c9-336c-474b-997a-5d6229e3469e	chr11	90589318	135074876	2	2	0
7c1555c9-336c-474b-997a-5d6229e3469e	chr12	51460	133201603	2	1	1
7c1555c9-336c-474b-997a-5d6229e3469e	chr13	18452809	114342922	2	1	1
7c1555c9-336c-474b-997a-5d6229e3469e	chr14	18239283	22065693	2	1	1
7c1555c9-336c-474b-997a-5d6229e3469e	chr14	22066233	22506715	1	1	0
7c1555c9-336c-474b-997a-5d6229e3469e	chr14	22506743	42355195	2	1	1
7c1555c9-336c-474b-997a-5d6229e3469e	chr14	42356052	42381384	1	1	0
7c1555c9-336c-474b-997a-5d6229e3469e	chr14	42381539	99555861	2	1	1
7c1555c9-336c-474b-997a-5d6229e3469e	chr14	99556011	99560380	0	0	0
7c1555c9-336c-474b-997a-5d6229e3469e	chr14	99561643	106877229	2	1	1
7c1555c9-336c-474b-997a-5d6229e3469e	chr15	19811075	23442538	1	1	0
7c1555c9-336c-474b-997a-5d6229e3469e	chr15	23443797	25059730	2	1	1
7c1555c9-336c-474b-997a-5d6229e3469e	chr15	25060769	25081548	5	3	2
7c1555c9-336c-474b-997a-5d6229e3469e	chr15	25081683	41498789	2	1	1
7c1555c9-336c-474b-997a-5d6229e3469e	chr15	41499083	76586021	3	2	1
7c1555c9-336c-474b-997a-5d6229e3469e	chr15	76598900	76603428	0	0	0
7c1555c9-336c-474b-997a-5d6229e3469e	chr15	76603430	101928837	3	2	1
7c1555c9-336c-474b-997a-5d6229e3469e	chr16	10777	17095348	2	2	0
7c1555c9-336c-474b-997a-5d6229e3469e	chr16	17100006	81810408	3	2	1
7c1555c9-336c-474b-997a-5d6229e3469e	chr16	81811040	81903688	2	2	0
7c1555c9-336c-474b-997a-5d6229e3469e	chr16	81904109	85903427	3	2	1
7c1555c9-336c-474b-997a-5d6229e3469e	chr16	85905229	85917653	2	2	0
7c1555c9-336c-474b-997a-5d6229e3469e	chr16	85917726	89460338	3	2	1
7c1555c9-336c-474b-997a-5d6229e3469e	chr16	89465142	89546361	1	1	0
7c1555c9-336c-474b-997a-5d6229e3469e	chr16	89547004	90096867	3	2	1
7c1555c9-336c-474b-997a-5d6229e3469e	chr17	150733	75189562	2	1	1
7c1555c9-336c-474b-997a-5d6229e3469e	chr17	75196245	75314882	1	1	0
7c1555c9-336c-474b-997a-5d6229e3469e	chr17	75317704	83091923	2	1	1
7c1555c9-336c-474b-997a-5d6229e3469e	chr18	48133	32706159	2	1	1
7c1555c9-336c-474b-997a-5d6229e3469e	chr18	32706276	32726130	1	1	0
7c1555c9-336c-474b-997a-5d6229e3469e	chr18	32726881	40680516	2	1	1
7c1555c9-336c-474b-997a-5d6229e3469e	chr18	40680526	40685425	0	0	0
7c1555c9-336c-474b-997a-5d6229e3469e	chr18	40688060	71456031	2	1	1
7c1555c9-336c-474b-997a-5d6229e3469e	chr18	71456563	80257174	1	1	0
7c1555c9-336c-474b-997a-5d6229e3469e	chr19	90910	33266685	2	1	1
7c1555c9-336c-474b-997a-5d6229e3469e	chr19	33271351	33278637	6	3	3
7c1555c9-336c-474b-997a-5d6229e3469e	chr19	33284962	37067678	2	1	1
7c1555c9-336c-474b-997a-5d6229e3469e	chr19	37070185	37176608	1	1	0
7c1555c9-336c-474b-997a-5d6229e3469e	chr19	37179567	52355187	2	1	1
7c1555c9-336c-474b-997a-5d6229e3469e	chr19	52355645	52451340	1	1	0
7c1555c9-336c-474b-997a-5d6229e3469e	chr19	52451646	56126361	2	1	1
7c1555c9-336c-474b-997a-5d6229e3469e	chr19	56127607	58586487	3	2	1
7c1555c9-336c-474b-997a-5d6229e3469e	chr20	80664	16684587	2	1	1
7c1555c9-336c-474b-997a-5d6229e3469e	chr20	16685245	16699320	1	1	0
7c1555c9-336c-474b-997a-5d6229e3469e	chr20	16699565	64324800	2	1	1
7c1555c9-336c-474b-997a-5d6229e3469e	chr21	12973348	46677045	3	2	1
7c1555c9-336c-474b-997a-5d6229e3469e	chr22	16392123	32179162	2	1	1
7c1555c9-336c-474b-997a-5d6229e3469e	chr22	32179227	32229244	1	1	0
7c1555c9-336c-474b-997a-5d6229e3469e	chr22	32230301	50796027	2	1	1
7c1555c9-336c-474b-997a-5d6229e3469e	chrX	251810	490407	1	1	0
7c1555c9-336c-474b-997a-5d6229e3469e	chrX	507629	809468	2	2	0
7c1555c9-336c-474b-997a-5d6229e3469e	chrX	842006	959750	1	1	0
7c1555c9-336c-474b-997a-5d6229e3469e	chrX	960081	1464647	2	2	0
7c1555c9-336c-474b-997a-5d6229e3469e	chrX	1471764	1507351	1	1	0
7c1555c9-336c-474b-997a-5d6229e3469e	chrX	1507378	2377218	2	2	0
7c1555c9-336c-474b-997a-5d6229e3469e	chrX	2387078	2440099	1	1	0
7c1555c9-336c-474b-997a-5d6229e3469e	chrX	2442260	2551717	2	2	0
7c1555c9-336c-474b-997a-5d6229e3469e	chrX	2553051	2624297	1	1	0
7c1555c9-336c-474b-997a-5d6229e3469e	chrX	2626917	2771534	2	2	0
7c1555c9-336c-474b-997a-5d6229e3469e	chrX	2771845	7490587	1	1	0
7c1555c9-336c-474b-997a-5d6229e3469e	chrX	7493063	7674785	0	0	0
7c1555c9-336c-474b-997a-5d6229e3469e	chrX	7676617	153368108	1	1	0
7c1555c9-336c-474b-997a-5d6229e3469e	chrX	153382947	156004181	0	0	0
7c1555c9-336c-474b-997a-5d6229e3469e	chrY	2782397	26653788	0	0	0
7c1555c9-336c-474b-997a-5d6229e3469e	chrY	56872112	56872112	3	3	0
df09610a-a75c-4632-8baf-7e9f9d364034	chr1	62920	30050222	2	1	1
df09610a-a75c-4632-8baf-7e9f9d364034	chr1	30050560	30058507	0	0	0
df09610a-a75c-4632-8baf-7e9f9d364034	chr1	30059743	32733523	1	1	0
df09610a-a75c-4632-8baf-7e9f9d364034	chr1	32733671	152789447	2	1	1
df09610a-a75c-4632-8baf-7e9f9d364034	chr1	152789463	152796224	0	0	0
df09610a-a75c-4632-8baf-7e9f9d364034	chr1	152801429	193709004	2	1	1
df09610a-a75c-4632-8baf-7e9f9d364034	chr1	193709568	193740566	6	3	3
df09610a-a75c-4632-8baf-7e9f9d364034	chr1	193740786	248930189	2	1	1
df09610a-a75c-4632-8baf-7e9f9d364034	chr2	12784	128880504	2	1	1
df09610a-a75c-4632-8baf-7e9f9d364034	chr2	128880904	128882741	0	0	0
df09610a-a75c-4632-8baf-7e9f9d364034	chr2	128882755	154357771	2	1	1
df09610a-a75c-4632-8baf-7e9f9d364034	chr2	154357804	154412156	6	3	3
df09610a-a75c-4632-8baf-7e9f9d364034	chr2	154415877	242147305	2	1	1
df09610a-a75c-4632-8baf-7e9f9d364034	chr3	20930	46925550	2	1	1
df09610a-a75c-4632-8baf-7e9f9d364034	chr3	46926533	52553218	1	1	0
df09610a-a75c-4632-8baf-7e9f9d364034	chr3	52554292	162790480	2	1	1
df09610a-a75c-4632-8baf-7e9f9d364034	chr3	162794869	162898127	10	10	0
df09610a-a75c-4632-8baf-7e9f9d364034	chr3	162906054	198169247	2	1	1
df09610a-a75c-4632-8baf-7e9f9d364034	chr4	68929	36644262	1	1	0
df09610a-a75c-4632-8baf-7e9f9d364034	chr4	36644696	38720959	2	1	1
df09610a-a75c-4632-8baf-7e9f9d364034	chr4	38721816	47722094	1	1	0
df09610a-a75c-4632-8baf-7e9f9d364034	chr4	47722207	184031378	2	1	1
df09610a-a75c-4632-8baf-7e9f9d364034	chr4	184031492	184069323	0	0	0
df09610a-a75c-4632-8baf-7e9f9d364034	chr4	184070451	190106768	2	1	1
df09610a-a75c-4632-8baf-7e9f9d364034	chr5	15532	8702128	2	1	1
df09610a-a75c-4632-8baf-7e9f9d364034	chr5	8702410	8751794	0	0	0
df09610a-a75c-4632-8baf-7e9f9d364034	chr5	8752437	22656418	2	1	1
df09610a-a75c-4632-8baf-7e9f9d364034	chr5	22660274	22685984	6	4	2
df09610a-a75c-4632-8baf-7e9f9d364034	chr5	22686428	181363319	2	1	1
df09610a-a75c-4632-8baf-7e9f9d364034	chr6	149661	788506	1	1	0
df09610a-a75c-4632-8baf-7e9f9d364034	chr6	788882	51295884	2	1	1
df09610a-a75c-4632-8baf-7e9f9d364034	chr6	51296128	68868705	1	1	0
df09610a-a75c-4632-8baf-7e9f9d364034	chr6	68868848	78253172	2	1	1
df09610a-a75c-4632-8baf-7e9f9d364034	chr6	78259348	78325468	0	0	0
df09610a-a75c-4632-8baf-7e9f9d364034	chr6	78329517	78486543	2	2	0
df09610a-a75c-4632-8baf-7e9f9d364034	chr6	78486620	78486620	0	0	0
df09610a-a75c-4632-8baf-7e9f9d364034	chr6	78487662	170741917	1	1	0
df09610a-a75c-4632-8baf-7e9f9d364034	chr7	43259	95276945	2	1	1
df09610a-a75c-4632-8baf-7e9f9d364034	chr7	95279193	95317259	4	2	2
df09610a-a75c-4632-8baf-7e9f9d364034	chr7	95319032	142008949	2	1	1
df09610a-a75c-4632-8baf-7e9f9d364034	chr7	142009405	142115295	0	0	0
df09610a-a75c-4632-8baf-7e9f9d364034	chr7	142116196	159334314	2	1	1
df09610a-a75c-4632-8baf-7e9f9d364034	chr8	81254	145072769	2	1	1
df09610a-a75c-4632-8baf-7e9f9d364034	chr9	46587	2392608	2	2	0
df09610a-a75c-4632-8baf-7e9f9d364034	chr9	2395837	138200944	2	1	1
df09610a-a75c-4632-8baf-7e9f9d364034	chr10	45792	133654968	2	1	1
df09610a-a75c-4632-8baf-7e9f9d364034	chr11	198510	126825565	3	2	1
df09610a-a75c-4632-8baf-7e9f9d364034	chr11	126825938	126839505	8	4	4
df09610a-a75c-4632-8baf-7e9f9d364034	chr11	126839534	135074876	3	2	1
df09610a-a75c-4632-8baf-7e9f9d364034	chr12	51460	99401870	3	2	1
df09610a-a75c-4632-8baf-7e9f9d364034	chr12	99401959	99404956	0	0	0
df09610a-a75c-4632-8baf-7e9f9d364034	chr12	99409315	133201603	3	2	1
df09610a-a75c-4632-8baf-7e9f9d364034	chr13	18452809	114342922	2	1	1
df09610a-a75c-4632-8baf-7e9f9d364034	chr14	18239283	21956321	2	1	1
df09610a-a75c-4632-8baf-7e9f9d364034	chr14	21960136	22530607	0	0	0
df09610a-a75c-4632-8baf-7e9f9d364034	chr14	22530666	105731651	2	1	1
df09610a-a75c-4632-8baf-7e9f9d364034	chr14	105733039	106311479	7	7	0
df09610a-a75c-4632-8baf-7e9f9d364034	chr14	106311541	106877229	2	1	1
df09610a-a75c-4632-8baf-7e9f9d364034	chr15	19811075	101928837	2	1	1
df09610a-a75c-4632-8baf-7e9f9d364034	chr16	10777	76200286	2	1	1
df09610a-a75c-4632-8baf-7e9f9d364034	chr16	76201036	76201965	0	0	0
df09610a-a75c-4632-8baf-7e9f9d364034	chr16	76202164	90096867	2	1	1
df09610a-a75c-4632-8baf-7e9f9d364034	chr17	150733	70040752	2	1	1
df09610a-a75c-4632-8baf-7e9f9d364034	chr17	70040995	70104564	4	2	2
df09610a-a75c-4632-8baf-7e9f9d364034	chr17	70106190	83091923	2	1	1
df09610a-a75c-4632-8baf-7e9f9d364034	chr18	48133	80257174	2	1	1
df09610a-a75c-4632-8baf-7e9f9d364034	chr19	90910	58586487	2	1	1
df09610a-a75c-4632-8baf-7e9f9d364034	chr20	80664	64324800	2	1	1
df09610a-a75c-4632-8baf-7e9f9d364034	chr21	12973348	45903608	2	1	1
df09610a-a75c-4632-8baf-7e9f9d364034	chr21	45903828	45922202	8	4	4
df09610a-a75c-4632-8baf-7e9f9d364034	chr21	45922608	46677045	3	2	1
df09610a-a75c-4632-8baf-7e9f9d364034	chr22	16392123	50796027	2	1	1
df09610a-a75c-4632-8baf-7e9f9d364034	chrX	251810	102020755	3	2	1
df09610a-a75c-4632-8baf-7e9f9d364034	chrX	102021361	102030833	7	4	3
df09610a-a75c-4632-8baf-7e9f9d364034	chrX	102030982	156004181	3	2	1
df09610a-a75c-4632-8baf-7e9f9d364034	chrY	2782397	56872112	0	0	0
176c6c1e-0489-4c91-9678-a0b76d05f440	chr1	62920	15581487	2	1	1
176c6c1e-0489-4c91-9678-a0b76d05f440	chr1	15581908	15659575	3	2	1
176c6c1e-0489-4c91-9678-a0b76d05f440	chr1	15666843	32005625	2	1	1
176c6c1e-0489-4c91-9678-a0b76d05f440	chr1	32011168	32815331	1	1	0
176c6c1e-0489-4c91-9678-a0b76d05f440	chr1	32819995	240580046	2	1	1
176c6c1e-0489-4c91-9678-a0b76d05f440	chr1	240580969	248930189	1	1	0
176c6c1e-0489-4c91-9678-a0b76d05f440	chr2	12784	123368747	2	1	1
176c6c1e-0489-4c91-9678-a0b76d05f440	chr2	123369077	123866810	1	1	0
176c6c1e-0489-4c91-9678-a0b76d05f440	chr2	123870240	205221796	2	1	1
176c6c1e-0489-4c91-9678-a0b76d05f440	chr2	205222225	205231096	1	1	0
176c6c1e-0489-4c91-9678-a0b76d05f440	chr2	205231812	242147305	2	1	1
176c6c1e-0489-4c91-9678-a0b76d05f440	chr3	20930	60455608	3	2	1
176c6c1e-0489-4c91-9678-a0b76d05f440	chr3	60455722	60491680	1	1	0
176c6c1e-0489-4c91-9678-a0b76d05f440	chr3	60491698	116594797	3	2	1
176c6c1e-0489-4c91-9678-a0b76d05f440	chr3	116597006	116696625	2	1	1
176c6c1e-0489-4c91-9678-a0b76d05f440	chr3	116697510	117021777	3	2	1
176c6c1e-0489-4c91-9678-a0b76d05f440	chr3	117022414	117351137	2	1	1
176c6c1e-0489-4c91-9678-a0b76d05f440	chr3	117358143	117464796	3	2	1
176c6c1e-0489-4c91-9678-a0b76d05f440	chr3	117468360	117616473	2	1	1
176c6c1e-0489-4c91-9678-a0b76d05f440	chr3	117616574	187676653	3	2	1
176c6c1e-0489-4c91-9678-a0b76d05f440	chr3	187676833	187862008	6	5	1
176c6c1e-0489-4c91-9678-a0b76d05f440	chr3	187863073	188124867	12	11	1
176c6c1e-0489-4c91-9678-a0b76d05f440	chr3	188124933	188185590	6	5	1
176c6c1e-0489-4c91-9678-a0b76d05f440	chr3	188185774	198169247	3	2	1
176c6c1e-0489-4c91-9678-a0b76d05f440	chr4	68929	62598200	2	1	1
176c6c1e-0489-4c91-9678-a0b76d05f440	chr4	62618915	62889813	3	2	1
176c6c1e-0489-4c91-9678-a0b76d05f440	chr4	62891074	119311966	2	1	1
176c6c1e-0489-4c91-9678-a0b76d05f440	chr4	119311997	119337052	1	1	0
176c6c1e-0489-4c91-9678-a0b76d05f440	chr4	119339630	169143517	2	1	1
176c6c1e-0489-4c91-9678-a0b76d05f440	chr4	169144200	178595698	1	1	0
176c6c1e-0489-4c91-9678-a0b76d05f440	chr4	178595748	178606172	0	0	0
176c6c1e-0489-4c91-9678-a0b76d05f440	chr4	178606263	190106768	1	1	0
176c6c1e-0489-4c91-9678-a0b76d05f440	chr5	15532	96560922	2	1	1
176c6c1e-0489-4c91-9678-a0b76d05f440	chr5	96562131	151349492	3	2	1
176c6c1e-0489-4c91-9678-a0b76d05f440	chr5	151349717	151397246	4	3	1
176c6c1e-0489-4c91-9678-a0b76d05f440	chr5	151397487	152881122	3	2	1
176c6c1e-0489-4c91-9678-a0b76d05f440	chr5	152881214	181363319	2	2	0
176c6c1e-0489-4c91-9678-a0b76d05f440	chr6	149661	37661573	3	2	1
176c6c1e-0489-4c91-9678-a0b76d05f440	chr6	37661623	37671515	1	1	0
176c6c1e-0489-4c91-9678-a0b76d05f440	chr6	37672832	76444657	3	2	1
176c6c1e-0489-4c91-9678-a0b76d05f440	chr6	76446321	118821899	1	1	0
176c6c1e-0489-4c91-9678-a0b76d05f440	chr6	118824820	166995231	3	2	1
176c6c1e-0489-4c91-9678-a0b76d05f440	chr6	166996283	167163698	4	3	1
176c6c1e-0489-4c91-9678-a0b76d05f440	chr6	167165881	170741917	3	2	1
176c6c1e-0489-4c91-9678-a0b76d05f440	chr7	43259	13079430	3	2	1
176c6c1e-0489-4c91-9678-a0b76d05f440	chr7	13079446	14417543	4	3	1
176c6c1e-0489-4c91-9678-a0b76d05f440	chr7	14421647	18778774	3	2	1
176c6c1e-0489-4c91-9678-a0b76d05f440	chr7	18779052	18790866	6	4	2
176c6c1e-0489-4c91-9678-a0b76d05f440	chr7	18791642	28929896	3	2	1
176c6c1e-0489-4c91-9678-a0b76d05f440	chr7	28930057	28943422	1	1	0
176c6c1e-0489-4c91-9678-a0b76d05f440	chr7	28944625	32343539	3	2	1
176c6c1e-0489-4c91-9678-a0b76d05f440	chr7	32343575	32358296	1	1	0
176c6c1e-0489-4c91-9678-a0b76d05f440	chr7	32358416	70706362	3	2	1
176c6c1e-0489-4c91-9678-a0b76d05f440	chr7	70707426	70837653	6	5	1
176c6c1e-0489-4c91-9678-a0b76d05f440	chr7	70843986	124688121	4	3	1
176c6c1e-0489-4c91-9678-a0b76d05f440	chr7	124691065	142693973	3	2	1
176c6c1e-0489-4c91-9678-a0b76d05f440	chr7	142694837	157965945	2	1	1
176c6c1e-0489-4c91-9678-a0b76d05f440	chr7	157966104	157975601	4	2	2
176c6c1e-0489-4c91-9678-a0b76d05f440	chr7	157975705	159334314	2	1	1
176c6c1e-0489-4c91-9678-a0b76d05f440	chr8	81254	72077977	2	1	1
176c6c1e-0489-4c91-9678-a0b76d05f440	chr8	72078803	72172203	1	1	0
176c6c1e-0489-4c91-9678-a0b76d05f440	chr8	72176558	112177220	2	1	1
176c6c1e-0489-4c91-9678-a0b76d05f440	chr8	112178608	115292995	3	2	1
176c6c1e-0489-4c91-9678-a0b76d05f440	chr8	115293124	137295182	4	2	2
176c6c1e-0489-4c91-9678-a0b76d05f440	chr8	137297496	137379066	6	4	2
176c6c1e-0489-4c91-9678-a0b76d05f440	chr8	137379160	145072769	4	2	2
176c6c1e-0489-4c91-9678-a0b76d05f440	chr9	46587	8258190	2	1	1
176c6c1e-0489-4c91-9678-a0b76d05f440	chr9	8258659	8577900	1	1	0
176c6c1e-0489-4c91-9678-a0b76d05f440	chr9	8578165	8894031	2	1	1
176c6c1e-0489-4c91-9678-a0b76d05f440	chr9	8894910	9030039	3	2	1
176c6c1e-0489-4c91-9678-a0b76d05f440	chr9	9039222	10361350	1	1	0
176c6c1e-0489-4c91-9678-a0b76d05f440	chr9	10363716	11291395	2	1	1
176c6c1e-0489-4c91-9678-a0b76d05f440	chr9	11291467	11549065	3	2	1
176c6c1e-0489-4c91-9678-a0b76d05f440	chr9	11549994	12526333	2	1	1
176c6c1e-0489-4c91-9678-a0b76d05f440	chr9	12527414	13477941	1	1	0
176c6c1e-0489-4c91-9678-a0b76d05f440	chr9	13477969	17678089	2	1	1
176c6c1e-0489-4c91-9678-a0b76d05f440	chr9	17682176	18188244	1	1	0
176c6c1e-0489-4c91-9678-a0b76d05f440	chr9	18190436	19605130	3	2	1
176c6c1e-0489-4c91-9678-a0b76d05f440	chr9	19608189	19903873	1	1	0
176c6c1e-0489-4c91-9678-a0b76d05f440	chr9	19909671	20292247	0	0	0
176c6c1e-0489-4c91-9678-a0b76d05f440	chr9	20298530	20929298	2	2	0
176c6c1e-0489-4c91-9678-a0b76d05f440	chr9	20929978	21772625	1	1	0
176c6c1e-0489-4c91-9678-a0b76d05f440	chr9	21773168	22543732	0	0	0
176c6c1e-0489-4c91-9678-a0b76d05f440	chr9	22543801	23682671	1	1	0
176c6c1e-0489-4c91-9678-a0b76d05f440	chr9	23687099	23998346	0	0	0
176c6c1e-0489-4c91-9678-a0b76d05f440	chr9	23999015	24300152	1	1	0
176c6c1e-0489-4c91-9678-a0b76d05f440	chr9	24304290	26359487	2	1	1
176c6c1e-0489-4c91-9678-a0b76d05f440	chr9	26359872	26777706	1	1	0
176c6c1e-0489-4c91-9678-a0b76d05f440	chr9	26778170	27381466	3	2	1
176c6c1e-0489-4c91-9678-a0b76d05f440	chr9	27382087	27484498	1	1	0
176c6c1e-0489-4c91-9678-a0b76d05f440	chr9	27484577	28397399	2	1	1
176c6c1e-0489-4c91-9678-a0b76d05f440	chr9	28397852	31445216	1	1	0
176c6c1e-0489-4c91-9678-a0b76d05f440	chr9	31446177	70147860	2	1	1
176c6c1e-0489-4c91-9678-a0b76d05f440	chr9	70150407	70643052	1	1	0
176c6c1e-0489-4c91-9678-a0b76d05f440	chr9	70643088	71080844	2	1	1
176c6c1e-0489-4c91-9678-a0b76d05f440	chr9	71080965	72635216	1	1	0
176c6c1e-0489-4c91-9678-a0b76d05f440	chr9	72638813	74108779	2	1	1
176c6c1e-0489-4c91-9678-a0b76d05f440	chr9	74109040	76792137	1	1	0
176c6c1e-0489-4c91-9678-a0b76d05f440	chr9	76795309	89669108	2	1	1
176c6c1e-0489-4c91-9678-a0b76d05f440	chr9	89670169	89974166	1	1	0
176c6c1e-0489-4c91-9678-a0b76d05f440	chr9	89976616	93039143	3	2	1
176c6c1e-0489-4c91-9678-a0b76d05f440	chr9	93043925	93573181	1	1	0
176c6c1e-0489-4c91-9678-a0b76d05f440	chr9	93578202	138200944	2	1	1
176c6c1e-0489-4c91-9678-a0b76d05f440	chr10	45792	20487282	3	2	1
176c6c1e-0489-4c91-9678-a0b76d05f440	chr10	20487303	21078808	1	1	0
176c6c1e-0489-4c91-9678-a0b76d05f440	chr10	21079143	21191232	2	1	1
176c6c1e-0489-4c91-9678-a0b76d05f440	chr10	21191344	24601637	1	1	0
176c6c1e-0489-4c91-9678-a0b76d05f440	chr10	24606887	24946852	3	2	1
176c6c1e-0489-4c91-9678-a0b76d05f440	chr10	24947270	25023378	1	1	0
176c6c1e-0489-4c91-9678-a0b76d05f440	chr10	25025674	25052069	3	2	1
176c6c1e-0489-4c91-9678-a0b76d05f440	chr10	25053267	126349246	2	1	1
176c6c1e-0489-4c91-9678-a0b76d05f440	chr10	126351077	133654968	3	2	1
176c6c1e-0489-4c91-9678-a0b76d05f440	chr11	198510	105577280	2	1	1
176c6c1e-0489-4c91-9678-a0b76d05f440	chr11	105580402	135074876	3	2	1
176c6c1e-0489-4c91-9678-a0b76d05f440	chr12	51460	133201603	2	1	1
176c6c1e-0489-4c91-9678-a0b76d05f440	chr13	18452809	19146033	1	1	0
176c6c1e-0489-4c91-9678-a0b76d05f440	chr13	19147210	24094833	2	1	1
176c6c1e-0489-4c91-9678-a0b76d05f440	chr13	24097462	25106582	1	1	0
176c6c1e-0489-4c91-9678-a0b76d05f440	chr13	25109177	26230874	2	1	1
176c6c1e-0489-4c91-9678-a0b76d05f440	chr13	26232504	35178299	1	1	0
176c6c1e-0489-4c91-9678-a0b76d05f440	chr13	35180628	62979513	2	1	1
176c6c1e-0489-4c91-9678-a0b76d05f440	chr13	62979918	63584832	1	1	0
176c6c1e-0489-4c91-9678-a0b76d05f440	chr13	63586328	63706191	2	1	1
176c6c1e-0489-4c91-9678-a0b76d05f440	chr13	63708875	63917511	1	1	0
176c6c1e-0489-4c91-9678-a0b76d05f440	chr13	63923115	101210074	2	1	1
176c6c1e-0489-4c91-9678-a0b76d05f440	chr13	101210474	114342922	1	1	0
176c6c1e-0489-4c91-9678-a0b76d05f440	chr14	18239283	88486609	3	2	1
176c6c1e-0489-4c91-9678-a0b76d05f440	chr14	88487060	106877229	2	1	1
176c6c1e-0489-4c91-9678-a0b76d05f440	chr15	19811075	49990723	2	1	1
176c6c1e-0489-4c91-9678-a0b76d05f440	chr15	49991081	76598900	3	2	1
176c6c1e-0489-4c91-9678-a0b76d05f440	chr15	76599170	76603434	0	0	0
176c6c1e-0489-4c91-9678-a0b76d05f440	chr15	76609838	101928837	3	2	1
176c6c1e-0489-4c91-9678-a0b76d05f440	chr16	10777	78615101	2	1	1
176c6c1e-0489-4c91-9678-a0b76d05f440	chr16	78617098	78681493	1	1	0
176c6c1e-0489-4c91-9678-a0b76d05f440	chr16	78681510	78755425	0	0	0
176c6c1e-0489-4c91-9678-a0b76d05f440	chr16	78758591	90096867	2	1	1
176c6c1e-0489-4c91-9678-a0b76d05f440	chr17	150733	41314088	2	1	1
176c6c1e-0489-4c91-9678-a0b76d05f440	chr17	41315677	41325068	1	1	0
176c6c1e-0489-4c91-9678-a0b76d05f440	chr17	41328369	83091923	2	1	1
176c6c1e-0489-4c91-9678-a0b76d05f440	chr18	48133	5162273	4	3	1
176c6c1e-0489-4c91-9678-a0b76d05f440	chr18	5162429	5434875	5	4	1
176c6c1e-0489-4c91-9678-a0b76d05f440	chr18	5441020	15402409	4	3	1
176c6c1e-0489-4c91-9678-a0b76d05f440	chr18	20949392	26944944	7	6	1
176c6c1e-0489-4c91-9678-a0b76d05f440	chr18	26948985	29089196	5	4	1
176c6c1e-0489-4c91-9678-a0b76d05f440	chr18	29089875	32525445	6	5	1
176c6c1e-0489-4c91-9678-a0b76d05f440	chr18	32526407	33763998	4	3	1
176c6c1e-0489-4c91-9678-a0b76d05f440	chr18	33767198	35012625	8	7	1
176c6c1e-0489-4c91-9678-a0b76d05f440	chr18	35015277	41984197	7	6	1
176c6c1e-0489-4c91-9678-a0b76d05f440	chr18	41984912	42192445	4	3	1
176c6c1e-0489-4c91-9678-a0b76d05f440	chr18	42192975	42600276	3	2	1
176c6c1e-0489-4c91-9678-a0b76d05f440	chr18	42600570	43524269	4	3	1
176c6c1e-0489-4c91-9678-a0b76d05f440	chr18	43529492	44197205	6	5	1
176c6c1e-0489-4c91-9678-a0b76d05f440	chr18	44198323	45241492	4	3	1
176c6c1e-0489-4c91-9678-a0b76d05f440	chr18	45241735	50470951	5	4	1
176c6c1e-0489-4c91-9678-a0b76d05f440	chr18	50471045	53666222	6	5	1
176c6c1e-0489-4c91-9678-a0b76d05f440	chr18	53668713	54172907	4	3	1
176c6c1e-0489-4c91-9678-a0b76d05f440	chr18	54174021	57819458	7	6	1
176c6c1e-0489-4c91-9678-a0b76d05f440	chr18	57824733	59646359	4	3	1
176c6c1e-0489-4c91-9678-a0b76d05f440	chr18	59648900	59689143	6	5	1
176c6c1e-0489-4c91-9678-a0b76d05f440	chr18	59689792	63388510	7	6	1
176c6c1e-0489-4c91-9678-a0b76d05f440	chr18	63388546	65242084	4	3	1
176c6c1e-0489-4c91-9678-a0b76d05f440	chr18	65242825	66812969	6	5	1
176c6c1e-0489-4c91-9678-a0b76d05f440	chr18	66813662	68650267	7	6	1
176c6c1e-0489-4c91-9678-a0b76d05f440	chr18	68650947	69092334	4	3	1
176c6c1e-0489-4c91-9678-a0b76d05f440	chr18	69092349	76551675	6	5	1
176c6c1e-0489-4c91-9678-a0b76d05f440	chr18	76554168	80257174	5	4	1
176c6c1e-0489-4c91-9678-a0b76d05f440	chr19	90910	30250214	2	1	1
176c6c1e-0489-4c91-9678-a0b76d05f440	chr19	30250476	30340902	3	2	1
176c6c1e-0489-4c91-9678-a0b76d05f440	chr19	30341044	42024542	2	1	1
176c6c1e-0489-4c91-9678-a0b76d05f440	chr19	42030027	44666041	1	1	0
176c6c1e-0489-4c91-9678-a0b76d05f440	chr19	44671727	58586487	2	1	1
176c6c1e-0489-4c91-9678-a0b76d05f440	chr20	80664	64324800	2	1	1
176c6c1e-0489-4c91-9678-a0b76d05f440	chr21	12973348	46677045	2	1	1
176c6c1e-0489-4c91-9678-a0b76d05f440	chr22	16392123	22346509	2	1	1
176c6c1e-0489-4c91-9678-a0b76d05f440	chr22	22346531	22756683	1	1	0
176c6c1e-0489-4c91-9678-a0b76d05f440	chr22	22759294	22880111	0	0	0
176c6c1e-0489-4c91-9678-a0b76d05f440	chr22	22909432	22913385	1	1	0
176c6c1e-0489-4c91-9678-a0b76d05f440	chr22	22916061	42331417	2	1	1
176c6c1e-0489-4c91-9678-a0b76d05f440	chr22	42331925	42626687	3	2	1
176c6c1e-0489-4c91-9678-a0b76d05f440	chr22	42627816	50796027	2	1	1
176c6c1e-0489-4c91-9678-a0b76d05f440	chrX	251810	102965216	1	1	0
176c6c1e-0489-4c91-9678-a0b76d05f440	chrX	102975705	103017728	0	0	0
176c6c1e-0489-4c91-9678-a0b76d05f440	chrX	103018493	122718563	1	1	0
176c6c1e-0489-4c91-9678-a0b76d05f440	chrX	122719510	156004181	2	2	0
176c6c1e-0489-4c91-9678-a0b76d05f440	chrY	2782397	26653788	0	0	0
176c6c1e-0489-4c91-9678-a0b76d05f440	chrY	56872112	56872112	5	5	0
51c383b2-6c83-4dfd-8a42-318b6041b14b	chr1	62920	248930189	2	1	1
51c383b2-6c83-4dfd-8a42-318b6041b14b	chr2	12784	16333575	2	1	1
51c383b2-6c83-4dfd-8a42-318b6041b14b	chr2	16333738	16360445	3	2	1
51c383b2-6c83-4dfd-8a42-318b6041b14b	chr2	16361449	34492601	2	1	1
51c383b2-6c83-4dfd-8a42-318b6041b14b	chr2	34492775	34511990	0	0	0
51c383b2-6c83-4dfd-8a42-318b6041b14b	chr2	34512096	154357771	2	1	1
51c383b2-6c83-4dfd-8a42-318b6041b14b	chr2	154357804	154412156	3	2	1
51c383b2-6c83-4dfd-8a42-318b6041b14b	chr2	154415877	242147305	2	1	1
51c383b2-6c83-4dfd-8a42-318b6041b14b	chr3	20930	21944976	2	1	1
51c383b2-6c83-4dfd-8a42-318b6041b14b	chr3	21949340	21959454	1	1	0
51c383b2-6c83-4dfd-8a42-318b6041b14b	chr3	21966375	68396429	2	1	1
51c383b2-6c83-4dfd-8a42-318b6041b14b	chr3	68402071	68425223	3	2	1
51c383b2-6c83-4dfd-8a42-318b6041b14b	chr3	68425978	198169247	2	1	1
51c383b2-6c83-4dfd-8a42-318b6041b14b	chr4	68929	39264346	2	1	1
51c383b2-6c83-4dfd-8a42-318b6041b14b	chr4	39265453	40263653	3	2	1
51c383b2-6c83-4dfd-8a42-318b6041b14b	chr4	40263974	151678582	2	1	1
51c383b2-6c83-4dfd-8a42-318b6041b14b	chr4	151678750	151682879	1	1	0
51c383b2-6c83-4dfd-8a42-318b6041b14b	chr4	151683179	190106768	2	1	1
51c383b2-6c83-4dfd-8a42-318b6041b14b	chr5	15532	169089951	2	1	1
51c383b2-6c83-4dfd-8a42-318b6041b14b	chr5	169090017	169155335	3	2	1
51c383b2-6c83-4dfd-8a42-318b6041b14b	chr5	169156488	181363319	2	1	1
51c383b2-6c83-4dfd-8a42-318b6041b14b	chr6	149661	66861827	2	1	1
51c383b2-6c83-4dfd-8a42-318b6041b14b	chr6	66862060	66866244	1	1	0
51c383b2-6c83-4dfd-8a42-318b6041b14b	chr6	66868330	103286954	2	1	1
51c383b2-6c83-4dfd-8a42-318b6041b14b	chr6	103290101	103327551	1	1	0
51c383b2-6c83-4dfd-8a42-318b6041b14b	chr6	103327631	170741917	2	1	1
51c383b2-6c83-4dfd-8a42-318b6041b14b	chr7	43259	38251113	2	1	1
51c383b2-6c83-4dfd-8a42-318b6041b14b	chr7	38254500	38317144	0	0	0
51c383b2-6c83-4dfd-8a42-318b6041b14b	chr7	38317181	101330516	2	1	1
51c383b2-6c83-4dfd-8a42-318b6041b14b	chr7	101332737	101498909	3	2	1
51c383b2-6c83-4dfd-8a42-318b6041b14b	chr7	101499053	142543632	2	1	1
51c383b2-6c83-4dfd-8a42-318b6041b14b	chr7	142544396	142778750	1	1	0
51c383b2-6c83-4dfd-8a42-318b6041b14b	chr7	142780878	159334314	2	1	1
51c383b2-6c83-4dfd-8a42-318b6041b14b	chr8	81254	62097784	2	1	1
51c383b2-6c83-4dfd-8a42-318b6041b14b	chr8	62098251	62108666	4	2	2
51c383b2-6c83-4dfd-8a42-318b6041b14b	chr8	62109719	136665653	2	1	1
51c383b2-6c83-4dfd-8a42-318b6041b14b	chr8	136669376	136825523	1	1	0
51c383b2-6c83-4dfd-8a42-318b6041b14b	chr8	136825697	145072769	2	1	1
51c383b2-6c83-4dfd-8a42-318b6041b14b	chr9	46587	7130475	2	1	1
51c383b2-6c83-4dfd-8a42-318b6041b14b	chr9	7132610	10181673	3	2	1
51c383b2-6c83-4dfd-8a42-318b6041b14b	chr9	10184481	138200944	2	1	1
51c383b2-6c83-4dfd-8a42-318b6041b14b	chr10	45792	95105336	2	1	1
51c383b2-6c83-4dfd-8a42-318b6041b14b	chr10	95105427	95109349	9	9	0
51c383b2-6c83-4dfd-8a42-318b6041b14b	chr10	95109949	133654968	2	1	1
51c383b2-6c83-4dfd-8a42-318b6041b14b	chr11	198510	4949013	2	1	1
51c383b2-6c83-4dfd-8a42-318b6041b14b	chr11	4949047	4955042	0	0	0
51c383b2-6c83-4dfd-8a42-318b6041b14b	chr11	4955781	135074876	2	1	1
51c383b2-6c83-4dfd-8a42-318b6041b14b	chr12	51460	30425818	2	1	1
51c383b2-6c83-4dfd-8a42-318b6041b14b	chr12	30426197	30463113	3	2	1
51c383b2-6c83-4dfd-8a42-318b6041b14b	chr12	30463660	93279435	2	1	1
51c383b2-6c83-4dfd-8a42-318b6041b14b	chr12	93279615	93299295	1	1	0
51c383b2-6c83-4dfd-8a42-318b6041b14b	chr12	93299617	133201603	2	1	1
51c383b2-6c83-4dfd-8a42-318b6041b14b	chr13	18452809	23055048	2	1	1
51c383b2-6c83-4dfd-8a42-318b6041b14b	chr13	23055071	23059376	0	0	0
51c383b2-6c83-4dfd-8a42-318b6041b14b	chr13	23064056	92664534	2	1	1
51c383b2-6c83-4dfd-8a42-318b6041b14b	chr13	92666311	92667690	1	1	0
51c383b2-6c83-4dfd-8a42-318b6041b14b	chr13	92670481	114342922	2	1	1
51c383b2-6c83-4dfd-8a42-318b6041b14b	chr14	18239283	21986046	2	1	1
51c383b2-6c83-4dfd-8a42-318b6041b14b	chr14	21987373	22530666	1	1	0
51c383b2-6c83-4dfd-8a42-318b6041b14b	chr14	22530968	99546524	2	1	1
51c383b2-6c83-4dfd-8a42-318b6041b14b	chr14	99546775	99559743	1	1	0
51c383b2-6c83-4dfd-8a42-318b6041b14b	chr14	99560380	106877229	2	1	1
51c383b2-6c83-4dfd-8a42-318b6041b14b	chr15	19811075	23452110	3	2	1
51c383b2-6c83-4dfd-8a42-318b6041b14b	chr15	23454876	24280358	2	1	1
51c383b2-6c83-4dfd-8a42-318b6041b14b	chr15	24281891	24329790	3	3	0
51c383b2-6c83-4dfd-8a42-318b6041b14b	chr15	24333352	76586021	2	1	1
51c383b2-6c83-4dfd-8a42-318b6041b14b	chr15	76598900	76609853	5	5	0
51c383b2-6c83-4dfd-8a42-318b6041b14b	chr15	76609900	101928837	2	1	1
51c383b2-6c83-4dfd-8a42-318b6041b14b	chr16	10777	90096867	2	1	1
51c383b2-6c83-4dfd-8a42-318b6041b14b	chr17	150733	272714	3	2	1
51c383b2-6c83-4dfd-8a42-318b6041b14b	chr17	275115	83091923	2	1	1
51c383b2-6c83-4dfd-8a42-318b6041b14b	chr18	48133	80257174	2	1	1
51c383b2-6c83-4dfd-8a42-318b6041b14b	chr19	90910	3730043	2	1	1
51c383b2-6c83-4dfd-8a42-318b6041b14b	chr19	3731785	3762500	1	1	0
51c383b2-6c83-4dfd-8a42-318b6041b14b	chr19	3765582	53707578	2	1	1
51c383b2-6c83-4dfd-8a42-318b6041b14b	chr19	53708649	53761862	3	2	1
51c383b2-6c83-4dfd-8a42-318b6041b14b	chr19	53762024	58586487	2	1	1
51c383b2-6c83-4dfd-8a42-318b6041b14b	chr20	80664	64324800	2	1	1
51c383b2-6c83-4dfd-8a42-318b6041b14b	chr21	12973348	46677045	2	1	1
51c383b2-6c83-4dfd-8a42-318b6041b14b	chr22	16392123	48622421	2	1	1
51c383b2-6c83-4dfd-8a42-318b6041b14b	chr22	48624198	48632100	5	3	2
51c383b2-6c83-4dfd-8a42-318b6041b14b	chr22	48643985	50796027	2	1	1
51c383b2-6c83-4dfd-8a42-318b6041b14b	chrX	251810	35640420	2	1	1
51c383b2-6c83-4dfd-8a42-318b6041b14b	chrX	35641321	35661895	3	2	1
51c383b2-6c83-4dfd-8a42-318b6041b14b	chrX	35662780	56765278	2	1	1
51c383b2-6c83-4dfd-8a42-318b6041b14b	chrX	56781150	56868233	3	2	1
51c383b2-6c83-4dfd-8a42-318b6041b14b	chrX	56868438	156004181	2	1	1
51c383b2-6c83-4dfd-8a42-318b6041b14b	chrY	2782397	26653788	0	0	0
51c383b2-6c83-4dfd-8a42-318b6041b14b	chrY	56872112	56872112	1	1	0
a99749f9-301f-4e2c-9387-c37e98830e04	chr1	62920	42322729	4	4	0
a99749f9-301f-4e2c-9387-c37e98830e04	chr1	42323584	108791632	4	2	2
a99749f9-301f-4e2c-9387-c37e98830e04	chr1	108792740	108805931	2	1	1
a99749f9-301f-4e2c-9387-c37e98830e04	chr1	108806397	152583051	4	2	2
a99749f9-301f-4e2c-9387-c37e98830e04	chr1	152583230	152613762	0	0	0
a99749f9-301f-4e2c-9387-c37e98830e04	chr1	152613802	152789532	4	2	2
a99749f9-301f-4e2c-9387-c37e98830e04	chr1	152789570	152795487	0	0	0
a99749f9-301f-4e2c-9387-c37e98830e04	chr1	152795783	248930189	4	2	2
a99749f9-301f-4e2c-9387-c37e98830e04	chr2	12784	60267177	4	2	2
a99749f9-301f-4e2c-9387-c37e98830e04	chr2	60267248	60273567	5	3	2
a99749f9-301f-4e2c-9387-c37e98830e04	chr2	60274540	88816884	4	2	2
a99749f9-301f-4e2c-9387-c37e98830e04	chr2	88818588	88976167	9	9	0
a99749f9-301f-4e2c-9387-c37e98830e04	chr2	88978102	105410144	4	2	2
a99749f9-301f-4e2c-9387-c37e98830e04	chr2	105419458	105435957	7	4	3
a99749f9-301f-4e2c-9387-c37e98830e04	chr2	105436255	207490231	4	2	2
a99749f9-301f-4e2c-9387-c37e98830e04	chr2	207490454	207494612	0	0	0
a99749f9-301f-4e2c-9387-c37e98830e04	chr2	207494752	242147305	4	2	2
a99749f9-301f-4e2c-9387-c37e98830e04	chr3	20930	26003778	4	2	2
a99749f9-301f-4e2c-9387-c37e98830e04	chr3	26004627	26124227	1	1	0
a99749f9-301f-4e2c-9387-c37e98830e04	chr3	26129220	121817042	4	2	2
a99749f9-301f-4e2c-9387-c37e98830e04	chr3	121819951	121912828	3	2	1
a99749f9-301f-4e2c-9387-c37e98830e04	chr3	121912994	159937117	4	2	2
a99749f9-301f-4e2c-9387-c37e98830e04	chr3	159942495	159949444	2	1	1
a99749f9-301f-4e2c-9387-c37e98830e04	chr3	159950503	173519113	4	2	2
a99749f9-301f-4e2c-9387-c37e98830e04	chr3	173522845	173570065	8	5	3
a99749f9-301f-4e2c-9387-c37e98830e04	chr3	173571725	198169247	4	2	2
a99749f9-301f-4e2c-9387-c37e98830e04	chr4	68929	68478894	4	2	2
a99749f9-301f-4e2c-9387-c37e98830e04	chr4	68494770	68655691	9	9	0
a99749f9-301f-4e2c-9387-c37e98830e04	chr4	68663241	153824066	4	2	2
a99749f9-301f-4e2c-9387-c37e98830e04	chr4	153824644	153834034	2	1	1
a99749f9-301f-4e2c-9387-c37e98830e04	chr4	153837515	190106768	4	2	2
a99749f9-301f-4e2c-9387-c37e98830e04	chr5	15532	107941658	4	2	2
a99749f9-301f-4e2c-9387-c37e98830e04	chr5	107942125	108013471	5	3	2
a99749f9-301f-4e2c-9387-c37e98830e04	chr5	108014010	172214470	4	2	2
a99749f9-301f-4e2c-9387-c37e98830e04	chr5	172215513	172489921	3	2	1
a99749f9-301f-4e2c-9387-c37e98830e04	chr5	172491114	172509928	7	4	3
a99749f9-301f-4e2c-9387-c37e98830e04	chr5	172513040	181363319	4	2	2
a99749f9-301f-4e2c-9387-c37e98830e04	chr6	149661	29815442	4	2	2
a99749f9-301f-4e2c-9387-c37e98830e04	chr6	29817903	29836041	7	4	3
a99749f9-301f-4e2c-9387-c37e98830e04	chr6	29838145	58415219	4	2	2
a99749f9-301f-4e2c-9387-c37e98830e04	chr6	58416164	137829297	2	2	0
a99749f9-301f-4e2c-9387-c37e98830e04	chr6	137830586	137897938	0	0	0
a99749f9-301f-4e2c-9387-c37e98830e04	chr6	137898501	170741917	2	2	0
a99749f9-301f-4e2c-9387-c37e98830e04	chr7	43259	2413092	3	2	1
a99749f9-301f-4e2c-9387-c37e98830e04	chr7	2417164	18760144	4	2	2
a99749f9-301f-4e2c-9387-c37e98830e04	chr7	18760159	18782572	5	3	2
a99749f9-301f-4e2c-9387-c37e98830e04	chr7	18784270	159334314	4	2	2
a99749f9-301f-4e2c-9387-c37e98830e04	chr8	81254	16968788	4	2	2
a99749f9-301f-4e2c-9387-c37e98830e04	chr8	16968916	16980783	2	1	1
a99749f9-301f-4e2c-9387-c37e98830e04	chr8	16984147	117150910	4	2	2
a99749f9-301f-4e2c-9387-c37e98830e04	chr8	117151133	127556305	5	3	2
a99749f9-301f-4e2c-9387-c37e98830e04	chr8	127556764	127591195	4	2	2
a99749f9-301f-4e2c-9387-c37e98830e04	chr8	127591361	145072769	5	3	2
a99749f9-301f-4e2c-9387-c37e98830e04	chr9	46587	21846286	4	2	2
a99749f9-301f-4e2c-9387-c37e98830e04	chr9	21846328	22125504	1	1	0
a99749f9-301f-4e2c-9387-c37e98830e04	chr9	22128710	133723375	4	2	2
a99749f9-301f-4e2c-9387-c37e98830e04	chr9	133725093	133753192	6	3	3
a99749f9-301f-4e2c-9387-c37e98830e04	chr9	133753594	138200944	4	2	2
a99749f9-301f-4e2c-9387-c37e98830e04	chr10	45792	45998155	4	2	2
a99749f9-301f-4e2c-9387-c37e98830e04	chr10	46169953	46286440	6	4	2
a99749f9-301f-4e2c-9387-c37e98830e04	chr10	46287904	133654968	4	2	2
a99749f9-301f-4e2c-9387-c37e98830e04	chr11	198510	1114081	4	2	2
a99749f9-301f-4e2c-9387-c37e98830e04	chr11	1117256	2081525	3	2	1
a99749f9-301f-4e2c-9387-c37e98830e04	chr11	2083129	5766175	4	2	2
a99749f9-301f-4e2c-9387-c37e98830e04	chr11	5766850	5787909	0	0	0
a99749f9-301f-4e2c-9387-c37e98830e04	chr11	5788108	135074876	4	2	2
a99749f9-301f-4e2c-9387-c37e98830e04	chr12	51460	3445549	4	2	2
a99749f9-301f-4e2c-9387-c37e98830e04	chr12	3445628	3473396	3	2	1
a99749f9-301f-4e2c-9387-c37e98830e04	chr12	3473485	128240944	4	2	2
a99749f9-301f-4e2c-9387-c37e98830e04	chr12	128242570	128246357	7	4	3
a99749f9-301f-4e2c-9387-c37e98830e04	chr12	128249465	133201603	4	2	2
a99749f9-301f-4e2c-9387-c37e98830e04	chr13	18452809	107523018	4	2	2
a99749f9-301f-4e2c-9387-c37e98830e04	chr13	107523062	114342922	3	2	1
a99749f9-301f-4e2c-9387-c37e98830e04	chr14	18239283	105650524	4	2	2
a99749f9-301f-4e2c-9387-c37e98830e04	chr14	105653302	105758187	0	0	0
a99749f9-301f-4e2c-9387-c37e98830e04	chr14	105779965	106877229	4	2	2
a99749f9-301f-4e2c-9387-c37e98830e04	chr15	19811075	23863687	3	2	1
a99749f9-301f-4e2c-9387-c37e98830e04	chr15	23864268	57534052	4	2	2
a99749f9-301f-4e2c-9387-c37e98830e04	chr15	57534667	57587525	5	3	2
a99749f9-301f-4e2c-9387-c37e98830e04	chr15	57587971	101928837	4	2	2
a99749f9-301f-4e2c-9387-c37e98830e04	chr16	10777	4208172	3	2	1
a99749f9-301f-4e2c-9387-c37e98830e04	chr16	4214222	90096867	4	2	2
a99749f9-301f-4e2c-9387-c37e98830e04	chr17	150733	46932967	4	2	2
a99749f9-301f-4e2c-9387-c37e98830e04	chr17	46933186	46943889	7	4	3
a99749f9-301f-4e2c-9387-c37e98830e04	chr17	46945941	83091923	4	2	2
a99749f9-301f-4e2c-9387-c37e98830e04	chr18	48133	66027248	4	2	2
a99749f9-301f-4e2c-9387-c37e98830e04	chr18	66028237	68043926	5	3	2
a99749f9-301f-4e2c-9387-c37e98830e04	chr18	68044036	80257174	4	2	2
a99749f9-301f-4e2c-9387-c37e98830e04	chr19	90910	29341424	4	2	2
a99749f9-301f-4e2c-9387-c37e98830e04	chr19	29341491	29368327	2	1	1
a99749f9-301f-4e2c-9387-c37e98830e04	chr19	29368958	58586487	4	2	2
a99749f9-301f-4e2c-9387-c37e98830e04	chr20	80664	64324800	4	2	2
a99749f9-301f-4e2c-9387-c37e98830e04	chr21	12973348	46677045	4	2	2
a99749f9-301f-4e2c-9387-c37e98830e04	chr22	16392123	50796027	4	2	2
a99749f9-301f-4e2c-9387-c37e98830e04	chrX	251810	786390	4	2	2
a99749f9-301f-4e2c-9387-c37e98830e04	chrX	809468	1507378	3	2	1
a99749f9-301f-4e2c-9387-c37e98830e04	chrX	1520566	1882751	5	3	2
a99749f9-301f-4e2c-9387-c37e98830e04	chrX	1892047	2785914	4	2	2
a99749f9-301f-4e2c-9387-c37e98830e04	chrX	2788903	155618417	1	1	0
a99749f9-301f-4e2c-9387-c37e98830e04	chrX	155619573	156004181	2	1	1
a99749f9-301f-4e2c-9387-c37e98830e04	chrY	2782397	26653788	4	2	2
a99749f9-301f-4e2c-9387-c37e98830e04	chrY	56872112	56872112	4	4	0
632a72e1-4d18-4971-b3ff-ebde8a6e8db4	chr1	61735	121741181	2	1	1
632a72e1-4d18-4971-b3ff-ebde8a6e8db4	chr1	143285278	204434531	6	3	3
632a72e1-4d18-4971-b3ff-ebde8a6e8db4	chr1	204434728	248930189	4	2	2
632a72e1-4d18-4971-b3ff-ebde8a6e8db4	chr2	12784	33302265	4	2	2
632a72e1-4d18-4971-b3ff-ebde8a6e8db4	chr2	33302504	36435390	5	3	2
632a72e1-4d18-4971-b3ff-ebde8a6e8db4	chr2	36436095	242147305	4	2	2
632a72e1-4d18-4971-b3ff-ebde8a6e8db4	chr3	18667	12656386	4	2	2
632a72e1-4d18-4971-b3ff-ebde8a6e8db4	chr3	12656501	16521499	6	3	3
632a72e1-4d18-4971-b3ff-ebde8a6e8db4	chr3	16521673	45408441	2	2	0
632a72e1-4d18-4971-b3ff-ebde8a6e8db4	chr3	45408457	143150321	4	2	2
632a72e1-4d18-4971-b3ff-ebde8a6e8db4	chr3	143153265	146485895	5	3	2
632a72e1-4d18-4971-b3ff-ebde8a6e8db4	chr3	146489434	187736191	6	3	3
632a72e1-4d18-4971-b3ff-ebde8a6e8db4	chr3	187753578	198169247	2	2	0
632a72e1-4d18-4971-b3ff-ebde8a6e8db4	chr4	12281	10080840	4	2	2
632a72e1-4d18-4971-b3ff-ebde8a6e8db4	chr4	10084564	12924877	5	3	2
632a72e1-4d18-4971-b3ff-ebde8a6e8db4	chr4	12925307	22555089	4	2	2
632a72e1-4d18-4971-b3ff-ebde8a6e8db4	chr4	22555161	37383388	5	3	2
632a72e1-4d18-4971-b3ff-ebde8a6e8db4	chr4	37383464	186500175	4	2	2
632a72e1-4d18-4971-b3ff-ebde8a6e8db4	chr4	186502909	190106768	5	3	2
632a72e1-4d18-4971-b3ff-ebde8a6e8db4	chr5	15532	4426586	7	4	3
632a72e1-4d18-4971-b3ff-ebde8a6e8db4	chr5	4427062	17389220	6	3	3
632a72e1-4d18-4971-b3ff-ebde8a6e8db4	chr5	17391119	30721062	7	4	3
632a72e1-4d18-4971-b3ff-ebde8a6e8db4	chr5	30721379	40600815	6	3	3
632a72e1-4d18-4971-b3ff-ebde8a6e8db4	chr5	40602107	130774762	4	2	2
632a72e1-4d18-4971-b3ff-ebde8a6e8db4	chr5	130775622	181363319	4	4	0
632a72e1-4d18-4971-b3ff-ebde8a6e8db4	chr6	149661	27845916	9	5	4
632a72e1-4d18-4971-b3ff-ebde8a6e8db4	chr6	27846035	60913312	6	3	3
632a72e1-4d18-4971-b3ff-ebde8a6e8db4	chr6	60923881	75417351	4	2	2
632a72e1-4d18-4971-b3ff-ebde8a6e8db4	chr6	75419824	127764614	2	2	0
632a72e1-4d18-4971-b3ff-ebde8a6e8db4	chr6	127766027	133405540	3	3	0
632a72e1-4d18-4971-b3ff-ebde8a6e8db4	chr6	133405604	146621374	2	2	0
632a72e1-4d18-4971-b3ff-ebde8a6e8db4	chr6	146621985	170741917	4	2	2
632a72e1-4d18-4971-b3ff-ebde8a6e8db4	chr7	43259	38271765	4	2	2
632a72e1-4d18-4971-b3ff-ebde8a6e8db4	chr7	38277969	38352435	1	1	0
632a72e1-4d18-4971-b3ff-ebde8a6e8db4	chr7	38356373	142805592	4	2	2
632a72e1-4d18-4971-b3ff-ebde8a6e8db4	chr7	142805678	144437503	5	3	2
632a72e1-4d18-4971-b3ff-ebde8a6e8db4	chr7	144437558	149161680	2	2	0
632a72e1-4d18-4971-b3ff-ebde8a6e8db4	chr7	149166545	159334314	4	2	2
632a72e1-4d18-4971-b3ff-ebde8a6e8db4	chr8	81254	5917756	5	3	2
632a72e1-4d18-4971-b3ff-ebde8a6e8db4	chr8	5917813	145072769	4	2	2
632a72e1-4d18-4971-b3ff-ebde8a6e8db4	chr9	46587	1532536	2	2	0
632a72e1-4d18-4971-b3ff-ebde8a6e8db4	chr9	1533453	31067836	2	1	1
632a72e1-4d18-4971-b3ff-ebde8a6e8db4	chr9	31068072	138200944	4	2	2
632a72e1-4d18-4971-b3ff-ebde8a6e8db4	chr10	26823	133769379	4	2	2
632a72e1-4d18-4971-b3ff-ebde8a6e8db4	chr11	198572	135074876	4	2	2
632a72e1-4d18-4971-b3ff-ebde8a6e8db4	chr12	51460	133201603	4	2	2
632a72e1-4d18-4971-b3ff-ebde8a6e8db4	chr13	18452809	23324677	4	2	2
632a72e1-4d18-4971-b3ff-ebde8a6e8db4	chr13	23324795	31930856	2	2	0
632a72e1-4d18-4971-b3ff-ebde8a6e8db4	chr13	31931339	38159112	3	2	1
632a72e1-4d18-4971-b3ff-ebde8a6e8db4	chr13	38160199	114342922	4	2	2
632a72e1-4d18-4971-b3ff-ebde8a6e8db4	chr14	18225647	22050165	3	2	1
632a72e1-4d18-4971-b3ff-ebde8a6e8db4	chr14	22050244	22501272	0	0	0
632a72e1-4d18-4971-b3ff-ebde8a6e8db4	chr14	22501343	78559668	4	2	2
632a72e1-4d18-4971-b3ff-ebde8a6e8db4	chr14	78560050	87384914	5	3	2
632a72e1-4d18-4971-b3ff-ebde8a6e8db4	chr14	87385523	98802048	4	2	2
632a72e1-4d18-4971-b3ff-ebde8a6e8db4	chr14	98802182	106877229	3	2	1
632a72e1-4d18-4971-b3ff-ebde8a6e8db4	chr15	19811075	94819176	4	2	2
632a72e1-4d18-4971-b3ff-ebde8a6e8db4	chr15	94819344	98333229	5	3	2
632a72e1-4d18-4971-b3ff-ebde8a6e8db4	chr15	98333395	101928837	4	2	2
632a72e1-4d18-4971-b3ff-ebde8a6e8db4	chr16	10777	90221127	4	2	2
632a72e1-4d18-4971-b3ff-ebde8a6e8db4	chr17	150733	83090856	4	2	2
632a72e1-4d18-4971-b3ff-ebde8a6e8db4	chr18	48133	80257174	2	1	1
632a72e1-4d18-4971-b3ff-ebde8a6e8db4	chr19	90910	5025379	6	4	2
632a72e1-4d18-4971-b3ff-ebde8a6e8db4	chr19	5025543	58586487	4	2	2
632a72e1-4d18-4971-b3ff-ebde8a6e8db4	chr20	80664	64324800	4	2	2
632a72e1-4d18-4971-b3ff-ebde8a6e8db4	chr21	10336543	46677045	4	2	2
632a72e1-4d18-4971-b3ff-ebde8a6e8db4	chr22	15294545	38428861	4	2	2
632a72e1-4d18-4971-b3ff-ebde8a6e8db4	chr22	38429403	42481995	5	3	2
632a72e1-4d18-4971-b3ff-ebde8a6e8db4	chr22	42482343	50796027	3	3	0
632a72e1-4d18-4971-b3ff-ebde8a6e8db4	chrX	251810	2785350	4	3	1
632a72e1-4d18-4971-b3ff-ebde8a6e8db4	chrX	2785592	155559522	2	2	0
632a72e1-4d18-4971-b3ff-ebde8a6e8db4	chrX	155559835	156004181	0	0	0
447f9c21-4fe0-4b52-a5d5-78668e443665	chr1	62920	8181089	1	1	0
447f9c21-4fe0-4b52-a5d5-78668e443665	chr1	8184085	24993857	2	1	1
447f9c21-4fe0-4b52-a5d5-78668e443665	chr1	24995482	25003500	1	1	0
447f9c21-4fe0-4b52-a5d5-78668e443665	chr1	25005094	65382353	2	1	1
447f9c21-4fe0-4b52-a5d5-78668e443665	chr1	65382392	65506407	1	1	0
447f9c21-4fe0-4b52-a5d5-78668e443665	chr1	65517475	95679428	2	1	1
447f9c21-4fe0-4b52-a5d5-78668e443665	chr1	95679711	95685985	1	1	0
447f9c21-4fe0-4b52-a5d5-78668e443665	chr1	95686798	121705338	2	1	1
447f9c21-4fe0-4b52-a5d5-78668e443665	chr1	143541857	248930189	3	2	1
447f9c21-4fe0-4b52-a5d5-78668e443665	chr2	12784	42900539	2	1	1
447f9c21-4fe0-4b52-a5d5-78668e443665	chr2	42900676	42912044	1	1	0
447f9c21-4fe0-4b52-a5d5-78668e443665	chr2	42913794	57973145	2	1	1
447f9c21-4fe0-4b52-a5d5-78668e443665	chr2	57973818	61549840	7	6	1
447f9c21-4fe0-4b52-a5d5-78668e443665	chr2	61550177	88830496	2	1	1
447f9c21-4fe0-4b52-a5d5-78668e443665	chr2	88831240	89254427	1	1	0
447f9c21-4fe0-4b52-a5d5-78668e443665	chr2	89265460	90144562	2	2	0
447f9c21-4fe0-4b52-a5d5-78668e443665	chr2	90162404	90209918	1	1	0
447f9c21-4fe0-4b52-a5d5-78668e443665	chr2	90216778	146104517	2	1	1
447f9c21-4fe0-4b52-a5d5-78668e443665	chr2	146106836	146109366	0	0	0
447f9c21-4fe0-4b52-a5d5-78668e443665	chr2	146120238	242147305	2	1	1
447f9c21-4fe0-4b52-a5d5-78668e443665	chr3	20930	198169247	2	1	1
447f9c21-4fe0-4b52-a5d5-78668e443665	chr4	68929	68506285	2	1	1
447f9c21-4fe0-4b52-a5d5-78668e443665	chr4	68509223	68623617	4	4	0
447f9c21-4fe0-4b52-a5d5-78668e443665	chr4	68639397	119319983	2	1	1
447f9c21-4fe0-4b52-a5d5-78668e443665	chr4	119320069	119337052	1	1	0
447f9c21-4fe0-4b52-a5d5-78668e443665	chr4	119339630	146066142	2	1	1
447f9c21-4fe0-4b52-a5d5-78668e443665	chr4	146066328	146080097	1	1	0
447f9c21-4fe0-4b52-a5d5-78668e443665	chr4	146081134	171218947	2	1	1
447f9c21-4fe0-4b52-a5d5-78668e443665	chr4	171221407	171225117	1	1	0
447f9c21-4fe0-4b52-a5d5-78668e443665	chr4	171226326	179135262	2	1	1
447f9c21-4fe0-4b52-a5d5-78668e443665	chr4	179135533	179151619	1	1	0
447f9c21-4fe0-4b52-a5d5-78668e443665	chr4	179151708	190106768	2	1	1
447f9c21-4fe0-4b52-a5d5-78668e443665	chr5	15532	181363319	2	1	1
447f9c21-4fe0-4b52-a5d5-78668e443665	chr6	149661	30507638	2	2	0
447f9c21-4fe0-4b52-a5d5-78668e443665	chr6	30507940	30544386	1	1	0
447f9c21-4fe0-4b52-a5d5-78668e443665	chr6	30559068	57839305	2	2	0
447f9c21-4fe0-4b52-a5d5-78668e443665	chr6	57848964	103286954	2	1	1
447f9c21-4fe0-4b52-a5d5-78668e443665	chr6	103290101	103322942	0	0	0
447f9c21-4fe0-4b52-a5d5-78668e443665	chr6	103323069	106533029	2	1	1
447f9c21-4fe0-4b52-a5d5-78668e443665	chr6	106533410	106535671	1	1	0
447f9c21-4fe0-4b52-a5d5-78668e443665	chr6	106536245	170741917	2	1	1
447f9c21-4fe0-4b52-a5d5-78668e443665	chr7	43259	38263833	3	2	1
447f9c21-4fe0-4b52-a5d5-78668e443665	chr7	38271122	38356875	1	1	0
447f9c21-4fe0-4b52-a5d5-78668e443665	chr7	38361356	128620419	3	2	1
447f9c21-4fe0-4b52-a5d5-78668e443665	chr7	128621575	159334314	2	1	1
447f9c21-4fe0-4b52-a5d5-78668e443665	chr8	81254	1511992	2	1	1
447f9c21-4fe0-4b52-a5d5-78668e443665	chr8	1512496	1544430	3	2	1
447f9c21-4fe0-4b52-a5d5-78668e443665	chr8	1544673	14938941	2	1	1
447f9c21-4fe0-4b52-a5d5-78668e443665	chr8	14941905	15104063	3	2	1
447f9c21-4fe0-4b52-a5d5-78668e443665	chr8	15105856	34996980	2	1	1
447f9c21-4fe0-4b52-a5d5-78668e443665	chr8	34997908	35014834	1	1	0
447f9c21-4fe0-4b52-a5d5-78668e443665	chr8	35018014	94103974	2	1	1
447f9c21-4fe0-4b52-a5d5-78668e443665	chr8	94104923	94114532	1	1	0
447f9c21-4fe0-4b52-a5d5-78668e443665	chr8	94115163	133209259	2	1	1
447f9c21-4fe0-4b52-a5d5-78668e443665	chr8	133209976	133216266	5	3	2
447f9c21-4fe0-4b52-a5d5-78668e443665	chr8	133217292	145072769	2	1	1
447f9c21-4fe0-4b52-a5d5-78668e443665	chr9	46587	1727390	2	1	1
447f9c21-4fe0-4b52-a5d5-78668e443665	chr9	1727478	1742582	1	1	0
447f9c21-4fe0-4b52-a5d5-78668e443665	chr9	1743056	83290105	2	1	1
447f9c21-4fe0-4b52-a5d5-78668e443665	chr9	83290145	83293307	1	1	0
447f9c21-4fe0-4b52-a5d5-78668e443665	chr9	83293553	138200944	2	1	1
447f9c21-4fe0-4b52-a5d5-78668e443665	chr10	45792	118856049	2	1	1
447f9c21-4fe0-4b52-a5d5-78668e443665	chr10	118856097	118975601	1	1	0
447f9c21-4fe0-4b52-a5d5-78668e443665	chr10	118976245	133654968	2	1	1
447f9c21-4fe0-4b52-a5d5-78668e443665	chr11	198510	135074876	2	1	1
447f9c21-4fe0-4b52-a5d5-78668e443665	chr12	51460	133201603	2	1	1
447f9c21-4fe0-4b52-a5d5-78668e443665	chr13	18452809	114342922	2	1	1
447f9c21-4fe0-4b52-a5d5-78668e443665	chr14	18239283	106877229	2	1	1
447f9c21-4fe0-4b52-a5d5-78668e443665	chr15	19811075	25061109	2	2	0
447f9c21-4fe0-4b52-a5d5-78668e443665	chr15	25061499	25086028	4	4	0
447f9c21-4fe0-4b52-a5d5-78668e443665	chr15	25086393	76598900	2	2	0
447f9c21-4fe0-4b52-a5d5-78668e443665	chr15	76599170	76603003	0	0	0
447f9c21-4fe0-4b52-a5d5-78668e443665	chr15	76603426	101928837	2	2	0
447f9c21-4fe0-4b52-a5d5-78668e443665	chr16	10777	9119130	3	2	1
447f9c21-4fe0-4b52-a5d5-78668e443665	chr16	9121308	12317651	1	1	0
447f9c21-4fe0-4b52-a5d5-78668e443665	chr16	12321971	90096867	3	2	1
447f9c21-4fe0-4b52-a5d5-78668e443665	chr17	150733	11300260	2	1	1
447f9c21-4fe0-4b52-a5d5-78668e443665	chr17	11303558	11329218	3	2	1
447f9c21-4fe0-4b52-a5d5-78668e443665	chr17	11330718	43368147	2	1	1
447f9c21-4fe0-4b52-a5d5-78668e443665	chr17	43368697	46085732	2	2	0
447f9c21-4fe0-4b52-a5d5-78668e443665	chr17	46088437	46284643	4	4	0
447f9c21-4fe0-4b52-a5d5-78668e443665	chr17	46284997	64936280	2	2	0
447f9c21-4fe0-4b52-a5d5-78668e443665	chr17	64951737	65121214	0	0	0
447f9c21-4fe0-4b52-a5d5-78668e443665	chr17	65125511	70445797	2	2	0
447f9c21-4fe0-4b52-a5d5-78668e443665	chr17	70446360	70478280	4	4	0
447f9c21-4fe0-4b52-a5d5-78668e443665	chr17	70478475	83091923	2	2	0
447f9c21-4fe0-4b52-a5d5-78668e443665	chr18	48133	4971660	2	1	1
447f9c21-4fe0-4b52-a5d5-78668e443665	chr18	4973590	4989684	1	1	0
447f9c21-4fe0-4b52-a5d5-78668e443665	chr18	4990805	71669154	2	1	1
447f9c21-4fe0-4b52-a5d5-78668e443665	chr18	71669759	72540041	3	2	1
447f9c21-4fe0-4b52-a5d5-78668e443665	chr18	72540105	80257174	2	1	1
447f9c21-4fe0-4b52-a5d5-78668e443665	chr19	90910	58586487	2	2	0
447f9c21-4fe0-4b52-a5d5-78668e443665	chr20	80664	44019723	2	1	1
447f9c21-4fe0-4b52-a5d5-78668e443665	chr20	44020867	44035954	3	2	1
447f9c21-4fe0-4b52-a5d5-78668e443665	chr20	44036403	64324800	2	1	1
447f9c21-4fe0-4b52-a5d5-78668e443665	chr21	12973348	46677045	2	1	1
447f9c21-4fe0-4b52-a5d5-78668e443665	chr22	16392123	22402989	2	1	1
447f9c21-4fe0-4b52-a5d5-78668e443665	chr22	22415587	22916268	0	0	0
447f9c21-4fe0-4b52-a5d5-78668e443665	chr22	22916398	50796027	2	1	1
447f9c21-4fe0-4b52-a5d5-78668e443665	chrX	251810	51447630	2	1	1
447f9c21-4fe0-4b52-a5d5-78668e443665	chrX	51448305	51467260	1	1	0
447f9c21-4fe0-4b52-a5d5-78668e443665	chrX	51467763	66426419	2	1	1
447f9c21-4fe0-4b52-a5d5-78668e443665	chrX	66429763	66501540	1	1	0
447f9c21-4fe0-4b52-a5d5-78668e443665	chrX	66501596	78363389	2	1	1
447f9c21-4fe0-4b52-a5d5-78668e443665	chrX	78364564	78838494	3	2	1
447f9c21-4fe0-4b52-a5d5-78668e443665	chrX	78838802	102026587	2	1	1
447f9c21-4fe0-4b52-a5d5-78668e443665	chrX	102026637	102032081	4	2	2
447f9c21-4fe0-4b52-a5d5-78668e443665	chrX	102038109	117212506	2	1	1
447f9c21-4fe0-4b52-a5d5-78668e443665	chrX	117215925	117318644	1	1	0
447f9c21-4fe0-4b52-a5d5-78668e443665	chrX	117319713	156004181	2	1	1
447f9c21-4fe0-4b52-a5d5-78668e443665	chrY	2782397	26653788	0	0	0
447f9c21-4fe0-4b52-a5d5-78668e443665	chrY	56872112	56872112	2	2	0
cb476803-1b00-4fa5-a1ca-c70be2f1db32	chr1	61735	2521130	1	1	0
cb476803-1b00-4fa5-a1ca-c70be2f1db32	chr1	2523491	5276568	0	0	0
cb476803-1b00-4fa5-a1ca-c70be2f1db32	chr1	5277291	9367737	1	1	0
cb476803-1b00-4fa5-a1ca-c70be2f1db32	chr1	9368070	29280948	2	1	1
cb476803-1b00-4fa5-a1ca-c70be2f1db32	chr1	29281242	86073560	1	1	0
cb476803-1b00-4fa5-a1ca-c70be2f1db32	chr1	86074412	88505114	2	1	1
cb476803-1b00-4fa5-a1ca-c70be2f1db32	chr1	88505737	90760890	1	1	0
cb476803-1b00-4fa5-a1ca-c70be2f1db32	chr1	90761658	92879425	2	1	1
cb476803-1b00-4fa5-a1ca-c70be2f1db32	chr1	92879898	121741181	1	1	0
cb476803-1b00-4fa5-a1ca-c70be2f1db32	chr1	143285278	173296564	2	1	1
cb476803-1b00-4fa5-a1ca-c70be2f1db32	chr1	173296856	248930189	1	1	0
cb476803-1b00-4fa5-a1ca-c70be2f1db32	chr2	12784	32827119	2	1	1
cb476803-1b00-4fa5-a1ca-c70be2f1db32	chr2	32827252	36382574	3	2	1
cb476803-1b00-4fa5-a1ca-c70be2f1db32	chr2	36382783	112146160	2	1	1
cb476803-1b00-4fa5-a1ca-c70be2f1db32	chr2	112147675	153601806	1	1	0
cb476803-1b00-4fa5-a1ca-c70be2f1db32	chr2	153601933	157492118	3	3	0
cb476803-1b00-4fa5-a1ca-c70be2f1db32	chr2	157495669	225870874	2	2	0
cb476803-1b00-4fa5-a1ca-c70be2f1db32	chr2	225873135	229504049	3	3	0
cb476803-1b00-4fa5-a1ca-c70be2f1db32	chr2	229504160	242147305	2	2	0
cb476803-1b00-4fa5-a1ca-c70be2f1db32	chr3	18667	47296211	3	2	1
cb476803-1b00-4fa5-a1ca-c70be2f1db32	chr3	47296871	65979671	2	1	1
cb476803-1b00-4fa5-a1ca-c70be2f1db32	chr3	65979691	71831452	3	2	1
cb476803-1b00-4fa5-a1ca-c70be2f1db32	chr3	71831519	74343641	2	1	1
cb476803-1b00-4fa5-a1ca-c70be2f1db32	chr3	74349218	93829655	3	2	1
cb476803-1b00-4fa5-a1ca-c70be2f1db32	chr3	93832701	143336804	2	1	1
cb476803-1b00-4fa5-a1ca-c70be2f1db32	chr3	143336865	156457795	3	2	1
cb476803-1b00-4fa5-a1ca-c70be2f1db32	chr3	156457868	162537853	2	1	1
cb476803-1b00-4fa5-a1ca-c70be2f1db32	chr3	162538576	192679667	3	2	1
cb476803-1b00-4fa5-a1ca-c70be2f1db32	chr3	192682016	198169247	2	1	1
cb476803-1b00-4fa5-a1ca-c70be2f1db32	chr4	12281	8618499	1	1	0
cb476803-1b00-4fa5-a1ca-c70be2f1db32	chr4	8654160	190106768	2	1	1
cb476803-1b00-4fa5-a1ca-c70be2f1db32	chr5	15532	4325472	2	1	1
cb476803-1b00-4fa5-a1ca-c70be2f1db32	chr5	4325626	17143501	1	1	0
cb476803-1b00-4fa5-a1ca-c70be2f1db32	chr5	17145033	50696596	2	1	1
cb476803-1b00-4fa5-a1ca-c70be2f1db32	chr5	50696717	53341304	1	1	0
cb476803-1b00-4fa5-a1ca-c70be2f1db32	chr5	53341616	54946381	2	1	1
cb476803-1b00-4fa5-a1ca-c70be2f1db32	chr5	54947792	62929725	1	1	0
cb476803-1b00-4fa5-a1ca-c70be2f1db32	chr5	62931511	64567263	2	1	1
cb476803-1b00-4fa5-a1ca-c70be2f1db32	chr5	64571723	84045589	1	1	0
cb476803-1b00-4fa5-a1ca-c70be2f1db32	chr5	84045715	89900356	2	1	1
cb476803-1b00-4fa5-a1ca-c70be2f1db32	chr5	89901270	97530507	1	1	0
cb476803-1b00-4fa5-a1ca-c70be2f1db32	chr5	97533686	110939477	2	1	1
cb476803-1b00-4fa5-a1ca-c70be2f1db32	chr5	110940444	113479366	1	1	0
cb476803-1b00-4fa5-a1ca-c70be2f1db32	chr5	113483330	119274865	3	2	1
cb476803-1b00-4fa5-a1ca-c70be2f1db32	chr5	119275334	181363319	2	1	1
cb476803-1b00-4fa5-a1ca-c70be2f1db32	chr6	149661	19865176	2	2	0
cb476803-1b00-4fa5-a1ca-c70be2f1db32	chr6	19865458	24278641	1	1	0
cb476803-1b00-4fa5-a1ca-c70be2f1db32	chr6	24278848	50600379	2	1	1
cb476803-1b00-4fa5-a1ca-c70be2f1db32	chr6	50600549	52721334	1	1	0
cb476803-1b00-4fa5-a1ca-c70be2f1db32	chr6	52721455	170741917	2	1	1
cb476803-1b00-4fa5-a1ca-c70be2f1db32	chr7	43259	78007276	3	2	1
cb476803-1b00-4fa5-a1ca-c70be2f1db32	chr7	78007637	146036132	2	1	1
cb476803-1b00-4fa5-a1ca-c70be2f1db32	chr7	146036429	159334314	2	2	0
cb476803-1b00-4fa5-a1ca-c70be2f1db32	chr8	81254	5673036	3	2	1
cb476803-1b00-4fa5-a1ca-c70be2f1db32	chr8	5676083	14303634	2	1	1
cb476803-1b00-4fa5-a1ca-c70be2f1db32	chr8	14310671	16792506	3	2	1
cb476803-1b00-4fa5-a1ca-c70be2f1db32	chr8	16794033	33908229	2	1	1
cb476803-1b00-4fa5-a1ca-c70be2f1db32	chr8	33912274	88761021	3	2	1
cb476803-1b00-4fa5-a1ca-c70be2f1db32	chr8	88762122	105807677	2	1	1
cb476803-1b00-4fa5-a1ca-c70be2f1db32	chr8	105808019	132088360	3	2	1
cb476803-1b00-4fa5-a1ca-c70be2f1db32	chr8	132088539	145072769	2	1	1
cb476803-1b00-4fa5-a1ca-c70be2f1db32	chr9	46587	12248614	2	1	1
cb476803-1b00-4fa5-a1ca-c70be2f1db32	chr9	12248679	21785019	1	1	0
cb476803-1b00-4fa5-a1ca-c70be2f1db32	chr9	21785140	71192056	2	1	1
cb476803-1b00-4fa5-a1ca-c70be2f1db32	chr9	71192061	73095010	3	2	1
cb476803-1b00-4fa5-a1ca-c70be2f1db32	chr9	73100254	138200944	2	1	1
cb476803-1b00-4fa5-a1ca-c70be2f1db32	chr10	26823	2140913	1	1	0
cb476803-1b00-4fa5-a1ca-c70be2f1db32	chr10	2141113	27655478	2	1	1
cb476803-1b00-4fa5-a1ca-c70be2f1db32	chr10	27655509	36222748	1	1	0
cb476803-1b00-4fa5-a1ca-c70be2f1db32	chr10	36225844	57175841	2	1	1
cb476803-1b00-4fa5-a1ca-c70be2f1db32	chr10	57176732	65081869	1	1	0
cb476803-1b00-4fa5-a1ca-c70be2f1db32	chr10	65082386	69121250	2	1	1
cb476803-1b00-4fa5-a1ca-c70be2f1db32	chr10	69124931	128797860	1	1	0
cb476803-1b00-4fa5-a1ca-c70be2f1db32	chr10	128799414	131388425	2	1	1
cb476803-1b00-4fa5-a1ca-c70be2f1db32	chr10	131388611	133769379	1	1	0
cb476803-1b00-4fa5-a1ca-c70be2f1db32	chr11	198572	37572458	1	1	0
cb476803-1b00-4fa5-a1ca-c70be2f1db32	chr11	37573552	42454613	2	1	1
cb476803-1b00-4fa5-a1ca-c70be2f1db32	chr11	42454717	48712551	1	1	0
cb476803-1b00-4fa5-a1ca-c70be2f1db32	chr11	48712618	55609035	2	1	1
cb476803-1b00-4fa5-a1ca-c70be2f1db32	chr11	55609158	87070001	1	1	0
cb476803-1b00-4fa5-a1ca-c70be2f1db32	chr11	87075643	90149030	2	1	1
cb476803-1b00-4fa5-a1ca-c70be2f1db32	chr11	90149750	97092902	1	1	0
cb476803-1b00-4fa5-a1ca-c70be2f1db32	chr11	97094058	102184721	2	1	1
cb476803-1b00-4fa5-a1ca-c70be2f1db32	chr11	102186377	135074876	1	1	0
cb476803-1b00-4fa5-a1ca-c70be2f1db32	chr12	51460	18945958	2	1	1
cb476803-1b00-4fa5-a1ca-c70be2f1db32	chr12	18946262	48371797	1	1	0
cb476803-1b00-4fa5-a1ca-c70be2f1db32	chr12	48374991	59150722	2	1	1
cb476803-1b00-4fa5-a1ca-c70be2f1db32	chr12	59150872	80123342	3	2	1
cb476803-1b00-4fa5-a1ca-c70be2f1db32	chr12	80127835	103385361	2	1	1
cb476803-1b00-4fa5-a1ca-c70be2f1db32	chr12	103385812	126081305	1	1	0
cb476803-1b00-4fa5-a1ca-c70be2f1db32	chr12	126081824	129853129	2	1	1
cb476803-1b00-4fa5-a1ca-c70be2f1db32	chr12	129854498	133201603	1	1	0
cb476803-1b00-4fa5-a1ca-c70be2f1db32	chr13	18452809	29161101	2	1	1
cb476803-1b00-4fa5-a1ca-c70be2f1db32	chr13	29161633	35106966	1	1	0
cb476803-1b00-4fa5-a1ca-c70be2f1db32	chr13	35107243	81563208	2	2	0
cb476803-1b00-4fa5-a1ca-c70be2f1db32	chr13	81563388	114342922	1	1	0
cb476803-1b00-4fa5-a1ca-c70be2f1db32	chr14	18225647	21909724	2	1	1
cb476803-1b00-4fa5-a1ca-c70be2f1db32	chr14	21910361	22519593	1	1	0
cb476803-1b00-4fa5-a1ca-c70be2f1db32	chr14	22524749	48408590	2	1	1
cb476803-1b00-4fa5-a1ca-c70be2f1db32	chr14	48408956	81820203	1	1	0
cb476803-1b00-4fa5-a1ca-c70be2f1db32	chr14	81821462	87413740	2	1	1
cb476803-1b00-4fa5-a1ca-c70be2f1db32	chr14	87420731	97343397	1	1	0
cb476803-1b00-4fa5-a1ca-c70be2f1db32	chr14	97344438	98700429	2	1	1
cb476803-1b00-4fa5-a1ca-c70be2f1db32	chr14	98704609	106877229	1	1	0
cb476803-1b00-4fa5-a1ca-c70be2f1db32	chr15	19811075	26574881	2	1	1
cb476803-1b00-4fa5-a1ca-c70be2f1db32	chr15	26575603	94406342	1	1	0
cb476803-1b00-4fa5-a1ca-c70be2f1db32	chr15	94407557	98129617	2	1	1
cb476803-1b00-4fa5-a1ca-c70be2f1db32	chr15	98129678	101928837	1	1	0
cb476803-1b00-4fa5-a1ca-c70be2f1db32	chr16	10777	29817341	2	2	0
cb476803-1b00-4fa5-a1ca-c70be2f1db32	chr16	29818048	36048855	2	1	1
cb476803-1b00-4fa5-a1ca-c70be2f1db32	chr16	46429870	59620948	1	1	0
cb476803-1b00-4fa5-a1ca-c70be2f1db32	chr16	59621952	90221127	2	1	1
cb476803-1b00-4fa5-a1ca-c70be2f1db32	chr17	150733	12951917	1	1	0
cb476803-1b00-4fa5-a1ca-c70be2f1db32	chr17	12952402	83090856	2	1	1
cb476803-1b00-4fa5-a1ca-c70be2f1db32	chr18	48133	14115122	2	1	1
cb476803-1b00-4fa5-a1ca-c70be2f1db32	chr18	14123195	15402409	3	2	1
cb476803-1b00-4fa5-a1ca-c70be2f1db32	chr18	20949392	29630027	1	1	0
cb476803-1b00-4fa5-a1ca-c70be2f1db32	chr18	29630063	32584204	2	1	1
cb476803-1b00-4fa5-a1ca-c70be2f1db32	chr18	32584361	64065441	1	1	0
cb476803-1b00-4fa5-a1ca-c70be2f1db32	chr18	64068873	80257174	2	1	1
cb476803-1b00-4fa5-a1ca-c70be2f1db32	chr19	90910	28896748	2	1	1
cb476803-1b00-4fa5-a1ca-c70be2f1db32	chr19	28897914	33762494	1	1	0
cb476803-1b00-4fa5-a1ca-c70be2f1db32	chr19	33762797	58586487	2	1	1
cb476803-1b00-4fa5-a1ca-c70be2f1db32	chr20	80664	24823011	2	1	1
cb476803-1b00-4fa5-a1ca-c70be2f1db32	chr20	24824010	64324800	1	1	0
cb476803-1b00-4fa5-a1ca-c70be2f1db32	chr21	10336543	46677045	2	1	1
cb476803-1b00-4fa5-a1ca-c70be2f1db32	chr22	15294545	18100728	2	1	1
cb476803-1b00-4fa5-a1ca-c70be2f1db32	chr22	18101648	40711684	1	1	0
cb476803-1b00-4fa5-a1ca-c70be2f1db32	chr22	40711714	42642787	2	1	1
cb476803-1b00-4fa5-a1ca-c70be2f1db32	chr22	42642841	50796027	1	1	0
cb476803-1b00-4fa5-a1ca-c70be2f1db32	chrX	251810	2776199	2	1	1
cb476803-1b00-4fa5-a1ca-c70be2f1db32	chrX	2785350	155607191	1	1	0
cb476803-1b00-4fa5-a1ca-c70be2f1db32	chrX	155609096	156004181	0	0	0
ac026569-058b-4457-833f-8021feda1009	chr1	61735	2225286	2	1	1
ac026569-058b-4457-833f-8021feda1009	chr1	2235710	6899900	1	1	0
ac026569-058b-4457-833f-8021feda1009	chr1	6900867	22991222	2	1	1
ac026569-058b-4457-833f-8021feda1009	chr1	22994786	26127712	1	1	0
ac026569-058b-4457-833f-8021feda1009	chr1	26140173	53011528	2	1	1
ac026569-058b-4457-833f-8021feda1009	chr1	53014871	55916584	1	1	0
ac026569-058b-4457-833f-8021feda1009	chr1	55917169	156098051	2	1	1
ac026569-058b-4457-833f-8021feda1009	chr1	156108458	248930189	3	2	1
ac026569-058b-4457-833f-8021feda1009	chr2	12784	11718787	1	1	0
ac026569-058b-4457-833f-8021feda1009	chr2	11721794	58131675	2	1	1
ac026569-058b-4457-833f-8021feda1009	chr2	58131957	61660465	3	2	1
ac026569-058b-4457-833f-8021feda1009	chr2	61661567	242147305	2	1	1
ac026569-058b-4457-833f-8021feda1009	chr3	18667	2965809	3	2	1
ac026569-058b-4457-833f-8021feda1009	chr3	2966058	28264171	2	1	1
ac026569-058b-4457-833f-8021feda1009	chr3	28264531	48241004	1	1	0
ac026569-058b-4457-833f-8021feda1009	chr3	48244725	198169247	2	1	1
ac026569-058b-4457-833f-8021feda1009	chr4	12281	190106768	2	1	1
ac026569-058b-4457-833f-8021feda1009	chr5	15532	1608436	5	4	1
ac026569-058b-4457-833f-8021feda1009	chr5	1611284	181363319	3	2	1
ac026569-058b-4457-833f-8021feda1009	chr6	149661	32389356	2	2	0
ac026569-058b-4457-833f-8021feda1009	chr6	32391654	32480352	8	8	0
ac026569-058b-4457-833f-8021feda1009	chr6	32480822	170741917	2	2	0
ac026569-058b-4457-833f-8021feda1009	chr7	43259	159334314	2	1	1
ac026569-058b-4457-833f-8021feda1009	chr8	81254	38248622	1	1	0
ac026569-058b-4457-833f-8021feda1009	chr8	38248632	127750618	2	1	1
ac026569-058b-4457-833f-8021feda1009	chr8	127750916	145072769	3	2	1
ac026569-058b-4457-833f-8021feda1009	chr9	46587	21667826	2	1	1
ac026569-058b-4457-833f-8021feda1009	chr9	21673154	21914589	1	1	0
ac026569-058b-4457-833f-8021feda1009	chr9	21918581	21977195	0	0	0
ac026569-058b-4457-833f-8021feda1009	chr9	21978444	22170984	1	1	0
ac026569-058b-4457-833f-8021feda1009	chr9	22171485	138200944	2	1	1
ac026569-058b-4457-833f-8021feda1009	chr10	26823	87406711	2	1	1
ac026569-058b-4457-833f-8021feda1009	chr10	87407654	89258239	1	1	0
ac026569-058b-4457-833f-8021feda1009	chr10	89258763	133769379	2	1	1
ac026569-058b-4457-833f-8021feda1009	chr11	198572	135074876	2	1	1
ac026569-058b-4457-833f-8021feda1009	chr12	51460	3482766	3	2	1
ac026569-058b-4457-833f-8021feda1009	chr12	3483301	6956413	2	2	0
ac026569-058b-4457-833f-8021feda1009	chr12	6957574	133201603	3	2	1
ac026569-058b-4457-833f-8021feda1009	chr13	18452809	32563353	1	1	0
ac026569-058b-4457-833f-8021feda1009	chr13	32571713	114342922	2	2	0
ac026569-058b-4457-833f-8021feda1009	chr14	18225647	105503839	2	1	1
ac026569-058b-4457-833f-8021feda1009	chr14	105505457	106643854	1	1	0
ac026569-058b-4457-833f-8021feda1009	chr14	106644263	106877229	2	1	1
ac026569-058b-4457-833f-8021feda1009	chr15	19811075	101928837	2	1	1
ac026569-058b-4457-833f-8021feda1009	chr16	10777	263271	2	2	0
ac026569-058b-4457-833f-8021feda1009	chr16	268414	11245845	2	1	1
ac026569-058b-4457-833f-8021feda1009	chr16	11250440	90221127	3	2	1
ac026569-058b-4457-833f-8021feda1009	chr17	150733	83090856	3	2	1
ac026569-058b-4457-833f-8021feda1009	chr18	48133	46255310	2	1	1
ac026569-058b-4457-833f-8021feda1009	chr18	46255323	80257174	2	2	0
ac026569-058b-4457-833f-8021feda1009	chr19	90910	13653254	2	2	0
ac026569-058b-4457-833f-8021feda1009	chr19	13653285	58586487	2	1	1
ac026569-058b-4457-833f-8021feda1009	chr20	80664	64324800	2	1	1
ac026569-058b-4457-833f-8021feda1009	chr21	10336543	46677045	2	1	1
ac026569-058b-4457-833f-8021feda1009	chr22	15294545	41608565	2	1	1
ac026569-058b-4457-833f-8021feda1009	chr22	41609361	50796027	1	1	0
ac026569-058b-4457-833f-8021feda1009	chrX	251810	21178238	3	2	1
ac026569-058b-4457-833f-8021feda1009	chrX	21178940	31578462	6	3	3
ac026569-058b-4457-833f-8021feda1009	chrX	31578850	32145384	5	4	1
ac026569-058b-4457-833f-8021feda1009	chrX	32145655	34407801	6	4	2
ac026569-058b-4457-833f-8021feda1009	chrX	34412446	63596434	6	3	3
ac026569-058b-4457-833f-8021feda1009	chrX	63606242	63637627	4	4	0
ac026569-058b-4457-833f-8021feda1009	chrX	63639066	156004181	3	2	1
